# https://github.com/mikedh/trimesh

o base.obj
v -0.04697043 0.05087178 0.01599962
v -0.04870687 0.05038602 0.01599917
v -0.05051518 0.04494698 0.01599977
v -0.04782232 0.04261529 0.01599962
v -0.04636647 0.04246508 0.01599962
v -0.04271731 0.04513086 0.01599917
v -0.04246511 0.04697041 0.01599962
v 0.05072156 0.04551457 0.01599962
v 0.05087178 0.04697043 0.01599962
v 0.04482822 0.04287712 0.01599977
v -0.05008251 0.04913896 0.01599962
v -0.04373527 0.04364258 0.01599962
v -0.05072159 0.04782230 0.01599962
v -0.05087181 0.04636645 0.01599962
v -0.04551457 0.05072156 0.01599962
v -0.04295086 0.04870684 0.01599917
v 0.04782230 0.05072159 0.01599962
v 0.04636645 0.05087181 0.01599962
v 0.05008248 0.04419791 0.01599962
v -0.04419791 0.05008248 0.01599962
v 0.04246508 0.04636647 0.01599962
v 0.04282185 0.04494708 0.01599962
v 0.04325437 0.04913899 0.01599962
v 0.04261529 0.04782232 0.01599962
v 0.05038602 0.04870687 0.01599917
v 0.04913896 0.05008252 0.01599962
v 0.04551457 -0.05072155 0.01599962
v 0.04697043 -0.05087177 0.01599962
v 0.04246495 -0.04697043 0.01599977
v 0.05072159 -0.04782230 0.01599962
v 0.05087181 -0.04636645 0.01599962
v 0.05038605 -0.04463001 0.01599917
v 0.04870687 -0.05038602 0.01599917
v 0.04419791 -0.05008248 0.01599962
v 0.04364258 0.04373528 0.01599962
v 0.04463002 0.05038605 0.01599917
v 0.04657494 0.04242971 0.01599917
v 0.04870683 0.04295086 0.01599917
v 0.04494708 -0.04282185 0.01599962
v 0.04373527 -0.04364258 0.01599962
v -0.04636645 -0.05087181 0.01599962
v -0.04463002 -0.05038605 0.01599917
v -0.05087193 -0.04697044 0.01599977
v -0.04782230 -0.05072158 0.01599962
v -0.04325437 -0.04913899 0.01599962
v -0.04261529 -0.04782232 0.01599962
v 0.04295086 -0.04870683 0.01599917
v -0.04697041 -0.04246511 0.01599962
v -0.04870683 -0.04295086 0.01599917
v -0.04282185 -0.04494708 0.01599962
v -0.04364258 -0.04373527 0.01599962
v 0.04636647 -0.04246508 0.01599962
v 0.04271731 -0.04513086 0.01599917
v -0.04246508 -0.04636647 0.01599962
v 0.04913899 -0.04325437 0.01599962
v 0.04782232 -0.04261529 0.01599962
v 0.05008251 -0.04913895 0.01599962
v -0.05038602 -0.04870686 0.01599917
v -0.04913896 -0.05008251 0.01599962
v -0.04513086 -0.04271731 0.01599917
v -0.05008248 -0.04419791 0.01599962
v -0.05072156 -0.04551457 0.01599962
v -0.04494708 0.04282185 0.01599962
v -0.04946467 0.04348146 0.01599917
v -0.04676859 -0.04212673 0.01629935
v -0.04864006 -0.04260641 0.01629967
v -0.04991046 -0.04352573 0.01629967
v -0.05097050 -0.04520921 0.01629935
v -0.05115984 -0.04713187 0.01629967
v -0.05055161 -0.04902604 0.01629935
v -0.04920044 -0.05040696 0.01629967
v -0.04776915 -0.05104749 0.01629967
v -0.04620502 -0.05115987 0.01629967
v -0.04431083 -0.05055163 0.01629935
v -0.04268509 -0.04885257 0.01629935
v -0.04216478 -0.04699201 0.01629967
v -0.04243486 -0.04502097 0.01629935
v -0.04352569 -0.04342643 0.01629967
v -0.04482404 -0.04254707 0.01629967
v -0.04713187 0.05115984 0.01629967
v -0.04902604 0.05055161 0.01629935
v -0.05040696 0.04920044 0.01629967
v -0.05104749 0.04776915 0.01629967
v -0.05115987 0.04620502 0.01629967
v -0.05055163 0.04431083 0.01629935
v -0.04885257 0.04268509 0.01629935
v -0.04699201 0.04216478 0.01629967
v -0.04502097 0.04243486 0.01629935
v -0.04342643 0.04352569 0.01629967
v -0.04254707 0.04482404 0.01629967
v -0.04212673 0.04676859 0.01629935
v -0.04260641 0.04864006 0.01629967
v -0.04352573 0.04991046 0.01629967
v -0.04520921 0.05097050 0.01629935
v 0.04620502 0.05115987 0.01629967
v 0.04431083 0.05055163 0.01629935
v 0.04268509 0.04885257 0.01629935
v 0.04216478 0.04699201 0.01629967
v 0.04243486 0.04502097 0.01629935
v 0.04352569 0.04342643 0.01629967
v 0.04482404 0.04254707 0.01629967
v 0.04676859 0.04212673 0.01629935
v 0.04864006 0.04260641 0.01629967
v 0.04991046 0.04352573 0.01629967
v 0.05097050 0.04520921 0.01629935
v 0.05115984 0.04713187 0.01629967
v 0.05055161 0.04902604 0.01629935
v 0.04920044 0.05040696 0.01629967
v 0.04776915 0.05104749 0.01629967
v 0.04502097 -0.04243485 0.01629935
v 0.04342643 -0.04352569 0.01629967
v 0.04254707 -0.04482404 0.01629967
v 0.04212673 -0.04676859 0.01629935
v 0.04260641 -0.04864005 0.01629967
v 0.04352573 -0.04991046 0.01629967
v 0.04520921 -0.05097050 0.01629935
v 0.04713187 -0.05115984 0.01629967
v 0.04902604 -0.05055161 0.01629935
v 0.05040696 -0.04920044 0.01629967
v 0.05104749 -0.04776915 0.01629967
v 0.05115987 -0.04620502 0.01629967
v 0.05055163 -0.04431083 0.01629935
v 0.04885257 -0.04268509 0.01629935
v 0.04699201 -0.04216478 0.01629967
v -0.04501738 -0.05323721 0.01629979
v -0.04329346 -0.05251405 0.01629979
v -0.04195418 -0.05153162 0.01629979
v -0.04057519 -0.04962598 0.01629979
v -0.03993113 -0.04736361 0.01629979
v -0.04002106 -0.04549634 0.01629979
v -0.04048618 -0.04390182 0.01629979
v -0.04180526 -0.04195422 0.01629979
v -0.04371091 -0.04057522 0.01629979
v -0.04597328 -0.03993116 0.01629979
v -0.04784054 -0.04002109 0.01629979
v -0.04943506 -0.04048621 0.01629979
v -0.05138267 -0.04180528 0.01629979
v -0.05276167 -0.04371094 0.01629979
v -0.05340573 -0.04597328 0.01629979
v -0.05323718 -0.04831951 0.01629979
v -0.05251402 -0.05004341 0.01629979
v -0.05153159 -0.05138270 0.01629979
v -0.04962595 -0.05276170 0.01629979
v -0.04736361 -0.05340576 0.01629979
v -0.04736361 0.03993113 0.01629979
v -0.04549634 0.04002106 0.01629979
v -0.04390182 0.04048618 0.01629979
v -0.04195422 0.04180526 0.01629979
v -0.04057522 0.04371091 0.01629979
v -0.03993116 0.04597328 0.01629979
v -0.04002109 0.04784054 0.01629979
v -0.04048621 0.04943506 0.01629979
v -0.04180528 0.05138267 0.01629979
v -0.04371094 0.05276167 0.01629979
v -0.04597328 0.05340573 0.01629979
v -0.04831951 0.05323718 0.01629979
v -0.05004342 0.05251402 0.01629979
v -0.05138270 0.05153159 0.01629979
v -0.05276170 0.04962595 0.01629979
v -0.05340576 0.04736361 0.01629979
v -0.05323721 0.04501738 0.01629979
v -0.05251405 0.04329346 0.01629979
v -0.05153162 0.04195418 0.01629979
v -0.04962598 0.04057519 0.01629979
v 0.04597328 0.03993116 0.01629979
v 0.04784054 0.04002109 0.01629979
v 0.04943506 0.04048621 0.01629979
v 0.05138267 0.04180528 0.01629979
v 0.05276167 0.04371094 0.01629979
v 0.05340573 0.04597328 0.01629979
v 0.05323718 0.04831951 0.01629979
v 0.05251402 0.05004342 0.01629979
v 0.05153159 0.05138270 0.01629979
v 0.04962595 0.05276170 0.01629979
v 0.04736361 0.05340576 0.01629979
v 0.04501738 0.05323721 0.01629979
v 0.04329346 0.05251405 0.01629979
v 0.04195418 0.05153162 0.01629979
v 0.04057519 0.04962598 0.01629979
v 0.03993113 0.04736361 0.01629979
v 0.04002106 0.04549634 0.01629979
v 0.04048618 0.04390183 0.01629979
v 0.04180526 0.04195422 0.01629979
v 0.04371091 0.04057522 0.01629979
v 0.04390182 -0.04048618 0.01629979
v 0.04195422 -0.04180526 0.01629979
v 0.04057522 -0.04371091 0.01629979
v 0.03993116 -0.04597328 0.01629979
v 0.04002109 -0.04784054 0.01629979
v 0.04048621 -0.04943505 0.01629979
v 0.04180528 -0.05138267 0.01629979
v 0.04371094 -0.05276167 0.01629979
v 0.04597328 -0.05340573 0.01629979
v 0.04831951 -0.05323718 0.01629979
v 0.05004342 -0.05251402 0.01629979
v 0.05138270 -0.05153159 0.01629979
v 0.05276170 -0.04962595 0.01629979
v 0.05340576 -0.04736361 0.01629979
v 0.05323721 -0.04501738 0.01629979
v 0.05251405 -0.04329346 0.01629979
v 0.05153162 -0.04195418 0.01629979
v 0.04962598 -0.04057519 0.01629979
v 0.04736361 -0.03993112 0.01629979
v 0.04549634 -0.04002106 0.01629979
v -0.04729417 -0.03992326 0.02499703
v -0.04897703 -0.04032561 0.02499968
v -0.05058295 -0.04113982 0.02499703
v -0.05223777 -0.04281207 0.02499703
v -0.05301127 -0.04435985 0.02499968
v -0.05341981 -0.04611338 0.02499704
v -0.05320249 -0.04845598 0.02499703
v -0.05251402 -0.05004341 0.02499968
v -0.05143334 -0.05148354 0.02499703
v -0.04949912 -0.05282285 0.02499703
v -0.04722351 -0.05341984 0.02499704
v -0.04488090 -0.05320252 0.02499703
v -0.04329346 -0.05251405 0.02499968
v -0.04185335 -0.05143335 0.02499703
v -0.04082283 -0.05004341 0.02499968
v -0.04011599 -0.04838743 0.02499703
v -0.03992323 -0.04604270 0.02499703
v -0.04054403 -0.04377345 0.02499703
v -0.04190352 -0.04185338 0.02499703
v -0.04329346 -0.04082286 0.02499968
v -0.04494945 -0.04011602 0.02499703
v -0.04611338 0.05341981 0.02499703
v -0.04845598 0.05320250 0.02499702
v -0.05004342 0.05251402 0.02499967
v -0.05148354 0.05143334 0.02499702
v -0.05282285 0.04949912 0.02499702
v -0.05341984 0.04722351 0.02499703
v -0.05320252 0.04488090 0.02499702
v -0.05251405 0.04329346 0.02499967
v -0.05143336 0.04185335 0.02499702
v -0.05004341 0.04082283 0.02499967
v -0.04838743 0.04011600 0.02499702
v -0.04604270 0.03992323 0.02499702
v -0.04377345 0.04054403 0.02499702
v -0.04185338 0.04190352 0.02499702
v -0.04082286 0.04329347 0.02499967
v -0.04011602 0.04494945 0.02499702
v -0.03992326 0.04729417 0.02499702
v -0.04032561 0.04897703 0.02499967
v -0.04113982 0.05058295 0.02499702
v -0.04281207 0.05223777 0.02499702
v -0.04435985 0.05301127 0.02499967
v 0.04722351 0.05341984 0.02499703
v 0.04488090 0.05320253 0.02499702
v 0.04329346 0.05251405 0.02499967
v 0.04185335 0.05143336 0.02499702
v 0.04082283 0.05004341 0.02499967
v 0.04011599 0.04838744 0.02499702
v 0.03992323 0.04604271 0.02499702
v 0.04054403 0.04377346 0.02499702
v 0.04190352 0.04185338 0.02499702
v 0.04329346 0.04082286 0.02499967
v 0.04494945 0.04011603 0.02499702
v 0.04729417 0.03992326 0.02499702
v 0.04897703 0.04032561 0.02499967
v 0.05058295 0.04113982 0.02499702
v 0.05223777 0.04281207 0.02499702
v 0.05301127 0.04435985 0.02499967
v 0.05341981 0.04611338 0.02499703
v 0.05320249 0.04845598 0.02499702
v 0.05251402 0.05004342 0.02499967
v 0.05143334 0.05148354 0.02499702
v 0.04949912 0.05282285 0.02499702
v 0.04604270 -0.03992322 0.02499703
v 0.04377345 -0.04054403 0.02499703
v 0.04185338 -0.04190352 0.02499703
v 0.04082286 -0.04329346 0.02499968
v 0.04011602 -0.04494945 0.02499703
v 0.03992326 -0.04729417 0.02499703
v 0.04032561 -0.04897703 0.02499968
v 0.04113982 -0.05058295 0.02499703
v 0.04281207 -0.05223777 0.02499703
v 0.04435985 -0.05301127 0.02499968
v 0.04611338 -0.05341981 0.02499704
v 0.04845598 -0.05320249 0.02499703
v 0.05004342 -0.05251402 0.02499968
v 0.05148354 -0.05143333 0.02499703
v 0.05282285 -0.04949912 0.02499703
v 0.05341984 -0.04722351 0.02499704
v 0.05320252 -0.04488090 0.02499703
v 0.05251405 -0.04329346 0.02499968
v 0.05143336 -0.04185335 0.02499703
v 0.05004341 -0.04082283 0.02499968
v 0.04838743 -0.04011599 0.02499703
v -0.04805853 -0.03968843 0.02529898
v -0.05081546 -0.04093764 0.02529948
v -0.05252544 -0.04270159 0.02529953
v -0.05352893 -0.04494406 0.02529948
v -0.05370487 -0.04739449 0.02529938
v -0.05303227 -0.04975731 0.02529944
v -0.05159202 -0.05174759 0.02529944
v -0.04955789 -0.05312521 0.02529938
v -0.04717532 -0.05372413 0.02529944
v -0.04473155 -0.05347199 0.02529944
v -0.04252136 -0.05239930 0.02529953
v -0.04081142 -0.05063533 0.02529950
v -0.03980793 -0.04839284 0.02529948
v -0.03963186 -0.04594242 0.02529950
v -0.03937197 -0.04583745 0.02530228
v -0.04093758 -0.04252139 0.02529953
v -0.04270155 -0.04081144 0.02529953
v -0.04494402 -0.03980789 0.02529954
v -0.03916696 -0.04935559 0.02530503
v -0.03880315 -0.04931328 0.02556069
v -0.03899093 -0.04588172 0.02555895
v -0.03429292 -0.06377594 0.02545276
v -0.03276122 -0.06599178 0.02562559
v -0.03420728 -0.06367129 0.02573356
v -0.03314284 -0.06583321 0.02535728
v -0.03371922 -0.06533089 0.02530270
v -0.03612281 -0.06047908 0.02533590
v -0.03592401 -0.06029479 0.02570953
v -0.03761522 -0.05694470 0.02530567
v -0.03731763 -0.05672039 0.02555451
v -0.03846644 -0.05321659 0.02532721
v -0.03819928 -0.05323480 0.02568213
v -0.04588126 -0.03896325 0.02571048
v -0.04925824 -0.03880397 0.02557604
v -0.04588283 -0.03907268 0.02546700
v -0.04936287 -0.03915347 0.02530637
v -0.04487550 -0.03940617 0.02531865
v -0.06379560 -0.03434319 0.02538916
v -0.06590737 -0.03305146 0.02537370
v -0.06544190 -0.03364502 0.02529922
v -0.06594955 -0.03278839 0.02564866
v -0.06366034 -0.03421150 0.02574083
v -0.05305105 -0.03850396 0.02532415
v -0.05307467 -0.03822623 0.02570023
v -0.05881349 -0.03700592 0.02530719
v -0.05677366 -0.03730048 0.02555464
v -0.06032891 -0.03595323 0.02555099
v -0.05881758 -0.03648717 0.02579967
v -0.04739449 0.05370487 0.02529938
v -0.04975731 0.05303227 0.02529944
v -0.05174759 0.05159202 0.02529944
v -0.05312521 0.04955789 0.02529938
v -0.05372413 0.04717532 0.02529944
v -0.05347199 0.04473155 0.02529944
v -0.05239930 0.04252136 0.02529953
v -0.05063533 0.04081142 0.02529950
v -0.04839284 0.03980793 0.02529948
v -0.04594242 0.03963186 0.02529950
v -0.04583745 0.03937198 0.02530228
v -0.04252139 0.04093758 0.02529953
v -0.04081144 0.04270155 0.02529953
v -0.03980789 0.04494402 0.02529954
v -0.03968843 0.04805853 0.02529898
v -0.04093764 0.05081546 0.02529948
v -0.04270159 0.05252544 0.02529953
v -0.04494406 0.05352893 0.02529948
v -0.04935559 0.03916696 0.02530503
v -0.04931328 0.03880315 0.02556069
v -0.04588173 0.03899093 0.02555895
v -0.06377594 0.03429292 0.02545276
v -0.06599034 0.03276268 0.02562560
v -0.06367194 0.03420691 0.02573384
v -0.06583321 0.03314284 0.02535728
v -0.06533090 0.03371922 0.02530270
v -0.06047908 0.03612281 0.02533590
v -0.06029479 0.03592401 0.02570952
v -0.05694470 0.03761522 0.02530567
v -0.05672039 0.03731764 0.02555451
v -0.05321659 0.03846644 0.02532721
v -0.05323480 0.03819928 0.02568213
v -0.03896325 0.04588126 0.02571047
v -0.03880111 0.04929591 0.02557485
v -0.03907268 0.04588283 0.02546700
v -0.03915347 0.04936287 0.02530637
v -0.03941055 0.04486895 0.02531687
v -0.03434319 0.06379560 0.02538916
v -0.03305146 0.06590737 0.02537370
v -0.03364502 0.06544190 0.02529922
v -0.03278989 0.06594604 0.02565077
v -0.03420209 0.06368453 0.02572509
v -0.03850396 0.05305105 0.02532415
v -0.03822636 0.05307421 0.02570011
v -0.03700592 0.05881350 0.02530719
v -0.03730048 0.05677366 0.02555464
v -0.03595323 0.06032891 0.02555098
v -0.03648717 0.05881758 0.02579966
v 0.05370487 0.04739449 0.02529938
v 0.05303227 0.04975731 0.02529944
v 0.05159202 0.05174759 0.02529944
v 0.04955789 0.05312521 0.02529938
v 0.04717532 0.05372413 0.02529944
v 0.04473155 0.05347199 0.02529944
v 0.04252136 0.05239931 0.02529953
v 0.04081142 0.05063533 0.02529950
v 0.03980793 0.04839284 0.02529948
v 0.03963186 0.04594243 0.02529950
v 0.03937197 0.04583745 0.02530228
v 0.04093758 0.04252139 0.02529953
v 0.04270155 0.04081144 0.02529953
v 0.04494402 0.03980789 0.02529954
v 0.04805853 0.03968843 0.02529898
v 0.05081546 0.04093765 0.02529948
v 0.05252544 0.04270159 0.02529953
v 0.05352893 0.04494406 0.02529948
v 0.03916696 0.04935559 0.02530503
v 0.03880315 0.04931328 0.02556069
v 0.03899093 0.04588173 0.02555895
v 0.03429292 0.06377594 0.02545276
v 0.03276268 0.06599034 0.02562559
v 0.03420691 0.06367195 0.02573384
v 0.03314284 0.06583321 0.02535728
v 0.03371922 0.06533090 0.02530270
v 0.03612281 0.06047908 0.02533590
v 0.03592401 0.06029479 0.02570952
v 0.03761522 0.05694470 0.02530567
v 0.03731763 0.05672039 0.02555451
v 0.03846644 0.05321659 0.02532721
v 0.03819928 0.05323480 0.02568212
v 0.04588126 0.03896325 0.02571047
v 0.04925824 0.03880397 0.02557604
v 0.04588283 0.03907268 0.02546700
v 0.04936287 0.03915347 0.02530637
v 0.04487551 0.03940616 0.02531865
v 0.06379560 0.03434320 0.02538916
v 0.06590872 0.03301461 0.02540317
v 0.06546555 0.03357338 0.02530539
v 0.06594604 0.03278989 0.02565078
v 0.06366034 0.03421150 0.02574082
v 0.05305105 0.03850396 0.02532415
v 0.05307467 0.03822623 0.02570022
v 0.05881349 0.03700592 0.02530719
v 0.05677366 0.03730048 0.02555464
v 0.06032891 0.03595323 0.02555099
v 0.05881758 0.03648718 0.02579966
v 0.05347199 -0.04473155 0.02529944
v 0.05239930 -0.04252136 0.02529953
v 0.05063533 -0.04081142 0.02529950
v 0.04839284 -0.03980793 0.02529948
v 0.04594242 -0.03963186 0.02529950
v 0.04583745 -0.03937197 0.02530228
v 0.04252139 -0.04093758 0.02529953
v 0.04081144 -0.04270155 0.02529953
v 0.03980789 -0.04494402 0.02529954
v 0.03968843 -0.04805853 0.02529898
v 0.04093764 -0.05081546 0.02529948
v 0.04270159 -0.05252544 0.02529953
v 0.04494406 -0.05352893 0.02529948
v 0.04739449 -0.05370487 0.02529938
v 0.04975731 -0.05303226 0.02529944
v 0.05174759 -0.05159202 0.02529944
v 0.05312521 -0.04955789 0.02529938
v 0.05372413 -0.04717532 0.02529944
v 0.04935559 -0.03916695 0.02530503
v 0.04931328 -0.03880315 0.02556069
v 0.04588173 -0.03899093 0.02555895
v 0.06377594 -0.03429292 0.02545276
v 0.06601376 -0.03272870 0.02567914
v 0.06367194 -0.03420691 0.02573385
v 0.06603265 -0.03287028 0.02543501
v 0.06533090 -0.03371922 0.02530270
v 0.06578172 -0.03324876 0.02532892
v 0.06047908 -0.03612281 0.02533590
v 0.06029479 -0.03592400 0.02570953
v 0.05694470 -0.03761522 0.02530567
v 0.05672039 -0.03731763 0.02555451
v 0.05321659 -0.03846644 0.02532721
v 0.05323480 -0.03819928 0.02568213
v 0.03896209 -0.04587557 0.02571719
v 0.03880017 -0.04929600 0.02557604
v 0.03907268 -0.04588283 0.02546700
v 0.03915347 -0.04936287 0.02530637
v 0.03940616 -0.04487551 0.02531865
v 0.03434319 -0.06379560 0.02538916
v 0.03305146 -0.06590737 0.02537370
v 0.03364502 -0.06544189 0.02529922
v 0.03278989 -0.06594604 0.02565078
v 0.03420209 -0.06368453 0.02572510
v 0.03850396 -0.05305105 0.02532415
v 0.03822636 -0.05307421 0.02570012
v 0.03700592 -0.05881349 0.02530719
v 0.03730122 -0.05676428 0.02555727
v 0.03595323 -0.06032891 0.02555099
v 0.03648717 -0.05881758 0.02579967
v 0.07465575 0.01125257 -0.00000000
v 0.07528790 0.00564201 -0.00000000
v 0.00000000 0.00000000 0.00000000
v -0.07549902 -0.00000013 0.00000000
v -0.07528790 0.00564198 -0.00000000
v 0.01125251 0.07465576 -0.00000000
v 0.01680003 0.07360612 -0.00000000
v 0.02225377 0.07214479 -0.00000000
v 0.02758287 0.07028006 -0.00000000
v 0.06238016 0.04253018 -0.00000000
v 0.06538408 0.03774949 -0.00000000
v 0.00564193 -0.07528791 0.00000000
v 0.00000004 -0.07552542 0.00000000
v 0.03275775 0.06802229 -0.00000000
v 0.03774950 0.06538407 -0.00000000
v -0.07465576 0.01125248 -0.00000000
v 0.07528790 -0.00564202 0.00000000
v 0.07465576 -0.01125243 0.00000000
v -0.06538407 0.03774950 -0.00000000
v -0.06238022 0.04253009 -0.00000000
v 0.03774964 -0.06538399 0.00000000
v 0.03275782 -0.06802225 0.00000000
v -0.07360610 0.01680009 -0.00000000
v 0.04707292 -0.05902746 0.00000000
v 0.04253011 -0.06238021 0.00000000
v 0.02758284 -0.07028007 0.00000000
v -0.05902748 -0.04707290 0.00000000
v -0.06238021 -0.04253011 0.00000000
v -0.01680011 0.07360610 -0.00000000
v -0.01125257 0.07465575 -0.00000000
v 0.07360609 -0.01680017 0.00000000
v 0.07214482 -0.02225369 0.00000000
v -0.03275782 0.06802225 -0.00000000
v -0.02758287 0.07028007 -0.00000000
v -0.05135235 -0.05534471 0.00000000
v -0.05534467 -0.05135240 0.00000000
v -0.06538405 -0.03774953 0.00000000
v 0.02225384 -0.07214477 0.00000000
v 0.01680013 -0.07360609 0.00000000
v -0.03275777 -0.06802227 0.00000000
v -0.03774957 -0.06538402 0.00000000
v -0.07360609 -0.01680013 0.00000000
v -0.07465573 -0.01125264 0.00000000
v 0.07549902 -0.00000003 0.00000000
v -0.07528790 -0.00564207 0.00000000
v -0.01125242 -0.07465576 0.00000000
v -0.01680009 -0.07360610 0.00000000
v 0.06802225 0.03275782 -0.00000000
v 0.07028003 0.02758295 -0.00000000
v -0.04707288 0.05902749 -0.00000000
v -0.04253013 0.06238020 -0.00000000
v -0.05534469 0.05135238 -0.00000000
v -0.05135239 0.05534469 -0.00000000
v -0.02225382 0.07214478 -0.00000000
v -0.07028004 -0.02758291 0.00000000
v -0.07214481 -0.02225372 0.00000000
v -0.07028006 0.02758288 -0.00000000
v -0.06802227 0.03275777 -0.00000000
v -0.02225376 -0.07214479 0.00000000
v -0.02758286 -0.07028006 0.00000000
v -0.06802227 -0.03275780 0.00000000
v -0.04707287 -0.05902750 0.00000000
v 0.07214482 0.02225369 -0.00000000
v 0.04253010 0.06238021 -0.00000000
v 0.04707284 0.05902752 -0.00000000
v 0.05135237 0.05534470 -0.00000000
v -0.00564210 -0.07528790 0.00000000
v 0.05902754 -0.04707282 0.00000000
v 0.05534471 -0.05135235 0.00000000
v 0.05534467 0.05135239 -0.00000000
v -0.03774958 0.06538402 -0.00000000
v 0.05135240 -0.05534467 0.00000000
v -0.07214481 0.02225372 -0.00000000
v 0.06538407 -0.03774949 0.00000000
v 0.06238023 -0.04253007 0.00000000
v 0.05902749 0.04707289 -0.00000000
v -0.05902753 0.04707284 -0.00000000
v 0.06802227 -0.03275777 0.00000000
v -0.04253007 -0.06238024 0.00000000
v 0.03288008 -0.06791354 0.01781641
v -0.02207037 -0.07214603 0.01796084
v -0.01677251 -0.07356489 0.01784911
v 0.07360609 0.01680013 -0.00000000
v 0.07028006 -0.02758287 0.00000000
v -0.00564208 0.07528790 -0.00000000
v 0.03787513 -0.06525049 0.01796089
v -0.00000002 0.07549902 -0.00000000
v 0.00564202 0.07528790 -0.00000000
v 0.00048622 -0.07552165 0.01626706
v 0.07526029 -0.00543242 0.01781910
v 0.07544314 0.00024306 0.01796821
v 0.01107113 0.07462963 0.01796086
v 0.00551267 0.07525793 0.01778334
v 0.05141839 -0.05522946 0.01778340
v 0.05532278 -0.05130790 0.01784907
v 0.06541319 -0.03761991 0.01778350
v 0.01125267 -0.07465573 0.00000000
v -0.07352730 -0.01694357 0.01781635
v -0.07204251 -0.02243873 0.01781914
v 0.04717719 -0.05887668 0.01796089
v -0.04456633 -0.03921645 0.02568147
v -0.04334557 -0.03968972 0.02560092
v -0.04348628 -0.03999034 0.02530697
v -0.04220134 -0.04034361 0.02568276
v -0.04233195 -0.04049367 0.02537830
v -0.04119184 -0.04120022 0.02561603
v -0.04144292 -0.04143232 0.02530716
v -0.04033633 -0.04221221 0.02568228
v -0.04052088 -0.04229344 0.02537830
v -0.03967830 -0.04336820 0.02560201
v -0.03999635 -0.04347418 0.02530710
v -0.03921321 -0.04457916 0.02568083
v -0.03941373 -0.04459419 0.02537830
v -0.03921645 0.04456633 0.02568147
v -0.03968972 0.04334557 0.02560092
v -0.03999051 0.04348052 0.02530803
v -0.04034361 0.04220134 0.02568275
v -0.04049367 0.04233195 0.02537830
v -0.04120030 0.04119230 0.02561544
v -0.04143233 0.04144292 0.02530716
v -0.04221221 0.04033633 0.02568227
v -0.04229344 0.04052088 0.02537830
v -0.04336820 0.03967830 0.02560201
v -0.04347418 0.03999635 0.02530710
v -0.04457916 0.03921321 0.02568082
v -0.04459419 0.03941374 0.02537830
v -0.03897561 -0.04565095 0.06824220
v -0.03875817 -0.04922286 0.05997647
v -0.03856166 -0.05109642 0.05575850
v -0.03776748 -0.05502063 0.04715046
v -0.03809555 -0.05362805 0.05025591
v -0.03672043 -0.05833643 0.04055052
v -0.03364254 -0.06459748 0.02803310
v -0.03555997 -0.06109217 0.03498526
v -0.05403441 -0.04998653 0.02528599
v -0.05015014 -0.05388260 0.02528599
v -0.06072038 -0.04159376 0.02529252
v -0.04130389 -0.06091739 0.02529348
v -0.04595461 -0.05745073 0.02529199
v -0.06267958 -0.03475770 0.03174496
v -0.05882172 -0.03652510 0.03931730
v -0.05592911 -0.03751185 0.04553200
v -0.04914090 -0.03877607 0.06042301
v -0.05270446 -0.03829771 0.05220100
v -0.04589226 -0.03895093 0.06772589
v -0.04577551 0.03896774 0.06789983
v -0.04922336 0.03875829 0.05997565
v -0.05109643 0.03856166 0.05575847
v -0.05502063 0.03776748 0.04715046
v -0.05362805 0.03809555 0.05025591
v -0.05833759 0.03672041 0.04053699
v -0.06494838 0.03343172 0.02741095
v -0.06329243 0.03439799 0.03066745
v -0.06121378 0.03548630 0.03461634
v -0.04159376 0.06072038 0.02529252
v -0.05388260 0.05015014 0.02528599
v -0.05745073 0.04595462 0.02529199
v -0.04998653 0.05403441 0.02528599
v -0.06091739 0.04130390 0.02529348
v -0.03471141 0.06278947 0.03159875
v -0.03652510 0.05882172 0.03931730
v -0.03812156 0.05348222 0.05056217
v -0.03751141 0.05592887 0.04554219
v -0.03877550 0.04914575 0.06041408
v -0.03849049 0.05160486 0.05460618
v -0.03896061 0.04570890 0.06819393
v 0.04456633 0.03921646 0.02568147
v 0.04334557 0.03968972 0.02560092
v 0.04348628 0.03999034 0.02530697
v 0.04220134 0.04034361 0.02568275
v 0.04233195 0.04049367 0.02537830
v 0.04119230 0.04120030 0.02561544
v 0.04144292 0.04143233 0.02530716
v 0.04033633 0.04221222 0.02568227
v 0.04052088 0.04229344 0.02537830
v 0.03967830 0.04336820 0.02560201
v 0.03999635 0.04347418 0.02530710
v 0.03921321 0.04457917 0.02568082
v 0.03941373 0.04459420 0.02537830
v 0.03921645 -0.04456633 0.02568147
v 0.03968972 -0.04334557 0.02560092
v 0.03999182 -0.04348731 0.02530613
v 0.04034361 -0.04220134 0.02568276
v 0.04049367 -0.04233195 0.02537830
v 0.04120030 -0.04119230 0.02561544
v 0.04143434 -0.04143819 0.02530804
v 0.04221221 -0.04033633 0.02568228
v 0.04229344 -0.04052088 0.02537830
v 0.04336820 -0.03967830 0.02560201
v 0.04347418 -0.03999634 0.02530710
v 0.04457916 -0.03921320 0.02568083
v 0.04459419 -0.03941373 0.02537830
v 0.03897611 0.04564695 0.06825491
v 0.03875829 0.04922337 0.05997565
v 0.03856166 0.05109643 0.05575847
v 0.03776748 0.05502063 0.04715045
v 0.03809555 0.05362806 0.05025591
v 0.03672961 0.05831084 0.04060663
v 0.03343172 0.06494838 0.02741095
v 0.03439799 0.06329243 0.03066745
v 0.03557249 0.06106635 0.03505006
v 0.06374202 0.03672311 0.02529354
v 0.06072038 0.04159376 0.02529252
v 0.05015014 0.05388260 0.02528599
v 0.04595461 0.05745073 0.02529199
v 0.05403441 0.04998653 0.02528599
v 0.04130389 0.06091739 0.02529348
v 0.06266365 0.03476414 0.03176681
v 0.05882172 0.03652510 0.03931730
v 0.05583107 0.03754673 0.04556030
v 0.04866201 0.03881872 0.06124399
v 0.05253863 0.03832606 0.05251026
v 0.04589226 0.03895093 0.06772589
v 0.04577551 -0.03896774 0.06789983
v 0.04922336 -0.03875829 0.05997565
v 0.05109643 -0.03856166 0.05575848
v 0.05502063 -0.03776748 0.04715046
v 0.05362805 -0.03809555 0.05025591
v 0.05833759 -0.03672039 0.04053718
v 0.06494838 -0.03343172 0.02741096
v 0.06329243 -0.03439799 0.03066745
v 0.06106633 -0.03557249 0.03505066
v 0.05388260 -0.05015014 0.02528599
v 0.05745073 -0.04595461 0.02529199
v 0.04998653 -0.05403441 0.02528599
v 0.04159376 -0.06072038 0.02529252
v 0.06091739 -0.04130389 0.02529348
v 0.03466404 -0.06286775 0.03146463
v 0.03644635 -0.05904279 0.03885742
v 0.03750547 -0.05594993 0.04549314
v 0.03812156 -0.05348222 0.05056218
v 0.03881649 -0.04873094 0.06116695
v 0.03849049 -0.05160486 0.05460618
v 0.03896061 -0.04570889 0.06819393
v -0.02772704 0.07016668 0.01796086
v -0.03285482 0.06793163 0.01778344
v 0.05887671 0.04717714 0.01796089
v 0.05522944 0.05141841 0.01778341
v -0.05909565 0.04690261 0.01796089
v -0.06241894 0.04240305 0.01778342
v 0.00586357 -0.07521555 0.01796483
v 0.06243543 -0.04235525 0.01796086
v -0.03916895 -0.04464567 0.07056027
v -0.04465861 -0.03915685 0.07056525
v -0.04298751 -0.03985096 0.07342426
v -0.04181368 -0.04061451 0.07544567
v -0.04090287 -0.04147903 0.07574029
v -0.04008853 -0.04255587 0.07428012
v -0.03945285 -0.04385984 0.07182244
v -0.04478864 0.03913645 0.07016558
v -0.03923977 0.04439237 0.07099553
v -0.03996791 0.04272346 0.07403363
v -0.04174805 0.04066143 0.07556397
v -0.04085777 0.04152921 0.07571283
v -0.04310368 0.03978126 0.07338261
v -0.04385984 0.03945286 0.07182244
v -0.03888956 -0.04596528 0.06801701
v -0.03435399 -0.06337066 0.03069138
v -0.03822842 -0.05265582 0.05277997
v -0.03869977 -0.04905489 0.06089792
v -0.03744836 -0.05595821 0.04564608
v -0.03261665 -0.06611813 0.02557931
v -0.03325126 -0.06596693 0.02510929
v -0.03365183 -0.06555571 0.02525399
v -0.03682982 -0.06397939 0.02517013
v -0.06595530 -0.03330608 0.02507502
v -0.06392826 -0.03699420 0.02510323
v -0.06565847 -0.03359331 0.02522408
v -0.04162017 -0.06108802 0.02500996
v -0.04605656 -0.05773788 0.02510639
v -0.05023460 -0.05421112 0.02502512
v -0.05416553 -0.05029982 0.02501003
v -0.05781273 -0.04605126 0.02501903
v -0.05761546 -0.04590953 0.02525287
v -0.06104665 -0.04164986 0.02503572
v -0.06611009 -0.03264019 0.02556657
v -0.05117365 -0.03854740 0.05562357
v -0.06076558 -0.03569513 0.03552411
v -0.06334657 -0.03432441 0.03085287
v -0.04601464 -0.03887719 0.06792666
v -0.05261560 -0.03823700 0.05286780
v -0.06081576 -0.03561286 0.03579701
v -0.05838040 -0.03664101 0.04064242
v -0.04601272 0.03888484 0.06791313
v -0.04453323 0.03913810 0.07097847
v -0.06091976 0.03560557 0.03548165
v -0.06399155 0.03395256 0.02962500
v -0.05257848 0.03823693 0.05297070
v -0.04905853 0.03870047 0.06088589
v -0.06611748 0.03262153 0.02557292
v -0.05594882 0.03745184 0.04566251
v -0.06596682 0.03326416 0.02509558
v -0.06558359 0.03364399 0.02524485
v -0.06378773 0.03714948 0.02517364
v -0.03332404 0.06595173 0.02506582
v -0.03693507 0.06395475 0.02511017
v -0.03359332 0.06565847 0.02522408
v -0.06103620 0.04167897 0.02502547
v -0.05781740 0.04600600 0.02507301
v -0.05423329 0.05021655 0.02501920
v -0.05029973 0.05416562 0.02501002
v -0.04609332 0.05776515 0.02503570
v -0.04590953 0.05761546 0.02525287
v -0.04170543 0.06102129 0.02501932
v -0.03263305 0.06611208 0.02557221
v -0.03569513 0.06076558 0.03552409
v -0.03560170 0.06084650 0.03572600
v -0.03428387 0.06339431 0.03077689
v -0.03888019 0.04598601 0.06798923
v -0.03822441 0.05266289 0.05277717
v -0.03663818 0.05838499 0.04063800
v 0.03916884 0.04464615 0.07055921
v 0.04465648 0.03915550 0.07059356
v 0.04298751 0.03985097 0.07342425
v 0.04181636 0.04061221 0.07544555
v 0.04089470 0.04148679 0.07574625
v 0.04008853 0.04255588 0.07428012
v 0.03945285 0.04385985 0.07182244
v 0.04478864 -0.03913644 0.07016558
v 0.03923974 -0.04439247 0.07099531
v 0.03996791 -0.04272346 0.07403363
v 0.04174824 -0.04066129 0.07556373
v 0.04085778 -0.04152919 0.07571284
v 0.04309346 -0.03978657 0.07341147
v 0.04385984 -0.03945285 0.07182244
v 0.03889036 0.04596329 0.06801810
v 0.03410650 0.06373298 0.03010411
v 0.03822630 0.05264754 0.05281054
v 0.03869882 0.04906200 0.06088311
v 0.03262193 0.06611726 0.02557221
v 0.03744834 0.05595888 0.04564391
v 0.03325053 0.06596694 0.02510978
v 0.03365183 0.06555572 0.02525399
v 0.03686028 0.06379034 0.02525059
v 0.06597339 0.03324635 0.02510547
v 0.06395746 0.03693169 0.02510946
v 0.06569770 0.03356394 0.02521324
v 0.03692431 0.06403250 0.02501597
v 0.04162145 0.06106612 0.02503561
v 0.04601630 0.05777715 0.02510072
v 0.05025682 0.05420546 0.02501000
v 0.05421083 0.05023677 0.02502555
v 0.05775015 0.04612236 0.02502521
v 0.05761546 0.04590953 0.02525287
v 0.06105491 0.04166857 0.02501005
v 0.06610134 0.03263790 0.02559632
v 0.05117365 0.03854741 0.05562357
v 0.06076558 0.03569513 0.03552409
v 0.06337391 0.03430886 0.03080593
v 0.04602095 0.03887513 0.06791940
v 0.05007833 0.03862727 0.05850985
v 0.05357457 0.03804787 0.05074908
v 0.06084517 0.03559897 0.03573896
v 0.05762689 0.03692268 0.04219588
v 0.04626845 -0.03885697 0.06736569
v 0.04453369 -0.03913805 0.07097738
v 0.06415458 -0.03385442 0.02931647
v 0.05271083 -0.03820468 0.05270289
v 0.04905209 -0.03869912 0.06090757
v 0.05594754 -0.03745168 0.04566752
v 0.06555572 -0.03365183 0.02525399
v 0.06582134 -0.03355055 0.02508556
v 0.06379034 -0.03686028 0.02525059
v 0.03330195 -0.06595548 0.02507789
v 0.03702420 -0.06393874 0.02507730
v 0.03359332 -0.06565847 0.02522408
v 0.06406488 -0.03684747 0.02503135
v 0.06110931 -0.04157662 0.02501910
v 0.05771287 -0.04609603 0.02510149
v 0.05414579 -0.05030688 0.02502554
v 0.05030728 -0.05414365 0.02502517
v 0.04611304 -0.05777162 0.02501005
v 0.04590953 -0.05761545 0.02525287
v 0.04159995 -0.06109000 0.02502558
v 0.03260117 -0.06612493 0.02559615
v 0.03569513 -0.06076558 0.03552409
v 0.03558593 -0.06087136 0.03569719
v 0.03430652 -0.06334538 0.03089190
v 0.03890620 -0.04571545 0.06859170
v 0.03866574 -0.04881296 0.06157961
v 0.03823368 -0.05263568 0.05282321
v 0.03662931 -0.05839641 0.04063168
v 0.00000002 -0.07538016 0.01855324
v -0.00550358 -0.07525623 0.01774509
v 0.03747361 -0.06490614 0.02134212
v 0.03217273 -0.06748074 0.02224189
v 0.04221926 -0.06192425 0.02134212
v 0.04672882 -0.05859604 0.02134212
v 0.05097705 -0.05494015 0.02134212
v 0.05494018 -0.05097701 0.02134212
v 0.05847631 -0.04663303 0.02207823
v 0.06490617 -0.03747356 0.02134211
v 0.06192428 -0.04221922 0.02134211
v 0.06738276 -0.03246517 0.02210099
v 0.07148421 -0.02199642 0.02208717
v 0.06920114 -0.02711006 0.02369343
v 0.06976638 -0.02738125 0.02134211
v 0.06750522 0.03220670 0.02208926
v 0.06920156 0.02710983 0.02369245
v 0.06976636 0.02738130 0.02134211
v 0.07147522 0.02201643 0.02209830
v 0.06477750 0.03747157 0.02191396
v 0.06192425 0.04221926 0.02134211
v 0.05859604 0.04672882 0.02134211
v 0.04662808 0.05848026 0.02207814
v 0.05097701 0.05494018 0.02134211
v 0.05494015 0.05097705 0.02134211
v 0.03747356 0.06490617 0.02134211
v 0.04221922 0.06192428 0.02134211
v 0.03230264 0.06743635 0.02218201
v -0.03747959 0.06474699 0.02199674
v -0.04221926 0.06192425 0.02134211
v -0.04672882 0.05859605 0.02134211
v -0.05097705 0.05494015 0.02134211
v -0.05494018 0.05097701 0.02134211
v -0.05859607 0.04672878 0.02134211
v -0.06752510 0.03251834 0.02134211
v -0.06690352 0.03232441 0.02373072
v -0.06468831 0.03756638 0.02201260
v -0.06192428 0.04221922 0.02134211
v -0.06968274 0.02728589 0.02191513
v -0.07482964 0.00007265 0.02193418
v -0.07473761 -0.00560083 0.02134211
v -0.07403531 -0.00629034 0.02374004
v -0.07398385 -0.01128811 0.02188966
v -0.06477133 -0.03740083 0.02207729
v -0.06192425 -0.04221926 0.02134211
v -0.05859604 -0.04672882 0.02134211
v -0.05494015 -0.05097705 0.02134212
v -0.05097701 -0.05494018 0.02134212
v -0.03756469 -0.06471656 0.02191457
v -0.04221922 -0.06192428 0.02134212
v -0.04660814 -0.05854896 0.02191232
v 0.00003613 -0.07479274 0.02208329
v 0.00569614 -0.07461946 0.02190672
v 0.01106148 -0.07398358 0.02201456
v 0.01140159 -0.07458788 0.01781639
v 0.01652059 -0.07295466 0.02204019
v 0.01695951 -0.07351548 0.01796087
v 0.02198946 -0.07152767 0.02192600
v 0.02236325 -0.07206960 0.01778338
v 0.02728579 -0.06965988 0.02198252
v 0.02768647 -0.07019689 0.01778344
v 0.04261255 -0.06227611 0.01778340
v 0.05902327 -0.04701690 0.01776549
v 0.06798821 -0.03272177 0.01784914
v 0.07026007 -0.02751406 0.01788849
v 0.07214437 -0.02212092 0.01778338
v 0.07298436 -0.01654726 0.02190621
v 0.07359572 -0.01666775 0.01778344
v 0.07395563 -0.01123549 0.02202259
v 0.07463481 -0.01109018 0.01781638
v 0.07459017 -0.00569149 0.02201527
v 0.07483154 -0.00006318 0.02192561
v 0.07460246 0.00555961 0.02200207
v 0.07523138 0.00579559 0.01781636
v 0.07396704 0.01108259 0.02208335
v 0.07457730 0.01141828 0.01796090
v 0.07294749 0.01669710 0.02191716
v 0.07353930 0.01691494 0.01778343
v 0.07206963 0.02236322 0.01778337
v 0.07018073 0.02771306 0.01781637
v 0.06789847 0.03289302 0.01796087
v 0.06533511 0.03774169 0.01784912
v 0.06232550 0.04254253 0.01776544
v 0.05123141 0.05539018 0.01786010
v 0.04704687 0.05899495 0.01780403
v 0.04245853 0.06237607 0.01788847
v 0.03771098 0.06535285 0.01784911
v 0.03270425 0.06800566 0.01776548
v 0.02740612 0.06961098 0.02199286
v 0.02740018 0.07029496 0.01796084
v 0.02211022 0.07149071 0.02192512
v 0.02212094 0.07214436 0.01778337
v 0.01665310 0.07292793 0.02202356
v 0.01663663 0.07359737 0.01781635
v 0.01120465 0.07395031 0.02207556
v 0.00554029 0.07462889 0.02191614
v 0.00014376 0.07480111 0.02203456
v -0.00017563 0.07544614 0.01796085
v -0.00538768 0.07460095 0.02207230
v -0.00568649 0.07522047 0.01806659
v -0.01135935 0.07390237 0.02219298
v -0.01123320 0.07461621 0.01780723
v -0.01678317 0.07293211 0.02189909
v -0.01688012 0.07355100 0.01774805
v -0.02200727 0.07149086 0.02203832
v -0.02239097 0.07205548 0.01781627
v -0.02750931 0.06949622 0.02231379
v -0.03218693 0.06750125 0.02214439
v -0.03786340 0.06526647 0.01781639
v -0.04267675 0.06222793 0.01781918
v -0.04722804 0.05883229 0.01796826
v -0.05141840 0.05522946 0.01778340
v -0.05541884 0.05120646 0.01781636
v -0.06540149 0.03762145 0.01786017
v -0.06794584 0.03279500 0.01797572
v -0.07027961 0.02748570 0.01774802
v -0.07143957 0.02217610 0.02202974
v -0.07214830 0.02209007 0.01781630
v -0.07289488 0.01678850 0.02203386
v -0.07359363 0.01661714 0.01796087
v -0.07397468 0.01128548 0.02192824
v -0.07461260 0.01122817 0.01784914
v -0.07460878 0.00548985 0.02200370
v -0.07525884 0.00554931 0.01774799
v -0.07545412 -0.00015746 0.01781632
v -0.07522205 -0.00581324 0.01796082
v -0.07459773 -0.01137205 0.01778347
v -0.07291947 -0.01668897 0.02202807
v -0.07146347 -0.02206812 0.02208084
v -0.06962682 -0.02743342 0.02190733
v -0.07013924 -0.02778873 0.01796826
v -0.06741678 -0.03228168 0.02225246
v -0.06791354 -0.03288008 0.01781641
v -0.06525049 -0.03787513 0.01796091
v -0.06227610 -0.04261258 0.01778341
v -0.05891750 -0.04714735 0.01778345
v -0.05526428 -0.05134505 0.01806661
v -0.05126172 -0.05537982 0.01774802
v -0.04703014 -0.05900234 0.01784912
v -0.04247465 -0.06237178 0.01776544
v -0.03757976 -0.06542776 0.01785916
v -0.03245763 -0.06738147 0.02212061
v -0.03261663 -0.06803842 0.01788941
v -0.02772057 -0.06940816 0.02230484
v -0.02742001 -0.07029576 0.01781634
v -0.02217075 -0.07143000 0.02208869
v -0.01666766 -0.07295229 0.02192422
v -0.01135086 -0.07391275 0.02213723
v -0.01115785 -0.07463370 0.01774806
v -0.00550996 -0.07459780 0.02204867
v -0.03961190 -0.04336695 0.07307973
v -0.04345923 -0.03956954 0.07282774
v -0.03957384 0.04342434 0.07297459
v 0.04382275 0.03944066 0.07203507
v 0.04330656 0.03963491 0.07324268
v 0.03961143 0.04336787 0.07307825
v 0.03957370 -0.04342456 0.07297433
v -0.03344714 0.04913027 0.07045650
v -0.03679882 0.04584183 0.07277000
v -0.02898166 0.05186780 0.07054582
v -0.02451279 0.05415276 0.07044666
v -0.05461500 0.02188766 0.07254607
v -0.05272209 0.02614014 0.07247611
v -0.05058990 0.03118866 0.07048794
v -0.04776666 0.03533536 0.07054383
v -0.04776087 -0.03534767 0.07053316
v -0.05058346 -0.03120274 0.07048374
v -0.05308605 -0.02670726 0.07050424
v -0.01938322 -0.05553570 0.07259272
v -0.02447166 -0.05413743 0.07056058
v -0.03337487 -0.04911968 0.07063882
v -0.02835513 -0.05157202 0.07244399
v -0.03678072 -0.04581917 0.07294354
v 0.03302440 -0.04933510 0.07070225
v 0.02462966 -0.05411960 0.07036192
v 0.02873677 -0.05126675 0.07283343
v 0.05299637 -0.02684762 0.07055888
v 0.05466547 -0.02176837 0.07253198
v 0.05016981 -0.03160537 0.07093835
v 0.04777550 -0.03541903 0.07033254
v 0.04738375 0.03491082 0.07240174
v 0.05061539 0.03117707 0.07042670
v 0.05303583 0.02684027 0.07044534
v 0.02464168 0.05407965 0.07047713
v 0.02839735 0.05154436 0.07245946
v 0.03337849 0.04921848 0.07035317
v 0.03737760 0.04630997 0.07018504
v -0.05745634 -0.01274554 0.07247162
v -0.05623229 -0.01736658 0.07247051
v -0.05448598 -0.02211279 0.07268605
v -0.01505189 -0.05753802 0.07031860
v -0.00987996 -0.05801666 0.07247897
v -0.00472174 -0.05866879 0.07244631
v 0.00014388 -0.05885343 0.07246727
v 0.00519462 -0.05857224 0.07268675
v 0.01004118 -0.05798823 0.07248522
v 0.01978637 -0.05543079 0.07245441
v 0.01477047 -0.05697149 0.07245530
v 0.05631797 -0.01709219 0.07246283
v 0.05752711 -0.01217855 0.07268733
v 0.05838798 -0.00737065 0.07248508
v 0.05879696 -0.00254084 0.07247170
v 0.05879796 0.00270590 0.07243668
v 0.05835636 0.00758400 0.07249897
v 0.05745259 0.01252963 0.07267900
v 0.05622561 0.01737650 0.07249716
v 0.05459469 0.02196242 0.07250119
v 0.01962999 0.05547838 0.07248690
v 0.01461160 0.05702204 0.07241741
v 0.00983053 0.05802006 0.07249950
v 0.00483762 0.05860347 0.07268018
v -0.00004294 0.05885845 0.07244595
v -0.00486520 0.05864631 0.07248628
v -0.01003250 0.05797594 0.07254322
v -0.01496849 0.05762264 0.07009957
v -0.01966295 0.05541791 0.07267641
v -0.05629254 0.01718694 0.07244969
v -0.05837353 0.00737983 0.07254057
v -0.05750225 0.01249364 0.07250629
v -0.05835417 -0.00755295 0.07253192
v -0.05877548 -0.00246915 0.07259011
v -0.05875856 0.00222526 0.07269770
v -0.04716364 -0.03488206 0.07338819
v -0.04995193 -0.03075664 0.07338819
v -0.00502063 0.05776682 0.07991984
v -0.00493079 0.05793242 0.07673483
v -0.00973526 0.05723343 0.07751627
v -0.01441665 0.05622277 0.07771680
v -0.01936939 0.05482065 0.07673483
v -0.01936419 0.05466230 0.07979179
v -0.02383762 0.05293607 0.07751508
v -0.02820130 0.05066698 0.07988891
v -0.02835552 0.05075867 0.07673483
v -0.03251979 0.04808441 0.07764011
v -0.03995811 0.04204632 0.07943347
v -0.03631372 0.04530768 0.07732884
v -0.04360594 0.03833500 0.07730393
v -0.04674590 0.03457307 0.07673483
v -0.04663921 0.03446206 0.07982384
v -0.05385068 0.02166745 0.07767055
v -0.05174457 0.02617913 0.07981834
v -0.05191638 0.02617568 0.07673483
v -0.04938592 0.03052175 0.07750790
v -0.03641510 -0.04523033 0.07725369
v -0.04014223 -0.04185858 0.07972857
v -0.04372449 -0.03820298 0.07734856
v 0.04015411 -0.04184652 0.07975440
v 0.03620745 -0.04540066 0.07731392
v 0.04367882 -0.03826724 0.07725292
v 0.04956909 0.03020246 0.07762915
v 0.05173323 0.02620092 0.07979302
v 0.05191637 0.02617571 0.07673483
v 0.05391942 0.02151966 0.07757558
v 0.03666699 0.04503847 0.07713999
v 0.04000061 0.04200452 0.07949593
v 0.04361293 0.03832528 0.07733411
v 0.02420701 0.05275597 0.07765237
v 0.02817678 0.05068014 0.07986378
v 0.02835548 0.05075868 0.07673483
v 0.03264917 0.04800749 0.07754823
v 0.00007575 0.05805064 0.07755411
v 0.00501034 0.05784096 0.07749476
v 0.00980186 0.05716499 0.07965669
v 0.00982601 0.05730556 0.07673483
v 0.01457154 0.05618561 0.07767934
v 0.04995193 0.03075665 0.07338818
v 0.05238032 0.02640963 0.07338818
v 0.04995195 -0.03075661 0.07338819
v 0.05238034 -0.02640959 0.07338819
v 0.04716366 -0.03488203 0.07338819
v 0.03685232 -0.04564069 0.07338819
v 0.03284895 -0.04860157 0.07338819
v 0.02416274 -0.05345398 0.07338819
v -0.01478138 -0.05676862 0.07338819
v -0.02416271 -0.05345399 0.07338819
v -0.03284892 -0.04860159 0.07338819
v -0.05238032 -0.02640962 0.07338819
v -0.04995195 0.03075662 0.07338818
v -0.04716366 0.03488203 0.07338818
v -0.03284895 0.04860157 0.07338818
v -0.02860892 0.05121228 0.07338818
v -0.02416274 0.05345398 0.07338818
v -0.01478142 0.05676862 0.07338818
v 0.02416271 0.05345400 0.07338818
v 0.03284892 0.04860159 0.07338818
v 0.03685229 0.04564072 0.07338818
v 0.04680554 0.03433829 0.07762554
v 0.05563782 0.01662259 0.07743234
v 0.05677116 0.01209927 0.07770570
v 0.05760577 0.00723516 0.07753873
v 0.05803032 0.00211291 0.07741503
v 0.05799343 -0.00254687 0.07765720
v 0.05758948 -0.00726187 0.07765853
v 0.05672292 -0.01235826 0.07758807
v 0.05542494 -0.01731195 0.07743855
v 0.05376570 -0.02190643 0.07760921
v 0.05173910 -0.02632527 0.07760886
v 0.04929562 -0.03068601 0.07742691
v 0.04661855 -0.03458578 0.07767322
v 0.03231887 -0.04822674 0.07762212
v 0.02816910 -0.05075552 0.07763934
v 0.02371251 -0.05300164 0.07743776
v 0.01915635 -0.05480352 0.07760746
v 0.01448333 -0.05621245 0.07764173
v 0.00961744 -0.05726181 0.07743863
v 0.00475274 -0.05785951 0.07760912
v -0.00018457 -0.05806301 0.07744254
v -0.00505175 -0.05782701 0.07765530
v -0.00998118 -0.05719853 0.07744551
v -0.01476679 -0.05614360 0.07761705
v -0.01944657 -0.05469181 0.07766843
v -0.02405669 -0.05284381 0.07745301
v -0.02842299 -0.05061714 0.07763259
v -0.03258178 -0.04803705 0.07769241
v -0.04673247 -0.03442929 0.07767985
v -0.04950189 -0.03034161 0.07746260
v -0.05186960 -0.02606507 0.07763483
v -0.05388751 -0.02156677 0.07771130
v -0.05554852 -0.01688724 0.07748409
v -0.05675896 -0.01215669 0.07767868
v -0.05760501 -0.00712144 0.07769826
v -0.05799579 -0.00238619 0.07766612
v -0.05801226 0.00246560 0.07744453
v -0.05757792 0.00739998 0.07761589
v -0.05672063 0.01232012 0.07771439
v -0.05548454 0.01709255 0.07749442
v 0.01947956 0.05468674 0.07760743
v 0.04846894 0.03184121 0.08475880
v 0.00743234 0.05751009 0.08478289
v 0.00246958 0.05793715 0.08478085
v 0.02186388 0.05370410 0.08478935
v 0.01720292 0.05537184 0.08480132
v 0.01240798 0.05664308 0.08478649
v 0.02645289 0.05160384 0.08478227
v 0.03077105 0.04914391 0.08480132
v 0.03487346 0.04632246 0.08479243
v 0.03871759 0.04317077 0.08478134
v 0.04556328 0.03586203 0.08480014
v 0.04233542 0.03961735 0.08480309
v 0.05104374 0.02750799 0.08479967
v 0.05320449 0.02306288 0.08478337
v 0.05498958 0.01839458 0.08478877
v 0.05734938 0.00862325 0.08477451
v 0.05636564 0.01362758 0.08478095
v 0.05786287 0.00372479 0.08480126
v 0.05797550 -0.00122060 0.08478296
v 0.05764886 -0.00625695 0.08478458
v 0.05689808 -0.01116756 0.08480003
v 0.04394036 -0.03783871 0.08479582
v 0.05573747 -0.01601607 0.08475726
v 0.05416038 -0.02072582 0.08477953
v 0.05213882 -0.02537733 0.08479642
v 0.04979638 -0.02971436 0.08478327
v 0.04707626 -0.03386072 0.08478198
v -0.00250207 0.05793405 0.08478339
v -0.00745681 0.05751084 0.08476724
v -0.01241520 0.05664389 0.08477429
v -0.01720295 0.05537183 0.08480132
v -0.02186791 0.05370140 0.08480078
v -0.02646466 0.05159771 0.08478228
v -0.03078083 0.04914423 0.08478337
v -0.03487013 0.04632920 0.08478746
v -0.03873006 0.04316026 0.08478075
v -0.04233810 0.03961997 0.08478809
v -0.04556114 0.03587196 0.08478339
v -0.04845211 0.03185168 0.08479984
v -0.05104376 0.02750798 0.08479968
v -0.05321041 0.02304927 0.08478337
v -0.05498858 0.01840493 0.08478527
v -0.05636959 0.01361357 0.08478027
v -0.05734465 0.00864140 0.08477715
v -0.05786747 0.00373811 0.08478335
v -0.05797584 -0.00123375 0.08478217
v -0.05764751 -0.00626906 0.08478443
v -0.05690370 -0.01116183 0.08478336
v -0.05573855 -0.01597960 0.08479987
v -0.05415995 -0.02072632 0.08478001
v -0.05216134 -0.02535494 0.08474571
v -0.04979794 -0.02970102 0.08480126
v -0.04706991 -0.03387061 0.08478117
v -0.04395400 -0.03782834 0.08477914
v -0.04056334 -0.04143186 0.08480129
v -0.03687244 -0.04475114 0.08479875
v -0.03287988 -0.04776821 0.08477992
v -0.02860673 -0.05044421 0.08477876
v -0.02419997 -0.05269106 0.08480125
v -0.01959097 -0.05458064 0.08478039
v -0.01478375 -0.05607452 0.08477949
v -0.00994361 -0.05712364 0.08480126
v -0.00502697 -0.05776731 0.08479780
v -0.00000163 -0.05798812 0.08478330
v 0.00500582 -0.05777388 0.08477992
v 0.00991947 -0.05712784 0.08480125
v 0.01478499 -0.05607406 0.08477982
v 0.01959124 -0.05458071 0.08478002
v 0.02417774 -0.05270127 0.08480124
v 0.02860879 -0.05044291 0.08477913
v 0.03288049 -0.04776800 0.08477952
v 0.03685830 -0.04476877 0.08478131
v 0.04055816 -0.04144462 0.08478331
v 0.01478155 -0.05596803 0.08487970
v 0.00991559 -0.05703100 0.08487884
v 0.04697757 -0.03382340 0.08487970
v 0.04389574 -0.03773617 0.08487884
v 0.05755236 -0.00621614 0.08487970
v 0.05680448 -0.01114034 0.08487883
v 0.05776600 0.00373420 0.08487883
v 0.05787382 -0.00124605 0.08487991
v 0.04839196 0.03177410 0.08488620
v 0.05094088 0.02749331 0.08487882
v 0.05311628 0.02301250 0.08487969
v 0.04223156 0.03958978 0.08487882
v 0.04547854 0.03581281 0.08487882
v 0.03867232 0.04307397 0.08487969
v 0.03072215 0.04906125 0.08487882
v 0.03482678 0.04623879 0.08487991
v 0.01236021 0.05655210 0.08487969
v 0.01717572 0.05527975 0.08487882
v -0.01717574 0.05527974 0.08487882
v -0.01235004 0.05655599 0.08488178
v -0.02639098 0.05152118 0.08487969
v -0.02186423 0.05359860 0.08487882
v -0.05094091 0.02749327 0.08487882
v -0.04838887 0.03177062 0.08487882
v -0.04547890 0.03581319 0.08487969
v -0.05405715 -0.02070602 0.08487970
v -0.05563650 -0.01598232 0.08487883
v -0.05680500 -0.01114035 0.08487970
v -0.04697772 -0.03382342 0.08487992
v -0.04971090 -0.02965944 0.08487883
v -0.04048922 -0.04137000 0.08487883
v -0.04389621 -0.03773642 0.08487970
v -0.03280477 -0.04769462 0.08487992
v -0.03678298 -0.04469751 0.08487883
v -0.01953826 -0.05449023 0.08487992
v -0.02414989 -0.05260834 0.08487883
v -0.02858332 -0.05033794 0.08487970
v -0.00497621 -0.05767228 0.08487883
v -0.00991553 -0.05703102 0.08487883
v 0.00000001 -0.05788721 0.08487992
v -0.04223200 0.03959057 0.08488027
v -0.03867197 0.04307446 0.08487991
v -0.05723196 0.00868664 0.08488028
v -0.05627310 0.01357455 0.08487991
v -0.03482595 0.04623942 0.08487991
v -0.05489786 0.01836136 0.08487969
v -0.03072206 0.04906207 0.08487991
v -0.05311645 0.02301301 0.08488027
v 0.00497627 -0.05767292 0.08487992
v 0.02414995 -0.05260831 0.08487883
v 0.01953805 -0.05449054 0.08488029
v 0.03678330 -0.04469836 0.08488028
v 0.03280462 -0.04769457 0.08487970
v 0.04048970 -0.04137044 0.08487992
v 0.05207653 -0.02527627 0.08487883
v 0.04971147 -0.02966014 0.08488028
v 0.05405709 -0.02070660 0.08487991
v 0.05564078 -0.01598622 0.08488730
v 0.05489801 0.01836134 0.08487992
v 0.05627350 0.01357381 0.08488029
v 0.02186484 0.05359929 0.08488027
v 0.00249037 0.05783363 0.08487991
v 0.00745322 0.05740562 0.08488027
v -0.00745772 0.05740662 0.08488249
v -0.00249028 0.05783350 0.08487969
v -0.01024602 0.05697258 0.08487882
v -0.05787369 -0.00124543 0.08487970
v -0.05776665 0.00373413 0.08487991
v -0.05755275 -0.00621574 0.08488028
v -0.05208235 -0.02527616 0.08488731
v -0.01478165 -0.05596813 0.08487992
v 0.02858313 -0.05033844 0.08488029
v 0.05723187 0.00868584 0.08487991
v 0.02639159 0.05152102 0.08487991
v -0.01510549 0.05589469 0.08493559
v -0.01983524 0.05435070 0.08507735
v -0.01508528 0.05585596 0.08507702
v -0.01029575 0.05697893 0.08487547
v -0.01023003 0.05694645 0.08507590
v -0.00530785 0.05765604 0.08493559
v -0.00529902 0.05761386 0.08507733
v -0.00034657 0.05789574 0.08490936
v -0.00031051 0.05787685 0.08505681
v -0.02884820 0.05017577 0.08505682
v -0.02443583 0.05245620 0.08506544
v -0.02447275 0.05247337 0.08491139
v -0.02888653 0.05017558 0.08490919
v -0.03702059 0.04447740 0.08506544
v -0.03305475 0.04751011 0.08505682
v -0.03706067 0.04448457 0.08491139
v -0.03309297 0.04750660 0.08490919
v -0.04409078 0.03749438 0.08505682
v -0.04070435 0.04114586 0.08505682
v -0.04074140 0.04113585 0.08490919
v -0.04412680 0.03748129 0.08490919
v -0.04986266 0.02936592 0.08506750
v -0.04716388 0.03354689 0.08505698
v -0.04990041 0.02936528 0.08491139
v -0.04718552 0.03354919 0.08490919
v -0.05415863 0.02041247 0.08505682
v -0.05220065 0.02497709 0.08506545
v -0.05224007 0.02496688 0.08491139
v -0.05418811 0.02038797 0.08490919
v -0.05685793 0.01082221 0.08505418
v -0.05571902 0.01565939 0.08505698
v -0.05574017 0.01565420 0.08490919
v -0.05687953 0.01080460 0.08490919
v -0.05787049 0.00091222 0.08505699
v -0.05757554 0.00590618 0.08505682
v -0.05759779 0.00587490 0.08490919
v -0.05788962 0.00090185 0.08490919
v -0.05715288 -0.00900017 0.08507701
v -0.05772620 -0.00405559 0.08506545
v -0.05719387 -0.00903811 0.08491757
v -0.05775545 -0.00408395 0.08491139
v -0.05477376 -0.01866753 0.08506751
v -0.05617904 -0.01387671 0.08506728
v -0.05620228 -0.01391667 0.08491139
v -0.05479789 -0.01869657 0.08491139
v -0.05077313 -0.02776216 0.08506728
v -0.05297952 -0.02330483 0.08505416
v -0.05078537 -0.02780676 0.08491139
v -0.05298733 -0.02333158 0.08490919
v -0.04527218 -0.03606069 0.08505418
v -0.04819106 -0.03203532 0.08506751
v -0.04820698 -0.03206956 0.08491139
v -0.04527287 -0.03608860 0.08490919
v -0.03841745 -0.04328884 0.08505699
v -0.04201213 -0.03980962 0.08505682
v -0.04200296 -0.03984686 0.08490919
v -0.03842203 -0.04331014 0.08490919
v -0.03044349 -0.04921222 0.08506728
v -0.03455626 -0.04641796 0.08506545
v -0.03455386 -0.04645859 0.08491139
v -0.03043214 -0.04925703 0.08491139
v -0.02155204 -0.05371531 0.08505700
v -0.02610027 -0.05164712 0.08506728
v -0.02608509 -0.05169079 0.08491139
v -0.02154917 -0.05373690 0.08490919
v -0.01204306 -0.05661192 0.08505418
v -0.01685478 -0.05535844 0.08506751
v -0.01684530 -0.05539500 0.08491139
v -0.01202589 -0.05663389 0.08490919
v -0.00216003 -0.05782713 0.08506751
v -0.00712313 -0.05742736 0.08506751
v -0.00710754 -0.05746175 0.08491139
v -0.00214156 -0.05786004 0.08491139
v 0.00775945 -0.05735518 0.08505682
v 0.00281358 -0.05777887 0.08508567
v 0.00284595 -0.05783731 0.08492916
v 0.00779508 -0.05736948 0.08490919
v 0.01747882 -0.05516568 0.08506545
v 0.01268335 -0.05647085 0.08505700
v 0.01751321 -0.05518748 0.08491139
v 0.01269794 -0.05648702 0.08490919
v 0.02668290 -0.05135998 0.08505699
v 0.02214957 -0.05346069 0.08506728
v 0.02219255 -0.05347766 0.08491139
v 0.02670112 -0.05137189 0.08490918
v 0.03507279 -0.04602891 0.08506545
v 0.03099927 -0.04887607 0.08505699
v 0.03511253 -0.04603782 0.08491139
v 0.03101848 -0.04888634 0.08490919
v 0.04244251 -0.03933541 0.08506751
v 0.03889398 -0.04284749 0.08506728
v 0.03894020 -0.04284894 0.08491139
v 0.04247952 -0.03934286 0.08491139
v 0.04855115 -0.03150574 0.08505682
v 0.04566369 -0.03554700 0.08506545
v 0.04570439 -0.03554546 0.08491139
v 0.04858519 -0.03148809 0.08490919
v 0.05322542 -0.02270721 0.08506870
v 0.05108635 -0.02720533 0.08505416
v 0.05326584 -0.02269627 0.08491139
v 0.05111221 -0.02719491 0.08490919
v 0.05630978 -0.01324538 0.08508627
v 0.05496247 -0.01803998 0.08508566
v 0.05502864 -0.01803064 0.08492916
v 0.05637492 -0.01323339 0.08492916
v 0.05777806 -0.00341177 0.08505418
v 0.05727141 -0.00835532 0.08505699
v 0.05729172 -0.00834745 0.08490919
v 0.05779722 -0.00339152 0.08490919
v 0.05750629 0.00654610 0.08505698
v 0.05785677 0.00155572 0.08505682
v 0.05787482 0.00158954 0.08490919
v 0.05752392 0.00655886 0.08490919
v 0.05552901 0.01628781 0.08506545
v 0.05673068 0.01146539 0.08505698
v 0.05555151 0.01632175 0.08491139
v 0.05674715 0.01147963 0.08490919
v 0.05191449 0.02556420 0.08506750
v 0.05392489 0.02099417 0.08506728
v 0.05394278 0.02103679 0.08491139
v 0.05193466 0.02559613 0.08491139
v 0.04677288 0.03407433 0.08506544
v 0.04953174 0.02994046 0.08505698
v 0.04678265 0.03411385 0.08491139
v 0.04954244 0.02995944 0.08490919
v 0.04023951 0.04158634 0.08506750
v 0.04366550 0.03797323 0.08506750
v 0.04367688 0.03800922 0.08491139
v 0.04024771 0.04162322 0.08491139
v 0.03254308 0.04786203 0.08505682
v 0.03650640 0.04487310 0.08508568
v 0.03652134 0.04493826 0.08492915
v 0.03252617 0.04789644 0.08490919
v 0.02385413 0.05272220 0.08506727
v 0.02829820 0.05048918 0.08505418
v 0.02383710 0.05276518 0.08491139
v 0.02828834 0.05051526 0.08490919
v 0.01445750 0.05603233 0.08506750
v 0.01921541 0.05456189 0.08508626
v 0.01921049 0.05462795 0.08492915
v 0.01444647 0.05606844 0.08491139
v 0.00465244 0.05768117 0.08506544
v 0.00958720 0.05706775 0.08506750
v 0.00957311 0.05710278 0.08491139
v 0.00462881 0.05771434 0.08491139
v -0.01717576 0.05527973 0.08487882
v -0.01988128 0.05438292 0.08492094
v -0.02186423 0.05359860 0.08487882
v -0.02639087 0.05152065 0.08487882
v -0.03072215 0.04906123 0.08487882
v -0.03482598 0.04623858 0.08487882
v -0.03867193 0.04307362 0.08487882
v -0.04223159 0.03958975 0.08487882
v -0.04547858 0.03581276 0.08487882
v -0.04838885 0.03177066 0.08487882
v -0.05094090 0.02749328 0.08487882
v -0.05311579 0.02301237 0.08487882
v -0.05489741 0.01836109 0.08487883
v -0.05627258 0.01357390 0.08487883
v -0.05723116 0.00868618 0.08487883
v -0.05776601 0.00373412 0.08487883
v -0.05787317 -0.00124555 0.08487883
v -0.05755186 -0.00621595 0.08487883
v -0.05680446 -0.01114039 0.08487883
v -0.05563649 -0.01598235 0.08487883
v -0.05405662 -0.02070598 0.08487883
v -0.05207654 -0.02527625 0.08487883
v -0.04971090 -0.02965944 0.08487883
v -0.04697721 -0.03382302 0.08487883
v -0.04389573 -0.03773619 0.08487883
v -0.04048923 -0.04137000 0.08487883
v -0.03678300 -0.04469750 0.08487883
v -0.03280443 -0.04769407 0.08487883
v -0.02858295 -0.05033756 0.08487883
v -0.02414989 -0.05260834 0.08487883
v -0.01953807 -0.05448961 0.08487883
v -0.01478151 -0.05596751 0.08487883
v -0.00991554 -0.05703102 0.08487883
v -0.00497619 -0.05767228 0.08487883
v -0.00000002 -0.05788657 0.08487883
v 0.00497619 -0.05767228 0.08487883
v 0.00991559 -0.05703100 0.08487883
v 0.01478155 -0.05596750 0.08487883
v 0.01953806 -0.05448962 0.08487883
v 0.02414995 -0.05260831 0.08487883
v 0.02858299 -0.05033753 0.08487883
v 0.03280444 -0.04769406 0.08487883
v 0.03678301 -0.04469748 0.08487883
v 0.04048923 -0.04137001 0.08487883
v 0.04389574 -0.03773617 0.08487883
v 0.04697723 -0.03382299 0.08487883
v 0.04971089 -0.02965942 0.08487883
v 0.05207653 -0.02527626 0.08487883
v 0.05405667 -0.02070586 0.08487883
v 0.05563651 -0.01598227 0.08487883
v 0.05680448 -0.01114034 0.08487883
v 0.05755186 -0.00621595 0.08487883
v 0.05787317 -0.00124547 0.08487883
v 0.05776600 0.00373420 0.08487883
v 0.05723115 0.00868626 0.08487883
v 0.05627258 0.01357393 0.08487883
v 0.05489740 0.01836110 0.08487883
v 0.05311576 0.02301242 0.08487882
v 0.05094088 0.02749331 0.08487882
v 0.04838885 0.03177066 0.08487882
v 0.04547854 0.03581281 0.08487882
v 0.04223156 0.03958978 0.08487882
v 0.03867188 0.04307368 0.08487882
v 0.03482596 0.04623860 0.08487882
v 0.03072212 0.04906125 0.08487882
v 0.02639084 0.05152066 0.08487882
v 0.02186422 0.05359861 0.08487882
v 0.01717572 0.05527974 0.08487882
v 0.01235998 0.05655162 0.08487882
v 0.00745278 0.05740481 0.08487882
v 0.00249037 0.05783298 0.08487882
v -0.00249039 0.05783298 0.08487882
v -0.01236002 0.05655161 0.08487882
v -0.00745281 0.05740480 0.08487882
v -0.05737906 0.00583428 0.08523450
v -0.05767801 0.00090342 0.08522257
v -0.05751333 -0.00404995 0.08525934
v -0.05696701 -0.00900023 0.08523765
v -0.05599275 -0.01386943 0.08522306
v -0.05457247 -0.01860193 0.08525933
v -0.05275177 -0.02324572 0.08527998
v -0.05058221 -0.02770982 0.08523450
v -0.04800787 -0.03191232 0.08527333
v -0.04509382 -0.03595540 0.08523766
v -0.04182951 -0.03970751 0.08523451
v -0.03828529 -0.04314864 0.08522258
v -0.03441952 -0.04624335 0.08527333
v -0.03029002 -0.04904719 0.08527999
v -0.02593653 -0.05148260 0.08527377
v -0.02147004 -0.05349942 0.08527333
v -0.01679147 -0.05514704 0.08527333
v -0.01195795 -0.05639256 0.08527999
v -0.00709265 -0.05722734 0.08524626
v -0.00213520 -0.05764414 0.08522527
v 0.00282758 -0.05760645 0.08523219
v 0.00777241 -0.05714747 0.08523766
v 0.01264324 -0.05627214 0.08523403
v 0.01744651 -0.05497147 0.08523764
v 0.02212193 -0.05325310 0.08524671
v 0.02659922 -0.05118642 0.08522257
v 0.03087198 -0.04868339 0.08527333
v 0.03497348 -0.04584745 0.08525089
v 0.03879834 -0.04267415 0.08523451
v 0.04230655 -0.03919898 0.08523402
v 0.04550154 -0.03540898 0.08525933
v 0.04838412 -0.03133831 0.08527998
v 0.05090401 -0.02709348 0.08524625
v 0.05304465 -0.02261724 0.08524625
v 0.05477300 -0.01797413 0.08527332
v 0.05612222 -0.01316854 0.08527998
v 0.05708165 -0.00832183 0.08522258
v 0.05754691 -0.00339180 0.08527333
v 0.05765166 0.00159090 0.08523765
v 0.05727736 0.00651573 0.08527332
v 0.05654077 0.01143287 0.08522257
v 0.05533414 0.01625971 0.08523765
v 0.05374106 0.02096301 0.08522306
v 0.05173845 0.02548604 0.08523402
v 0.04932856 0.02984593 0.08526499
v 0.04656820 0.03399402 0.08525978
v 0.04350918 0.03784477 0.08524625
v 0.04010622 0.04146155 0.08522259
v 0.03638566 0.04476036 0.08522526
v 0.03234898 0.04771486 0.08527375
v 0.02818927 0.05032827 0.08522257
v 0.02372920 0.05254533 0.08526500
v 0.01912650 0.05441114 0.08523450
v 0.01438838 0.05584998 0.08523765
v 0.00952354 0.05688319 0.08523450
v 0.00456990 0.05746546 0.08527375
v -0.00038703 0.05764559 0.08527375
v -0.00529307 0.05743161 0.08523402
v -0.01021058 0.05676398 0.08523402
v -0.01506635 0.05565152 0.08526500
v -0.01978295 0.05417602 0.08523402
v -0.02437877 0.05226778 0.08523765
v -0.02879173 0.04997431 0.08523450
v -0.03298672 0.04727620 0.08527376
v -0.03691517 0.04432651 0.08522257
v -0.04057694 0.04094662 0.08527998
v -0.04396756 0.03731122 0.08524671
v -0.04699211 0.03342180 0.08524625
v -0.04971343 0.02925718 0.08522525
v -0.05203276 0.02483511 0.08525979
v -0.05397002 0.02025831 0.08527376
v -0.05553516 0.01560176 0.08522257
v -0.05666182 0.01075563 0.08523764
v -0.01513450 0.05590390 0.08554787
v -0.01027269 0.05699799 0.08554787
v -0.01018965 0.05683505 0.08551575
v -0.01988424 0.05439592 0.08554787
v -0.01502730 0.05571912 0.08549995
v -0.02890800 0.05018592 0.08554787
v -0.02448678 0.05248520 0.08554787
v -0.02437288 0.05236272 0.08552203
v -0.03311519 0.04751508 0.08554787
v -0.02878401 0.05007365 0.08552203
v -0.03707724 0.04449244 0.08554788
v -0.03296175 0.04738941 0.08550841
v -0.04415049 0.03748377 0.08554788
v -0.04076478 0.04114040 0.08554788
v -0.04059206 0.04104288 0.08550839
v -0.04720934 0.03354962 0.08554788
v -0.04399588 0.03741994 0.08552203
v -0.05225841 0.02496714 0.08554788
v -0.04991867 0.02936708 0.08554788
v -0.04975541 0.02933070 0.08552203
v -0.05421127 0.02038229 0.08554788
v -0.05204840 0.02492795 0.08549995
v -0.05690138 0.01079505 0.08554788
v -0.05576273 0.01564665 0.08554788
v -0.05559560 0.01565311 0.08552203
v -0.05780116 0.00089656 0.08553304
v -0.05762954 0.00586362 0.08555107
v -0.05745518 0.00589858 0.08552203
v -0.05622682 -0.01393173 0.08555107
v -0.05720582 -0.00904392 0.08554788
v -0.05704113 -0.00896445 0.08551575
v -0.05481115 -0.01870926 0.08554788
v -0.05607446 -0.01383994 0.08552203
v -0.05079629 -0.02782149 0.08554788
v -0.05299993 -0.02335179 0.08554788
v -0.05284708 -0.02322540 0.08550841
v -0.04821659 -0.03208519 0.08554788
v -0.05068139 -0.02769993 0.08552203
v -0.04200796 -0.03987016 0.08554788
v -0.04527989 -0.03611136 0.08554788
v -0.04518749 -0.03597193 0.08552203
v -0.03843144 -0.04334249 0.08555107
v -0.04192790 -0.03972330 0.08552203
v -0.03043435 -0.04927524 0.08554788
v -0.03456318 -0.04648583 0.08555107
v -0.03448713 -0.04629115 0.08550841
v -0.02154402 -0.05376015 0.08554788
v -0.02608573 -0.05170912 0.08554788
v -0.02604801 -0.05151441 0.08550841
v -0.01684277 -0.05541317 0.08554788
v -0.02152321 -0.05356290 0.08550841
v -0.00710195 -0.05747922 0.08554788
v -0.01201688 -0.05665592 0.08554788
v -0.01203011 -0.05645803 0.08550841
v -0.00213445 -0.05787696 0.08554788
v -0.00713344 -0.05731495 0.08552203
v 0.00781100 -0.05738717 0.08554788
v 0.00284881 -0.05784619 0.08554788
v 0.00278965 -0.05768974 0.08552203
v 0.01271536 -0.05650326 0.08554788
v 0.00773861 -0.05723638 0.08552203
v 0.02220607 -0.05349009 0.08554788
v 0.01752558 -0.05520103 0.08554788
v 0.01742844 -0.05506487 0.08552203
v 0.02672211 -0.05138315 0.08554788
v 0.02209756 -0.05336279 0.08552203
v 0.03512875 -0.04604640 0.08554788
v 0.03104034 -0.04889577 0.08554788
v 0.03089243 -0.04876362 0.08550841
v 0.04249698 -0.03934852 0.08554788
v 0.03895707 -0.04285611 0.08554788
v 0.03881197 -0.04277290 0.08552203
v 0.04572225 -0.03554961 0.08554788
v 0.04234527 -0.03927808 0.08552203
v 0.05113588 -0.02719231 0.08554788
v 0.04860901 -0.03148750 0.08554788
v 0.04841945 -0.03142912 0.08550841
v 0.05328417 -0.02269573 0.08554788
v 0.05097123 -0.02716292 0.08552203
v 0.05503795 -0.01803117 0.08554788
v 0.05311759 -0.02268065 0.08552203
v 0.05755252 0.00657674 0.08555107
v 0.05789411 0.00160350 0.08554788
v 0.05773643 0.00154776 0.08552203
v 0.05676377 0.01149669 0.08554788
v 0.05735847 0.00649908 0.08550840
v 0.05556532 0.01633384 0.08554788
v 0.05661797 0.01141472 0.08552203
v 0.04679157 0.03412987 0.08554788
v 0.04955233 0.02998110 0.08554788
v 0.04940430 0.02982707 0.08549995
v 0.04368439 0.03802595 0.08554788
v 0.04665734 0.03396368 0.08549995
v 0.04025378 0.04164051 0.08554788
v 0.04359807 0.03788270 0.08552203
v 0.03653112 0.04495580 0.08555106
v 0.04018009 0.04149037 0.08552203
v 0.01444317 0.05608649 0.08554787
v 0.01921118 0.05463725 0.08554787
v 0.01920685 0.05447005 0.08552203
v 0.00956827 0.05712047 0.08554787
v 0.01445326 0.05591952 0.08552203
v -0.00035748 0.05791521 0.08554787
v 0.00462252 0.05773154 0.08554787
v 0.00466114 0.05753701 0.08550841
v -0.00533482 0.05767008 0.08554787
v -0.00030228 0.05772470 0.08550841
v -0.01977170 0.05415735 0.08539526
v 0.02825334 0.05037500 0.08552203
v 0.02380229 0.05257271 0.08549995
v 0.02383696 0.05278351 0.08554787
v 0.02828623 0.05053899 0.08554787
v 0.04008395 0.04143060 0.08537936
v 0.05172109 0.02547287 0.08539525
v 0.05531999 0.01623692 0.08539526
v 0.05371359 0.02093008 0.08537936
v 0.05542712 0.01623961 0.08552203
v 0.05714820 -0.00836500 0.08552203
v 0.05762396 -0.00342210 0.08550841
v 0.05781764 -0.00337926 0.08554788
v 0.05732392 -0.00833755 0.08555107
v 0.01440071 0.05582614 0.08539526
v 0.01914647 0.05438153 0.08539525
v 0.02817566 0.05029264 0.08537936
v 0.03637398 0.04472304 0.08537935
v 0.03246360 0.04773203 0.08550841
v 0.03646467 0.04479083 0.08552203
v 0.05182617 0.02549388 0.08552203
v 0.05194620 0.02561038 0.08554788
v -0.00528697 0.05741069 0.08539525
v 0.00954831 0.05685744 0.08539525
v 0.00959264 0.05695500 0.08552203
v 0.03253127 0.04792977 0.08555106
v 0.05650488 0.01141996 0.08537936
v 0.05618611 -0.01324211 0.08550841
v 0.05638425 -0.01323310 0.08554788
v 0.05382590 0.02094427 0.08552203
v 0.05395550 0.02105002 0.08554788
v -0.01020356 0.05674152 0.08537851
v 0.05483976 -0.01802311 0.08550841
v 0.04350696 0.03784043 0.08541056
v -0.00526900 0.05751633 0.08552203
v -0.02875625 0.04997016 0.08539525
v -0.02435412 0.05225721 0.08539526
v -0.03688770 0.04430006 0.08536224
v -0.01978132 0.05426408 0.08552203
v -0.03692458 0.04439175 0.08551575
v -0.04394042 0.03733622 0.08541055
v -0.04698738 0.03342065 0.08541056
v -0.04967478 0.02925123 0.08537934
v -0.05673541 0.01081589 0.08552203
v -0.05735496 0.00586065 0.08539525
v -0.05764367 0.00091421 0.08541420
v -0.05753982 -0.00404867 0.08545595
v -0.04183379 -0.03967204 0.08539525
v -0.04508934 -0.03592895 0.08539525
v -0.03826440 -0.04311673 0.08537936
v -0.04808764 -0.03193448 0.08550841
v -0.05057731 -0.02767441 0.08539525
v -0.05463366 -0.01859037 0.08549995
v -0.03835790 -0.04318057 0.08552203
v -0.03038006 -0.04908446 0.08550841
v -0.01683898 -0.05521485 0.08550841
v -0.00709385 -0.05722264 0.08541055
v -0.00214834 -0.05760730 0.08537934
v 0.01263448 -0.05625217 0.08539526
v 0.00775199 -0.05713006 0.08539526
v -0.00217996 -0.05771601 0.08552203
v 0.00281214 -0.05758498 0.08539526
v 0.02657691 -0.05115548 0.08537934
v 0.02208639 -0.05326298 0.08541055
v 0.01742342 -0.05495782 0.08539526
v 0.01263028 -0.05635925 0.08552203
v 0.03495504 -0.04585738 0.08541056
v 0.03876276 -0.04267770 0.08539526
v 0.02660307 -0.05126565 0.08552203
v 0.03499136 -0.04595101 0.08552203
v 0.04228805 -0.03918748 0.08539526
v 0.05089917 -0.02709295 0.08541055
v 0.05303980 -0.02261714 0.08541057
v 0.05704352 -0.00832186 0.08537935
v 0.05763216 0.00157250 0.08539525
v 0.04552545 -0.03546648 0.08549995
v -0.05549733 0.01559687 0.08537934
v -0.04704983 0.03349931 0.08552203
v -0.05663883 0.01076948 0.08539525
v -0.05401361 0.02036575 0.08550841
v -0.05694793 -0.00898034 0.08537852
v -0.05596126 -0.01384033 0.08537934
v -0.05766425 -0.00407564 0.08553304
v -0.05800068 0.00075066 0.08567216
v -0.05769592 0.00589948 0.08564638
v -0.05795197 0.00090468 0.08557813
v -0.05783823 -0.00410992 0.08560258
v -0.05697282 0.01084155 0.08563595
v -0.05630137 -0.01392040 0.08564638
v -0.05728878 -0.00902429 0.08563596
v -0.05488985 -0.01872268 0.08563574
v -0.03849119 -0.04338257 0.08564620
v -0.04208746 -0.03990097 0.08563595
v -0.03462265 -0.04652759 0.08564455
v -0.03050331 -0.04932535 0.08563595
v 0.05739022 -0.00836552 0.08564619
v 0.05645365 -0.01328262 0.08563595
v 0.05789558 -0.00339658 0.08563574
v 0.05762378 0.00656659 0.08564621
v 0.05797243 0.00158423 0.08563371
v 0.05684354 0.01149991 0.08563574
v 0.03659751 0.04499161 0.08564638
v 0.04032325 0.04168149 0.08563371
v 0.03259433 0.04797116 0.08564638
v 0.02833584 0.05060154 0.08563573
v -0.01026535 0.05707833 0.08563373
v -0.01512388 0.05598848 0.08563595
v -0.01989936 0.05447432 0.08563573
v -0.02450018 0.05256475 0.08563373
v -0.02891931 0.05027043 0.08563595
v -0.03313376 0.04759829 0.08563595
v -0.03711052 0.04456593 0.08563373
v -0.04079732 0.04121919 0.08563596
v -0.04418968 0.03755947 0.08563595
v -0.04726624 0.03360564 0.08563573
v -0.04998016 0.02941801 0.08563573
v -0.05231932 0.02502003 0.08563373
v -0.05427369 0.02044035 0.08563596
v -0.05583181 0.01568826 0.08563373
v -0.05307717 -0.02337197 0.08563574
v -0.05087482 -0.02783999 0.08563374
v -0.04828924 -0.03211829 0.08563575
v -0.04535408 -0.03614304 0.08563373
v -0.02615016 -0.05176495 0.08563596
v -0.02159286 -0.05382434 0.08563373
v -0.01689666 -0.05547922 0.08563595
v -0.01206486 -0.05672636 0.08563595
v -0.00712424 -0.05755589 0.08563574
v -0.00215878 -0.05795388 0.08563373
v 0.00282039 -0.05792656 0.08563595
v 0.00778959 -0.05746968 0.08563595
v 0.01272027 -0.05658295 0.08563573
v 0.01752868 -0.05528161 0.08563373
v 0.02220643 -0.05357533 0.08563595
v 0.02674719 -0.05145895 0.08563575
v 0.03107184 -0.04896913 0.08563574
v 0.03515886 -0.04612122 0.08563373
v 0.03898619 -0.04293622 0.08563595
v 0.04254616 -0.03941141 0.08563573
v 0.04577046 -0.03561428 0.08563373
v 0.04865762 -0.03155753 0.08563596
v 0.05119951 -0.02724050 0.08563573
v 0.05335170 -0.02273831 0.08563574
v 0.05510516 -0.01807577 0.08563373
v 0.05564597 0.01633516 0.08563373
v 0.05404074 0.02104854 0.08563595
v 0.05202544 0.02562550 0.08563373
v 0.04963654 0.02999427 0.08563595
v 0.04687436 0.03415021 0.08563596
v 0.04375217 0.03806813 0.08563573
v 0.02388852 0.05284554 0.08563373
v 0.01926787 0.05470093 0.08563595
v 0.01448336 0.05615643 0.08563373
v 0.00960428 0.05719515 0.08563737
v 0.00465010 0.05780734 0.08563373
v -0.00032564 0.05799428 0.08563595
v -0.00532945 0.05774974 0.08563573
v -0.05798727 0.00090588 0.09755753
v -0.05769604 0.00589805 0.09755141
v -0.05697567 0.01083141 0.09755305
v -0.05583565 0.01567872 0.09756167
v -0.05427720 0.02043539 0.09755141
v -0.05232098 0.02502122 0.09755303
v -0.04998003 0.02942142 0.09755123
v -0.04726582 0.03360901 0.09755122
v -0.04419466 0.03755599 0.09755141
v -0.04079833 0.04121811 0.09756187
v -0.03711154 0.04456770 0.09755303
v -0.03313947 0.04759618 0.09755139
v -0.02892518 0.05026882 0.09755141
v -0.02450072 0.05256673 0.09755303
v -0.01989710 0.05447687 0.09755123
v -0.01513425 0.05598661 0.09755304
v -0.01027150 0.05707994 0.09755122
v -0.00532661 0.05775163 0.09755122
v -0.00032713 0.05799421 0.09756188
v 0.00465063 0.05780934 0.09755303
v 0.00960206 0.05719679 0.09755010
v 0.01448422 0.05615829 0.09755303
v 0.01926281 0.05470434 0.09755138
v 0.02388970 0.05284723 0.09755303
v 0.02833925 0.05060149 0.09755123
v 0.03259314 0.04797194 0.09755141
v 0.03659240 0.04499492 0.09755304
v 0.04032099 0.04168743 0.09755123
v 0.04375537 0.03806693 0.09755123
v 0.04687212 0.03415589 0.09755139
v 0.04963481 0.03000010 0.09755140
v 0.05202741 0.02562606 0.09755302
v 0.05404002 0.02105460 0.09755141
v 0.05564801 0.01633539 0.09755305
v 0.05684572 0.01149728 0.09755122
v 0.05762365 0.00656797 0.09755122
v 0.05797522 0.00157931 0.09755141
v 0.05789600 -0.00340572 0.09755305
v 0.05739045 -0.00836414 0.09755125
v 0.05645648 -0.01327723 0.09755141
v 0.05510613 -0.01808133 0.09755139
v 0.05334902 -0.02274706 0.09755305
v 0.05119954 -0.02724391 0.09755122
v 0.04866211 -0.03155343 0.09755141
v 0.04577183 -0.03561580 0.09755303
v 0.04254532 -0.03941469 0.09755125
v 0.03899157 -0.04293340 0.09755142
v 0.03515647 -0.04612638 0.09755142
v 0.03106466 -0.04897481 0.09755306
v 0.02674531 -0.05146175 0.09755123
v 0.02221243 -0.05357450 0.09755141
v 0.01752893 -0.05528365 0.09755305
v 0.01271770 -0.05658517 0.09755123
v 0.00779563 -0.05747041 0.09755141
v 0.00283093 -0.05792695 0.09755303
v -0.00215314 -0.05795676 0.09755123
v -0.00712741 -0.05755713 0.09755123
v -0.01205477 -0.05672943 0.09755303
v -0.01688120 -0.05548556 0.09755123
v -0.02158853 -0.05382896 0.09755123
v -0.02614559 -0.05176898 0.09755142
v -0.03049485 -0.04933164 0.09755305
v -0.03461821 -0.04653172 0.09755123
v -0.03849015 -0.04338354 0.09755125
v -0.04208087 -0.03990923 0.09755306
v -0.04535258 -0.03614922 0.09755122
v -0.04829224 -0.03211671 0.09755122
v -0.05087675 -0.02784065 0.09755303
v -0.05307985 -0.02336989 0.09755123
v -0.05489236 -0.01872036 0.09755123
v -0.05630101 -0.01392180 0.09755139
v -0.05728938 -0.00903035 0.09755141
v -0.05785257 -0.00407732 0.09755307
v -0.03704984 0.04452928 0.09764656
v -0.03308476 0.04754942 0.09764656
v 0.02833044 0.05052657 0.09764656
v 0.03256908 0.04790409 0.09764656
v -0.00529142 0.05768490 0.09764656
v -0.00031390 0.05791543 0.09764976
v -0.02887468 0.05021752 0.09764656
v 0.03656657 0.04492698 0.09764656
v 0.00466783 0.05773872 0.09764656
v -0.02445085 0.05251384 0.09764656
v 0.04029335 0.04161721 0.09764656
v 0.00961407 0.05712370 0.09764656
v -0.01509422 0.05592595 0.09764656
v -0.01023067 0.05701650 0.09764656
v -0.01984602 0.05442135 0.09764656
v -0.04412979 0.03752478 0.09764656
v -0.04073381 0.04117104 0.09764976
v -0.04719224 0.03359226 0.09764656
v -0.05224889 0.02501202 0.09764656
v -0.04990530 0.02941101 0.09764656
v -0.05690363 0.01084090 0.09764656
v -0.05575093 0.01568854 0.09764976
v -0.05778540 -0.00404903 0.09764656
v -0.05791956 0.00093343 0.09764656
v -0.05302776 -0.02331530 0.09764656
v -0.05483576 -0.01867048 0.09764656
v -0.04531614 -0.03608316 0.09764656
v -0.04825026 -0.03205402 0.09764656
v -0.03459985 -0.04645854 0.09764656
v -0.03846557 -0.04331220 0.09764656
v -0.02613040 -0.05169864 0.09764656
v -0.03047795 -0.04926095 0.09764656
v -0.02158949 -0.05375352 0.09764656
v -0.01206273 -0.05665719 0.09764656
v -0.01688860 -0.05541048 0.09764656
v -0.00714755 -0.05748442 0.09764656
v 0.00280479 -0.05785913 0.09764656
v -0.00217947 -0.05788607 0.09764656
v 0.01748630 -0.05522477 0.09764656
v 0.01267421 -0.05652355 0.09764656
v 0.03100840 -0.04892878 0.09764656
v 0.02668752 -0.05141326 0.09764656
v 0.03893129 -0.04289407 0.09764656
v 0.03509980 -0.04608200 0.09764656
v 0.04247454 -0.03938857 0.09764656
v 0.04859377 -0.03153082 0.09764656
v 0.04570337 -0.03559141 0.09764656
v 0.05112441 -0.02723675 0.09764656
v 0.05503428 -0.01807691 0.09764656
v 0.05327659 -0.02274098 0.09764656
v 0.05782577 -0.00342443 0.09764656
v 0.05731733 -0.00838275 0.09764656
v 0.05678317 0.01145510 0.09764656
v 0.05755770 0.00653133 0.09764656
v 0.05398173 0.02101237 0.09764656
v 0.05558823 0.01629405 0.09764656
v 0.05197560 0.02557508 0.09764656
v 0.04682655 0.03410017 0.09764656
v 0.04958464 0.02994848 0.09764656
v 0.04372180 0.03799935 0.09764656
v 0.01925688 0.05463259 0.09764656
v 0.02388201 0.05277497 0.09764656
v 0.01448908 0.05608577 0.09764656
v -0.05420562 0.02042788 0.09764656
v -0.05762489 0.00590914 0.09764656
v -0.05722342 -0.00900151 0.09764656
v -0.05623778 -0.01388741 0.09764656
v -0.05082717 -0.02778750 0.09764656
v -0.04204652 -0.03984516 0.09764656
v 0.00776822 -0.05740385 0.09764656
v 0.02216895 -0.05351714 0.09764656
v 0.05638453 -0.01327897 0.09764656
v 0.05790610 0.00155921 0.09764656
v 0.05706754 -0.00833909 0.09795999
v 0.05754260 -0.00338317 0.09783481
v 0.05759627 -0.00339377 0.09798673
v 0.05764298 0.00155600 0.09794675
v -0.00527348 0.05744337 0.09797458
v -0.01020578 0.05673676 0.09781828
v -0.01019207 0.05677739 0.09797458
v -0.01504538 0.05564938 0.09781828
v -0.01504084 0.05568824 0.09797237
v -0.01975604 0.05418574 0.09796313
v -0.03688455 0.04432455 0.09794675
v -0.04056160 0.04096309 0.09781828
v -0.04058421 0.04099379 0.09797506
v -0.04394502 0.03733780 0.09795139
v 0.00279589 -0.05759615 0.09794675
v 0.00775539 -0.05712329 0.09781829
v 0.00800115 -0.05713540 0.09797428
v 0.01261108 -0.05627121 0.09795502
v 0.04353204 0.03781844 0.09795091
v 0.04008086 0.04143359 0.09781827
v 0.04011653 0.04144961 0.09797237
v 0.03638360 0.04473822 0.09795139
v -0.00033231 0.05767404 0.09796361
v -0.00529065 0.05740406 0.09781827
v -0.01977569 0.05415590 0.09780237
v -0.02435797 0.05225541 0.09780237
v -0.02434099 0.05228682 0.09796313
v -0.02875994 0.04996803 0.09780237
v -0.02875443 0.04999429 0.09796000
v -0.03295384 0.04732145 0.09795138
v -0.05550881 0.01561749 0.09794675
v -0.05663962 0.01076530 0.09780237
v -0.05665874 0.01078356 0.09796546
v -0.05735539 0.00585639 0.09780237
v -0.05737347 0.00587622 0.09795999
v -0.05765749 0.00094131 0.09795091
v -0.05752498 -0.00401865 0.09795091
v -0.05694939 -0.00898362 0.09780237
v -0.05697193 -0.00896907 0.09795999
v -0.05597806 -0.01384672 0.09795139
v -0.05456885 -0.01860589 0.09780237
v -0.05459355 -0.01859542 0.09795999
v -0.05276740 -0.02322800 0.09780237
v -0.05278866 -0.02323281 0.09796361
v -0.05057527 -0.02767816 0.09780237
v -0.05059604 -0.02768477 0.09796361
v -0.04800868 -0.03192342 0.09780237
v -0.04804232 -0.03191131 0.09796313
v -0.04508669 -0.03593228 0.09780237
v -0.04511348 -0.03593074 0.09795999
v -0.04183087 -0.03967513 0.09780237
v -0.04184925 -0.03968683 0.09796361
v -0.03830067 -0.04310836 0.09795092
v -0.03031346 -0.04904365 0.09793830
v -0.02598487 -0.05146575 0.09780237
v -0.02599821 -0.05148299 0.09796362
v -0.02146441 -0.05350904 0.09780237
v -0.02149898 -0.05351812 0.09796313
v -0.01678508 -0.05515613 0.09780237
v -0.01681873 -0.05516815 0.09796313
v -0.01200418 -0.05640066 0.09794675
v -0.00708911 -0.05721611 0.09780237
v -0.00712020 -0.05723371 0.09796313
v -0.00214431 -0.05761371 0.09780237
v -0.00217377 -0.05763393 0.09796313
v 0.02655609 -0.05118639 0.09795093
v 0.03088305 -0.04868444 0.09780237
v 0.03087021 -0.04871780 0.09796313
v 0.03491890 -0.04587876 0.09793785
v 0.03875731 -0.04269666 0.09794675
v 0.04229095 -0.03918435 0.09780237
v 0.04229346 -0.03921106 0.09796000
v 0.04551069 -0.03541260 0.09795139
v 0.05478552 -0.01799113 0.09794675
v 0.05612403 -0.01319206 0.09780237
v 0.05614391 -0.01320103 0.09796361
v 0.05705033 -0.00831854 0.09780237
v 0.05729882 0.00648982 0.09795091
v 0.05651016 0.01142541 0.09780236
v 0.05653330 0.01141184 0.09795998
v 0.05531880 0.01624099 0.09780236
v 0.05534050 0.01624300 0.09796361
v 0.05371962 0.02093775 0.09793831
v 0.04933916 0.02983008 0.09793831
v 0.04659081 0.03395930 0.09780237
v 0.04661056 0.03396854 0.09796362
v 0.03239474 0.04769192 0.09780237
v 0.03241020 0.04770727 0.09796361
v 0.02817497 0.05030020 0.09780235
v 0.02821040 0.05030476 0.09796313
v 0.02377004 0.05253684 0.09794675
v 0.00462049 0.05747032 0.09793831
v -0.00033633 0.05765263 0.09780237
v -0.03295276 0.04731670 0.09778706
v -0.03689832 0.04430880 0.09778706
v -0.04394274 0.03733349 0.09778708
v -0.04698945 0.03341776 0.09778706
v -0.04697187 0.03345022 0.09795091
v -0.04968825 0.02925460 0.09778706
v -0.04968059 0.02927411 0.09794675
v -0.05201918 0.02487486 0.09778706
v -0.05202247 0.02487844 0.09795138
v -0.05396072 0.02030828 0.09793829
v -0.05551124 0.01559668 0.09778706
v -0.05765358 0.00090466 0.09778706
v -0.05751793 -0.00405489 0.09778706
v -0.05597325 -0.01384735 0.09778708
v -0.03827032 -0.04312930 0.09778706
v -0.03443653 -0.04624080 0.09793264
v -0.01198326 -0.05640173 0.09778707
v 0.00281638 -0.05759186 0.09778706
v 0.01263985 -0.05625822 0.09778709
v 0.01740501 -0.05496500 0.09793264
v 0.02208876 -0.05325667 0.09793830
v 0.02658654 -0.05116551 0.09778706
v 0.03877041 -0.04268031 0.09778706
v 0.04550824 -0.03540839 0.09778706
v 0.04838006 -0.03136168 0.09793830
v 0.05090084 -0.02708982 0.09778708
v 0.05088760 -0.02712425 0.09795092
v 0.05304120 -0.02261385 0.09778706
v 0.05303095 -0.02264929 0.09795091
v 0.05478883 -0.01797047 0.09778706
v 0.05763913 0.00157658 0.09778706
v 0.05729022 0.00652569 0.09778706
v 0.04350463 0.03784312 0.09778707
v 0.03637934 0.04473587 0.09778706
v 0.02374983 0.05254237 0.09778706
v 0.01914513 0.05438951 0.09778708
v 0.01914836 0.05439316 0.09795138
v 0.01444135 0.05581791 0.09793784
v -0.05402223 0.02029867 0.09769768
v -0.03442501 -0.04631799 0.09769769
v -0.03031587 -0.04910586 0.09769768
v 0.01747438 -0.05500076 0.09769768
v 0.02213784 -0.05329497 0.09769769
v 0.03501295 -0.04587516 0.09769769
v 0.04844221 -0.03136542 0.09769769
v 0.05375895 0.02098599 0.09769769
v 0.05175588 0.02552972 0.09769768
v 0.05173095 0.02545575 0.09793263
v 0.04936966 0.02988435 0.09769769
v 0.01438031 0.05588957 0.09769768
v 0.00952253 0.05691889 0.09769768
v 0.00956796 0.05685544 0.09793262
v 0.00459427 0.05752678 0.09769769
v -0.01025232 0.05683994 0.09767560
v -0.01510061 0.05574818 0.09767560
v -0.01983710 0.05424369 0.09767560
v -0.02442672 0.05233761 0.09767560
v -0.02883546 0.05004403 0.09767560
v -0.03303077 0.04737993 0.09767560
v -0.03698151 0.04436505 0.09767560
v -0.04065844 0.04102171 0.09767560
v -0.04403433 0.03737468 0.09767560
v -0.04708424 0.03345091 0.09767560
v -0.04978554 0.02927950 0.09767560
v -0.05211824 0.02489130 0.09767560
v -0.05561165 0.01559590 0.09767560
v -0.05674649 0.01075755 0.09767560
v -0.05746118 0.00583953 0.09767560
v -0.05775047 0.00087822 0.09767560
v -0.05761219 -0.00408950 0.09767560
v -0.05704737 -0.00902699 0.09767560
v -0.05606018 -0.01389765 0.09767560
v -0.05465794 -0.01866538 0.09767561
v -0.05285104 -0.02329497 0.09767560
v -0.05065285 -0.02775205 0.09767560
v -0.04807965 -0.03200367 0.09767560
v -0.04515047 -0.03601836 0.09767560
v -0.04188702 -0.03976638 0.09767561
v -0.03831345 -0.04322000 0.09767561
v -0.02600694 -0.05157060 0.09767561
v -0.02147738 -0.05361539 0.09767561
v -0.01678884 -0.05526321 0.09767561
v -0.01197602 -0.05650189 0.09767561
v -0.00707450 -0.05732223 0.09767561
v -0.00212061 -0.05771819 0.09767561
v 0.00284899 -0.05768684 0.09767561
v 0.00779744 -0.05722838 0.09767561
v 0.01268825 -0.05634621 0.09767561
v 0.02665577 -0.05123825 0.09767561
v 0.03096178 -0.04875711 0.09767561
v 0.03885594 -0.04273294 0.09767561
v 0.04238563 -0.03923451 0.09767561
v 0.04560150 -0.03544561 0.09767560
v 0.05099912 -0.02711048 0.09767560
v 0.05314088 -0.02262599 0.09767560
v 0.05488920 -0.01797397 0.09767560
v 0.05623113 -0.01318893 0.09767560
v 0.05715676 -0.00830621 0.09767560
v 0.05765921 -0.00336199 0.09767560
v 0.05773479 0.00160716 0.09767560
v 0.05738292 0.00656429 0.09767560
v 0.05660618 0.01147294 0.09767560
v 0.05541037 0.01629663 0.09767560
v 0.04665825 0.03404256 0.09767560
v 0.04355907 0.03792750 0.09767560
v 0.04013740 0.04153166 0.09767560
v 0.03641855 0.04482833 0.09767560
v 0.03243009 0.04779307 0.09767560
v 0.02820152 0.05040401 0.09767560
v 0.02376415 0.05264176 0.09767560
v 0.01915087 0.05448975 0.09767560
v -0.00036455 0.05775600 0.09767560
v -0.00532816 0.05751086 0.09767560
v 0.00775446 -0.05733144 0.09811775
v 0.01275051 -0.05645607 0.09814262
v 0.01752909 -0.05517300 0.09815575
v 0.02216981 -0.05343232 0.09811359
v 0.02671043 -0.05134872 0.09814383
v 0.03102077 -0.04887885 0.09815955
v 0.03509386 -0.04604079 0.09815564
v 0.03890370 -0.04281236 0.09811250
v 0.04245023 -0.03931497 0.09812257
v 0.04569812 -0.03554029 0.09815955
v 0.04856788 -0.03148491 0.09814367
v 0.05106954 -0.02717232 0.09811295
v 0.05325847 -0.02269289 0.09815955
v 0.05500603 -0.01804632 0.09815562
v 0.05632546 -0.01323313 0.09812228
v 0.05724493 -0.00833854 0.09811358
v 0.05779066 -0.00340209 0.09815564
v 0.05783727 0.00158848 0.09812227
v 0.05750562 0.00657585 0.09814383
v 0.05673629 0.01150320 0.09815574
v 0.05553410 0.01631621 0.09814670
v 0.05390707 0.02101668 0.09812227
v 0.05189816 0.02557874 0.09812257
v 0.04953499 0.02996192 0.09815955
v 0.04677442 0.03409241 0.09814367
v 0.04364200 0.03797114 0.09811294
v 0.04023533 0.04160977 0.09814670
v 0.03649949 0.04489387 0.09812225
v 0.03249608 0.04785811 0.09811249
v 0.02826486 0.05047308 0.09811295
v 0.02383354 0.05275788 0.09815955
v 0.01920489 0.05457880 0.09812227
v 0.01442890 0.05605306 0.09814383
v 0.00957048 0.05708468 0.09814670
v 0.00464473 0.05770409 0.09815562
v -0.00034698 0.05784700 0.09811250
v -0.00531514 0.05760366 0.09811295
v -0.01026098 0.05697494 0.09815955
v -0.01510563 0.05587449 0.09814365
v -0.01985791 0.05434476 0.09812257
v -0.02446953 0.05246592 0.09815955
v -0.02886777 0.05014303 0.09812227
v -0.03307144 0.04747582 0.09812227
v -0.03703522 0.04445315 0.09812259
v -0.04074206 0.04112803 0.09815955
v -0.04409193 0.03744726 0.09811250
v -0.04714612 0.03352128 0.09811295
v -0.04990258 0.02934388 0.09815574
v -0.05219284 0.02494836 0.09811358
v -0.05415294 0.02037477 0.09812227
v -0.05570584 0.01563806 0.09812257
v -0.05684422 0.01079461 0.09812379
v -0.05756042 0.00587118 0.09812227
v -0.05785230 0.00089494 0.09812257
v -0.05774211 -0.00413922 0.09815780
v -0.05714117 -0.00902224 0.09811359
v -0.05615275 -0.01390193 0.09811250
v -0.05475122 -0.01867449 0.09811297
v -0.05297169 -0.02335230 0.09815575
v -0.05076956 -0.02779761 0.09814671
v -0.04816750 -0.03203628 0.09811295
v -0.04525765 -0.03608323 0.09814670
v -0.04197573 -0.03982098 0.09812228
v -0.03839008 -0.04327395 0.09811295
v -0.03453225 -0.04642532 0.09812379
v -0.03043260 -0.04923408 0.09814366
v -0.02606400 -0.05164361 0.09811250
v -0.02153128 -0.05369204 0.09811294
v -0.01684272 -0.05538730 0.09815955
v -0.01201255 -0.05658703 0.09811249
v -0.00710703 -0.05741011 0.09811295
v -0.00214549 -0.05780854 0.09811295
v 0.00285936 -0.05782000 0.09815574
v -0.01509901 0.05589112 0.09829819
v -0.01024714 0.05697880 0.09829873
v -0.04411529 0.03751156 0.09827681
v -0.04073283 0.04113908 0.09829873
v -0.05223147 0.02500300 0.09827681
v -0.04988745 0.02937397 0.09829873
v -0.05774970 -0.00406942 0.09829873
v -0.05789911 0.00084357 0.09829030
v -0.05720394 -0.00899911 0.09827682
v -0.05079215 -0.02778406 0.09829819
v -0.05298726 -0.02332246 0.09829873
v -0.01205802 -0.05663815 0.09827682
v -0.01685678 -0.05538444 0.09829874
v 0.00776915 -0.05737919 0.09828519
v 0.00282594 -0.05782388 0.09829874
v 0.02216204 -0.05349877 0.09827682
v 0.01749777 -0.05518528 0.09829874
v 0.03891956 -0.04287721 0.09827000
v 0.03509725 -0.04604095 0.09829874
v 0.04857410 -0.03150163 0.09829819
v 0.04569041 -0.03555241 0.09829874
v 0.05500892 -0.01804453 0.09829873
v 0.05325410 -0.02270656 0.09829873
v 0.05636183 -0.01326932 0.09828519
v 0.05788185 0.00156162 0.09828898
v 0.05779299 -0.00339961 0.09829873
v 0.04679226 0.03409225 0.09829819
v 0.04954355 0.02995038 0.09829873
v 0.01924591 0.05461083 0.09828898
v 0.02384713 0.05275322 0.09829873
v -0.03703672 0.04450874 0.09828898
v -0.03307433 0.04752705 0.09828519
v 0.02832030 0.05050978 0.09827681
v 0.03255544 0.04788874 0.09826999
v -0.00529025 0.05766532 0.09827682
v -0.00031548 0.05790586 0.09826999
v -0.02886532 0.05019502 0.09828898
v 0.03654891 0.04491018 0.09828898
v 0.00464230 0.05770647 0.09829873
v -0.02445715 0.05247320 0.09829873
v 0.04026090 0.04160356 0.09829819
v 0.00959511 0.05709406 0.09829819
v -0.01984164 0.05439707 0.09828518
v -0.04717719 0.03357828 0.09826999
v -0.05688044 0.01083336 0.09828898
v -0.05573859 0.01568299 0.09828898
v -0.05481699 -0.01866476 0.09827682
v -0.04528224 -0.03607373 0.09829819
v -0.04823182 -0.03204494 0.09827000
v -0.03458297 -0.04644099 0.09828899
v -0.03845006 -0.04329874 0.09827000
v -0.02611889 -0.05168163 0.09827000
v -0.03044918 -0.04924068 0.09829819
v -0.02158154 -0.05373558 0.09827682
v -0.00714245 -0.05746454 0.09827000
v -0.00217811 -0.05786649 0.09827682
v 0.01268056 -0.05648893 0.09829819
v 0.03100942 -0.04888765 0.09829874
v 0.02668488 -0.05137818 0.09829793
v 0.04245893 -0.03936986 0.09828899
v 0.05110771 -0.02722481 0.09827000
v 0.05729803 -0.00837927 0.09827682
v 0.05674513 0.01147073 0.09829873
v 0.05752399 0.00654144 0.09829792
v 0.05395756 0.02100746 0.09828519
v 0.05555328 0.01629814 0.09829819
v 0.05195254 0.02556719 0.09828898
v 0.04370470 0.03798799 0.09826999
v 0.01446760 0.05605791 0.09829792
v -0.05418435 0.02041537 0.09828519
v -0.05760117 0.00590355 0.09828898
v -0.05621737 -0.01388510 0.09826999
v -0.04202684 -0.03983078 0.09828899
v -0.05799925 -0.00000001 0.09829873
v 0.02695361 -0.05135577 0.09829874
v 0.03294735 -0.04773244 0.09829874
v 0.03846064 -0.04341304 0.09829874
v 0.04341307 -0.03846060 0.09829874
v 0.04773246 -0.03294731 0.09829874
v 0.05135579 -0.02695357 0.09829873
v 0.05423024 -0.02056679 0.09829873
v 0.05631389 -0.01388011 0.09829873
v -0.05757636 -0.00699105 0.09829873
v -0.05631388 -0.01388014 0.09829873
v -0.02695357 -0.05135579 0.09829874
v -0.02056679 -0.05423024 0.09829874
v -0.01388011 -0.05631389 0.09829874
v -0.00699102 -0.05757636 0.09829874
v 0.00000002 -0.05799924 0.09829874
v 0.00699105 -0.05757636 0.09829874
v 0.01388015 -0.05631388 0.09829874
v 0.02056683 -0.05423023 0.09829874
v 0.05757636 -0.00699101 0.09829873
v 0.05799925 0.00000002 0.09829873
v 0.05757636 0.00699106 0.09829873
v 0.05631388 0.01388015 0.09829873
v 0.05423023 0.02056683 0.09829873
v 0.01388011 0.05631390 0.09829873
v 0.00699102 0.05757637 0.09829873
v -0.00000002 0.05799925 0.09829873
v -0.05423023 -0.02056683 0.09829873
v -0.05135577 -0.02695360 0.09829873
v -0.04773244 -0.03294734 0.09829874
v 0.05135577 0.02695361 0.09829873
v 0.04773244 0.03294735 0.09829873
v 0.04341304 0.03846064 0.09829873
v 0.03846061 0.04341307 0.09829873
v 0.03294732 0.04773247 0.09829873
v 0.02695357 0.05135580 0.09829873
v 0.02056679 0.05423025 0.09829873
v -0.00699105 0.05757636 0.09829873
v -0.01388015 0.05631389 0.09829873
v -0.02056683 0.05423023 0.09829873
v -0.04341304 -0.03846063 0.09829874
v -0.03846061 -0.04341306 0.09829874
v -0.03294732 -0.04773246 0.09829874
v -0.02695361 0.05135578 0.09829873
v -0.03294735 0.04773244 0.09829873
v -0.03846064 0.04341305 0.09829873
v -0.04341307 0.03846061 0.09829873
v -0.04773246 0.03294732 0.09829873
v -0.05135579 0.02695358 0.09829873
v -0.05423024 0.02056680 0.09829873
v -0.05631389 0.01388012 0.09829873
v -0.05757636 0.00699102 0.09829873
v -0.05756944 0.00699018 0.09909871
v -0.05630712 0.01387845 0.09909871
v -0.05422371 0.02056433 0.09909871
v -0.05134961 0.02695034 0.09909871
v -0.04772671 0.03294335 0.09909871
v -0.04340785 0.03845597 0.09909871
v -0.03845599 0.04340783 0.09909871
v -0.03294338 0.04772670 0.09909871
v -0.02695037 0.05134960 0.09909871
v -0.02056436 0.05422370 0.09909871
v -0.01387848 0.05630712 0.09909871
v -0.00699021 0.05756944 0.09909871
v -0.00000002 0.05799226 0.09909871
v 0.00699018 0.05756945 0.09909871
v 0.01387844 0.05630713 0.09909871
v 0.02056432 0.05422372 0.09909871
v 0.02695033 0.05134962 0.09909871
v 0.03294335 0.04772672 0.09909871
v 0.03845596 0.04340785 0.09909871
v 0.04340783 0.03845600 0.09909871
v 0.04772669 0.03294338 0.09909871
v 0.05134959 0.02695037 0.09909871
v 0.05422370 0.02056436 0.09909871
v 0.05630711 0.01387848 0.09909871
v 0.05756944 0.00699022 0.09909871
v 0.05799226 0.00000002 0.09909871
v 0.05756944 -0.00699017 0.09909871
v 0.05630712 -0.01387844 0.09909871
v 0.05422371 -0.02056432 0.09909871
v 0.05134961 -0.02695033 0.09909871
v 0.04772671 -0.03294334 0.09909871
v 0.04340785 -0.03845596 0.09909871
v 0.03845599 -0.04340783 0.09909871
v 0.03294338 -0.04772669 0.09909871
v 0.02695037 -0.05134959 0.09909871
v 0.02056436 -0.05422370 0.09909871
v 0.01387848 -0.05630711 0.09909871
v 0.00699021 -0.05756944 0.09909871
v 0.00000002 -0.05799225 0.09909871
v -0.00699018 -0.05756944 0.09909871
v -0.01387844 -0.05630712 0.09909871
v -0.02056432 -0.05422371 0.09909871
v -0.02695033 -0.05134961 0.09909871
v -0.03294335 -0.04772671 0.09909871
v -0.03845596 -0.04340785 0.09909871
v -0.04340783 -0.03845599 0.09909871
v -0.04772669 -0.03294337 0.09909871
v -0.05134959 -0.02695036 0.09909871
v -0.05422370 -0.02056436 0.09909871
v -0.05630711 -0.01387847 0.09909871
v -0.05756944 -0.00699021 0.09909871
v -0.05799226 -0.00000001 0.09909871
vn 0.01933777 -0.42343557 0.90571981
vn 0.19050760 -0.38990724 0.90093241
vn 0.41640933 0.15819003 0.89530955
vn 0.12585613 0.44493362 0.88667599
vn -0.04878240 0.45825226 0.88748247
vn -0.42866812 0.14826560 0.89121319
vn -0.41358288 -0.05760664 0.90864221
vn -0.40055755 0.08885372 0.91195322
vn -0.42349791 -0.01930481 0.90569136
vn 0.18716739 0.37509968 0.90789239
vn 0.33250669 -0.26103940 0.90625478
vn -0.28700980 0.31201418 0.90568898
vn 0.39930049 -0.12320387 0.90850422
vn 0.41727599 0.02080334 0.90854167
vn -0.08885326 -0.40056082 0.91195182
vn -0.38881853 -0.21855674 0.89501570
vn -0.12322057 -0.39933640 0.90848617
vn 0.02544002 -0.41842631 0.90789439
vn -0.38102250 0.25937146 0.88743918
vn -0.25936727 -0.38108674 0.88741282
vn 0.45824681 0.04878738 0.88748502
vn 0.36391334 0.18939553 0.91197391
vn 0.34886701 -0.30081298 0.88758288
vn 0.44543231 -0.12419591 0.88665970
vn -0.38993425 -0.19058744 0.90090383
vn -0.26100507 -0.33241925 0.90629675
vn 0.08885057 0.40054191 0.91196039
vn -0.01930076 0.42351567 0.90568314
vn 0.41355595 0.05763696 0.90865255
vn -0.39933608 0.12322106 0.90848625
vn -0.41843893 -0.02543157 0.90788881
vn -0.38995502 -0.19056405 0.90089978
vn -0.19059065 0.38991092 0.90091325
vn 0.25937002 0.38099850 0.88744991
vn 0.31404384 0.28268011 0.90634895
vn 0.19054149 -0.38994593 0.90090849
vn 0.02567794 0.43383317 0.90062724
vn -0.21775542 0.38894974 0.89515400
vn 0.18939765 -0.36393364 0.91196537
vn 0.28698623 -0.31189688 0.90573685
vn -0.02541589 0.41850041 0.90786091
vn -0.19058793 0.38991307 0.90091289
vn 0.42346323 0.01935793 0.90570644
vn 0.12321830 0.39931600 0.90849545
vn -0.34879731 0.30080187 0.88761403
vn -0.44543973 0.12419991 0.88665542
vn 0.38841863 0.21831944 0.89524722
vn 0.05766753 -0.41360732 0.90862723
vn 0.21846285 -0.38872974 0.89507719
vn -0.36395172 -0.18940371 0.91195690
vn -0.31195276 -0.28699085 0.90571614
vn 0.04878410 -0.45825475 0.88748110
vn 0.42824920 -0.14810506 0.89144126
vn -0.45826390 -0.04878536 0.88747630
vn -0.30080491 -0.34884562 0.88759402
vn -0.12419827 -0.44543725 0.88665689
vn -0.33239478 0.26099910 0.90630744
vn 0.38954701 0.19032736 0.90112631
vn 0.26100502 0.33234520 0.90632392
vn -0.14830905 -0.42863479 0.89122199
vn 0.38118042 -0.25942190 0.88735662
vn 0.40044396 -0.08879759 0.91200856
vn -0.18940007 0.36394677 0.91195963
vn 0.35600857 0.38328478 0.85226209
vn 0.00203530 -0.31470783 0.94918641
vn 0.13200263 -0.32157369 0.93763835
vn 0.22600550 -0.22749916 0.94718829
vn 0.30362449 -0.10607510 0.94686865
vn 0.33646347 0.04151267 0.94078107
vn 0.27506508 0.17913644 0.94458951
vn 0.19079151 0.28525689 0.93926946
vn 0.07882734 0.33601199 0.93855324
vn -0.04515655 0.33801461 0.94005692
vn -0.17973939 0.27439148 0.94467088
vn -0.27624333 0.15017935 0.94928172
vn -0.33121926 0.02644891 0.94318305
vn -0.30077043 -0.11392891 0.94686713
vn -0.23188311 -0.24761765 0.94069959
vn -0.15464664 -0.31470772 0.93650599
vn 0.04150848 -0.33646623 0.94078027
vn 0.17913824 -0.27506778 0.94458838
vn 0.28525714 -0.19079281 0.93926911
vn 0.33601796 -0.07882770 0.93855108
vn 0.34230432 0.04192915 0.93865313
vn 0.25895164 0.16535418 0.95163125
vn 0.14297067 0.26420151 0.95381180
vn 0.02644891 0.33121926 0.94318305
vn -0.11392891 0.30077043 0.94686713
vn -0.24761765 0.23188311 0.94069959
vn -0.31470772 0.15464664 0.93650599
vn -0.31470791 -0.00203518 0.94918638
vn -0.32157625 -0.13200285 0.93763744
vn -0.22749961 -0.22600693 0.94718784
vn -0.10607447 -0.30362436 0.94686876
vn 0.04515655 -0.33801461 0.94005692
vn 0.17973939 -0.27439148 0.94467088
vn 0.27624333 -0.15017935 0.94928172
vn 0.33121926 -0.02644891 0.94318305
vn 0.30077013 0.11392914 0.94686719
vn 0.23743715 0.24778527 0.93926890
vn 0.12990569 0.31527841 0.94006597
vn -0.02139712 0.32308462 0.94612816
vn -0.13200263 0.32157369 0.93763835
vn -0.22600550 0.22749916 0.94718829
vn -0.30362436 0.10607447 0.94686876
vn -0.33646623 -0.04150848 0.94078027
vn -0.27506860 -0.17913810 0.94458817
vn -0.19079506 -0.28526167 0.93926728
vn -0.07882770 -0.33601796 0.93855108
vn 0.11392662 -0.30076478 0.94686920
vn 0.24761827 -0.23188293 0.94069947
vn 0.31470772 -0.15464664 0.93650599
vn 0.31470164 0.00203064 0.94918847
vn 0.32157677 0.13200285 0.93763726
vn 0.22749923 0.22600538 0.94718830
vn 0.10607167 0.30362017 0.94687042
vn -0.04150668 0.33646032 0.94078246
vn -0.17913839 0.27506687 0.94458862
vn -0.28525374 0.19079190 0.93927033
vn -0.33601796 0.07882770 0.93855108
vn -0.33801486 -0.04515634 0.94005684
vn -0.27439417 -0.17974119 0.94466975
vn -0.15017935 -0.27624333 0.94928172
vn -0.02644925 -0.33121934 0.94318301
vn -0.17183654 0.71927808 0.67313538
vn -0.36077154 0.63629564 0.68188837
vn -0.52346382 0.52101015 0.67419141
vn -0.66505447 0.32508969 0.67232376
vn -0.73276084 0.08351629 0.67534183
vn -0.72103142 -0.12431885 0.68165865
vn -0.67015515 -0.31270719 0.67313170
vn -0.53248302 -0.51614049 0.67086573
vn -0.32511926 -0.66501803 0.67234551
vn -0.08350357 -0.73279492 0.67530642
vn 0.12434614 -0.72100934 0.68167703
vn 0.31023730 -0.66977083 0.67465536
vn 0.51443985 -0.53069785 0.67358105
vn 0.66583027 -0.32198840 0.67304793
vn 0.73709970 -0.07501166 0.67160799
vn 0.71927814 0.17183822 0.67313489
vn 0.63629498 0.36077131 0.68188911
vn 0.52097916 0.52346378 0.67421539
vn 0.32384179 0.66713312 0.67086504
vn 0.07613863 0.73766061 0.67086492
vn 0.08351657 0.73276100 0.67534162
vn -0.12431886 0.72103142 0.68165865
vn -0.31270719 0.67015516 0.67313170
vn -0.51614049 0.53248302 0.67086573
vn -0.66501805 0.32511928 0.67234548
vn -0.73279492 0.08350357 0.67530642
vn -0.72100934 -0.12434615 0.68167703
vn -0.66977083 -0.31023729 0.67465536
vn -0.53069785 -0.51443985 0.67358106
vn -0.32198840 -0.66583027 0.67304794
vn -0.07501166 -0.73709970 0.67160799
vn 0.17183715 -0.71927799 0.67313533
vn 0.36077218 -0.63629494 0.68188869
vn 0.52346447 -0.52097800 0.67421575
vn 0.66713312 -0.32384179 0.67086504
vn 0.73766061 -0.07613863 0.67086492
vn 0.71927808 0.17183654 0.67313538
vn 0.63629564 0.36077154 0.68188837
vn 0.52101017 0.52346361 0.67419155
vn 0.32508936 0.66505473 0.67232367
vn 0.08350385 0.73279508 0.67530621
vn -0.12434615 0.72100934 0.68167703
vn -0.31023729 0.66977083 0.67465536
vn -0.51443985 0.53069785 0.67358106
vn -0.66583027 0.32198840 0.67304794
vn -0.73709970 0.07501166 0.67160799
vn -0.71927813 -0.17183744 0.67313510
vn -0.63629519 -0.36077204 0.68188852
vn -0.52097800 -0.52346447 0.67421575
vn -0.32384179 -0.66713312 0.67086504
vn -0.07613863 -0.73766061 0.67086492
vn 0.17183626 -0.71927793 0.67313562
vn 0.36077167 -0.63629538 0.68188854
vn 0.52346361 -0.52101017 0.67419155
vn 0.66505438 -0.32508956 0.67232392
vn 0.73276080 -0.08351620 0.67534188
vn 0.72103154 0.12431959 0.68165838
vn 0.67015502 0.31270674 0.67313203
vn 0.53248380 0.51614000 0.67086549
vn 0.32511911 0.66501830 0.67234532
vn 0.31270736 -0.67015491 0.67313187
vn 0.51614049 -0.53248302 0.67086573
vn 0.66501803 -0.32511926 0.67234551
vn 0.73279492 -0.08350357 0.67530642
vn 0.72100941 0.12434680 0.68167683
vn 0.66977059 0.31023681 0.67465582
vn 0.53069854 0.51443938 0.67358087
vn 0.32198840 0.66583027 0.67304793
vn 0.07501166 0.73709970 0.67160799
vn -0.17183744 0.71927814 0.67313510
vn -0.36077204 0.63629519 0.68188852
vn -0.52346468 0.52097798 0.67421560
vn -0.66713313 0.32384198 0.67086493
vn -0.73766061 0.07613863 0.67086492
vn -0.71927808 -0.17183654 0.67313538
vn -0.63629564 -0.36077154 0.68188837
vn -0.52101017 -0.52346361 0.67419155
vn -0.32509062 -0.66505361 0.67232416
vn -0.08351626 -0.73276171 0.67534089
vn 0.12432057 -0.72103026 0.68165956
vn 0.04134582 -0.93942727 0.34024540
vn 0.36988275 -0.88865871 0.27105802
vn 0.52919949 -0.75649040 0.38427879
vn 0.74563783 -0.54037759 0.38989265
vn 0.87178845 -0.33473344 0.35768480
vn 0.94234573 -0.06644047 0.32797896
vn 0.91291387 0.24343998 0.32760532
vn 0.78999329 0.49140383 0.36665089
vn 0.64632818 0.65529203 0.39096322
vn 0.38944029 0.83195576 0.39520359
vn 0.08140880 0.91497356 0.39521638
vn -0.22331537 0.89199490 0.39303351
vn -0.45128259 0.81693600 0.35910944
vn -0.67435047 0.66323643 0.32460575
vn -0.81964036 0.44001981 0.36684091
vn -0.89161458 0.23299253 0.38824982
vn -0.91589099 -0.08021908 0.39333014
vn -0.85773588 -0.40557601 0.31590705
vn -0.66794014 -0.66762905 0.32882733
vn -0.44002295 -0.81964713 0.36682201
vn -0.23299223 -0.89161056 0.38825923
vn -0.06644173 -0.94234829 0.32797135
vn 0.24344098 -0.91291951 0.32758885
vn 0.49140998 -0.78999640 0.36663595
vn 0.65529536 -0.64633007 0.39095451
vn 0.83195899 -0.38944170 0.39519539
vn 0.91497708 -0.08140902 0.39520819
vn 0.89199826 0.22331629 0.39302538
vn 0.81693935 0.45128301 0.35910130
vn 0.66324005 0.67435340 0.32459224
vn 0.44001795 0.81964594 0.36683067
vn 0.23299321 0.89161508 0.38824827
vn -0.08021837 0.91589434 0.39332247
vn -0.40557675 0.85773945 0.31589639
vn -0.66763133 0.66794122 0.32882053
vn -0.81964848 0.44002378 0.36681800
vn -0.89161367 0.23299355 0.38825129
vn -0.93942994 -0.04134605 0.34023800
vn -0.88866047 -0.36988340 0.27105137
vn -0.75649319 -0.52920150 0.38427052
vn -0.54037955 -0.74564067 0.38988450
vn -0.33473445 -0.87179121 0.35767714
vn -0.08141074 -0.91497698 0.39520807
vn 0.22331756 -0.89200092 0.39301860
vn 0.45128257 -0.81693729 0.35910654
vn 0.67435312 -0.66323833 0.32459635
vn 0.81964289 -0.44002137 0.36683338
vn 0.89161832 -0.23299524 0.38823960
vn 0.91589450 0.08021939 0.39332190
vn 0.85773692 0.40557562 0.31590471
vn 0.66794234 0.66763020 0.32882055
vn 0.44002206 0.81965195 0.36681231
vn 0.23299291 0.89161106 0.38825767
vn -0.04134497 0.93942979 0.34023853
vn -0.36988340 0.88866047 0.27105137
vn -0.52920292 0.75649560 0.38426381
vn -0.74564045 0.54038017 0.38988408
vn -0.87179121 0.33473445 0.35767714
vn -0.94234821 0.06644066 0.32797179
vn -0.91291657 -0.24343998 0.32759779
vn -0.78999712 -0.49140827 0.36663671
vn -0.64633007 -0.65529536 0.39095451
vn -0.38944170 -0.83195899 0.39519539
vn 0.08021985 -0.91589411 0.39332271
vn 0.40557711 -0.85773560 0.31590641
vn 0.66762905 -0.66794014 0.32882733
vn 0.81964713 -0.44002295 0.36682201
vn 0.89161056 -0.23299223 0.38825923
vn 0.93942725 0.04134586 0.34024545
vn 0.88865864 0.36988277 0.27105821
vn 0.75649040 0.52919938 0.38427891
vn 0.54037759 0.74563783 0.38989265
vn 0.33473344 0.87178845 0.35768480
vn 0.06644047 0.94234573 0.32797896
vn -0.24344120 0.91291548 0.32759991
vn -0.49141108 0.78999607 0.36663517
vn -0.65529183 0.64632597 0.39096721
vn -0.83195533 0.38944083 0.39520396
vn -0.91497356 0.08140880 0.39521638
vn -0.89199490 -0.22331537 0.39303351
vn -0.81693680 -0.45128154 0.35910896
vn -0.66323832 -0.67435166 0.32459940
vn -0.44001884 -0.81964112 0.36684037
vn -0.23299453 -0.89161427 0.38824934
vn 0.06325792 -0.31131816 0.94819799
vn 0.20475740 -0.28265972 0.93711146
vn 0.29078547 -0.19916571 0.93582949
vn 0.31939964 -0.08046511 0.94419767
vn 0.31217439 0.03046478 0.94953623
vn 0.29493263 0.14109466 0.94504341
vn 0.22977354 0.24311201 0.94239093
vn 0.13543605 0.31182610 0.94043690
vn 0.01941649 0.34489933 0.93843884
vn -0.09582079 0.33754002 0.93642144
vn -0.19367209 0.26700600 0.94403332
vn -0.27894402 0.18802123 0.94172090
vn -0.34169399 0.08133452 0.93628517
vn -0.34434619 -0.00275780 0.93883870
vn -0.33196039 -0.01071364 0.94323248
vn -0.26928963 -0.19208076 0.94370974
vn -0.19662811 -0.28910932 0.93688483
vn -0.08309759 -0.36108296 0.92882393
vn -0.29050655 -0.03140409 0.95635753
vn -0.87882103 -0.09436522 0.46772727
vn -0.88428689 -0.09430356 0.45732214
vn -0.68196440 -0.37694531 0.62676694
vn -0.64254622 -0.68879420 0.33570359
vn -0.85246955 -0.47499496 0.21834708
vn -0.57661586 -0.49309312 0.65143942
vn -0.20683285 -0.20812525 0.95598329
vn -0.41453870 -0.18758692 0.89048796
vn -0.87380024 -0.38743879 0.29387809
vn -0.27434922 -0.09054601 0.95735778
vn -0.84488604 -0.26296787 0.46584920
vn -0.43968399 -0.08907601 0.89372449
vn -0.93121791 -0.19466387 0.30812204
vn -0.11714146 -0.97212192 0.20311783
vn -0.08650004 -0.88888322 0.44989372
vn -0.08113590 -0.74131193 0.66623839
vn -0.03165536 -0.30595897 0.95151829
vn -0.11870507 -0.47131839 0.87393826
vn -0.35871140 -0.65497569 0.66508119
vn -0.54302654 -0.57819011 0.60894857
vn -0.25100282 -0.23933973 0.93793074
vn -0.65808332 -0.69360950 0.29297134
vn -0.48102703 -0.84543455 0.23206341
vn -0.08510707 -0.43681526 0.89551617
vn -0.19156341 -0.93449328 0.30004295
vn -0.09077625 -0.23432032 0.96791201
vn -0.26507540 -0.88157444 0.39059126
vn -0.37775213 -0.82845744 0.41347503
vn -0.35945719 -0.92999273 0.07683777
vn 0.03046483 -0.31218488 0.94953278
vn 0.14110006 -0.29494234 0.94503957
vn 0.24311715 -0.22977852 0.94238839
vn 0.31183263 -0.13543897 0.94043431
vn 0.34490645 -0.01941700 0.93843621
vn 0.33754695 0.09582267 0.93641875
vn 0.26701423 0.19367685 0.94403002
vn 0.18802508 0.27895166 0.94171787
vn 0.08133530 0.34169453 0.93628490
vn -0.00275768 0.34435356 0.93883599
vn -0.01071289 0.33195680 0.94323375
vn -0.19208514 0.26929585 0.94370708
vn -0.29014912 0.19710883 0.93646228
vn -0.35923219 0.08317446 0.92953442
vn -0.31080621 -0.06346726 0.94835194
vn -0.28266550 -0.20476148 0.93710883
vn -0.19916980 -0.29079136 0.93582679
vn -0.08046697 -0.31940692 0.94419505
vn -0.03140451 0.29050675 0.95635746
vn -0.09436649 0.87882131 0.46772650
vn -0.09435295 0.88431183 0.45726372
vn -0.37694795 0.68211818 0.62659799
vn -0.68832223 0.64308242 0.33564491
vn -0.48055288 0.85217491 0.20704313
vn -0.49363921 0.57489821 0.65254301
vn -0.21412692 0.21075297 0.95379917
vn -0.18758535 0.41453388 0.89049054
vn -0.38514605 0.87538465 0.29217157
vn -0.09054798 0.27435457 0.95735606
vn -0.26296595 0.84489325 0.46583721
vn -0.08907559 0.43968432 0.89372436
vn -0.19466152 0.93121896 0.30812034
vn -0.97208440 0.11718097 0.20327455
vn -0.88815152 0.08842803 0.45096270
vn -0.74098258 0.08129134 0.66658572
vn -0.30594749 0.03070307 0.95155318
vn -0.46808247 0.11881985 0.87566012
vn -0.65284301 0.35626536 0.66848411
vn -0.57864489 0.53911185 0.61198734
vn -0.23893384 0.25084206 0.93807723
vn -0.69202754 0.65909115 0.29444309
vn -0.84372467 0.48153973 0.23716695
vn -0.43681048 0.08519074 0.89551055
vn -0.93436746 0.19136763 0.30055928
vn -0.23431439 0.09077498 0.96791356
vn -0.88156992 0.26507384 0.39060253
vn -0.82850846 0.37715147 0.41392089
vn -0.92988132 0.35971291 0.07698930
vn -0.31218180 -0.03046552 0.94953377
vn -0.29494126 -0.14109832 0.94504017
vn -0.22977852 -0.24311715 0.94238839
vn -0.13543897 -0.31183263 0.94043431
vn -0.01941769 -0.34490696 0.93843601
vn 0.09582530 -0.33755272 0.93641640
vn 0.19367365 -0.26701024 0.94403181
vn 0.27895164 -0.18802544 0.94171780
vn 0.34170259 -0.08133587 0.93628191
vn 0.34435374 0.00275821 0.93883593
vn 0.33196301 0.01071317 0.94323157
vn 0.26929487 0.19208392 0.94370760
vn 0.19663210 0.28911577 0.93688200
vn 0.08309836 0.36108302 0.92882384
vn -0.06325947 0.31132522 0.94819557
vn -0.20476573 0.28266978 0.93710661
vn -0.29065195 0.19919503 0.93586472
vn -0.31936457 0.08036794 0.94421781
vn 0.29050655 0.03140409 0.95635753
vn 0.87882148 0.09436609 0.46772625
vn 0.88428735 0.09430201 0.45732157
vn 0.68212178 0.37695014 0.62659275
vn 0.64282554 0.68882783 0.33509931
vn 0.85217563 0.48055449 0.20703644
vn 0.57685140 0.49345649 0.65095557
vn 0.20683002 0.20812395 0.95598419
vn 0.41453387 0.18758485 0.89049065
vn 0.87543360 0.38512873 0.29204772
vn 0.27434922 0.09054601 0.95735778
vn 0.84489448 0.26301763 0.46580581
vn 0.43967856 0.08907493 0.89372726
vn 0.93123358 0.19463166 0.30809501
vn 0.11704779 0.97216040 0.20298763
vn 0.08658412 0.88894584 0.44975381
vn 0.08113734 0.74131135 0.66623886
vn 0.03165534 0.30595896 0.95151829
vn 0.11870729 0.47133154 0.87393087
vn 0.38440899 0.70216039 0.59933339
vn 0.53253924 0.59439937 0.60257061
vn 0.26122972 0.27414296 0.92552940
vn 0.65469924 0.69760953 0.29104957
vn 0.48104071 0.84535109 0.23233891
vn 0.08510611 0.43681016 0.89551875
vn 0.19150492 0.93454522 0.29991848
vn 0.09016748 0.23365366 0.96813005
vn 0.26518335 0.88157090 0.39052597
vn 0.37782262 0.82845064 0.41342425
vn 0.35939389 0.93001661 0.07684484
vn -0.33754002 -0.09582079 0.93642144
vn -0.26700812 -0.19367247 0.94403265
vn -0.18802127 -0.27894535 0.94172050
vn -0.08133528 -0.34169432 0.93628498
vn 0.00275926 -0.34435263 0.93883633
vn 0.01071380 -0.33196091 0.94323230
vn 0.19273671 -0.26992323 0.94339494
vn 0.28881168 -0.19683857 0.93693244
vn 0.36103565 -0.08293081 0.92885722
vn 0.31131810 0.06325795 0.94819801
vn 0.28265972 0.20475740 0.93711146
vn 0.19916571 0.29078547 0.93582949
vn 0.08046511 0.31939964 0.94419767
vn -0.03046493 0.31217433 0.94953624
vn -0.14109787 0.29493966 0.94504073
vn -0.24310747 0.22977129 0.94239265
vn -0.31182610 0.13543605 0.94043690
vn -0.34489933 0.01941649 0.93843884
vn 0.03140492 -0.29051282 0.95635560
vn 0.09436646 -0.87882430 0.46772089
vn 0.09435072 -0.88431441 0.45725919
vn 0.37684590 -0.68259902 0.62613556
vn 0.76950576 -0.55828272 0.31013108
vn 0.48069263 -0.85195358 0.20762875
vn 0.72877505 -0.53064894 0.43278011
vn 0.20240347 -0.19192591 0.96031103
vn 0.38896235 -0.45332651 0.80199960
vn 0.18758396 -0.41453245 0.89049150
vn 0.38514545 -0.87543291 0.29202773
vn 0.09054601 -0.27434922 0.95735778
vn 0.26296604 -0.84489002 0.46584302
vn 0.08907598 -0.43968399 0.89372449
vn 0.19466288 -0.93121867 0.30812035
vn 0.97251167 -0.11783969 0.20083539
vn 0.88843629 -0.08846136 0.45039488
vn 0.74252401 -0.08091189 0.66491455
vn 0.30633988 -0.03074386 0.95142561
vn 0.47140690 -0.11863151 0.87390051
vn 0.65285191 -0.35627004 0.66847292
vn 0.58068576 -0.53978882 0.60945227
vn 0.24100452 -0.25163400 0.93733513
vn 0.67909640 -0.66583485 0.30901784
vn 0.84377035 -0.48138827 0.23731188
vn 0.43681506 -0.08518724 0.89550865
vn 0.93433298 -0.19139834 0.30064689
vn 0.23471054 -0.09103452 0.96779320
vn 0.88317107 -0.26397958 0.38771592
vn 0.82805838 -0.37663533 0.41528924
vn 0.92952194 -0.36139702 0.07335635
vn 0.70817919 0.10680361 -0.69790774
vn 0.71421806 0.05337235 -0.69788535
vn 0.00000000 0.00000000 -1.00000000
vn -0.71606697 -0.00007476 -0.69803158
vn -0.71402727 0.05359557 -0.69806344
vn 0.10667978 0.70819756 -0.69790805
vn 0.15929804 0.69814080 -0.69801401
vn 0.21119241 0.68425624 -0.69799080
vn 0.26156261 0.66669726 -0.69792533
vn 0.59167517 0.40335041 -0.69801787
vn 0.62028323 0.35802010 -0.69790424
vn 0.05596645 -0.71309738 -0.69882750
vn -0.00057312 -0.71641928 -0.69766976
vn 0.31073094 0.64514935 -0.69801762
vn 0.35817178 0.62019520 -0.69790464
vn -0.70817474 0.10683277 -0.69790780
vn 0.71407589 -0.05356333 -0.69801619
vn 0.70809283 -0.10667938 -0.69801437
vn -0.62025343 0.35797185 -0.69795546
vn -0.59160686 0.40349745 -0.69799078
vn 0.35814845 -0.62020511 -0.69790781
vn 0.31073962 -0.64514910 -0.69801399
vn -0.69827068 0.15927996 -0.69788821
vn 0.44660392 -0.55984193 -0.69794122
vn 0.40329765 -0.59174324 -0.69799064
vn 0.26159230 -0.66653650 -0.69806774
vn -0.55981828 -0.44643569 -0.69806781
vn -0.59174360 -0.40329695 -0.69799074
vn -0.15924871 0.69810328 -0.69806279
vn -0.10670851 0.70813413 -0.69796801
vn 0.69807917 -0.15933461 -0.69806730
vn 0.68425632 -0.21119243 -0.69799072
vn -0.31059867 0.64524201 -0.69799084
vn -0.26171076 0.66665770 -0.69790758
vn -0.48709153 -0.52483299 -0.69806316
vn -0.52494301 -0.48715289 -0.69793760
vn -0.62020500 -0.35814808 -0.69790809
vn 0.21096055 -0.68432826 -0.69799032
vn 0.15942783 -0.69821729 -0.69790786
vn -0.31072163 -0.64523623 -0.69794145
vn -0.35802286 -0.62019892 -0.69797775
vn -0.69811980 -0.15938886 -0.69801428
vn -0.70812615 -0.10661059 -0.69799107
vn 0.71621935 0.00018347 -0.69787521
vn -0.71418002 -0.05358398 -0.69790806
vn -0.10680485 -0.70802551 -0.69806346
vn -0.15945650 -0.69821125 -0.69790735
vn 0.64523946 0.31083424 -0.69788832
vn 0.66656662 0.26165890 -0.69801401
vn -0.44660595 0.55985896 -0.69792626
vn -0.40334307 0.59168279 -0.69801564
vn -0.52495869 0.48702619 -0.69801423
vn -0.48698740 0.52502672 -0.69799013
vn -0.21113520 0.68423189 -0.69803198
vn -0.66664252 -0.26183473 -0.69787558
vn -0.68428375 -0.21102174 -0.69801546
vn -0.66650813 0.26167861 -0.69806248
vn -0.64524043 0.31079646 -0.69790425
vn -0.21101663 -0.68441501 -0.69788830
vn -0.26166675 -0.66661947 -0.69796060
vn -0.64534880 -0.31061661 -0.69788412
vn -0.44639839 -0.55990836 -0.69801941
vn 0.68422165 0.21105024 -0.69806771
vn 0.40339513 0.59178248 -0.69790104
vn 0.44650930 0.55990637 -0.69795007
vn 0.48702602 0.52500865 -0.69797677
vn -0.05521101 -0.71332831 -0.69865189
vn 0.55983036 -0.44649921 -0.69801750
vn 0.52494581 -0.48719711 -0.69790463
vn 0.52502579 0.48698720 -0.69799096
vn -0.35808277 0.62012313 -0.69801435
vn 0.48716013 -0.52499361 -0.69789449
vn -0.68427593 0.21099299 -0.69803181
vn 0.62010611 -0.35815883 -0.69799045
vn 0.59177852 -0.40335881 -0.69792539
vn 0.55986895 0.44659555 -0.69792491
vn -0.55997731 0.44648652 -0.69790773
vn 0.64527761 -0.31060326 -0.69795588
vn -0.40341492 -0.59163174 -0.69801739
vn 0.43392890 -0.89760754 0.07750109
vn -0.29228863 -0.95297326 0.08005824
vn -0.22074073 -0.97231359 0.07668000
vn 0.69817949 0.15923015 -0.69799080
vn 0.66669084 -0.26167460 -0.69788949
vn -0.05347128 0.71426152 -0.69783329
vn 0.50020982 -0.86262897 0.07524232
vn -0.00013232 0.71616726 -0.69792868
vn 0.05363579 0.71409480 -0.69799127
vn 0.00661603 -0.99960188 0.02742836
vn 0.99445017 -0.07180299 0.07689721
vn 0.99687982 0.00349766 0.07885678
vn 0.14703711 0.98587470 0.08019455
vn 0.07209766 0.99456182 0.07515796
vn 0.67991621 -0.72980146 0.07144073
vn 0.73217955 -0.67703439 0.07441458
vn 0.86521730 -0.49611306 0.07260073
vn 0.10659702 -0.70823301 -0.69788472
vn -0.97145151 -0.22416409 0.07766871
vn -0.95195993 -0.29627797 0.07740582
vn 0.62329474 -0.77834677 0.07536566
vn -0.26620088 -0.91610081 0.29982729
vn -0.39077004 -0.82996252 0.39807159
vn -0.15629964 -0.33630647 0.92869176
vn -0.55436759 -0.78689916 0.27104665
vn -0.34752201 -0.49376896 0.79713278
vn -0.65173594 -0.65128828 0.38866932
vn -0.26327230 -0.26500126 0.92761092
vn -0.78939410 -0.55104417 0.27056845
vn -0.49199553 -0.34999826 0.79714592
vn -0.82983384 -0.39401695 0.39512840
vn -0.33155030 -0.15959369 0.92984098
vn -0.92836913 -0.25773247 0.26777738
vn -0.57374335 -0.16417866 0.80241132
vn -0.91585989 0.26600262 0.30073787
vn -0.83016062 0.39075378 0.39767426
vn -0.33796997 0.15737801 0.92790542
vn -0.78667564 0.55486683 0.27067369
vn -0.49366015 0.34744757 0.79723262
vn -0.65165543 0.65123686 0.38889041
vn -0.26487645 0.26313616 0.92768520
vn -0.55080125 0.78943041 0.27095685
vn -0.34999346 0.49199422 0.79714884
vn -0.39396650 0.82990507 0.39502908
vn -0.15959283 0.33155133 0.92984076
vn -0.25777173 0.92840866 0.26760251
vn -0.16417452 0.57373087 0.80242110
vn -0.97016825 -0.24033709 0.03180630
vn -0.97175380 -0.22692285 0.06481183
vn -0.93522763 -0.33979105 0.09945517
vn -0.92275203 -0.37918236 0.06891608
vn -0.91648612 -0.38953076 0.09120843
vn -0.78319594 -0.60099913 0.15938687
vn -0.82620018 -0.56159015 0.04483036
vn -0.74500883 -0.64827319 0.15717415
vn -0.27450627 -0.25004996 0.92850489
vn -0.25100712 -0.26591671 0.93074364
vn -0.29068004 -0.20218020 0.93521563
vn -0.20428066 -0.29959532 0.93193994
vn -0.18182035 -0.22492799 0.95726107
vn -0.56488863 -0.82075712 0.08519733
vn -0.45910029 -0.88642636 0.05895108
vn -0.55988354 -0.81260090 0.16189564
vn -0.44546031 -0.87986301 0.16554818
vn -0.32931610 -0.94141994 0.07265950
vn -0.25729202 -0.96435810 0.06175980
vn -0.24177350 0.96928433 0.04509402
vn -0.22638221 0.97189529 0.06458047
vn -0.33779563 0.93604204 0.09858713
vn -0.37853948 0.92303957 0.06859896
vn -0.39315370 0.91472376 0.09333060
vn -0.59544936 0.78763466 0.15834044
vn -0.62014310 0.78059907 0.07802325
vn -0.58621069 0.80604429 0.08154530
vn -0.50043382 0.86463041 0.04449989
vn -0.20473020 0.29605002 0.93297370
vn -0.26774609 0.25277101 0.92974128
vn -0.23611512 0.19225467 0.95251656
vn -0.25013762 0.27403581 0.92862024
vn -0.29489691 0.20098570 0.93415232
vn -0.79812977 0.59367152 0.10267912
vn -0.88636217 0.45920546 0.05909693
vn -0.92724979 0.36627705 0.07777505
vn -0.80856125 0.56525647 0.16344364
vn -0.87590219 0.45180007 0.16932823
vn -0.94018582 0.32862003 0.08977475
vn -0.96555234 0.25783042 0.03510216
vn 0.26619250 0.91610354 0.29982637
vn 0.39077347 0.82995685 0.39808004
vn 0.15630014 0.33630585 0.92869190
vn 0.55443048 0.78686705 0.27101124
vn 0.34750642 0.49376799 0.79714017
vn 0.65164459 0.65121709 0.38894167
vn 0.26314627 0.26486935 0.92768436
vn 0.78935240 0.55112413 0.27052723
vn 0.49199802 0.34999633 0.79714523
vn 0.82983437 0.39401675 0.39512747
vn 0.33155075 0.15959337 0.92984088
vn 0.92836683 0.25773165 0.26778615
vn 0.57373886 0.16417691 0.80241489
vn 0.91584220 -0.26656450 0.30029391
vn 0.82970314 -0.39062709 0.39875202
vn 0.33487717 -0.15565846 0.92931573
vn 0.78667755 -0.55486803 0.27066565
vn 0.49358659 -0.34748789 0.79726059
vn 0.65184019 -0.65136129 0.38837204
vn 0.26595747 -0.26440896 0.92701377
vn 0.55080269 -0.78943215 0.27094884
vn 0.34993224 -0.49193484 0.79721236
vn 0.39397034 -0.82990555 0.39502425
vn 0.15960526 -0.33155075 0.92983883
vn 0.25777203 -0.92841097 0.26759419
vn 0.16417637 -0.57373761 0.80241590
vn 0.97029616 0.23988028 0.03134993
vn 0.97161915 0.22743789 0.06502489
vn 0.93515509 0.33998041 0.09949009
vn 0.92276973 0.37914003 0.06891202
vn 0.91595335 0.39063243 0.09184645
vn 0.78372731 0.60031449 0.15935497
vn 0.78059572 0.62014694 0.07802628
vn 0.81862385 0.57025052 0.06833262
vn 0.74514626 0.64791213 0.15800926
vn 0.24301456 0.14564192 0.95902678
vn 0.29783406 0.20677859 0.93195359
vn 0.25320562 0.26941099 0.92914188
vn 0.18436621 0.22675180 0.95634341
vn 0.26870796 0.24647149 0.93115404
vn 0.19842059 0.29519040 0.93460788
vn 0.56104073 0.82367927 0.08237575
vn 0.48486920 0.87136027 0.07505428
vn 0.46038695 0.88111229 0.10809711
vn 0.26860298 0.95877366 0.09276583
vn 0.32093279 0.94392337 0.07752952
vn 0.26088645 0.96343599 0.06106835
vn 0.21507037 -0.97623502 0.02664452
vn 0.22808422 -0.97144358 0.06538322
vn 0.34393979 -0.93352876 0.10114085
vn 0.37866878 -0.92298197 0.06866030
vn 0.39038973 -0.91606382 0.09177650
vn 0.60287115 -0.78145588 0.16085111
vn 0.61779688 -0.78283946 0.07409043
vn 0.59399570 -0.79985107 0.08606612
vn 0.65108271 -0.74201351 0.15970992
vn 0.26518553 -0.24787578 0.93179087
vn 0.22666152 -0.18216825 0.95678591
vn 0.24665483 -0.27187810 0.93018476
vn 0.20510815 -0.29351784 0.93369049
vn 0.29934499 -0.20245600 0.93241844
vn 0.80023526 -0.59142341 0.09920623
vn 0.87195070 -0.48429649 0.07182545
vn 0.81269960 -0.55998610 0.16104326
vn 0.92717023 -0.36648857 0.07772700
vn 0.94723890 -0.30425052 0.10084683
vn 0.93363980 -0.34377466 0.10067628
vn 0.96092682 -0.26972002 0.06221547
vn -0.36484516 0.92746925 0.08178507
vn -0.43487140 0.89720949 0.07682440
vn 0.77852174 0.62307021 0.07541498
vn 0.72966726 0.68005475 0.07149286
vn -0.78078655 0.62025077 0.07524191
vn -0.82588245 0.55916516 0.07247413
vn 0.08095437 -0.99350525 0.07996069
vn 0.82486316 -0.56027987 0.07541376
vn -0.82499854 -0.54464734 0.15078689
vn -0.57811592 -0.80077728 0.15664525
vn -0.47349259 -0.87974357 -0.04308155
vn -0.68751472 -0.71912668 0.10089760
vn -0.70605384 -0.70457946 0.07110391
vn -0.74721347 -0.65692557 0.10060229
vn -0.90923630 -0.41566303 0.02266253
vn -0.37619851 0.92378641 0.07136777
vn -0.80684827 0.57174585 0.14866930
vn -0.75134923 0.65186575 0.10269070
vn -0.69026073 0.71554181 0.10742464
vn -0.70779388 0.70276815 0.07172697
vn -0.64337446 0.75905670 0.09950992
vn -0.43036484 0.90233476 0.02404324
vn -0.79024840 -0.57333288 0.21632586
vn -0.80479198 -0.58869629 0.07580594
vn -0.76129065 -0.61263043 0.21241585
vn -0.78708091 -0.57492136 0.22353763
vn -0.74710892 -0.63648742 0.19160383
vn -0.44499861 -0.83922973 0.31252152
vn -0.46912546 -0.77933589 0.41539965
vn -0.31571299 -0.44326287 0.83895371
vn -0.36226179 -0.62187800 0.69428679
vn -0.79855536 -0.45747622 0.39118391
vn -0.65840635 -0.38464317 0.64695495
vn -0.55184208 -0.37774728 0.74348995
vn -0.48036981 -0.70024906 0.52810615
vn -0.49769952 -0.62586782 0.60048702
vn -0.57511029 -0.62131388 0.53218156
vn -0.62136565 -0.58004266 0.52674020
vn -0.67203781 -0.53601604 0.51093247
vn -0.34721645 -0.27880696 0.89538116
vn -0.69686791 -0.47480445 0.53752753
vn -0.82851394 -0.46097861 0.31790465
vn 0.67654426 -0.66363515 -0.31918058
vn 0.22850366 -0.91226534 -0.33993827
vn -0.74433092 -0.64090510 0.18764896
vn -0.58515095 -0.78027937 0.22082225
vn -0.64484126 -0.72893291 0.22986203
vn -0.73154631 -0.64537992 0.21982892
vn -0.66911207 -0.71573699 0.20002397
vn -0.56213968 0.79865336 0.21482965
vn -0.67315142 0.70110568 0.23519777
vn -0.66899359 0.72280258 0.17321666
vn -0.73542231 0.65526135 0.17258791
vn -0.62059614 0.75369631 0.21633840
vn -0.56985250 0.79146372 0.22102786
vn -0.83359731 0.45386998 0.31482943
vn -0.63456337 0.74903991 0.19044302
vn -0.78406776 0.46646761 0.40944562
vn -0.47328195 0.33199210 0.81595677
vn -0.61613587 0.36157831 0.69974117
vn -0.45331882 0.79833397 0.39644031
vn -0.38454822 0.65422592 0.65123813
vn -0.37928860 0.55405144 0.74105814
vn -0.69506968 0.48106706 0.53427767
vn -0.63876953 0.50529171 0.58021873
vn -0.62397440 0.57467106 0.52953670
vn -0.58019496 0.62131315 0.52663439
vn -0.53481852 0.66744464 0.51815712
vn -0.27330770 0.34381948 0.89838247
vn -0.47866492 0.69970675 0.53036813
vn -0.46253031 0.82789183 0.31727093
vn -0.85355766 -0.35053278 -0.38544273
vn -0.64703392 0.73025562 0.21925746
vn -0.58767616 0.77805927 0.22194707
vn -0.77805119 0.58676752 0.22436629
vn -0.74521941 0.62992174 0.21873875
vn -0.71298617 0.67157222 0.20159731
vn 0.81962626 0.55340329 0.14818093
vn 0.57981654 0.79922041 0.15830200
vn 0.54999431 0.83486481 0.02251675
vn 0.68693748 0.71974003 0.10045490
vn 0.70674198 0.70376470 0.07232579
vn 0.74825049 0.65587458 0.09974841
vn 0.90917619 0.41578860 0.02277058
vn 0.36787900 -0.92733116 0.06871653
vn 0.98291718 0.00978286 -0.18378822
vn 0.75088995 -0.65234291 0.10301948
vn 0.69029472 -0.71535412 0.10845128
vn 0.70713882 -0.70363957 0.06961354
vn 0.64463360 -0.75809613 0.09868016
vn 0.42971372 -0.90266896 0.02312728
vn 0.79585192 0.56377626 0.22085302
vn 0.63974465 0.74584650 0.18557957
vn 0.75735542 0.61674194 0.21457433
vn 0.78607912 0.57631211 0.22348147
vn 0.44669971 0.83790603 0.31364448
vn 0.74746884 0.63605549 0.19163444
vn 0.46882955 0.77977340 0.41491240
vn 0.32400039 0.44976164 0.83230897
vn 0.22353840 0.37864546 0.89814152
vn 0.80110930 0.45349188 0.39060082
vn 0.68727263 0.40450472 0.60335087
vn 0.54898332 0.37492038 0.74702880
vn 0.43479682 0.74392433 0.50747249
vn 0.47584736 0.69619139 0.53748195
vn 0.49666018 0.62772640 0.59940656
vn 0.57812082 0.62304364 0.52687090
vn 0.62016913 0.57612543 0.53241877
vn 0.66875776 0.53746030 0.51371148
vn 0.34803556 0.27568084 0.89603087
vn 0.70165738 0.47875452 0.52770354
vn 0.82456990 0.47042795 0.31429607
vn -0.26427469 0.94751363 -0.17993558
vn -0.21384540 0.91920227 -0.33066195
vn 0.74480904 0.63948894 0.19056072
vn 0.58272150 0.78267834 0.21874704
vn 0.55656628 0.80531711 0.20420170
vn 0.61038571 0.76680719 0.19858502
vn 0.73191596 0.64480743 0.22027801
vn 0.62845691 0.75777380 0.17555850
vn 0.57840008 -0.78457534 0.22337162
vn 0.67495501 -0.69807060 0.23902548
vn 0.75569031 -0.62733385 0.18810740
vn 0.62797237 -0.74630984 0.22061805
vn 0.57829741 -0.78387371 0.22608433
vn 0.63500301 -0.74862272 0.19061794
vn 0.45007706 -0.33189746 0.82902034
vn 0.75746951 -0.44817339 0.47474261
vn 0.37508913 -0.22304138 0.89975590
vn 0.45873815 -0.79735407 0.39215532
vn 0.39385837 -0.67042416 0.62881398
vn 0.37740792 -0.55071241 0.74449923
vn 0.74216550 -0.43036123 0.51378944
vn 0.70088608 -0.47710381 0.53021756
vn 0.62625054 -0.49892558 0.59906888
vn 0.61916851 -0.57699572 0.53264087
vn 0.57816252 -0.61839850 0.53227005
vn 0.53889498 -0.67174635 0.50828048
vn 0.27894305 -0.35061108 0.89401490
vn 0.47388010 -0.70043572 0.53369229
vn 0.46420756 -0.82810616 0.31424756
vn 0.86774406 0.32348099 -0.37733313
vn 0.52922682 -0.79947135 0.28419101
vn 0.45969619 -0.83821932 0.29337310
vn 0.76330019 -0.61039703 0.21163242
vn 0.71139810 -0.65379219 0.25781487
vn 0.74911480 -0.62605571 0.21652081
vn 0.69495072 -0.68878887 0.20643013
vn -0.00357664 -0.99329511 0.11555095
vn -0.07453446 -0.99419817 0.07755392
vn 0.48892333 -0.84714040 0.20810362
vn 0.41658289 -0.88007984 0.22785561
vn 0.55127016 -0.80811833 0.20747525
vn 0.60926584 -0.76518968 0.20803818
vn 0.66562499 -0.71685556 0.20751257
vn 0.71771499 -0.66556611 0.20471188
vn 0.76140154 -0.60817474 0.22447982
vn 0.84761359 -0.48926003 0.20536752
vn 0.80857836 -0.55082705 0.20685889
vn 0.87775561 -0.42254838 0.22582727
vn 0.93105365 -0.28479681 0.22810058
vn 0.89210017 -0.35058824 0.28503540
vn 0.91307106 -0.35682151 0.19743263
vn 0.88025793 0.41811842 0.22432780
vn 0.89323158 0.34868296 0.28382661
vn 0.91270854 0.35838939 0.19626556
vn 0.93108083 0.28428796 0.22862380
vn 0.84401288 0.48884201 0.22062581
vn 0.80784405 0.55263189 0.20490480
vn 0.76508741 0.60924379 0.20847844
vn 0.60787077 0.76161340 0.22458443
vn 0.66593050 0.71752328 0.20419819
vn 0.71692890 0.66556078 0.20746519
vn 0.48878870 0.84816673 0.20420285
vn 0.55047927 0.80873745 0.20716252
vn 0.41904641 0.87945495 0.22574120
vn -0.48856400 0.84386568 0.22180158
vn -0.55203258 0.80802420 0.20580798
vn -0.60925273 0.76499193 0.20880243
vn -0.66559763 0.71703549 0.20697804
vn -0.71705552 0.66560355 0.20688957
vn -0.76413232 0.61021233 0.20914758
vn -0.88288304 0.42464809 0.20047829
vn -0.86715100 0.41206493 0.27973492
vn -0.84199896 0.49064654 0.22428493
vn -0.80871094 0.55129695 0.20508119
vn -0.90784790 0.35408163 0.22458493
vn -0.97392936 0.00199910 0.22684267
vn -0.97691572 -0.07125650 0.20139066
vn -0.95502606 -0.08012807 0.28549030
vn -0.96303636 -0.14925447 0.22424111
vn -0.84462856 -0.48518410 0.22627193
vn -0.80759551 -0.55241698 0.20645816
vn -0.76498831 -0.60988410 0.20696441
vn -0.71734248 -0.66479637 0.20848394
vn -0.66555820 -0.71755257 0.20530608
vn -0.49052908 -0.84296088 0.22090309
vn -0.55075654 -0.80966191 0.20276794
vn -0.60816716 -0.76233304 0.22131663
vn -0.00069746 -0.97257561 0.23258588
vn 0.07467227 -0.97096112 0.22728519
vn 0.14416119 -0.96290889 0.22808774
vn 0.15109240 -0.98555365 0.07651856
vn 0.21422886 -0.94948774 0.22930118
vn 0.22340614 -0.97144704 0.07987711
vn 0.28690930 -0.93092350 0.22597454
vn 0.29607540 -0.95217585 0.07550167
vn 0.35435490 -0.90731875 0.22628586
vn 0.36634721 -0.92727457 0.07714655
vn 0.56377239 -0.82284067 0.07137171
vn 0.77947672 -0.62181318 0.07592366
vn 0.89814356 -0.43288698 0.07711684
vn 0.92884353 -0.36272689 0.07535847
vn 0.95315525 -0.29251759 0.07699690
vn 0.95021472 -0.21535462 0.22519853
vn 0.97258171 -0.21977821 0.07604179
vn 0.96261340 -0.14637194 0.22792695
vn 0.98620192 -0.14627804 0.07751458
vn 0.97083988 -0.07460529 0.22782444
vn 0.97392659 -0.00107334 0.22686084
vn 0.97111842 0.07239231 0.22735076
vn 0.99407990 0.07714425 0.07651091
vn 0.96256942 0.14356937 0.22988682
vn 0.98541293 0.15008503 0.08022364
vn 0.94966527 0.21780652 0.22515813
vn 0.97162418 0.22411762 0.07561580
vn 0.95248899 0.29476447 0.07667221
vn 0.92712332 0.36753763 0.07320136
vn 0.89723899 0.43427771 0.07978136
vn 0.86359441 0.49848270 0.07562860
vn 0.82359657 0.56264263 0.07156786
vn 0.67621097 0.73293228 0.07449159
vn 0.62237469 0.77895355 0.07668839
vn 0.56137652 0.82422062 0.07427493
vn 0.49681486 0.86467014 0.07430032
vn 0.43227082 0.89843263 0.07720588
vn 0.35664651 0.90598740 0.22801335
vn 0.36280035 0.92843728 0.07987571
vn 0.28724491 0.93084355 0.22587749
vn 0.29144720 0.95360447 0.07547882
vn 0.21729579 0.94928742 0.22723542
vn 0.21949462 0.97253886 0.07739689
vn 0.14630071 0.96219860 0.22971714
vn 0.07186232 0.97160120 0.22544824
vn 0.00250997 0.97339036 0.22913949
vn -0.00234446 0.99680150 0.07988293
vn -0.07074116 0.97065162 0.22985023
vn -0.07589549 0.99373259 0.08206951
vn -0.14747339 0.96171215 0.23100072
vn -0.14787581 0.98595539 0.07761904
vn -0.21887615 0.94954288 0.22463648
vn -0.22321170 0.97184134 0.07550463
vn -0.28683661 0.93078755 0.22662592
vn -0.29672462 0.95175259 0.07824007
vn -0.35515895 0.90548587 0.23228747
vn -0.41839761 0.88010473 0.22440834
vn -0.49958146 0.86289143 0.07639861
vn -0.56432755 0.82237670 0.07232550
vn -0.62399211 0.77781140 0.07512171
vn -0.68003863 0.72967980 0.07151813
vn -0.73284430 0.67654355 0.07230538
vn -0.86382974 0.49781815 0.07729986
vn -0.89828972 0.43268429 0.07654991
vn -0.92879063 0.36294407 0.07496378
vn -0.92991746 0.28870491 0.22782228
vn -0.95340146 0.29158660 0.07747842
vn -0.94828868 0.21938504 0.22938786
vn -0.97218506 0.22024323 0.07968141
vn -0.96310629 0.14567426 0.22628585
vn -0.98611359 0.14729116 0.07671579
vn -0.97102813 0.07224389 0.22778321
vn -0.99437258 0.07371603 0.07608623
vn -0.99714423 -0.00174627 0.07550056
vn -0.99410503 -0.07727971 0.07604629
vn -0.98566247 -0.15097529 0.07533901
vn -0.94929493 -0.21716386 0.22733014
vn -0.93018915 -0.28694795 0.22893015
vn -0.90641239 -0.35698754 0.22577972
vn -0.92655930 -0.36770341 0.07925954
vn -0.87896919 -0.41850577 0.22861776
vn -0.89718645 -0.43461778 0.07851028
vn -0.86295474 -0.49897372 0.07958859
vn -0.82303014 -0.56346033 0.07165084
vn -0.77837697 -0.62366743 0.07189038
vn -0.73054577 -0.67847175 0.07732372
vn -0.67707807 -0.73240897 0.07171043
vn -0.62192591 -0.77932602 0.07654486
vn -0.56049163 -0.82498658 0.07243119
vn -0.49644914 -0.86458862 0.07761940
vn -0.42183797 -0.87858136 0.22393642
vn -0.43055872 -0.89911162 0.07885109
vn -0.35894390 -0.90421352 0.23142425
vn -0.36189235 -0.92889238 0.07869479
vn -0.28913715 -0.92930410 0.22976858
vn -0.21701292 -0.94975377 0.22555081
vn -0.14682447 -0.96226987 0.22908356
vn -0.14715299 -0.98608670 0.07732411
vn -0.07228688 -0.97132090 0.22651783
vn -0.68524372 -0.70211762 0.19357657
vn -0.72690128 -0.64910182 0.22423505
vn -0.64063186 0.73223687 0.23112763
vn 0.66493743 0.70632069 0.24283595
vn 0.67945850 0.71695905 0.15590340
vn 0.68566449 0.70169930 0.19360343
vn 0.64470033 -0.72674655 0.23706737
vn -0.54173999 0.79256044 0.27993881
vn -0.60736314 0.76423147 0.21693380
vn -0.46946468 0.83733354 0.28013471
vn -0.39775377 0.87251452 0.28374345
vn -0.90323823 0.36301943 0.22886154
vn -0.86980113 0.43502154 0.23281378
vn -0.81692597 0.50229809 0.28342300
vn -0.77181630 0.56987428 0.28203352
vn -0.77140533 -0.57063244 0.28162462
vn -0.81699567 -0.50357597 0.28094362
vn -0.85562285 -0.43363378 0.28261508
vn -0.32149878 -0.91921811 0.22732487
vn -0.39368230 -0.87372544 0.28568884
vn -0.53905637 -0.79380498 0.28158814
vn -0.47058552 -0.85206092 0.22921921
vn -0.60556169 -0.76577491 0.21652673
vn 0.53746953 -0.79564022 0.27943361
vn 0.39397560 -0.87338503 0.28632469
vn 0.47661585 -0.85027260 0.22332452
vn 0.85520305 -0.43526704 0.28137226
vn 0.90359469 -0.36274789 0.22788287
vn 0.81251226 -0.51470324 0.27368669
vn 0.78513162 -0.56671296 0.24980944
vn 0.78160107 0.57956913 0.23064995
vn 0.81644716 0.50302389 0.28351544
vn 0.85509586 0.43422734 0.28329788
vn 0.39567223 0.87291507 0.28541684
vn 0.47017060 0.85133185 0.23275243
vn 0.53746134 0.79399902 0.28407897
vn 0.59574535 0.75108188 0.28454084
vn -0.95080089 -0.20883987 0.22883087
vn -0.92903959 -0.28854988 0.23156942
vn -0.90207440 -0.36758768 0.22614394
vn -0.24035295 -0.92752014 0.28624615
vn -0.16446518 -0.95931560 0.22948807
vn -0.07921205 -0.96986206 0.23041927
vn 0.00363816 -0.97275049 0.23182589
vn 0.08472711 -0.97039389 0.22617918
vn 0.16654521 -0.95857957 0.23105823
vn 0.32923226 -0.91588386 0.22970172
vn 0.24549643 -0.94166611 0.23020955
vn 0.93113402 -0.28100634 0.23243250
vn 0.95260120 -0.20312974 0.22647131
vn 0.96555556 -0.12232974 0.22964733
vn 0.97260616 -0.04020361 0.22895615
vn 0.97175907 0.04453819 0.23173404
vn 0.96475531 0.12541719 0.23133896
vn 0.95191536 0.20679235 0.22603996
vn 0.92926271 0.28813454 0.23119106
vn 0.90167315 0.36603614 0.23022396
vn 0.32610462 0.91738741 0.22815808
vn 0.24293501 0.94229037 0.23037240
vn 0.16063207 0.95892574 0.23379212
vn 0.08159977 0.97021746 0.22807798
vn -0.00083465 0.97286347 0.23137843
vn -0.08232842 0.96895455 0.23312895
vn -0.16749332 0.95875512 0.22964018
vn -0.24035503 0.92753343 0.28620133
vn -0.32615990 0.91718382 0.22889638
vn -0.93067704 0.28384306 0.23081022
vn -0.96563984 0.12200299 0.22946672
vn -0.95137144 0.20624962 0.22880882
vn -0.96526762 -0.12725244 0.22817808
vn -0.97267107 -0.04129036 0.22848653
vn -0.97314826 0.03793031 0.22703250
vn -0.78655655 -0.58409749 0.20039687
vn -0.83378142 -0.51393730 0.20168540
vn -0.08483450 0.99624675 0.01719044
vn -0.08509720 0.99010660 0.11156787
vn -0.16576401 0.98295708 0.07948373
vn -0.24945139 0.96561404 0.07323609
vn -0.33283260 0.93660135 0.10954617
vn -0.33204711 0.94307707 0.01871770
vn -0.40912704 0.90924865 0.07669389
vn -0.48757829 0.87290303 0.01754178
vn -0.48587726 0.86759414 0.10584751
vn -0.55524134 0.82834742 0.07448229
vn -0.68879000 0.72451707 0.02536428
vn -0.62677778 0.77468110 0.08377825
vn -0.75021547 0.65640389 0.07943977
vn -0.79905365 0.59201975 0.10500417
vn -0.80482069 0.59324151 0.01811551
vn -0.92367001 0.37509780 0.07832850
vn -0.89293851 0.44980308 0.01838506
vn -0.88743464 0.44746419 0.11061446
vn -0.84761346 0.52489658 0.07768530
vn -0.62692299 -0.77442884 0.08501492
vn -0.68959680 -0.72377700 0.02455817
vn -0.75097051 -0.65527887 0.08156523
vn 0.69178830 -0.72161039 0.02659672
vn 0.62319168 -0.77756137 0.08384776
vn 0.74997634 -0.65644189 0.08136052
vn 0.85303839 0.51649210 0.07457492
vn 0.89315431 0.44936505 0.01861256
vn 0.88778764 0.44784983 0.10613026
vn 0.92495417 0.37169505 0.07938878
vn 0.63040341 0.77123538 0.08824693
vn 0.68586193 0.72716175 0.02879603
vn 0.74991187 0.65661258 0.08057362
vn 0.41786291 0.90546729 0.07429388
vn 0.48829709 0.87248929 0.01812141
vn 0.48434407 0.86794004 0.10995866
vn 0.56060121 0.82466805 0.07515906
vn -0.00093244 0.99669849 0.08118650
vn 0.08850478 0.99289079 0.07959141
vn 0.17017603 0.98522823 0.01911685
vn 0.16522240 0.97994936 0.11135889
vn 0.24965237 0.96509370 0.07916966
vn 0.83502990 0.51326831 0.19819364
vn 0.87450511 0.44069185 0.20256237
vn 0.83546130 -0.51218002 0.19918848
vn 0.87541393 -0.44115368 0.19756993
vn 0.78497774 -0.58658088 0.19933093
vn 0.60770194 -0.76694726 0.20613164
vn 0.54856380 -0.81209038 0.19896475
vn 0.40397876 -0.89314733 0.19770942
vn -0.24809793 -0.94886886 0.19518017
vn -0.40262892 -0.89385366 0.19727033
vn -0.54836112 -0.81295128 0.19598547
vn -0.87523331 -0.44100858 0.19869091
vn -0.83490604 0.51302685 0.19933731
vn -0.78540489 0.58399451 0.20515741
vn -0.54659977 0.81362492 0.19809893
vn -0.47849368 0.85398459 0.20433824
vn -0.40160749 0.89351343 0.20086110
vn -0.24678478 0.94896791 0.19635980
vn 0.40529597 0.89293593 0.19596071
vn 0.54845716 0.81213327 0.19908364
vn 0.60881073 0.76643639 0.20475537
vn 0.80259408 0.59159139 0.07656614
vn 0.95481454 0.28394384 0.08777864
vn 0.97486421 0.20872537 0.07793261
vn 0.98918600 0.12114622 0.08267189
vn 0.99536786 0.03696504 0.08874910
vn 0.99583451 -0.04187662 0.08099372
vn 0.98874152 -0.12666303 0.07966614
vn 0.97395139 -0.21280024 0.07832463
vn 0.95090864 -0.29759716 0.08490399
vn 0.92247240 -0.37701724 0.08308231
vn 0.88749924 -0.45408521 0.07843298
vn 0.84644318 -0.52617321 0.08170495
vn 0.80107156 -0.59399743 0.07383369
vn 0.55457859 -0.82859783 0.07660440
vn 0.48356065 -0.87184117 0.07785929
vn 0.40677841 -0.90994455 0.08082227
vn 0.32958372 -0.94064145 0.08104466
vn 0.24828639 -0.96532982 0.08057423
vn 0.16528047 -0.98253609 0.08547048
vn 0.08052286 -0.99360219 0.07918808
vn -0.00256079 -0.99643035 0.08438008
vn -0.08751501 -0.99298030 0.07956908
vn -0.17054327 -0.98170309 0.08469969
vn -0.25495345 -0.96388510 0.07696919
vn -0.33390343 -0.93945816 0.07698613
vn -0.41333740 -0.90708667 0.07966155
vn -0.48761487 -0.86948593 0.07890477
vn -0.56076590 -0.82474203 0.07309031
vn -0.80285911 -0.59175535 0.07240761
vn -0.84970790 -0.52142925 0.07815381
vn -0.89100589 -0.44785103 0.07441745
vn -0.92576568 -0.37058167 0.07501426
vn -0.95317340 -0.29093555 0.08256499
vn -0.97504597 -0.20760388 0.07865097
vn -0.98925984 -0.12343149 0.07829203
vn -0.99609933 -0.04118587 0.07803742
vn -0.99574662 0.04283978 0.08156855
vn -0.98878004 0.12678791 0.07898651
vn -0.97432159 0.21152255 0.07717282
vn -0.95258453 0.29282138 0.08269431
vn 0.33460140 0.93897685 0.07977702
vn 0.78845513 0.51852001 0.33087084
vn 0.11671767 0.91231329 0.39250661
vn 0.03733991 0.91874553 0.39308062
vn 0.34373679 0.84987659 0.39944312
vn 0.26721404 0.86100929 0.43273510
vn 0.19716058 0.89614708 0.39755266
vn 0.42095499 0.81805988 0.39188638
vn 0.47777903 0.76530498 0.43131831
vn 0.55295941 0.72970959 0.40219375
vn 0.61086865 0.69168686 0.38523860
vn 0.70875858 0.55785776 0.43180550
vn 0.65912108 0.61325990 0.43528347
vn 0.79631002 0.42521605 0.43021118
vn 0.84284584 0.36694906 0.39364868
vn 0.87043766 0.28877762 0.39868003
vn 0.91254131 0.13155547 0.38724864
vn 0.89484420 0.22182339 0.38736062
vn 0.90160290 0.05710239 0.42877912
vn 0.92035079 -0.01529738 0.39079459
vn 0.91252862 -0.10071095 0.39642000
vn 0.88559767 -0.17323928 0.43093494
vn 0.68214875 -0.59371163 0.42682500
vn 0.90839433 -0.26295318 0.32507748
vn 0.86169478 -0.32840598 0.38682246
vn 0.81208496 -0.39854412 0.42624008
vn 0.79064081 -0.47221695 0.38974127
vn 0.74903443 -0.53435063 0.39168459
vn -0.04098002 0.91831022 0.39373465
vn -0.11854340 0.92622824 0.35783894
vn -0.20145547 0.90765291 0.36821447
vn -0.26854937 0.86153823 0.43085161
vn -0.33695859 0.83654193 0.43203763
vn -0.42234022 0.81682578 0.39296867
vn -0.48764307 0.77957730 0.39301841
vn -0.54993958 0.73334790 0.39970904
vn -0.61459259 0.68483265 0.39151013
vn -0.67125176 0.62519696 0.39818316
vn -0.72286507 0.56793169 0.39359837
vn -0.75246638 0.49807442 0.43094805
vn -0.79599476 0.42580929 0.43020785
vn -0.84426002 0.36602759 0.39147008
vn -0.86965490 0.29236825 0.39777023
vn -0.89412837 0.21678579 0.39183973
vn -0.91154236 0.13406276 0.38873860
vn -0.91673832 0.05921024 0.39507594
vn -0.91870841 -0.01915091 0.39447193
vn -0.91329014 -0.10197331 0.39433813
vn -0.90191370 -0.17648955 0.39421202
vn -0.86768304 -0.24628963 0.43181889
vn -0.85982314 -0.32763731 0.39160946
vn -0.85276842 -0.41626449 0.31545189
vn -0.77452995 -0.46177980 0.43227626
vn -0.74704991 -0.53700803 0.39184028
vn -0.69675258 -0.60149135 0.39082477
vn -0.63123764 -0.64531379 0.43024312
vn -0.57714246 -0.69433643 0.42988778
vn -0.52226957 -0.75803858 0.39065586
vn -0.45295172 -0.80183496 0.38973766
vn -0.37729213 -0.81917594 0.43197386
vn -0.31154444 -0.86628419 0.39050194
vn -0.23365472 -0.89097258 0.38932419
vn -0.15541614 -0.88855164 0.43165010
vn -0.08084978 -0.89981553 0.42871357
vn -0.00007502 -0.91959225 0.39287413
vn 0.08082599 -0.91751664 0.38939746
vn 0.15337780 -0.88908986 0.43127077
vn 0.23409263 -0.89056161 0.39000084
vn 0.31246831 -0.86726991 0.38756479
vn 0.37537217 -0.82063657 0.43087277
vn 0.45413226 -0.80247848 0.38702995
vn 0.52354380 -0.75791112 0.38919484
vn 0.58629674 -0.71045885 0.38923560
vn 0.64507383 -0.65773004 0.38893566
vn 0.18123168 -0.67075432 0.71919658
vn 0.10946105 -0.61884279 0.77785081
vn 0.56002065 -0.40677865 0.72173957
vn 0.48799088 -0.41106587 0.76999334
vn 0.68493380 -0.06914164 0.72531725
vn 0.61891025 -0.11927324 0.77635301
vn 0.62701422 0.04275256 0.77783378
vn 0.69199240 -0.01945126 0.72164269
vn 0.65389668 0.42721162 0.62442723
vn 0.55353718 0.30334449 0.77561505
vn 0.63387915 0.27212470 0.72397884
vn 0.45294206 0.43383020 0.77886767
vn 0.49331955 0.39197609 0.77652468
vn 0.46546012 0.51368195 0.72074803
vn 0.33365419 0.53216557 0.77812254
vn 0.40987399 0.53963095 0.73539224
vn 0.14202506 0.67053665 0.72815485
vn 0.18648499 0.59977337 0.77813576
vn -0.18676098 0.59963052 0.77817965
vn -0.15018867 0.72176032 0.67565184
vn -0.31254477 0.61710751 0.72214547
vn -0.24226598 0.58112165 0.77692009
vn -0.55317442 0.30434232 0.77548295
vn -0.53001187 0.34239116 0.77579360
vn -0.54095681 0.42768955 0.72418739
vn -0.64759470 -0.25046095 0.71964604
vn -0.60511413 -0.17826265 0.77592481
vn -0.67704966 -0.13163745 0.72406860
vn -0.56143465 -0.40792300 0.71999303
vn -0.53858544 -0.32376174 0.77788435
vn -0.43837573 -0.44994362 0.77806006
vn -0.53124562 -0.45010055 0.71776569
vn -0.39144016 -0.57529171 0.71820195
vn -0.39846754 -0.49155385 0.77433741
vn -0.23138992 -0.65548581 0.71888598
vn -0.26075091 -0.57171453 0.77791482
vn -0.34848998 -0.60348351 0.71719062
vn -0.04904246 -0.63278454 0.77277329
vn -0.10585405 -0.61940647 0.77790137
vn 0.00096569 -0.69120553 0.72265758
vn -0.49773994 0.47635633 0.72480315
vn -0.46567419 0.51574460 0.71913493
vn -0.69501138 0.11314533 0.71004036
vn -0.67668177 0.16107782 0.71843978
vn -0.41438686 0.54601015 0.72811843
vn -0.65226969 0.21641636 0.72643528
vn -0.36637043 0.58654866 0.72231114
vn -0.63617418 0.27503258 0.72086025
vn 0.05627805 -0.69367239 0.71808871
vn 0.26392186 -0.57034355 0.77785184
vn 0.23218888 -0.65819663 0.71614630
vn 0.44114724 -0.53877645 0.71771097
vn 0.39193041 -0.57497737 0.71818631
vn 0.48293840 -0.49435153 0.72276349
vn 0.57791520 -0.27140433 0.76964518
vn 0.59496429 -0.35569973 0.72076015
vn 0.64963114 -0.25150810 0.71744203
vn 0.75662294 -0.21784003 0.61649611
vn 0.64829093 0.21633642 0.73001193
vn 0.67945839 0.15929846 0.71621247
vn 0.26508232 0.63288009 0.72745732
vn 0.03306247 0.69436841 0.71885978
vn 0.09396215 0.68873232 0.71890118
vn -0.09887927 0.74061033 0.66461961
vn -0.02837976 0.68966009 0.72357692
vn 0.01130530 -0.06418850 -0.99787375
vn -0.69147923 -0.01671565 0.72220293
vn -0.69007109 0.04492074 0.72234619
vn -0.69003337 -0.06872196 0.72050763
vn -0.72225369 -0.34533087 0.59924636
vn -0.18199516 -0.67255983 0.71731516
vn 0.34937723 -0.60559436 0.71497624
vn 0.69631115 0.11603597 0.70829827
vn 0.31294778 0.61776835 0.72140554
vn -0.24950869 0.93088997 -0.26681317
vn -0.28564689 0.79263708 0.53863931
vn -0.21916502 0.82172243 0.52605982
vn -0.18067602 0.95777893 0.22364188
vn -0.14880873 0.84917690 0.50670954
vn -0.08741002 0.95961196 -0.26740301
vn -0.07666739 0.83670472 0.54226131
vn -0.00733765 0.88661125 -0.46245718
vn 0.00024354 0.89211906 0.45180032
vn -0.43679445 0.76950471 0.46591105
vn -0.36382840 0.78826336 0.49625575
vn -0.38273093 0.81877968 -0.42792156
vn -0.44393802 0.76685703 -0.46351842
vn -0.55074346 0.66634271 0.50266195
vn -0.50572454 0.73525940 0.45126079
vn -0.57906634 0.69395542 -0.42791127
vn -0.50806527 0.72599339 -0.46346875
vn -0.67252182 0.57825651 0.46188074
vn -0.62641541 0.63945021 0.44576581
vn -0.62505306 0.62807753 -0.46349464
vn -0.67669219 0.57215956 -0.46338011
vn -0.74310229 0.44039230 0.50383888
vn -0.72178280 0.51465716 0.46277165
vn -0.78000677 0.45830072 -0.42608672
vn -0.72162711 0.51376459 -0.46400459
vn -0.83340914 0.31891959 0.45135297
vn -0.78490397 0.38041304 0.48909270
vn -0.81572547 0.38934433 -0.42778843
vn -0.83011423 0.30998362 -0.46348735
vn -0.87195713 0.16876321 0.45957562
vn -0.84927943 0.24021669 0.47012805
vn -0.85268125 0.23996740 -0.46405855
vn -0.86946225 0.16438142 -0.46584777
vn -0.88250595 0.01569310 0.47003933
vn -0.87964811 0.09490622 0.46606010
vn -0.88175493 0.08792014 -0.46344179
vn -0.88567798 0.01435401 -0.46407809
vn -0.83553540 -0.12853019 0.53419153
vn -0.87003389 -0.05874112 0.48947984
vn -0.91832647 -0.14596537 -0.36792744
vn -0.90155225 -0.06484650 -0.42778322
vn -0.82474453 -0.27832501 0.49227193
vn -0.83901195 -0.20298353 0.50483327
vn -0.87782860 -0.21938349 -0.42577908
vn -0.85622345 -0.29186836 -0.42625609
vn -0.76135911 -0.41109858 0.50132849
vn -0.82205293 -0.35919944 0.44181982
vn -0.79269210 -0.43628503 -0.42578705
vn -0.80943117 -0.35735967 -0.46595627
vn -0.69621705 -0.55135639 0.45966069
vn -0.72848193 -0.48225416 0.48656450
vn -0.75332372 -0.50084236 -0.42621626
vn -0.69130489 -0.55230426 -0.46589436
vn -0.58743373 -0.65887182 0.46990376
vn -0.64539213 -0.60516111 0.46609980
vn -0.64149173 -0.61132388 -0.46343443
vn -0.58826729 -0.66227563 -0.46403942
vn -0.46500521 -0.74417544 0.47955508
vn -0.52444401 -0.70096263 0.48333205
vn -0.53840676 -0.72609562 -0.42767197
vn -0.47420998 -0.77064259 -0.42571691
vn -0.33294186 -0.82767172 0.45178450
vn -0.39889061 -0.77780169 0.48570651
vn -0.40658039 -0.80821827 -0.42599955
vn -0.32999227 -0.82197879 -0.46417235
vn -0.18893515 -0.87701651 0.44175281
vn -0.25630039 -0.83525974 0.48646817
vn -0.26306210 -0.86543809 -0.42639800
vn -0.18293439 -0.86568201 -0.46597175
vn -0.03498809 -0.86303369 0.50393322
vn -0.10817339 -0.86042078 0.49797048
vn -0.11038448 -0.89791426 -0.42610475
vn -0.03379352 -0.90394251 -0.42631670
vn 0.11532179 -0.87826568 0.46405850
vn 0.03651171 -0.81786890 0.57424503
vn 0.04690143 -0.95724026 -0.28546687
vn 0.12199948 -0.87753716 -0.46372907
vn 0.25953248 -0.82854215 0.49614595
vn 0.19246665 -0.86313054 0.46686429
vn 0.27466741 -0.86119725 -0.42766472
vn 0.19373395 -0.86435850 -0.46405984
vn 0.40547743 -0.78406264 0.46992959
vn 0.32780752 -0.80338927 0.49709950
vn 0.34782345 -0.83518740 -0.42600570
vn 0.40831604 -0.78602547 -0.46415727
vn 0.52596526 -0.69460219 0.49080377
vn 0.47721452 -0.75375582 0.45179471
vn 0.54922371 -0.71795307 -0.42766424
vn 0.47410381 -0.74823540 -0.46407904
vn 0.63278237 -0.58963023 0.50191898
vn 0.57836887 -0.64359498 0.50127333
vn 0.60979870 -0.66852778 -0.42569491
vn 0.66394846 -0.61457288 -0.42599603
vn 0.74875936 -0.49074614 0.44556441
vn 0.68636139 -0.53795743 0.48939742
vn 0.71375708 -0.55452292 -0.42784946
vn 0.74470145 -0.48011828 -0.46357975
vn 0.79565811 -0.34262902 0.49953330
vn 0.78332448 -0.42009200 0.45817624
vn 0.83294132 -0.35423243 -0.42512133
vn 0.78145588 -0.41502628 -0.46591834
vn 0.81197056 -0.19447294 0.55034906
vn 0.78955629 -0.26092550 0.55544465
vn 0.91128998 -0.29748764 -0.28469576
vn 0.93323860 -0.22005722 -0.28397278
vn 0.89261404 -0.05491185 0.44746493
vn 0.87314447 -0.12849669 0.47022052
vn 0.87643211 -0.12735806 -0.46437774
vn 0.88339108 -0.05107064 -0.46584546
vn 0.88636725 0.10053442 0.45193575
vn 0.88618193 0.01968634 0.46291904
vn 0.88572657 0.02632965 -0.46346003
vn 0.88018485 0.09994249 -0.46398937
vn 0.83387473 0.24182024 0.49616117
vn 0.86538980 0.17338718 0.47014613
vn 0.86688146 0.25607046 -0.42772006
vn 0.86832537 0.17509289 -0.46406199
vn 0.77715266 0.37955859 0.50196515
vn 0.80593608 0.30923479 0.50481767
vn 0.84243360 0.33032188 -0.42566781
vn 0.81152139 0.39974907 -0.42618506
vn 0.70688998 0.51076355 0.48931293
vn 0.76379092 0.46006515 0.45272893
vn 0.72960799 0.53369868 -0.42759548
vn 0.75816183 0.45807761 -0.46406416
vn 0.60163213 0.61819505 0.50583956
vn 0.65557482 0.56788452 0.49772365
vn 0.68230512 0.59418277 -0.42591848
vn 0.62906694 0.65009067 -0.42621228
vn 0.50487112 0.73554791 0.45174596
vn 0.51964723 0.63254819 0.57432529
vn 0.60460564 0.74363275 -0.28541612
vn 0.49554896 0.73445030 -0.46369600
vn 0.36363332 0.79378053 0.48752772
vn 0.43512539 0.77069769 0.46550077
vn 0.37123435 0.82499325 -0.42611170
vn 0.43176022 0.77237231 -0.46585849
vn 0.21803448 0.83843356 0.49948987
vn 0.27534098 0.77170148 0.57329239
vn 0.31813075 0.90450386 -0.28401690
vn 0.22476687 0.87627697 -0.42616725
vn 0.07475823 0.87229397 0.48323332
vn 0.14654131 0.85266302 0.50148921
vn 0.14933869 0.89233762 -0.42594780
vn 0.07180050 0.90102547 -0.42778240
vn -0.24538721 0.77008259 0.58886155
vn -0.32241404 0.88042261 -0.34771427
vn -0.28060421 0.67166815 0.68565528
vn -0.28990805 0.55637333 0.77871820
vn -0.31840095 0.50199441 0.80412838
vn -0.37375693 0.49143592 0.78663619
vn -0.42238124 0.46391162 0.77870411
vn -0.43597891 0.40399980 0.80418067
vn -0.46917593 0.36508644 0.80410562
vn -0.51765612 0.33642172 0.78667183
vn -0.57388369 0.30538704 0.75986595
vn -0.57732309 0.24536124 0.77877847
vn -0.56465263 0.18523359 0.80427354
vn -0.57858450 0.13603071 0.80419875
vn -0.58798410 0.08576668 0.80431261
vn -0.59322633 0.03490806 0.80427853
vn -0.61706035 -0.01616839 0.78674971
vn -0.69074050 -0.07730785 0.71895832
vn -0.69640349 -0.14229908 0.70340113
vn -0.62371872 -0.18314672 0.75988962
vn -0.58413299 -0.22842876 0.77885105
vn -0.55398622 -0.27209558 0.78680573
vn -0.55614023 -0.33626372 0.76002287
vn -0.50646046 -0.37003175 0.77882880
vn -0.44838460 -0.38999401 0.80427354
vn -0.41324393 -0.42714395 0.80422478
vn -0.38994942 -0.47839786 0.78681315
vn -0.36520211 -0.53770654 0.75993361
vn -0.31762106 -0.56710324 0.75994130
vn -0.25773757 -0.57193341 0.77875767
vn -0.20565528 -0.58211027 0.78667244
vn -0.15593485 -0.60754029 0.77883190
vn -0.10287276 -0.60853940 0.78682717
vn -0.05207520 -0.64797781 0.75987692
vn 0.00103340 -0.75591800 0.65466549
vn 0.07476346 -0.76573488 0.63879615
vn 0.10519836 -0.58501383 0.80417170
vn 0.16040912 -0.59605090 0.78676060
vn 0.22299928 -0.61059694 0.75989650
vn 0.26565546 -0.56822761 0.77880971
vn 0.29641747 -0.51506800 0.80426466
vn 0.35219217 -0.50695484 0.78673850
vn 0.41603344 -0.49953592 0.75985528
vn 0.45738519 -0.46187025 0.75991753
vn 0.49544184 -0.42088187 0.75986567
vn 0.51165765 -0.36299914 0.77874134
vn 0.51219804 -0.30159767 0.80417164
vn 0.55662654 -0.26695765 0.78670230
vn 0.70622404 -0.26940853 0.65472639
vn 0.82578937 -0.23191553 0.51408862
vn 0.75650617 -0.13953957 0.63892654
vn 0.59128779 -0.06040732 0.80419506
vn 0.59426540 -0.00935412 0.80421461
vn 0.59283168 0.04176550 0.80424265
vn 0.58696319 0.09255809 0.80430542
vn 0.59936640 0.14754853 0.78675876
vn 0.61524647 0.20980608 0.75990341
vn 0.59499404 0.26194536 0.75984651
vn 0.55007042 0.30184668 0.77865982
vn 0.51450076 0.34126035 0.78665770
vn 0.50845052 0.40525261 0.75976864
vn 0.47168549 0.44741787 0.75982238
vn 0.50424463 0.56318510 0.65464486
vn 0.45593959 0.61974917 0.63877231
vn 0.31258077 0.50564212 0.80412643
vn 0.27893893 0.55088431 0.78658728
vn 0.28461772 0.70046056 0.65448281
vn 0.22589195 0.75402787 0.61677776
vn 0.13510173 0.63603636 0.75974027
vn 0.07991143 0.64520966 0.75981488
vn 0.02269061 0.62801329 0.77787174
vn -0.03156840 0.72954098 0.68320816
vn -0.10528551 0.51360919 0.85154011
vn -0.09318923 0.61947502 0.77946550
vn -0.87540258 0.08495516 0.47587072
vn -0.86550461 0.01222937 0.50075165
vn -0.93523525 -0.06606682 0.34780772
vn -0.86242175 -0.13894271 0.48674803
vn -0.82369203 -0.20748036 0.52771520
vn -0.90041811 -0.30751134 0.30770765
vn -0.88641119 -0.39809975 0.23620286
vn -0.76779850 -0.42462150 0.47977291
vn -0.80477389 -0.53764908 0.25154017
vn -0.68929794 -0.55175299 0.46950718
vn -0.63461944 -0.60867770 0.47620334
vn -0.56366372 -0.63657196 0.52636428
vn -0.57808718 -0.77688375 0.24953326
vn -0.50621686 -0.82913270 0.23724133
vn -0.42936610 -0.86794669 0.24962633
vn -0.35947358 -0.89940465 0.24869664
vn -0.28066248 -0.92666260 0.25005000
vn -0.19457931 -0.95208169 0.23596473
vn -0.11085207 -0.89676820 0.42839073
vn -0.02993836 -0.85115843 0.52405440
vn 0.04469100 -0.87423162 0.48344782
vn 0.12175381 -0.87373388 0.47091944
vn 0.19313504 -0.85748287 0.47688782
vn 0.26947465 -0.83936946 0.47206178
vn 0.35189570 -0.83265537 0.42761484
vn 0.39254573 -0.75404268 0.52661892
vn 0.51998627 -0.81662062 0.25048959
vn 0.55280770 -0.72019636 0.41919071
vn 0.59346321 -0.64735883 0.47825513
vn 0.64440895 -0.59564088 0.47953004
vn 0.75220771 -0.58353950 0.30604773
vn 0.81882031 -0.52252815 0.23769230
vn 0.79918642 -0.42585089 0.42420760
vn 0.83126233 -0.35327301 0.42918657
vn 0.92008418 -0.30159547 0.24997054
vn 0.94744924 -0.21486969 0.23700413
vn 0.84105999 -0.12245855 0.52689847
vn 0.96700119 -0.05504552 0.24875428
vn 0.88072235 0.02730976 0.47284492
vn 0.96167743 0.11175141 0.25037601
vn 0.83361130 0.16817970 0.52612526
vn 0.84502550 0.25113071 0.47208608
vn 0.79065666 0.31163643 0.52701498
vn 0.78679518 0.38815185 0.47988696
vn 0.81587444 0.49699427 0.29554288
vn 0.76415829 0.56794499 0.30577867
vn 0.68124903 0.59378822 0.42815337
vn 0.59041683 0.61054510 0.52786613
vn 0.53424179 0.66171313 0.52604320
vn 0.53599322 0.80625223 0.25033701
vn 0.41554624 0.74350855 0.52394309
vn 0.38826539 0.87227518 0.29729781
vn 0.28812287 0.82867687 0.47987483
vn 0.21744635 0.85367261 0.47324430
vn 0.14064360 0.86605686 0.47975504
vn 0.07101173 0.96581626 0.24931163
vn -0.01647043 0.96816645 0.24976477
vn -0.08008223 0.87332847 0.48050414
vn -0.15589300 0.85658292 0.49189741
vn -0.25455691 0.92017490 0.29745408
vn -0.30080882 0.82377804 0.48052451
vn -0.37514720 0.79796840 0.47171072
vn -0.44292608 0.75893310 0.47732278
vn -0.56093771 0.78920572 0.25000644
vn -0.53971423 0.64652995 0.53917304
vn -0.68773270 0.68592782 0.23775357
vn -0.69268262 0.58224260 0.42565754
vn -0.73786197 0.52337921 0.42618531
vn -0.73464233 0.43014714 0.52466568
vn -0.86153432 0.40508686 0.30604452
vn -0.90983816 0.33124738 0.24993939
vn -0.81866249 0.23029286 0.52607693
vn -0.86802432 0.16244952 0.46919498
vn -0.13792919 0.49683236 -0.85681570
vn -0.08998821 0.48496181 -0.86989319
vn -0.09365634 0.53760691 -0.83797810
vn -0.16928292 0.45632154 -0.87356393
vn -0.17675463 0.67475190 -0.71656659
vn -0.24636470 0.42058157 -0.87316412
vn -0.20730028 0.43805254 -0.87472085
vn -0.20554994 0.44743679 -0.87037322
vn -0.29168174 0.41275653 -0.86287532
vn -0.24367993 0.42755467 -0.87052691
vn -0.31803659 0.37719355 -0.86981478
vn -0.36763824 0.54033482 -0.75688863
vn -0.37423212 0.31258890 -0.87306271
vn -0.35827873 0.35671016 -0.86278283
vn -0.45436378 0.46575971 -0.75935594
vn -0.39759194 0.28032362 -0.87369292
vn -0.36316272 0.31269191 -0.87768822
vn -0.46363968 0.21898095 -0.85853689
vn -0.42019293 0.24514611 -0.87369405
vn -0.43379685 0.25726165 -0.86350260
vn -0.47468408 0.17443419 -0.86269794
vn -0.62815540 0.30930543 -0.71396845
vn -0.47933744 0.08748546 -0.87325936
vn -0.46753613 0.12809989 -0.87464301
vn -0.48419837 0.13893937 -0.86385635
vn -0.44688569 0.00456604 -0.89457941
vn -0.53124632 0.05080476 -0.84569275
vn -0.49307153 0.05240335 -0.86840909
vn -0.51759752 -0.13179877 -0.84541226
vn -0.48891647 -0.08113770 -0.86854900
vn -0.53964236 -0.08095045 -0.83799353
vn -0.48636983 -0.16787175 -0.85747505
vn -0.49311877 -0.12001260 -0.86164427
vn -0.42373288 -0.23551818 -0.87463228
vn -0.46108858 -0.20536320 -0.86326316
vn -0.59689748 -0.25900557 -0.75936126
vn -0.41920437 -0.28080298 -0.86337558
vn -0.43203161 -0.23367790 -0.87105874
vn -0.35104038 -0.33785061 -0.87328553
vn -0.37712618 -0.30457622 -0.87464803
vn -0.38627272 -0.30392683 -0.87087420
vn -0.35197678 -0.40087029 -0.84582229
vn -0.35937054 -0.33685418 -0.87027701
vn -0.26233659 -0.43207395 -0.86283927
vn -0.32494407 -0.44102264 -0.83660647
vn -0.39605742 -0.52424556 -0.75386014
vn -0.18453366 -0.46772180 -0.86439785
vn -0.22453436 -0.45302237 -0.86276014
vn -0.30037951 -0.58189673 -0.75575680
vn -0.14359327 -0.48476756 -0.86277540
vn -0.24669912 -0.60785953 -0.75474919
vn -0.05759240 -0.48321539 -0.87360518
vn -0.10136755 -0.49536220 -0.86275194
vn -0.13839697 -0.63643893 -0.75880944
vn -0.01520748 -0.48435888 -0.87473722
vn -0.06254405 -0.47533927 -0.87757667
vn 0.06929374 -0.48251537 -0.87314220
vn 0.02752200 -0.48664991 -0.87316345
vn 0.02132756 -0.49199027 -0.87033942
vn 0.10852785 -0.47420979 -0.87369719
vn 0.06353765 -0.48829909 -0.87036025
vn 0.19021612 -0.44883699 -0.87313411
vn 0.14918116 -0.46113119 -0.87470167
vn 0.14638764 -0.47004764 -0.87041707
vn 0.22610420 -0.43082964 -0.87364908
vn 0.18095328 -0.44499362 -0.87706133
vn 0.29639989 -0.38361117 -0.87463682
vn 0.27171459 -0.42513641 -0.86338301
vn 0.34782927 -0.55470898 -0.75585233
vn 0.35817476 -0.32922552 -0.87368266
vn 0.33054084 -0.35829198 -0.87313780
vn 0.32906787 -0.36631309 -0.87036145
vn 0.40620069 -0.31293624 -0.85852892
vn 0.35966066 -0.33567207 -0.87061385
vn 0.43070993 -0.22661289 -0.87357630
vn 0.42651742 -0.27172526 -0.86269825
vn 0.54409813 -0.35689580 -0.75933037
vn 0.44830121 -0.18902599 -0.87366767
vn 0.42152608 -0.22792690 -0.87770445
vn 0.47843501 -0.15419785 -0.86447843
vn 0.44051839 -0.19029703 -0.87734291
vn 0.54549717 0.06444999 -0.83563092
vn 0.48419791 0.01617831 -0.87480892
vn 0.49107715 0.01107757 -0.87104565
vn 0.47634493 0.09892054 -0.87367628
vn 0.65260724 0.07105733 -0.75435710
vn 0.46421337 0.13922417 -0.87471285
vn 0.49428377 0.09708850 -0.86386190
vn 0.41454028 0.30687380 -0.85672914
vn 0.43944128 0.26958296 -0.85686428
vn 0.60107400 0.35494763 -0.71604624
vn 0.36559593 0.32131874 -0.87355245
vn 0.56900411 0.40905119 -0.71338030
vn 0.33488134 0.34993079 -0.87487309
vn 0.36366469 0.31161300 -0.87786407
vn 0.33394360 0.41682464 -0.84542232
vn 0.35283188 0.36105442 -0.86322034
vn 0.11825049 0.47000205 -0.87470846
vn 0.15788947 0.46137754 -0.87304162
vn 0.16587519 0.46210096 -0.87117629
vn 0.07807687 0.48230700 -0.87251588
vn 0.12560151 0.47611780 -0.87036550
vn -0.00674082 0.50555597 -0.86276748
vn 0.03771158 0.50125485 -0.86447754
vn 0.06056171 0.65109493 -0.75657628
vn -0.04690640 0.48434145 -0.87362071
vn 0.00071588 0.65442523 -0.75612638
vn -0.32943535 0.90306799 -0.27557315
vn 0.24768353 0.43813467 -0.86411277
vn 0.29266282 0.63309682 -0.71661488
vn 0.20896543 0.46826514 -0.85852269
vn 0.23551485 0.42570813 -0.87367348
vn 0.67923166 0.70293367 -0.21101801
vn 0.86097203 0.42760140 -0.27547089
vn 0.92139866 0.27031227 -0.27920565
vn 0.91067319 0.35509127 -0.21115047
vn 0.47342038 0.13590019 -0.87028977
vn 0.50150171 -0.07554699 -0.86185189
vn 0.65337674 -0.04174529 -0.75588106
vn 0.50365164 -0.02759099 -0.86346613
vn 0.52829289 -0.07421288 -0.84581267
vn 0.23960884 0.93007669 -0.27846896
vn 0.32147293 0.90576398 -0.27612818
vn 0.47638606 0.85363656 -0.21062037
vn 0.61438417 0.75969698 -0.21305538
vn 0.37388597 0.53808180 -0.75543183
vn 0.32206166 0.39297747 -0.86130424
vn 0.44213251 0.21580242 -0.87060218
vn 0.43347783 0.21666999 -0.87472915
vn -0.08825476 0.95722023 -0.27557308
vn 0.15784016 0.94808164 -0.27609363
vn 0.08352044 0.48496037 -0.87053879
vn 0.30641247 0.45670491 -0.83518383
vn 0.95814621 0.19344739 -0.21103069
vn 0.63333594 -0.15189704 -0.75882335
vn 0.49275589 -0.11215871 -0.86290907
vn 0.47112746 0.18102958 -0.86328860
vn 0.45279107 0.18044584 -0.87316639
vn -0.17664796 0.96189261 -0.20870578
vn 0.62127523 -0.20865908 -0.75530026
vn 0.70922773 0.61775922 -0.33966096
vn -0.04233821 0.48951041 -0.87096902
vn -0.48057039 0.83237008 -0.27606548
vn -0.40597854 0.87040315 -0.27853147
vn -0.63452672 0.75937761 -0.14394962
vn -0.16554083 0.46218879 -0.87119329
vn -0.35430283 0.43009375 -0.83035467
vn -0.71491555 0.61094696 -0.34005818
vn -0.76754410 0.54344898 -0.33991066
vn -0.84300102 0.49393394 -0.21302240
vn -0.48330153 0.09457417 -0.87033060
vn -0.95634038 0.09755585 -0.27549217
vn -0.92909309 0.01634833 -0.36948445
vn -0.83175775 -0.05805949 -0.55209433
vn -0.69773809 -0.66086293 -0.27644483
vn -0.75207507 -0.59714773 -0.27892236
vn -0.64645220 -0.73323313 -0.21087609
vn -0.54701609 -0.35979012 -0.75586008
vn -0.84339332 -0.46069609 -0.27649018
vn -0.66535276 -0.22143613 -0.71293179
vn -0.33867935 -0.37877054 -0.86129506
vn -0.34646154 -0.55207772 -0.75840266
vn -0.19333134 -0.62680307 -0.75481184
vn -0.11522236 -0.93331162 -0.34007827
vn -0.03604449 -0.97631205 -0.21334381
vn 0.21223991 -0.93755042 -0.27559650
vn 0.12938377 -0.95168772 -0.27847860
vn -0.02118307 -0.50427079 -0.86328573
vn 0.04719271 -0.96046582 -0.27436882
vn 0.45315789 -0.86608612 -0.21105155
vn 0.35868581 -0.86903545 -0.34076662
vn 0.29116069 -0.91520754 -0.27860474
vn 0.10527810 -0.48102720 -0.87036163
vn 0.56835857 -0.74778863 -0.34319193
vn 0.64539753 -0.71209015 -0.27638679
vn 0.23088529 -0.44852501 -0.86343343
vn 0.28789515 -0.38319459 -0.87765499
vn 0.70759659 -0.65081872 -0.27521275
vn 0.83055757 -0.44168565 -0.33924609
vn 0.86676164 -0.36570471 -0.33909337
vn 0.96744392 -0.13969501 -0.21103924
vn 0.95995176 0.02640500 -0.27891824
vn 0.55042616 -0.43458262 -0.71285973
vn -0.94103422 0.26452413 -0.21090659
vn -0.38951399 0.28109822 -0.87707619
vn -0.94341971 0.17955765 -0.27878004
vn -0.61006389 0.23488174 -0.75673815
vn -0.96537964 -0.15168857 -0.21220917
vn -0.94865667 -0.23610904 -0.21048288
vn -0.44205448 -0.03118789 -0.89644584
vn -0.97087242 0.00262723 -0.23958264
vn -0.94612403 0.09965637 -0.30808754
vn -0.66462361 0.02211765 -0.74685090
vn -0.82916371 -0.05899088 -0.55588453
vn -0.91803879 0.17768243 -0.35444848
vn -0.92417938 -0.22581808 -0.30805626
vn -0.92438958 -0.14301067 -0.35362672
vn -0.88530873 -0.30122152 -0.35425139
vn -0.63256418 -0.71054100 -0.30821104
vn -0.68055880 -0.64122193 -0.35450549
vn -0.56929820 -0.76130155 -0.31035385
vn -0.49376362 -0.79412949 -0.35433861
vn 0.94114392 -0.13893566 -0.30813147
vn 0.90953016 -0.21698567 -0.35450262
vn 0.93350955 -0.05548288 -0.35423379
vn 0.94543801 0.10599852 -0.30807675
vn 0.93385469 0.02346514 -0.35688207
vn 0.91672050 0.18475405 -0.35424492
vn 0.60221176 0.73643944 -0.30821737
vn 0.65103619 0.66990093 -0.35690982
vn 0.53684596 0.78533988 -0.30828183
vn 0.45754362 0.81559351 -0.35420482
vn -0.16353238 0.91970056 -0.35694264
vn -0.24129769 0.90337890 -0.35451656
vn -0.31978608 0.87871480 -0.35439691
vn -0.39298329 0.84746630 -0.35688234
vn -0.46389657 0.81185256 -0.35453545
vn -0.53205422 0.76890912 -0.35453783
vn -0.59634050 0.71903594 -0.35688280
vn -0.65582944 0.66650361 -0.35448650
vn -0.71075598 0.60755198 -0.35455117
vn -0.76142772 0.54274643 -0.35447728
vn -0.80529612 0.47525807 -0.35444030
vn -0.84194032 0.40465338 -0.35692036
vn -0.87414474 0.33203878 -0.35443086
vn -0.89882045 0.25452067 -0.35684875
vn -0.85623540 -0.37584535 -0.35440262
vn -0.82031465 -0.44688945 -0.35689450
vn -0.77926663 -0.51690050 -0.35434077
vn -0.73167827 -0.58072116 -0.35694515
vn -0.42396503 -0.83341958 -0.35449324
vn -0.34955686 -0.86627163 -0.35690819
vn -0.27500955 -0.89366967 -0.35457618
vn -0.19706586 -0.91403834 -0.35454049
vn -0.11600064 -0.92787102 -0.35439979
vn -0.03661360 -0.93339817 -0.35696962
vn 0.04277813 -0.93404794 -0.35457649
vn 0.12299171 -0.92691241 -0.35455101
vn 0.20399121 -0.91256580 -0.35441678
vn 0.28060996 -0.89101476 -0.35686236
vn 0.35557741 -0.86480173 -0.35451752
vn 0.43026866 -0.83022750 -0.35438846
vn 0.50005711 -0.79015687 -0.35439386
vn 0.56487916 -0.74399601 -0.35690542
vn 0.62660126 -0.69403440 -0.35452378
vn 0.68523070 -0.63629109 -0.35439037
vn 0.73612644 -0.57509724 -0.35690480
vn 0.78305445 -0.51102368 -0.35451450
vn 0.82499844 -0.44020392 -0.35439819
vn 0.85979412 -0.36764479 -0.35438873
vn 0.88703332 -0.29287680 -0.35692446
vn 0.89683804 0.26136705 -0.35688764
vn 0.87225514 0.33688591 -0.35451213
vn 0.83883020 0.41108704 -0.35689123
vn 0.80168080 0.48126223 -0.35453430
vn 0.75728228 0.54847525 -0.35453978
vn 0.70618880 0.61293778 -0.35440747
vn 0.38645199 0.85046766 -0.35687478
vn 0.31315908 0.88105499 -0.35450457
vn 0.23508992 0.90408733 -0.35687370
vn 0.15691967 0.92253957 -0.35255774
vn 0.07668289 0.93099699 -0.35688140
vn -0.00257825 0.93506071 -0.35447825
vn -0.08479815 0.93123894 -0.35440556
vn -0.94854080 0.01247414 0.31640916
vn -0.94653953 0.09495474 0.30829615
vn -0.93435957 0.17534328 0.31020465
vn -0.90100173 0.25045341 0.35421599
vn -0.89090599 0.33371767 0.30808934
vn -0.85851651 0.40825318 0.31028816
vn -0.82110548 0.48032598 0.30833868
vn -0.77675482 0.54919071 0.30828802
vn -0.72611495 0.61464309 0.30817359
vn -0.65859960 0.66398797 0.35407137
vn -0.60983184 0.72934171 0.31010610
vn -0.54497475 0.77974138 0.30823028
vn -0.47587432 0.82370086 0.30831887
vn -0.40349624 0.86075998 0.31029508
vn -0.32878118 0.89267192 0.30828523
vn -0.25010978 0.91713580 0.31033373
vn -0.17103622 0.93579401 0.30827940
vn -0.09003735 0.94705540 0.30818719
vn -0.00628012 0.93517953 0.35411835
vn 0.07428013 0.94777807 0.31015996
vn 0.15544538 0.93900053 0.30678124
vn 0.23544938 0.92102220 0.31029292
vn 0.31435789 0.89787816 0.30821085
vn 0.38968776 0.86709324 0.31031074
vn 0.46256891 0.83124506 0.30832070
vn 0.53319717 0.78779065 0.30836127
vn 0.59815578 0.73881671 0.31041832
vn 0.65948665 0.68554586 0.30838975
vn 0.71600943 0.62630108 0.30834632
vn 0.76783662 0.56160245 0.30826875
vn 0.81328566 0.49350194 0.30825683
vn 0.85191278 0.42188861 0.31024929
vn 0.88577930 0.34693363 0.30827274
vn 0.91154986 0.26975926 0.31033336
vn 0.93188392 0.19116074 0.30830170
vn 0.94487371 0.11023343 0.30832168
vn 0.95089542 0.02761270 0.30827818
vn 0.94908381 -0.05374308 0.31040553
vn 0.94168310 -0.13466391 0.30838056
vn 0.92640706 -0.21615686 0.30829560
vn 0.90441270 -0.29498009 0.30826030
vn 0.87524812 -0.37094445 0.31038838
vn 0.84099525 -0.44459290 0.30832474
vn 0.79909776 -0.51614643 0.30827850
vn 0.75154377 -0.58214849 0.31029841
vn 0.69957879 -0.64460040 0.30835020
vn 0.64078815 -0.70308499 0.30832133
vn 0.57798185 -0.75555653 0.30833637
vn 0.51092387 -0.80163097 0.31039426
vn 0.44096277 -0.84291029 0.30830841
vn 0.36589391 -0.87811840 0.30826891
vn 0.28930720 -0.90552756 0.31035653
vn 0.21110994 -0.92758587 0.30824834
vn 0.12954354 -0.94243311 0.30828283
vn 0.04848834 -0.94938269 0.31035687
vn -0.03271982 -0.95073006 0.30828844
vn -0.11437125 -0.94438044 0.30832580
vn -0.19552519 -0.93030694 0.31032063
vn -0.27439546 -0.91084065 0.30834467
vn -0.35174603 -0.88387862 0.30827473
vn -0.42734817 -0.84990158 0.30828696
vn -0.49805855 -0.80968280 0.31040529
vn -0.56571030 -0.76477933 0.30835765
vn -0.62941065 -0.71325798 0.30839145
vn -0.68828080 -0.65567917 0.31040998
vn -0.74227476 -0.59496859 0.30828647
vn -0.79070969 -0.52892106 0.30825429
vn -0.83293193 -0.45819963 0.31028617
vn -0.86958119 -0.38571365 0.30830754
vn -0.89952694 -0.30948944 0.30833029
vn -0.92308067 -0.22996069 0.30828583
vn -0.93948444 -0.14965271 0.30817697
vn -0.94810423 -0.06928949 0.31031811
vn -0.33783991 0.41099616 0.84672685
vn -0.30272805 0.43944618 0.84572027
vn 0.26436559 0.46421985 0.84534654
vn 0.30201480 0.43983697 0.84577213
vn -0.04562241 0.53213675 0.84542834
vn -0.00072049 0.48611337 0.87389546
vn -0.26380975 0.46373816 0.84578445
vn 0.33817826 0.41075253 0.84671000
vn 0.04766435 0.55508027 0.83043001
vn -0.22186837 0.48361513 0.84669406
vn 0.37409014 0.38129300 0.84538288
vn 0.09599984 0.55211426 0.82822332
vn -0.13574644 0.51444897 0.84670843
vn -0.09086844 0.52645138 0.84533536
vn -0.17970412 0.50304860 0.84536887
vn -0.40501631 0.34719789 0.84582233
vn -0.34057109 0.34694364 0.87386580
vn -0.43316136 0.31270215 0.84533343
vn -0.47858537 0.23303508 0.84655224
vn -0.45840207 0.27425935 0.84536936
vn -0.52203013 0.10209743 0.84679434
vn -0.46786213 0.13546013 0.87335879
vn -0.53088399 -0.03423778 0.84675260
vn -0.52732941 0.01225925 0.84957248
vn -0.49044152 -0.21177034 0.84535226
vn -0.50686214 -0.16881968 0.84533466
vn -0.42011807 -0.32999844 0.84534125
vn -0.44690920 -0.29266923 0.84535016
vn -0.33703083 -0.44656178 0.82885028
vn -0.35789061 -0.39684885 0.84523683
vn -0.24287481 -0.47508506 0.84575765
vn -0.29532330 -0.47238918 0.83044122
vn -0.20242158 -0.49443921 0.84531377
vn -0.11372852 -0.51980014 0.84668391
vn -0.15913154 -0.50996788 0.84534603
vn -0.06940039 -0.52965150 0.84537144
vn 0.02277302 -0.53158798 0.84669688
vn -0.02363439 -0.53372196 0.84532969
vn 0.16533253 -0.53222258 0.83030373
vn 0.11293644 -0.52244129 0.84516298
vn 0.28191691 -0.45147895 0.84657522
vn 0.24296331 -0.47578083 0.84534101
vn 0.35674920 -0.39677307 0.84575477
vn 0.33682342 -0.44562012 0.82944119
vn 0.38926652 -0.36583502 0.84536165
vn 0.46749810 -0.30581076 0.82941263
vn 0.41778734 -0.32984469 0.84655550
vn 0.46977780 -0.25430903 0.84536130
vn 0.50615630 -0.16884259 0.84575291
vn 0.48812273 -0.21161020 0.84673332
vn 0.53090257 -0.03443802 0.84673283
vn 0.52802671 -0.08082187 0.84537306
vn 0.52436592 0.10217351 0.84534073
vn 0.53121398 0.05670158 0.84533818
vn 0.52165765 0.20036504 0.82929316
vn 0.51176929 0.14631024 0.84657280
vn 0.50147408 0.24334684 0.83024458
vn 0.43281266 0.31209805 0.84573519
vn 0.47927701 0.28705720 0.82939238
vn 0.40551188 0.34772329 0.84536893
vn 0.18030453 0.50245871 0.84559182
vn 0.22207343 0.48349560 0.84670857
vn 0.14236831 0.53887722 0.83026659
vn -0.52190235 0.19905176 0.82945545
vn -0.53047544 0.05687641 0.84579009
vn -0.52743262 -0.08047730 0.84577670
vn -0.51865488 -0.12550579 0.84572183
vn -0.46828455 -0.25260000 0.84670114
vn -0.38822076 -0.36376279 0.84673566
vn 0.06911405 -0.52907797 0.84575395
vn 0.21188373 -0.51690590 0.82940556
vn 0.51878592 -0.12473889 0.84575492
vn 0.53341577 0.01190120 0.84576946
vn 0.87102632 -0.12892818 -0.47401547
vn 0.98786944 -0.05950625 0.14343283
vn 0.82135634 -0.04890225 -0.56831535
vn 0.90686020 0.02030229 -0.42094228
vn -0.07498330 0.84563406 -0.52847000
vn -0.17307876 0.96206867 0.21087346
vn -0.14835915 0.84337696 -0.51643476
vn -0.25480189 0.94323475 0.21303567
vn -0.22110286 0.82466818 -0.52061110
vn -0.29692166 0.82606223 -0.47901849
vn -0.57877126 0.69879725 -0.42036440
vn -0.68646240 0.69586092 0.21106149
vn -0.60111636 0.60866309 -0.51786906
vn -0.68746303 0.58623346 -0.42863144
vn 0.04100836 -0.90890350 -0.41498523
vn 0.11436257 -0.97116460 0.20919016
vn 0.13632651 -0.82662418 -0.54599226
vn 0.19223697 -0.88137147 -0.43154290
vn 0.68507236 0.58939127 -0.42812823
vn 0.67996214 0.70148695 0.21346558
vn 0.59624026 0.61281511 -0.51860890
vn 0.57078381 0.70022530 -0.42882440
vn -0.00412556 0.87672639 -0.48097175
vn -0.08913713 0.97344407 0.21085827
vn -0.33019981 0.90252479 0.27643641
vn -0.40657422 0.87089366 0.27611890
vn -0.36919538 0.80249702 -0.46871453
vn -0.47913251 0.83232581 0.27868581
vn -0.43706917 0.76433839 -0.47408581
vn -0.51560879 0.74200586 -0.42845640
vn -0.87252368 0.24838925 -0.42071986
vn -0.94451069 0.18094816 0.27414835
vn -0.86008443 0.16627183 -0.48229499
vn -0.95544340 0.09751657 0.27860085
vn -0.87573079 0.09194497 -0.47396382
vn -0.90368481 0.01960123 -0.42774940
vn -0.90646323 -0.05703774 -0.41841500
vn -0.94872001 -0.14905038 0.27877288
vn -0.87007172 -0.13426483 -0.47428700
vn -0.87716181 -0.21627516 -0.42873326
vn -0.90934613 -0.30910596 0.27846566
vn -0.83432392 -0.28128710 -0.47411092
vn -0.88046499 -0.38580276 0.27556785
vn -0.80722890 -0.35375730 -0.47247992
vn -0.84401337 -0.46014084 0.27552103
vn -0.77321544 -0.42192723 -0.47340818
vn -0.80001539 -0.53271655 0.27602255
vn -0.73301964 -0.48268524 -0.47926732
vn -0.75128143 -0.59835731 0.27846856
vn -0.69298841 -0.54840195 -0.46799825
vn -0.69828870 -0.66053969 0.27582642
vn -0.63684702 -0.60336683 -0.47997328
vn -0.60383711 -0.67240410 -0.42808116
vn -0.50092271 -0.80999192 -0.30494184
vn -0.43651127 -0.85658557 0.27517098
vn -0.39645414 -0.78209249 -0.48078628
vn -0.35725729 -0.89227394 0.27606964
vn -0.33028597 -0.81319304 -0.47919542
vn -0.27887740 -0.91969680 0.27637869
vn -0.26107588 -0.84380549 -0.46886211
vn -0.19206528 -0.88669701 -0.42057025
vn -0.11825152 -0.95382330 0.27611174
vn -0.11223147 -0.87014304 -0.47984913
vn -0.03478423 -0.96043018 0.27634025
vn -0.03629182 -0.87684838 -0.47939527
vn 0.41256119 -0.80561917 -0.42517174
vn 0.51630531 -0.81066473 0.27613679
vn 0.46960522 -0.74781209 -0.46930589
vn 0.57167922 -0.76242759 -0.30312874
vn 0.60736158 -0.67377200 -0.42088384
vn 0.70404107 -0.65314101 0.27880635
vn 0.64374834 -0.60052895 -0.47429216
vn 0.71624562 -0.55783132 -0.41930470
vn 0.86353283 -0.28593372 -0.41539495
vn 0.93523448 -0.22217538 0.27563485
vn 0.85366405 -0.20170619 -0.48017944
vn 0.95032664 -0.13792479 0.27902694
vn 0.90002052 0.09737737 -0.42483022
vn 0.94156306 0.18938348 0.27855502
vn 0.86730876 0.17145877 -0.46730869
vn 0.92226417 0.27106139 0.27559850
vn 0.84503289 0.24771630 -0.47387345
vn 0.88813334 0.34160674 -0.30744755
vn 0.81699977 0.49317436 -0.29881504
vn 0.77878433 0.56362718 0.27535318
vn 0.71076064 0.51710815 -0.47688413
vn 0.54195088 0.79392288 0.27563692
vn 0.49382201 0.72481501 -0.48039883
vn 0.46877167 0.83895819 0.27640962
vn 0.43192594 0.76398808 -0.47933517
vn 0.37899856 0.82870607 -0.41183291
vn 0.07657643 0.95016420 -0.30219868
vn -0.00246651 0.96131535 0.27543914
vn -0.53589752 0.77302146 0.33948736
vn -0.60155765 0.72144062 0.34300413
vn -0.71542346 0.61047588 0.33983595
vn -0.76706488 0.54421466 0.33976738
vn -0.73374554 0.52793624 -0.42766903
vn -0.80947458 0.47688422 0.34253810
vn -0.78216707 0.46503297 -0.41467940
vn -0.84851695 0.40638024 0.33893078
vn -0.81506263 0.39016161 -0.42830693
vn -0.88953617 0.33741983 -0.30801502
vn -0.90423968 0.25546610 0.34218076
vn -0.94029236 0.01369161 0.34009236
vn -0.93795077 -0.06756575 0.34012235
vn -0.91341309 -0.22429504 0.33965905
vn -0.62232930 -0.70506781 0.33997886
vn -0.57565267 -0.76208573 -0.29639391
vn -0.19506295 -0.91880990 0.34313089
vn 0.04638320 -0.93803511 0.34342210
vn 0.20850851 -0.91879322 0.33517639
vn 0.28193737 -0.91381241 -0.29233236
vn 0.36384634 -0.87956628 -0.30655995
vn 0.43365659 -0.83467220 0.33950593
vn 0.63070908 -0.69646569 0.34225955
vn 0.74208027 -0.57811335 0.33926661
vn 0.79773774 -0.51984328 -0.30557725
vn 0.83022214 -0.44241595 0.33911552
vn 0.79529144 -0.42916907 -0.42816520
vn 0.86552780 -0.36793390 0.33983271
vn 0.83337812 -0.36109427 -0.41843976
vn 0.89266966 -0.29262757 0.34279729
vn 0.93873356 0.02555705 0.34369483
vn 0.93416475 0.10783989 0.34015699
vn 0.70812126 0.61848528 0.34064679
vn 0.59455306 0.72855252 0.34017331
vn 0.38716390 0.85587631 0.34289921
vn 0.31302478 0.88725416 0.33881490
vn 0.29996110 0.85227953 -0.42853582
vn 0.24677833 0.91993307 -0.30466966
vn -0.65861249 0.24362504 0.71195255
vn -0.41481871 -0.56299753 0.71481411
vn -0.36474336 -0.60051762 0.71157633
vn 0.21450756 -0.66557992 0.71483556
vn 0.27408137 -0.64707215 0.71146120
vn 0.43056568 -0.55351145 0.71290832
vn 0.59141719 -0.37864061 0.71193890
vn 0.65411405 0.25647252 0.71158742
vn 0.62565565 0.31339259 0.71438092
vn 0.85906649 0.41775957 -0.29577306
vn 0.59842883 0.36820045 0.71155560
vn 0.17088933 0.68077279 0.71228172
vn 0.11133060 0.69080615 0.71441750
vn 0.16326061 0.94242820 -0.29184768
vn 0.05085279 0.70078846 0.71155431
vn -0.09256843 0.49998592 0.86107210
vn -0.13520629 0.49017571 0.86107319
vn -0.17296466 0.46513302 0.86817884
vn -0.21204089 0.44850636 0.86826304
vn -0.24981617 0.42863431 0.86825371
vn -0.27906431 0.39537035 0.87510308
vn -0.31182131 0.36998933 0.87514306
vn -0.35660375 0.35708579 0.86332120
vn -0.37107372 0.31085363 0.87502818
vn -0.39596014 0.27809814 0.87514398
vn -0.41838157 0.24301966 0.87515616
vn -0.43658979 0.20531089 0.87592054
vn -0.46238285 0.12792191 0.87740418
vn -0.48774736 0.09008752 0.86832411
vn -0.49384042 0.04771686 0.86824233
vn -0.48392838 0.00453739 0.87509584
vn -0.48245324 -0.03686731 0.87514552
vn -0.48957304 -0.07977082 0.86830574
vn -0.46907192 -0.11919206 0.87507987
vn -0.46871018 -0.16246419 0.86828345
vn -0.45299128 -0.20235401 0.86824637
vn -0.43392765 -0.24054876 0.86824138
vn -0.41163331 -0.27695048 0.86824908
vn -0.38631055 -0.31132066 0.86824167
vn -0.35811363 -0.34337490 0.86824438
vn -0.31777800 -0.36313928 0.87586928
vn -0.22183567 -0.44324890 0.86851560
vn -0.18220733 -0.46147057 0.86824271
vn -0.14186116 -0.47542235 0.86824478
vn -0.09759226 -0.47402528 0.87508616
vn -0.05850757 -0.49261711 0.86827717
vn -0.01575853 -0.49589788 0.86823785
vn 0.02668965 -0.48323292 0.87508491
vn 0.07057117 -0.50339578 0.86116920
vn 0.10930500 -0.47019675 0.87576677
vn 0.22466124 -0.42806174 0.87538019
vn 0.26735615 -0.41614367 0.86910594
vn 0.32652437 -0.35650380 0.87537814
vn 0.36556276 -0.33528704 0.86830091
vn 0.38288562 -0.29370010 0.87586463
vn 0.42772562 -0.22539030 0.87535707
vn 0.44621591 -0.18714191 0.87513957
vn 0.46063836 -0.14808328 0.87514778
vn 0.48343360 -0.11105527 0.86830794
vn 0.49131523 -0.06891469 0.86825118
vn 0.52000085 -0.02847629 0.85369094
vn 0.48392361 0.01683176 0.87494836
vn 0.48039767 0.05758532 0.87515827
vn 0.48567852 0.10075546 0.86831141
vn 0.47379680 0.14226783 0.86906643
vn 0.39951653 0.29336751 0.86851716
vn 0.36315640 0.31994412 0.87507325
vn 0.35180379 0.36685391 0.86119237
vn 0.30283066 0.37762321 0.87503960
vn 0.27663618 0.41173653 0.86830033
vn 0.24007444 0.43411840 0.86827731
vn 0.19654903 0.44223659 0.87509729
vn 0.15725914 0.45615484 0.87589516
vn -0.00456051 0.49199037 0.87058870
vn -0.04908035 0.50596631 0.86115574
vn 0.10475315 -0.83413645 -0.54151930
vn 0.20537066 -0.86776832 -0.45254949
vn 0.28090828 -0.87274814 -0.39925082
vn 0.32186350 -0.76828962 -0.55329463
vn 0.41786956 -0.79138115 -0.44620724
vn 0.49204339 -0.77035290 -0.40552400
vn 0.55442010 -0.72771364 -0.40379601
vn 0.56046968 -0.61040108 -0.55971802
vn 0.62719741 -0.57706659 -0.52308466
vn 0.72403459 -0.56029753 -0.40229416
vn 0.75293386 -0.48760235 -0.44196669
vn 0.73086082 -0.38460538 -0.56384498
vn 0.84355521 -0.35583618 -0.40223776
vn 0.86861825 -0.28556716 -0.40491201
vn 0.82716771 -0.19091989 -0.52852926
vn 0.81984956 -0.11700495 -0.56049670
vn 0.90682645 -0.05331758 -0.41811843
vn 0.85483381 0.02657445 -0.51822095
vn 0.88864790 0.10683411 -0.44597241
vn 0.89335655 0.18577552 -0.40914733
vn 0.85812439 0.25456619 -0.44589077
vn 0.79572080 0.31319925 -0.51839623
vn 0.76996354 0.38233473 -0.51085840
vn 0.78394722 0.47662613 -0.39781188
vn 0.72073775 0.52657493 -0.45083916
vn 0.62075088 0.54489163 -0.56370334
vn 0.61962301 0.64498420 -0.44728370
vn 0.53613376 0.66338147 -0.52200154
vn 0.45941024 0.68271246 -0.56819532
vn 0.40112158 0.72157939 -0.56429129
vn 0.37571195 0.83629931 -0.39930439
vn 0.28026885 0.80548269 -0.52215612
vn 0.21850239 0.87056779 -0.44087235
vn 0.14670694 0.88982648 -0.43207165
vn 0.07447442 0.91175069 -0.40393593
vn -0.00933791 0.82269674 -0.56840380
vn -0.07807676 0.81919731 -0.56817233
vn -0.16447191 0.89774705 -0.40865539
vn -0.23399881 0.86057760 -0.45238341
vn -0.29499822 0.79605748 -0.52845865
vn -0.38819288 0.82729711 -0.40606130
vn -0.42849078 0.73651611 -0.52339246
vn -0.48898783 0.69781421 -0.52339873
vn -0.54979761 0.65564100 -0.51754948
vn -0.64327433 0.64717417 -0.40910113
vn -0.63384623 0.53350204 -0.56001297
vn -0.67484031 0.47655906 -0.56345543
vn -0.79021320 0.45980956 -0.40513982
vn -0.74994960 0.35454330 -0.55845738
vn -0.80136831 0.29898169 -0.51809147
vn -0.82533619 0.22756370 -0.51675423
vn -0.83676608 0.15556969 -0.52499582
vn -0.84830358 0.08351324 -0.52288295
vn -0.85083883 0.01606887 -0.52518099
vn -0.91103350 -0.07364358 -0.40570258
vn -0.81772142 -0.13364279 -0.55988506
vn -0.80128186 -0.20131288 -0.56340083
vn -0.78272578 -0.26898043 -0.56123960
vn -0.83186752 -0.37203382 -0.41180974
vn -0.78404535 -0.43161571 -0.44607260
vn -0.68313324 -0.45862797 -0.56832153
vn -0.69915488 -0.56096263 -0.44328703
vn -0.61486323 -0.58719157 -0.52644968
vn -0.54581041 -0.62064352 -0.56293217
vn -0.51156357 -0.69221705 -0.50905625
vn -0.47119511 -0.76342095 -0.44177326
vn -0.36700315 -0.73643590 -0.56830525
vn -0.30488169 -0.76722276 -0.56428396
vn -0.26382968 -0.87481680 -0.40631203
vn -0.16842630 -0.81410133 -0.55576218
vn -0.09748389 -0.81784772 -0.56711727
vn -0.02812977 -0.82515263 -0.56420905
vn 0.04986154 -0.91285665 -0.40522409
vn -0.17365062 0.64578580 -0.74350936
vn -0.12183440 0.68322562 -0.71997162
vn -0.60153258 0.49789686 -0.62470575
vn -0.48674319 0.49486881 -0.71985132
vn -0.88287752 0.41075638 -0.22761037
vn -0.59392783 0.35461992 -0.72214572
vn -0.68782998 -0.04034804 -0.72474958
vn -0.65825506 0.01068334 -0.75271917
vn -0.94698875 -0.16051096 -0.27829579
vn -0.58843484 -0.31904032 -0.74293857
vn -0.63426736 -0.27553709 -0.72234633
vn -0.18091851 -0.90699407 -0.38030283
vn -0.20401581 -0.66360535 -0.71972598
vn 0.10247474 -0.68714451 -0.71925749
vn 0.02991555 -0.69099205 -0.72224307
vn 0.35690416 -0.83150180 -0.42570432
vn 0.20395880 -0.66053405 -0.72256182
vn 0.51056475 -0.54622878 -0.66404650
vn 0.41903148 -0.55079998 -0.72182547
vn 0.56268881 -0.36615671 -0.74115489
vn 0.54675187 -0.42719297 -0.72011705
vn 0.65737610 -0.21600917 -0.72193954
vn 0.63799218 -0.27303776 -0.72001136
vn 0.65176895 -0.15161668 -0.74310808
vn 0.74793208 0.02582687 -0.66327263
vn 0.69110817 -0.04011266 -0.72163736
vn 0.54203480 0.39357960 -0.74249132
vn 0.59450617 0.35777511 -0.72011068
vn 0.23460918 0.68036203 -0.69430976
vn 0.28740805 0.63188404 -0.71980495
vn -0.50071290 0.62004095 -0.60401639
vn -0.37731549 0.54021857 -0.75219474
vn 0.43941106 0.75124144 -0.49249794
vn 0.39188400 0.58740129 -0.70808662
vn -0.06559216 0.88986253 -0.45148902
vn -0.01003667 0.69868770 -0.71535639
vn -0.47592139 0.80934586 -0.34417745
vn 0.61651895 0.76979264 -0.16529872
vn 0.05614591 0.68980989 -0.72181019
vn -0.29138910 0.62986743 -0.71997182
vn 0.48602861 0.49789519 -0.71824548
vn 0.12052513 0.69379937 -0.71001136
vn -0.22896725 0.65786874 -0.71748360
vn -0.60973211 0.45183887 -0.65120533
vn -0.96173803 0.18267892 0.20417731
vn -0.78926346 0.23384315 -0.56778567
vn -0.90563035 -0.29201973 -0.30750308
vn -0.69284475 -0.54606100 -0.47093900
vn -0.69891243 -0.44131046 -0.56282013
vn -0.53942091 -0.70410155 -0.46180741
vn -0.45849127 -0.50746485 -0.72956507
vn -0.33691500 -0.69067564 -0.63988706
vn -0.40670995 -0.65854083 -0.63317532
vn -0.30090524 -0.71077938 -0.63580556
vn -0.09256898 -0.68152927 -0.72591242
vn -0.05118994 -0.97700980 -0.20695758
vn 0.13710617 -0.64648107 -0.75050924
vn 0.36996971 -0.58669675 -0.72035362
vn 0.30450049 -0.58808196 -0.74929237
vn 0.51593468 -0.49126216 -0.70176414
vn 0.62083274 -0.34491408 -0.70398933
vn 0.81713527 -0.13491225 -0.56043611
vn 0.67825335 0.13263997 -0.72275793
vn 0.65915017 0.07226722 -0.74853090
vn 0.62472609 0.24683633 -0.74080303
vn 0.66682324 0.19402143 -0.71951543
vn 0.66719781 0.31664439 -0.67422802
vn 0.56268738 0.47035927 -0.67981252
vn 0.16739145 0.63974320 -0.75013915
vn -0.61423621 0.23044516 -0.75472439
vn -0.68573890 0.06696089 -0.72476092
vn -0.66138456 -0.16247407 -0.73223810
vn -0.60519332 -0.58381427 -0.54120415
vn -0.74210377 -0.00213011 -0.67028163
vn 0.33765879 -0.64219240 -0.68816819
vn 0.41083610 -0.59519799 -0.69061788
vn 0.51812190 -0.59557467 -0.61387336
vn 0.55567146 -0.48963066 -0.67193084
vn 0.59582412 -0.41138368 -0.68975146
vn 0.71327817 -0.36562876 -0.59795473
vn 0.67621999 -0.25645551 -0.69062081
vn 0.73346771 -0.18457381 -0.65418471
vn -0.74727546 -0.08731296 -0.65875324
vn -0.79260319 -0.19390863 -0.57808272
vn -0.37022828 -0.69131413 -0.62049641
vn -0.26708131 -0.71765766 -0.64314467
vn -0.18412862 -0.73189998 -0.65606331
vn -0.09307776 -0.80688712 -0.58332641
vn 0.00324855 -0.75082669 -0.66049128
vn 0.08750617 -0.74832275 -0.65753763
vn 0.17342620 -0.70313875 -0.68957904
vn 0.26455749 -0.70814246 -0.65463241
vn 0.75577070 -0.08749236 -0.64896512
vn 0.73890289 -0.00180118 -0.67380953
vn 0.71998097 0.08771746 -0.68842796
vn 0.70277536 0.17314473 -0.69002007
vn 0.71020428 0.26541235 -0.65204767
vn 0.17338969 0.70427218 -0.68843062
vn 0.08717068 0.71849545 -0.69004751
vn 0.00791787 0.80320054 -0.59565611
vn -0.70284295 -0.27024462 -0.65801188
vn -0.64138081 -0.33648426 -0.68949909
vn -0.63897983 -0.44854384 -0.62491056
vn 0.65373632 0.34518584 -0.67340594
vn 0.59597645 0.41125051 -0.68969927
vn 0.58987198 0.53242406 -0.60710432
vn 0.48831201 0.54926176 -0.67813192
vn 0.46101762 0.65620341 -0.59737748
vn 0.34874903 0.67298495 -0.65227707
vn 0.26429235 0.69141285 -0.67238220
vn -0.09498487 0.75065313 -0.65383313
vn -0.17319763 0.70314449 -0.68963063
vn -0.27065782 0.70403431 -0.65656686
vn -0.55278922 -0.48772558 -0.67568324
vn -0.53739509 -0.61205795 -0.58016513
vn -0.41721617 -0.60695900 -0.67641071
vn -0.34038492 0.65163544 -0.67787120
vn -0.43250079 0.63127793 -0.64376334
vn -0.49029569 0.55093064 -0.67534107
vn -0.56936936 0.51063972 -0.64425586
vn -0.65016987 0.44051959 -0.61904897
vn -0.66368215 0.35205135 -0.65998928
vn -0.71761580 0.27322474 -0.64060582
vn -0.72416896 0.17804087 -0.66624377
vn -0.74246379 0.09125588 -0.66364138
vn -0.71194440 0.08644607 0.69689472
vn -0.69633311 0.17163071 0.69689533
vn -0.67056470 0.25431122 0.69689941
vn -0.63502319 0.33328561 0.69689759
vn -0.59021685 0.40739654 0.69690181
vn -0.53680800 0.47557001 0.69690052
vn -0.47556852 0.53680541 0.69690354
vn -0.40739894 0.59021944 0.69689821
vn -0.33328545 0.63502331 0.69689756
vn -0.25431213 0.67056411 0.69689964
vn -0.17163086 0.69633305 0.69689535
vn -0.08644510 0.71194478 0.69689445
vn -0.00000145 0.71716515 0.69690325
vn 0.08644564 0.71194464 0.69689453
vn 0.17163079 0.69633306 0.69689536
vn 0.25431122 0.67056470 0.69689941
vn 0.33328534 0.63502325 0.69689767
vn 0.40739708 0.59021683 0.69690151
vn 0.47556746 0.53680596 0.69690383
vn 0.53681073 0.47557193 0.69689711
vn 0.59021630 0.40739740 0.69690177
vn 0.63502305 0.33328538 0.69689783
vn 0.67056438 0.25431221 0.69689936
vn 0.69633272 0.17163089 0.69689568
vn 0.71194489 0.08644568 0.69689427
vn 0.71716530 0.00000088 0.69690310
vn 0.71194440 -0.08644607 0.69689472
vn 0.69633311 -0.17163071 0.69689533
vn 0.67056470 -0.25431122 0.69689941
vn 0.63502319 -0.33328561 0.69689759
vn 0.59021682 -0.40739652 0.69690185
vn 0.53680813 -0.47556964 0.69690067
vn 0.47557028 -0.53680831 0.69690010
vn 0.40739740 -0.59021625 0.69690181
vn 0.33328536 -0.63502302 0.69689787
vn 0.25431219 -0.67056434 0.69689940
vn 0.17163080 -0.69633273 0.69689569
vn 0.08644512 -0.71194503 0.69689419
vn 0.00000094 -0.71716497 0.69690344
vn -0.08644564 -0.71194460 0.69689457
vn -0.17163078 -0.69633303 0.69689539
vn -0.25431121 -0.67056467 0.69689945
vn -0.33328532 -0.63502321 0.69689771
vn -0.40739666 -0.59021693 0.69690167
vn -0.47556974 -0.53680838 0.69690041
vn -0.53681072 -0.47557189 0.69689715
vn -0.59021626 -0.40739738 0.69690181
vn -0.63502290 -0.33328553 0.69689789
vn -0.67056446 -0.25431230 0.69689925
vn -0.69633271 -0.17163073 0.69689572
vn -0.71194489 -0.08644568 0.69689427
vn -0.71716530 -0.00000088 0.69690310
vt 0.56458333 0.34821429
vt 0.56458333 0.34821429
vt 0.56458333 0.34821429
vt 0.56458333 0.34821429
vt 0.56458333 0.34821429
vt 0.56458333 0.34821429
vt 0.56458333 0.34821429
vt 0.56458333 0.34821429
vt 0.56458333 0.34821429
vt 0.56458333 0.34821429
vt 0.56458333 0.34821429
vt 0.56458333 0.34821429
vt 0.56458333 0.34821429
vt 0.56458333 0.34821429
vt 0.56458333 0.34821429
vt 0.56458333 0.34821429
vt 0.56458333 0.34821429
vt 0.56458333 0.34821429
vt 0.56458333 0.34821429
vt 0.56458333 0.34821429
vt 0.56458333 0.34821429
vt 0.56458333 0.34821429
vt 0.56458333 0.34821429
vt 0.56458333 0.34821429
vt 0.56458333 0.34821429
vt 0.56458333 0.34821429
vt 0.56458333 0.34821429
vt 0.56458333 0.34821429
vt 0.56458333 0.34821429
vt 0.56458333 0.34821429
vt 0.56458333 0.34821429
vt 0.56458333 0.34821429
vt 0.56458333 0.34821429
vt 0.56458333 0.34821429
vt 0.56458333 0.34821429
vt 0.56458333 0.34821429
vt 0.56458333 0.34821429
vt 0.56458333 0.34821429
vt 0.56458333 0.34821429
vt 0.56458333 0.34821429
vt 0.56458333 0.34821429
vt 0.56458333 0.34821429
vt 0.56458333 0.34821429
vt 0.56458333 0.34821429
vt 0.56458333 0.34821429
vt 0.56458333 0.34821429
vt 0.56458333 0.34821429
vt 0.56458333 0.34821429
vt 0.56458333 0.34821429
vt 0.56458333 0.34821429
vt 0.56458333 0.34821429
vt 0.56458333 0.34821429
vt 0.56458333 0.34821429
vt 0.56458333 0.34821429
vt 0.56458333 0.34821429
vt 0.56458333 0.34821429
vt 0.56458333 0.34821429
vt 0.56458333 0.34821429
vt 0.56458333 0.34821429
vt 0.56458333 0.34821429
vt 0.56458333 0.34821429
vt 0.56458333 0.34821429
vt 0.56458333 0.34821429
vt 0.56458333 0.34821429
vt 0.56458333 0.34821429
vt 0.56458333 0.34821429
vt 0.56458333 0.34821429
vt 0.56458333 0.34821429
vt 0.56458333 0.34821429
vt 0.56458333 0.34821429
vt 0.56458333 0.34821429
vt 0.56458333 0.34821429
vt 0.56458333 0.34821429
vt 0.56458333 0.34821429
vt 0.56458333 0.34821429
vt 0.56458333 0.34821429
vt 0.56458333 0.34821429
vt 0.56458333 0.34821429
vt 0.56458333 0.34821429
vt 0.56458333 0.34821429
vt 0.56458333 0.34821429
vt 0.56458333 0.34821429
vt 0.56458333 0.34821429
vt 0.56458333 0.34821429
vt 0.56458333 0.34821429
vt 0.56458333 0.34821429
vt 0.56458333 0.34821429
vt 0.56458333 0.34821429
vt 0.56458333 0.34821429
vt 0.56458333 0.34821429
vt 0.56458333 0.34821429
vt 0.56458333 0.34821429
vt 0.56458333 0.34821429
vt 0.56458333 0.34821429
vt 0.56458333 0.34821429
vt 0.56458333 0.34821429
vt 0.56458333 0.34821429
vt 0.56458333 0.34821429
vt 0.56458333 0.34821429
vt 0.56458333 0.34821429
vt 0.56458333 0.34821429
vt 0.56458333 0.34821429
vt 0.56458333 0.34821429
vt 0.56458333 0.34821429
vt 0.56458333 0.34821429
vt 0.56458333 0.34821429
vt 0.56458333 0.34821429
vt 0.56458333 0.34821429
vt 0.56458333 0.34821429
vt 0.56458333 0.34821429
vt 0.56458333 0.34821429
vt 0.56458333 0.34821429
vt 0.56458333 0.34821429
vt 0.56458333 0.34821429
vt 0.56458333 0.34821429
vt 0.56458333 0.34821429
vt 0.56458333 0.34821429
vt 0.56458333 0.34821429
vt 0.56458333 0.34821429
vt 0.56458333 0.34821429
vt 0.56458333 0.34821429
vt 0.56458333 0.34821429
vt 0.56458333 0.34821429
vt 0.56458333 0.34821429
vt 0.56458333 0.34821429
vt 0.56458333 0.34821429
vt 0.56458333 0.34821429
vt 0.56458333 0.34821429
vt 0.56458333 0.34821429
vt 0.56458333 0.34821429
vt 0.56458333 0.34821429
vt 0.56458333 0.34821429
vt 0.56458333 0.34821429
vt 0.56458333 0.34821429
vt 0.56458333 0.34821429
vt 0.56458333 0.34821429
vt 0.56458333 0.34821429
vt 0.56458333 0.34821429
vt 0.56458333 0.34821429
vt 0.56458333 0.34821429
vt 0.56458333 0.34821429
vt 0.56458333 0.34821429
vt 0.56458333 0.34821429
vt 0.56458333 0.34821429
vt 0.56458333 0.34821429
vt 0.56458333 0.34821429
vt 0.56458333 0.34821429
vt 0.56458333 0.34821429
vt 0.56458333 0.34821429
vt 0.56458333 0.34821429
vt 0.56458333 0.34821429
vt 0.56458333 0.34821429
vt 0.56458333 0.34821429
vt 0.56458333 0.34821429
vt 0.56458333 0.34821429
vt 0.56458333 0.34821429
vt 0.56458333 0.34821429
vt 0.56458333 0.34821429
vt 0.56458333 0.34821429
vt 0.56458333 0.34821429
vt 0.56458333 0.34821429
vt 0.56458333 0.34821429
vt 0.56458333 0.34821429
vt 0.56458333 0.34821429
vt 0.56458333 0.34821429
vt 0.56458333 0.34821429
vt 0.56458333 0.34821429
vt 0.56458333 0.34821429
vt 0.56458333 0.34821429
vt 0.56458333 0.34821429
vt 0.56458333 0.34821429
vt 0.56458333 0.34821429
vt 0.56458333 0.34821429
vt 0.56458333 0.34821429
vt 0.56458333 0.34821429
vt 0.56458333 0.34821429
vt 0.56458333 0.34821429
vt 0.56458333 0.34821429
vt 0.56458333 0.34821429
vt 0.56458333 0.34821429
vt 0.56458333 0.34821429
vt 0.56458333 0.34821429
vt 0.56458333 0.34821429
vt 0.56458333 0.34821429
vt 0.56458333 0.34821429
vt 0.56458333 0.34821429
vt 0.56458333 0.34821429
vt 0.56458333 0.34821429
vt 0.56458333 0.34821429
vt 0.56458333 0.34821429
vt 0.56458333 0.34821429
vt 0.56458333 0.34821429
vt 0.56458333 0.34821429
vt 0.56458333 0.34821429
vt 0.56458333 0.34821429
vt 0.56458333 0.34821429
vt 0.56458333 0.34821429
vt 0.56458333 0.34821429
vt 0.56458333 0.34821429
vt 0.56458333 0.34821429
vt 0.56458333 0.34821429
vt 0.56458333 0.34821429
vt 0.56458333 0.34821429
vt 0.56458333 0.34821429
vt 0.56458333 0.34821429
vt 0.56458333 0.34821429
vt 0.56458333 0.34821429
vt 0.56458333 0.34821429
vt 0.56458333 0.34821429
vt 0.56458333 0.34821429
vt 0.56458333 0.34821429
vt 0.56458333 0.34821429
vt 0.56458333 0.34821429
vt 0.56458333 0.34821429
vt 0.56458333 0.34821429
vt 0.56458333 0.34821429
vt 0.56458333 0.34821429
vt 0.56458333 0.34821429
vt 0.56458333 0.34821429
vt 0.56458333 0.34821429
vt 0.56458333 0.34821429
vt 0.56458333 0.34821429
vt 0.56458333 0.34821429
vt 0.56458333 0.34821429
vt 0.56458333 0.34821429
vt 0.56458333 0.34821429
vt 0.56458333 0.34821429
vt 0.56458333 0.34821429
vt 0.56458333 0.34821429
vt 0.56458333 0.34821429
vt 0.56458333 0.34821429
vt 0.56458333 0.34821429
vt 0.56458333 0.34821429
vt 0.56458333 0.34821429
vt 0.56458333 0.34821429
vt 0.56458333 0.34821429
vt 0.56458333 0.34821429
vt 0.56458333 0.34821429
vt 0.56458333 0.34821429
vt 0.56458333 0.34821429
vt 0.56458333 0.34821429
vt 0.56458333 0.34821429
vt 0.56458333 0.34821429
vt 0.56458333 0.34821429
vt 0.56458333 0.34821429
vt 0.56458333 0.34821429
vt 0.56458333 0.34821429
vt 0.56458333 0.34821429
vt 0.56458333 0.34821429
vt 0.56458333 0.34821429
vt 0.56458333 0.34821429
vt 0.56458333 0.34821429
vt 0.56458333 0.34821429
vt 0.56458333 0.34821429
vt 0.56458333 0.34821429
vt 0.56458333 0.34821429
vt 0.56458333 0.34821429
vt 0.56458333 0.34821429
vt 0.56458333 0.34821429
vt 0.56458333 0.34821429
vt 0.56458333 0.34821429
vt 0.56458333 0.34821429
vt 0.56458333 0.34821429
vt 0.56458333 0.34821429
vt 0.56458333 0.34821429
vt 0.56458333 0.34821429
vt 0.56458333 0.34821429
vt 0.56458333 0.34821429
vt 0.56458333 0.34821429
vt 0.56458333 0.34821429
vt 0.56458333 0.34821429
vt 0.56458333 0.34821429
vt 0.56458333 0.34821429
vt 0.56458333 0.34821429
vt 0.56458333 0.34821429
vt 0.56458333 0.34821429
vt 0.56458333 0.34821429
vt 0.56458333 0.34821429
vt 0.56458333 0.34821429
vt 0.56458333 0.34821429
vt 0.56458333 0.34821429
vt 0.56458333 0.34821429
vt 0.56458333 0.34821429
vt 0.56458333 0.34821429
vt 0.56458333 0.34821429
vt 0.56458333 0.34821429
vt 0.56458333 0.34821429
vt 0.56458333 0.34821429
vt 0.56458333 0.34821429
vt 0.56458333 0.34821429
vt 0.56458333 0.34821429
vt 0.56458333 0.34821429
vt 0.56458333 0.34821429
vt 0.56458333 0.34821429
vt 0.56458333 0.34821429
vt 0.56458333 0.34821429
vt 0.56458333 0.34821429
vt 0.56458333 0.34821429
vt 0.56458333 0.34821429
vt 0.56458333 0.34821429
vt 0.56458333 0.34821429
vt 0.56458333 0.34821429
vt 0.56458333 0.34821429
vt 0.56458333 0.34821429
vt 0.56458333 0.34821429
vt 0.56458333 0.34821429
vt 0.56458333 0.34821429
vt 0.56458333 0.34821429
vt 0.56458333 0.34821429
vt 0.56458333 0.34821429
vt 0.56458333 0.34821429
vt 0.56458333 0.34821429
vt 0.56458333 0.34821429
vt 0.56458333 0.34821429
vt 0.56458333 0.34821429
vt 0.56458333 0.34821429
vt 0.56458333 0.34821429
vt 0.56458333 0.34821429
vt 0.56458333 0.34821429
vt 0.56458333 0.34821429
vt 0.56458333 0.34821429
vt 0.56458333 0.34821429
vt 0.56458333 0.34821429
vt 0.56458333 0.34821429
vt 0.56458333 0.34821429
vt 0.56458333 0.34821429
vt 0.56458333 0.34821429
vt 0.56458333 0.34821429
vt 0.56458333 0.34821429
vt 0.56458333 0.34821429
vt 0.56458333 0.34821429
vt 0.56458333 0.34821429
vt 0.56458333 0.34821429
vt 0.56458333 0.34821429
vt 0.56458333 0.34821429
vt 0.56458333 0.34821429
vt 0.56458333 0.34821429
vt 0.56458333 0.34821429
vt 0.56458333 0.34821429
vt 0.56458333 0.34821429
vt 0.56458333 0.34821429
vt 0.56458333 0.34821429
vt 0.56458333 0.34821429
vt 0.56458333 0.34821429
vt 0.56458333 0.34821429
vt 0.56458333 0.34821429
vt 0.56458333 0.34821429
vt 0.56458333 0.34821429
vt 0.56458333 0.34821429
vt 0.56458333 0.34821429
vt 0.56458333 0.34821429
vt 0.56458333 0.34821429
vt 0.56458333 0.34821429
vt 0.56458333 0.34821429
vt 0.56458333 0.34821429
vt 0.56458333 0.34821429
vt 0.56458333 0.34821429
vt 0.56458333 0.34821429
vt 0.56458333 0.34821429
vt 0.56458333 0.34821429
vt 0.56458333 0.34821429
vt 0.56458333 0.34821429
vt 0.56458333 0.34821429
vt 0.56458333 0.34821429
vt 0.56458333 0.34821429
vt 0.56458333 0.34821429
vt 0.56458333 0.34821429
vt 0.56458333 0.34821429
vt 0.56458333 0.34821429
vt 0.56458333 0.34821429
vt 0.56458333 0.34821429
vt 0.56458333 0.34821429
vt 0.56458333 0.34821429
vt 0.56458333 0.34821429
vt 0.56458333 0.34821429
vt 0.56458333 0.34821429
vt 0.56458333 0.34821429
vt 0.56458333 0.34821429
vt 0.56458333 0.34821429
vt 0.56458333 0.34821429
vt 0.56458333 0.34821429
vt 0.56458333 0.34821429
vt 0.56458333 0.34821429
vt 0.56458333 0.34821429
vt 0.56458333 0.34821429
vt 0.56458333 0.34821429
vt 0.56458333 0.34821429
vt 0.56458333 0.34821429
vt 0.56458333 0.34821429
vt 0.56458333 0.34821429
vt 0.56458333 0.34821429
vt 0.56458333 0.34821429
vt 0.56458333 0.34821429
vt 0.56458333 0.34821429
vt 0.56458333 0.34821429
vt 0.56458333 0.34821429
vt 0.56458333 0.34821429
vt 0.56458333 0.34821429
vt 0.56458333 0.34821429
vt 0.56458333 0.34821429
vt 0.56458333 0.34821429
vt 0.56458333 0.34821429
vt 0.56458333 0.34821429
vt 0.56458333 0.34821429
vt 0.56458333 0.34821429
vt 0.56458333 0.34821429
vt 0.56458333 0.34821429
vt 0.56458333 0.34821429
vt 0.56458333 0.34821429
vt 0.56458333 0.34821429
vt 0.56458333 0.34821429
vt 0.56458333 0.34821429
vt 0.56458333 0.34821429
vt 0.56458333 0.34821429
vt 0.56458333 0.34821429
vt 0.56458333 0.34821429
vt 0.56458333 0.34821429
vt 0.56458333 0.34821429
vt 0.56458333 0.34821429
vt 0.56458333 0.34821429
vt 0.56458333 0.34821429
vt 0.56458333 0.34821429
vt 0.56458333 0.34821429
vt 0.56458333 0.34821429
vt 0.56458333 0.34821429
vt 0.56458333 0.34821429
vt 0.56458333 0.34821429
vt 0.56458333 0.34821429
vt 0.56458333 0.34821429
vt 0.56458333 0.34821429
vt 0.56458333 0.34821429
vt 0.56458333 0.34821429
vt 0.56458333 0.34821429
vt 0.56458333 0.34821429
vt 0.56458333 0.34821429
vt 0.56458333 0.34821429
vt 0.56458333 0.34821429
vt 0.56458333 0.34821429
vt 0.56458333 0.34821429
vt 0.56458333 0.34821429
vt 0.56458333 0.34821429
vt 0.56458333 0.34821429
vt 0.56458333 0.34821429
vt 0.56458333 0.34821429
vt 0.56458333 0.34821429
vt 0.56458333 0.34821429
vt 0.56458333 0.34821429
vt 0.56458333 0.34821429
vt 0.56458333 0.34821429
vt 0.56458333 0.34821429
vt 0.56458333 0.34821429
vt 0.56458333 0.34821429
vt 0.56458333 0.34821429
vt 0.56458333 0.34821429
vt 0.56458333 0.34821429
vt 0.56458333 0.34821429
vt 0.56458333 0.34821429
vt 0.56458333 0.34821429
vt 0.56458333 0.34821429
vt 0.56458333 0.34821429
vt 0.56458333 0.34821429
vt 0.56458333 0.34821429
vt 0.56458333 0.34821429
vt 0.56458333 0.34821429
vt 0.56458333 0.34821429
vt 0.56458333 0.34821429
vt 0.56458333 0.34821429
vt 0.56458333 0.34821429
vt 0.56458333 0.34821429
vt 0.56458333 0.34821429
vt 0.56458333 0.34821429
vt 0.56458333 0.34821429
vt 0.56458333 0.34821429
vt 0.56458333 0.34821429
vt 0.56458333 0.34821429
vt 0.56458333 0.34821429
vt 0.56458333 0.34821429
vt 0.56458333 0.34821429
vt 0.56458333 0.34821429
vt 0.56458333 0.34821429
vt 0.56458333 0.34821429
vt 0.56458333 0.34821429
vt 0.56458333 0.34821429
vt 0.56458333 0.34821429
vt 0.56458333 0.34821429
vt 0.56458333 0.34821429
vt 0.56458333 0.34821429
vt 0.56458333 0.34821429
vt 0.56458333 0.34821429
vt 0.56458333 0.34821429
vt 0.56458333 0.34821429
vt 0.56458333 0.34821429
vt 0.56458333 0.34821429
vt 0.56458333 0.34821429
vt 0.56458333 0.34821429
vt 0.56458333 0.34821429
vt 0.56458333 0.34821429
vt 0.56458333 0.34821429
vt 0.56458333 0.34821429
vt 0.56458333 0.34821429
vt 0.56458333 0.34821429
vt 0.56458333 0.34821429
vt 0.56458333 0.34821429
vt 0.56458333 0.34821429
vt 0.56458333 0.34821429
vt 0.56458333 0.34821429
vt 0.56458333 0.34821429
vt 0.56458333 0.34821429
vt 0.56458333 0.34821429
vt 0.56458333 0.34821429
vt 0.56458333 0.34821429
vt 0.56458333 0.34821429
vt 0.56458333 0.34821429
vt 0.56458333 0.34821429
vt 0.56458333 0.34821429
vt 0.56458333 0.34821429
vt 0.56458333 0.34821429
vt 0.56458333 0.34821429
vt 0.56458333 0.34821429
vt 0.56458333 0.34821429
vt 0.56458333 0.34821429
vt 0.56458333 0.34821429
vt 0.56458333 0.34821429
vt 0.56458333 0.34821429
vt 0.56458333 0.34821429
vt 0.56458333 0.34821429
vt 0.56458333 0.34821429
vt 0.56458333 0.34821429
vt 0.56458333 0.34821429
vt 0.56458333 0.34821429
vt 0.56458333 0.34821429
vt 0.56458333 0.34821429
vt 0.56458333 0.34821429
vt 0.56458333 0.34821429
vt 0.56458333 0.34821429
vt 0.56458333 0.34821429
vt 0.56458333 0.34821429
vt 0.56458333 0.34821429
vt 0.56458333 0.34821429
vt 0.56458333 0.34821429
vt 0.56458333 0.34821429
vt 0.56458333 0.34821429
vt 0.56458333 0.34821429
vt 0.56458333 0.34821429
vt 0.56458333 0.34821429
vt 0.56458333 0.34821429
vt 0.56458333 0.34821429
vt 0.56458333 0.34821429
vt 0.56458333 0.34821429
vt 0.56458333 0.34821429
vt 0.56458333 0.34821429
vt 0.56458333 0.34821429
vt 0.56458333 0.34821429
vt 0.56458333 0.34821429
vt 0.56458333 0.34821429
vt 0.56458333 0.34821429
vt 0.56458333 0.34821429
vt 0.56458333 0.34821429
vt 0.56458333 0.34821429
vt 0.56458333 0.34821429
vt 0.56458333 0.34821429
vt 0.56458333 0.34821429
vt 0.56458333 0.34821429
vt 0.56458333 0.34821429
vt 0.56458333 0.34821429
vt 0.56458333 0.34821429
vt 0.56458333 0.34821429
vt 0.56458333 0.34821429
vt 0.56458333 0.34821429
vt 0.56458333 0.34821429
vt 0.56458333 0.34821429
vt 0.56458333 0.34821429
vt 0.56458333 0.34821429
vt 0.56458333 0.34821429
vt 0.56458333 0.34821429
vt 0.56458333 0.34821429
vt 0.56458333 0.34821429
vt 0.56458333 0.34821429
vt 0.56458333 0.34821429
vt 0.56458333 0.34821429
vt 0.56458333 0.34821429
vt 0.56458333 0.34821429
vt 0.56458333 0.34821429
vt 0.56458333 0.34821429
vt 0.56458333 0.34821429
vt 0.56458333 0.34821429
vt 0.56458333 0.34821429
vt 0.56458333 0.34821429
vt 0.56458333 0.34821429
vt 0.56458333 0.34821429
vt 0.56458333 0.34821429
vt 0.56458333 0.34821429
vt 0.56458333 0.34821429
vt 0.56458333 0.34821429
vt 0.56458333 0.34821429
vt 0.56458333 0.34821429
vt 0.56458333 0.34821429
vt 0.56458333 0.34821429
vt 0.56458333 0.34821429
vt 0.56458333 0.34821429
vt 0.56458333 0.34821429
vt 0.56458333 0.34821429
vt 0.56458333 0.34821429
vt 0.56458333 0.34821429
vt 0.56458333 0.34821429
vt 0.56458333 0.34821429
vt 0.56458333 0.34821429
vt 0.56458333 0.34821429
vt 0.56458333 0.34821429
vt 0.56458333 0.34821429
vt 0.56458333 0.34821429
vt 0.56458333 0.34821429
vt 0.56458333 0.34821429
vt 0.56458333 0.34821429
vt 0.56458333 0.34821429
vt 0.56458333 0.34821429
vt 0.56458333 0.34821429
vt 0.56458333 0.34821429
vt 0.56458333 0.34821429
vt 0.56458333 0.34821429
vt 0.56458333 0.34821429
vt 0.56458333 0.34821429
vt 0.56458333 0.34821429
vt 0.56458333 0.34821429
vt 0.56458333 0.34821429
vt 0.56458333 0.34821429
vt 0.56458333 0.34821429
vt 0.56458333 0.34821429
vt 0.56458333 0.34821429
vt 0.56458333 0.34821429
vt 0.56458333 0.34821429
vt 0.56458333 0.34821429
vt 0.56458333 0.34821429
vt 0.56458333 0.34821429
vt 0.56458333 0.34821429
vt 0.56458333 0.34821429
vt 0.56458333 0.34821429
vt 0.56458333 0.34821429
vt 0.56458333 0.34821429
vt 0.56458333 0.34821429
vt 0.56458333 0.34821429
vt 0.56458333 0.34821429
vt 0.56458333 0.34821429
vt 0.56458333 0.34821429
vt 0.56458333 0.34821429
vt 0.56458333 0.34821429
vt 0.56458333 0.34821429
vt 0.56458333 0.34821429
vt 0.56458333 0.34821429
vt 0.56458333 0.34821429
vt 0.56458333 0.34821429
vt 0.56458333 0.34821429
vt 0.56458333 0.34821429
vt 0.56458333 0.34821429
vt 0.56458333 0.34821429
vt 0.56458333 0.34821429
vt 0.56458333 0.34821429
vt 0.56458333 0.34821429
vt 0.56458333 0.34821429
vt 0.56458333 0.34821429
vt 0.56458333 0.34821429
vt 0.56458333 0.34821429
vt 0.56458333 0.34821429
vt 0.56458333 0.34821429
vt 0.56458333 0.34821429
vt 0.56458333 0.34821429
vt 0.56458333 0.34821429
vt 0.56458333 0.34821429
vt 0.56458333 0.34821429
vt 0.56458333 0.34821429
vt 0.56458333 0.34821429
vt 0.56458333 0.34821429
vt 0.56458333 0.34821429
vt 0.56458333 0.34821429
vt 0.56458333 0.34821429
vt 0.56458333 0.34821429
vt 0.56458333 0.34821429
vt 0.56458333 0.34821429
vt 0.56458333 0.34821429
vt 0.56458333 0.34821429
vt 0.56458333 0.34821429
vt 0.56458333 0.34821429
vt 0.56458333 0.34821429
vt 0.56458333 0.34821429
vt 0.56458333 0.34821429
vt 0.56458333 0.34821429
vt 0.56458333 0.34821429
vt 0.56458333 0.34821429
vt 0.56458333 0.34821429
vt 0.56458333 0.34821429
vt 0.56458333 0.34821429
vt 0.56458333 0.34821429
vt 0.56458333 0.34821429
vt 0.56458333 0.34821429
vt 0.56458333 0.34821429
vt 0.56458333 0.34821429
vt 0.56458333 0.34821429
vt 0.56458333 0.34821429
vt 0.56458333 0.34821429
vt 0.56458333 0.34821429
vt 0.56458333 0.34821429
vt 0.56458333 0.34821429
vt 0.56458333 0.34821429
vt 0.56458333 0.34821429
vt 0.56458333 0.34821429
vt 0.56458333 0.34821429
vt 0.56458333 0.34821429
vt 0.56458333 0.34821429
vt 0.56458333 0.34821429
vt 0.56458333 0.34821429
vt 0.56458333 0.34821429
vt 0.56458333 0.34821429
vt 0.56458333 0.34821429
vt 0.56458333 0.34821429
vt 0.56458333 0.34821429
vt 0.56458333 0.34821429
vt 0.56458333 0.34821429
vt 0.56458333 0.34821429
vt 0.56458333 0.34821429
vt 0.56458333 0.34821429
vt 0.56458333 0.34821429
vt 0.56458333 0.34821429
vt 0.56458333 0.34821429
vt 0.56458333 0.34821429
vt 0.56458333 0.34821429
vt 0.56458333 0.34821429
vt 0.56458333 0.34821429
vt 0.56458333 0.34821429
vt 0.56458333 0.34821429
vt 0.56458333 0.34821429
vt 0.56458333 0.34821429
vt 0.56458333 0.34821429
vt 0.56458333 0.34821429
vt 0.56458333 0.34821429
vt 0.56458333 0.34821429
vt 0.56458333 0.34821429
vt 0.56458333 0.34821429
vt 0.56458333 0.34821429
vt 0.56458333 0.34821429
vt 0.56458333 0.34821429
vt 0.56458333 0.34821429
vt 0.56458333 0.34821429
vt 0.56458333 0.34821429
vt 0.56458333 0.34821429
vt 0.56458333 0.34821429
vt 0.56458333 0.34821429
vt 0.56458333 0.34821429
vt 0.56458333 0.34821429
vt 0.56458333 0.34821429
vt 0.56458333 0.34821429
vt 0.56458333 0.34821429
vt 0.56458333 0.34821429
vt 0.56458333 0.34821429
vt 0.56458333 0.34821429
vt 0.56458333 0.34821429
vt 0.56458333 0.34821429
vt 0.56458333 0.34821429
vt 0.56458333 0.34821429
vt 0.56458333 0.34821429
vt 0.56458333 0.34821429
vt 0.56458333 0.34821429
vt 0.56458333 0.34821429
vt 0.56458333 0.34821429
vt 0.56458333 0.34821429
vt 0.56458333 0.34821429
vt 0.56458333 0.34821429
vt 0.56458333 0.34821429
vt 0.56458333 0.34821429
vt 0.56458333 0.34821429
vt 0.56458333 0.34821429
vt 0.56458333 0.34821429
vt 0.56458333 0.34821429
vt 0.56458333 0.34821429
vt 0.56458333 0.34821429
vt 0.56458333 0.34821429
vt 0.56458333 0.34821429
vt 0.56458333 0.34821429
vt 0.56458333 0.34821429
vt 0.56458333 0.34821429
vt 0.56458333 0.34821429
vt 0.56458333 0.34821429
vt 0.56458333 0.34821429
vt 0.56458333 0.34821429
vt 0.56458333 0.34821429
vt 0.56458333 0.34821429
vt 0.56458333 0.34821429
vt 0.56458333 0.34821429
vt 0.56458333 0.34821429
vt 0.56458333 0.34821429
vt 0.56458333 0.34821429
vt 0.56458333 0.34821429
vt 0.56458333 0.34821429
vt 0.56458333 0.34821429
vt 0.56458333 0.34821429
vt 0.56458333 0.34821429
vt 0.56458333 0.34821429
vt 0.56458333 0.34821429
vt 0.56458333 0.34821429
vt 0.56458333 0.34821429
vt 0.56458333 0.34821429
vt 0.56458333 0.34821429
vt 0.56458333 0.34821429
vt 0.56458333 0.34821429
vt 0.56458333 0.34821429
vt 0.56458333 0.34821429
vt 0.56458333 0.34821429
vt 0.56458333 0.34821429
vt 0.56458333 0.34821429
vt 0.56458333 0.34821429
vt 0.56458333 0.34821429
vt 0.56458333 0.34821429
vt 0.56458333 0.34821429
vt 0.56458333 0.34821429
vt 0.56458333 0.34821429
vt 0.56458333 0.34821429
vt 0.56458333 0.34821429
vt 0.56458333 0.34821429
vt 0.56458333 0.34821429
vt 0.56458333 0.34821429
vt 0.56458333 0.34821429
vt 0.56458333 0.34821429
vt 0.56458333 0.34821429
vt 0.56458333 0.34821429
vt 0.56458333 0.34821429
vt 0.56458333 0.34821429
vt 0.56458333 0.34821429
vt 0.56458333 0.34821429
vt 0.56458333 0.34821429
vt 0.56458333 0.34821429
vt 0.56458333 0.34821429
vt 0.56458333 0.34821429
vt 0.56458333 0.34821429
vt 0.56458333 0.34821429
vt 0.56458333 0.34821429
vt 0.56458333 0.34821429
vt 0.56458333 0.34821429
vt 0.56458333 0.34821429
vt 0.56458333 0.34821429
vt 0.56458333 0.34821429
vt 0.56458333 0.34821429
vt 0.56458333 0.34821429
vt 0.56458333 0.34821429
vt 0.56458333 0.34821429
vt 0.56458333 0.34821429
vt 0.56458333 0.34821429
vt 0.56458333 0.34821429
vt 0.56458333 0.34821429
vt 0.56458333 0.34821429
vt 0.56458333 0.34821429
vt 0.56458333 0.34821429
vt 0.56458333 0.34821429
vt 0.56458333 0.34821429
vt 0.56458333 0.34821429
vt 0.56458333 0.34821429
vt 0.56458333 0.34821429
vt 0.56458333 0.34821429
vt 0.56458333 0.34821429
vt 0.56458333 0.34821429
vt 0.56458333 0.34821429
vt 0.56458333 0.34821429
vt 0.56458333 0.34821429
vt 0.56458333 0.34821429
vt 0.56458333 0.34821429
vt 0.56458333 0.34821429
vt 0.56458333 0.34821429
vt 0.56458333 0.34821429
vt 0.56458333 0.34821429
vt 0.56458333 0.34821429
vt 0.56458333 0.34821429
vt 0.56458333 0.34821429
vt 0.56458333 0.34821429
vt 0.56458333 0.34821429
vt 0.56458333 0.34821429
vt 0.56458333 0.34821429
vt 0.56458333 0.34821429
vt 0.56458333 0.34821429
vt 0.56458333 0.34821429
vt 0.56458333 0.34821429
vt 0.56458333 0.34821429
vt 0.56458333 0.34821429
vt 0.56458333 0.34821429
vt 0.56458333 0.34821429
vt 0.56458333 0.34821429
vt 0.56458333 0.34821429
vt 0.56458333 0.34821429
vt 0.56458333 0.34821429
vt 0.56458333 0.34821429
vt 0.56458333 0.34821429
vt 0.56458333 0.34821429
vt 0.56458333 0.34821429
vt 0.56458333 0.34821429
vt 0.56458333 0.34821429
vt 0.56458333 0.34821429
vt 0.56458333 0.34821429
vt 0.56458333 0.34821429
vt 0.56458333 0.34821429
vt 0.56458333 0.34821429
vt 0.56458333 0.34821429
vt 0.56458333 0.34821429
vt 0.56458333 0.34821429
vt 0.56458333 0.34821429
vt 0.56458333 0.34821429
vt 0.56458333 0.34821429
vt 0.56458333 0.34821429
vt 0.56458333 0.34821429
vt 0.56458333 0.34821429
vt 0.56458333 0.34821429
vt 0.56458333 0.34821429
vt 0.56458333 0.34821429
vt 0.56458333 0.34821429
vt 0.56458333 0.34821429
vt 0.56458333 0.34821429
vt 0.56458333 0.34821429
vt 0.56458333 0.34821429
vt 0.56458333 0.34821429
vt 0.56458333 0.34821429
vt 0.56458333 0.34821429
vt 0.56458333 0.34821429
vt 0.56458333 0.34821429
vt 0.56458333 0.34821429
vt 0.56458333 0.34821429
vt 0.56458333 0.34821429
vt 0.56458333 0.34821429
vt 0.56458333 0.34821429
vt 0.56458333 0.34821429
vt 0.56458333 0.34821429
vt 0.56458333 0.34821429
vt 0.56458333 0.34821429
vt 0.56458333 0.34821429
vt 0.56458333 0.34821429
vt 0.56458333 0.34821429
vt 0.56458333 0.34821429
vt 0.56458333 0.34821429
vt 0.56458333 0.34821429
vt 0.56458333 0.34821429
vt 0.56458333 0.34821429
vt 0.56458333 0.34821429
vt 0.56458333 0.34821429
vt 0.56458333 0.34821429
vt 0.56458333 0.34821429
vt 0.56458333 0.34821429
vt 0.56458333 0.34821429
vt 0.56458333 0.34821429
vt 0.56458333 0.34821429
vt 0.56458333 0.34821429
vt 0.56458333 0.34821429
vt 0.56458333 0.34821429
vt 0.56458333 0.34821429
vt 0.56458333 0.34821429
vt 0.56458333 0.34821429
vt 0.56458333 0.34821429
vt 0.56458333 0.34821429
vt 0.56458333 0.34821429
vt 0.56458333 0.34821429
vt 0.56458333 0.34821429
vt 0.56458333 0.34821429
vt 0.56458333 0.34821429
vt 0.56458333 0.34821429
vt 0.56458333 0.34821429
vt 0.56458333 0.34821429
vt 0.56458333 0.34821429
vt 0.56458333 0.34821429
vt 0.56458333 0.34821429
vt 0.56458333 0.34821429
vt 0.56458333 0.34821429
vt 0.56458333 0.34821429
vt 0.56458333 0.34821429
vt 0.56458333 0.34821429
vt 0.56458333 0.34821429
vt 0.56458333 0.34821429
vt 0.56458333 0.34821429
vt 0.56458333 0.34821429
vt 0.56458333 0.34821429
vt 0.56458333 0.34821429
vt 0.56458333 0.34821429
vt 0.56458333 0.34821429
vt 0.56458333 0.34821429
vt 0.56458333 0.34821429
vt 0.56458333 0.34821429
vt 0.56458333 0.34821429
vt 0.56458333 0.34821429
vt 0.56458333 0.34821429
vt 0.56458333 0.34821429
vt 0.56458333 0.34821429
vt 0.56458333 0.34821429
vt 0.56458333 0.34821429
vt 0.56458333 0.34821429
vt 0.56458333 0.34821429
vt 0.56458333 0.34821429
vt 0.56458333 0.34821429
vt 0.56458333 0.34821429
vt 0.56458333 0.34821429
vt 0.56458333 0.34821429
vt 0.56458333 0.34821429
vt 0.56458333 0.34821429
vt 0.56458333 0.34821429
vt 0.56458333 0.34821429
vt 0.56458333 0.34821429
vt 0.56458333 0.34821429
vt 0.56458333 0.34821429
vt 0.56458333 0.34821429
vt 0.56458333 0.34821429
vt 0.56458333 0.34821429
vt 0.56458333 0.34821429
vt 0.56458333 0.34821429
vt 0.56458333 0.34821429
vt 0.56458333 0.34821429
vt 0.56458333 0.34821429
vt 0.56458333 0.34821429
vt 0.56458333 0.34821429
vt 0.56458333 0.34821429
vt 0.56458333 0.34821429
vt 0.56458333 0.34821429
vt 0.56458333 0.34821429
vt 0.56458333 0.34821429
vt 0.56458333 0.34821429
vt 0.56458333 0.34821429
vt 0.56458333 0.34821429
vt 0.56458333 0.34821429
vt 0.56458333 0.34821429
vt 0.56458333 0.34821429
vt 0.56458333 0.34821429
vt 0.56458333 0.34821429
vt 0.56458333 0.34821429
vt 0.56458333 0.34821429
vt 0.56458333 0.34821429
vt 0.56458333 0.34821429
vt 0.56458333 0.34821429
vt 0.56458333 0.34821429
vt 0.56458333 0.34821429
vt 0.56458333 0.34821429
vt 0.56458333 0.34821429
vt 0.56458333 0.34821429
vt 0.56458333 0.34821429
vt 0.56458333 0.34821429
vt 0.56458333 0.34821429
vt 0.56458333 0.34821429
vt 0.56458333 0.34821429
vt 0.56458333 0.34821429
vt 0.56458333 0.34821429
vt 0.56458333 0.34821429
vt 0.56458333 0.34821429
vt 0.56458333 0.34821429
vt 0.56458333 0.34821429
vt 0.56458333 0.34821429
vt 0.56458333 0.34821429
vt 0.56458333 0.34821429
vt 0.56458333 0.34821429
vt 0.56458333 0.34821429
vt 0.56458333 0.34821429
vt 0.56458333 0.34821429
vt 0.56458333 0.34821429
vt 0.56458333 0.34821429
vt 0.56458333 0.34821429
vt 0.56458333 0.34821429
vt 0.56458333 0.34821429
vt 0.56458333 0.34821429
vt 0.56458333 0.34821429
vt 0.56458333 0.34821429
vt 0.56458333 0.34821429
vt 0.56458333 0.34821429
vt 0.56458333 0.34821429
vt 0.56458333 0.34821429
vt 0.56458333 0.34821429
vt 0.56458333 0.34821429
vt 0.56458333 0.34821429
vt 0.56458333 0.34821429
vt 0.56458333 0.34821429
vt 0.56458333 0.34821429
vt 0.56458333 0.34821429
vt 0.56458333 0.34821429
vt 0.56458333 0.34821429
vt 0.56458333 0.34821429
vt 0.56458333 0.34821429
vt 0.56458333 0.34821429
vt 0.56458333 0.34821429
vt 0.56458333 0.34821429
vt 0.56458333 0.34821429
vt 0.56458333 0.34821429
vt 0.56458333 0.34821429
vt 0.56458333 0.34821429
vt 0.56458333 0.34821429
vt 0.56458333 0.34821429
vt 0.56458333 0.34821429
vt 0.56458333 0.34821429
vt 0.56458333 0.34821429
vt 0.56458333 0.34821429
vt 0.56458333 0.34821429
vt 0.56458333 0.34821429
vt 0.56458333 0.34821429
vt 0.56458333 0.34821429
vt 0.56458333 0.34821429
vt 0.56458333 0.34821429
vt 0.56458333 0.34821429
vt 0.56458333 0.34821429
vt 0.56458333 0.34821429
vt 0.56458333 0.34821429
vt 0.56458333 0.34821429
vt 0.56458333 0.34821429
vt 0.56458333 0.34821429
vt 0.56458333 0.34821429
vt 0.56458333 0.34821429
vt 0.56458333 0.34821429
vt 0.56458333 0.34821429
vt 0.56458333 0.34821429
vt 0.56458333 0.34821429
vt 0.56458333 0.34821429
vt 0.56458333 0.34821429
vt 0.56458333 0.34821429
vt 0.56458333 0.34821429
vt 0.56458333 0.34821429
vt 0.56458333 0.34821429
vt 0.56458333 0.34821429
vt 0.56458333 0.34821429
vt 0.56458333 0.34821429
vt 0.56458333 0.34821429
vt 0.56458333 0.34821429
vt 0.56458333 0.34821429
vt 0.56458333 0.34821429
vt 0.56458333 0.34821429
vt 0.56458333 0.34821429
vt 0.56458333 0.34821429
vt 0.56458333 0.34821429
vt 0.56458333 0.34821429
vt 0.56458333 0.34821429
vt 0.56458333 0.34821429
vt 0.56458333 0.34821429
vt 0.56458333 0.34821429
vt 0.56458333 0.34821429
vt 0.56458333 0.34821429
vt 0.56458333 0.34821429
vt 0.56458333 0.34821429
vt 0.56458333 0.34821429
vt 0.56458333 0.34821429
vt 0.56458333 0.34821429
vt 0.56458333 0.34821429
vt 0.56458333 0.34821429
vt 0.56458333 0.34821429
vt 0.56458333 0.34821429
vt 0.56458333 0.34821429
vt 0.56458333 0.34821429
vt 0.56458333 0.34821429
vt 0.56458333 0.34821429
vt 0.56458333 0.34821429
vt 0.56458333 0.34821429
vt 0.56458333 0.34821429
vt 0.56458333 0.34821429
vt 0.56458333 0.34821429
vt 0.56458333 0.34821429
vt 0.56458333 0.34821429
vt 0.56458333 0.34821429
vt 0.56458333 0.34821429
vt 0.56458333 0.34821429
vt 0.56458333 0.34821429
vt 0.56458333 0.34821429
vt 0.56458333 0.34821429
vt 0.56458333 0.34821429
vt 0.56458333 0.34821429
vt 0.56458333 0.34821429
vt 0.56458333 0.34821429
vt 0.56458333 0.34821429
vt 0.56458333 0.34821429
vt 0.56458333 0.34821429
vt 0.56458333 0.34821429
vt 0.56458333 0.34821429
vt 0.56458333 0.34821429
vt 0.56458333 0.34821429
vt 0.56458333 0.34821429
vt 0.56458333 0.34821429
vt 0.56458333 0.34821429
vt 0.56458333 0.34821429
vt 0.56458333 0.34821429
vt 0.56458333 0.34821429
vt 0.56458333 0.34821429
vt 0.56458333 0.34821429
vt 0.56458333 0.34821429
vt 0.56458333 0.34821429
vt 0.56458333 0.34821429
vt 0.56458333 0.34821429
vt 0.56458333 0.34821429
vt 0.56458333 0.34821429
vt 0.56458333 0.34821429
vt 0.56458333 0.34821429
vt 0.56458333 0.34821429
vt 0.56458333 0.34821429
vt 0.56458333 0.34821429
vt 0.56458333 0.34821429
vt 0.56458333 0.34821429
vt 0.56458333 0.34821429
vt 0.56458333 0.34821429
vt 0.56458333 0.34821429
vt 0.56458333 0.34821429
vt 0.56458333 0.34821429
vt 0.56458333 0.34821429
vt 0.56458333 0.34821429
vt 0.56458333 0.34821429
vt 0.56458333 0.34821429
vt 0.56458333 0.34821429
vt 0.56458333 0.34821429
vt 0.56458333 0.34821429
vt 0.56458333 0.34821429
vt 0.56458333 0.34821429
vt 0.56458333 0.34821429
vt 0.56458333 0.34821429
vt 0.56458333 0.34821429
vt 0.56458333 0.34821429
vt 0.56458333 0.34821429
vt 0.56458333 0.34821429
vt 0.56458333 0.34821429
vt 0.56458333 0.34821429
vt 0.56458333 0.34821429
vt 0.56458333 0.34821429
vt 0.56458333 0.34821429
vt 0.56458333 0.34821429
vt 0.56458333 0.34821429
vt 0.56458333 0.34821429
vt 0.56458333 0.34821429
vt 0.56458333 0.34821429
vt 0.56458333 0.34821429
vt 0.56458333 0.34821429
vt 0.56458333 0.34821429
vt 0.56458333 0.34821429
vt 0.56458333 0.34821429
vt 0.56458333 0.34821429
vt 0.56458333 0.34821429
vt 0.56458333 0.34821429
vt 0.56458333 0.34821429
vt 0.56458333 0.34821429
vt 0.56458333 0.34821429
vt 0.56458333 0.34821429
vt 0.56458333 0.34821429
vt 0.56458333 0.34821429
vt 0.56458333 0.34821429
vt 0.56458333 0.34821429
vt 0.56458333 0.34821429
vt 0.56458333 0.34821429
vt 0.56458333 0.34821429
vt 0.56458333 0.34821429
vt 0.56458333 0.34821429
vt 0.56458333 0.34821429
vt 0.56458333 0.34821429
vt 0.56458333 0.34821429
vt 0.56458333 0.34821429
vt 0.56458333 0.34821429
vt 0.56458333 0.34821429
vt 0.56458333 0.34821429
vt 0.56458333 0.34821429
vt 0.56458333 0.34821429
vt 0.56458333 0.34821429
vt 0.56458333 0.34821429
vt 0.56458333 0.34821429
vt 0.56458333 0.34821429
vt 0.56458333 0.34821429
vt 0.56458333 0.34821429
vt 0.56458333 0.34821429
vt 0.56458333 0.34821429
vt 0.56458333 0.34821429
vt 0.56458333 0.34821429
vt 0.56458333 0.34821429
vt 0.56458333 0.34821429
vt 0.56458333 0.34821429
vt 0.56458333 0.34821429
vt 0.56458333 0.34821429
vt 0.56458333 0.34821429
vt 0.56458333 0.34821429
vt 0.56458333 0.34821429
vt 0.56458333 0.34821429
vt 0.56458333 0.34821429
vt 0.56458333 0.34821429
vt 0.56458333 0.34821429
vt 0.56458333 0.34821429
vt 0.56458333 0.34821429
vt 0.56458333 0.34821429
vt 0.56458333 0.34821429
vt 0.56458333 0.34821429
vt 0.56458333 0.34821429
vt 0.56458333 0.34821429
vt 0.56458333 0.34821429
vt 0.56458333 0.34821429
vt 0.56458333 0.34821429
vt 0.56458333 0.34821429
vt 0.56458333 0.34821429
vt 0.56458333 0.34821429
vt 0.56458333 0.34821429
vt 0.56458333 0.34821429
vt 0.56458333 0.34821429
vt 0.56458333 0.34821429
vt 0.56458333 0.34821429
vt 0.56458333 0.34821429
vt 0.56458333 0.34821429
vt 0.56458333 0.34821429
vt 0.56458333 0.34821429
vt 0.56458333 0.34821429
vt 0.56458333 0.34821429
vt 0.56458333 0.34821429
vt 0.56458333 0.34821429
vt 0.56458333 0.34821429
vt 0.56458333 0.34821429
vt 0.56458333 0.34821429
vt 0.56458333 0.34821429
vt 0.56458333 0.34821429
vt 0.56458333 0.34821429
vt 0.56458333 0.34821429
vt 0.56458333 0.34821429
vt 0.56458333 0.34821429
vt 0.56458333 0.34821429
vt 0.56458333 0.34821429
vt 0.56458333 0.34821429
vt 0.56458333 0.34821429
vt 0.56458333 0.34821429
vt 0.56458333 0.34821429
vt 0.56458333 0.34821429
vt 0.56458333 0.34821429
vt 0.56458333 0.34821429
vt 0.56458333 0.34821429
vt 0.56458333 0.34821429
vt 0.56458333 0.34821429
vt 0.56458333 0.34821429
vt 0.56458333 0.34821429
vt 0.56458333 0.34821429
vt 0.56458333 0.34821429
vt 0.56458333 0.34821429
vt 0.56458333 0.34821429
vt 0.56458333 0.34821429
vt 0.56458333 0.34821429
vt 0.56458333 0.34821429
vt 0.56458333 0.34821429
vt 0.56458333 0.34821429
vt 0.56458333 0.34821429
vt 0.56458333 0.34821429
vt 0.56458333 0.34821429
vt 0.56458333 0.34821429
vt 0.56458333 0.34821429
vt 0.56458333 0.34821429
vt 0.56458333 0.34821429
vt 0.56458333 0.34821429
vt 0.56458333 0.34821429
vt 0.16458333 0.34821429
vt 0.16458333 0.34821429
vt 0.16458333 0.34821429
vt 0.16458333 0.34821429
vt 0.16458333 0.34821429
vt 0.16458333 0.34821429
vt 0.16458333 0.34821429
vt 0.16458333 0.34821429
vt 0.16458333 0.34821429
vt 0.16458333 0.34821429
vt 0.16458333 0.34821429
vt 0.16458333 0.34821429
vt 0.16458333 0.34821429
vt 0.16458333 0.34821429
vt 0.16458333 0.34821429
vt 0.16458333 0.34821429
vt 0.16458333 0.34821429
vt 0.16458333 0.34821429
vt 0.16458333 0.34821429
vt 0.16458333 0.34821429
vt 0.16458333 0.34821429
vt 0.16458333 0.34821429
vt 0.16458333 0.34821429
vt 0.16458333 0.34821429
vt 0.16458333 0.34821429
vt 0.16458333 0.34821429
vt 0.16458333 0.34821429
vt 0.16458333 0.34821429
vt 0.16458333 0.34821429
vt 0.16458333 0.34821429
vt 0.16458333 0.34821429
vt 0.16458333 0.34821429
vt 0.16458333 0.34821429
vt 0.16458333 0.34821429
vt 0.16458333 0.34821429
vt 0.16458333 0.34821429
vt 0.16458333 0.34821429
vt 0.16458333 0.34821429
vt 0.16458333 0.34821429
vt 0.16458333 0.34821429
vt 0.16458333 0.34821429
vt 0.16458333 0.34821429
vt 0.16458333 0.34821429
vt 0.16458333 0.34821429
vt 0.16458333 0.34821429
vt 0.16458333 0.34821429
vt 0.16458333 0.34821429
vt 0.16458333 0.34821429
vt 0.16458333 0.34821429
vt 0.16458333 0.34821429
vt 0.16458333 0.34821429
vt 0.16458333 0.34821429
vt 0.16458333 0.34821429
vt 0.16458333 0.34821429
vt 0.16458333 0.34821429
vt 0.16458333 0.34821429
vt 0.16458333 0.34821429
vt 0.16458333 0.34821429
vt 0.16458333 0.34821429
vt 0.16458333 0.34821429
vt 0.16458333 0.34821429
vt 0.16458333 0.34821429
vt 0.16458333 0.34821429
vt 0.16458333 0.34821429
vt 0.16458333 0.34821429
vt 0.16458333 0.34821429
vt 0.16458333 0.34821429
vt 0.16458333 0.34821429
vt 0.16458333 0.34821429
vt 0.16458333 0.34821429
vt 0.16458333 0.34821429
vt 0.16458333 0.34821429
vt 0.16458333 0.34821429
vt 0.16458333 0.34821429
vt 0.16458333 0.34821429
vt 0.16458333 0.34821429
vt 0.16458333 0.34821429
vt 0.16458333 0.34821429
vt 0.16458333 0.34821429
vt 0.16458333 0.34821429
vt 0.16458333 0.34821429
vt 0.16458333 0.34821429
vt 0.16458333 0.34821429
vt 0.16458333 0.34821429
vt 0.16458333 0.34821429
vt 0.16458333 0.34821429
vt 0.16458333 0.34821429
vt 0.16458333 0.34821429
vt 0.16458333 0.34821429
vt 0.16458333 0.34821429
vt 0.16458333 0.34821429
vt 0.16458333 0.34821429
vt 0.16458333 0.34821429
vt 0.16458333 0.34821429
vt 0.16458333 0.34821429
vt 0.16458333 0.34821429
vt 0.16458333 0.34821429
vt 0.16458333 0.34821429
vt 0.16458333 0.34821429
vt 0.16458333 0.34821429
vt 0.16458333 0.34821429
vt 0.16458333 0.34821429
vt 0.16458333 0.34821429
vt 0.16458333 0.34821429
vt 0.16458333 0.34821429
vt 0.16458333 0.34821429
vt 0.16458333 0.34821429
vt 0.16458333 0.34821429
vt 0.16458333 0.34821429
vt 0.16458333 0.34821429
vt 0.16458333 0.34821429
vt 0.16458333 0.34821429
vt 0.16458333 0.34821429
vt 0.16458333 0.34821429
vt 0.16458333 0.34821429
vt 0.16458333 0.34821429
vt 0.16458333 0.34821429
vt 0.16458333 0.34821429
vt 0.16458333 0.34821429
vt 0.16458333 0.34821429
vt 0.16458333 0.34821429
vt 0.16458333 0.34821429
vt 0.16458333 0.34821429
vt 0.16458333 0.34821429
vt 0.16458333 0.34821429
vt 0.16458333 0.34821429
vt 0.16458333 0.34821429
vt 0.16458333 0.34821429
vt 0.16458333 0.34821429
vt 0.16458333 0.34821429
vt 0.16458333 0.34821429
vt 0.16458333 0.34821429
vt 0.16458333 0.34821429
vt 0.16458333 0.34821429
vt 0.16458333 0.34821429
vt 0.16458333 0.34821429
vt 0.16458333 0.34821429
vt 0.16458333 0.34821429
vt 0.16458333 0.34821429
vt 0.16458333 0.34821429
vt 0.16458333 0.34821429
vt 0.16458333 0.34821429
vt 0.16458333 0.34821429
vt 0.16458333 0.34821429
vt 0.16458333 0.34821429
vt 0.16458333 0.34821429
vt 0.16458333 0.34821429
vt 0.16458333 0.34821429
vt 0.16458333 0.34821429
vt 0.16458333 0.34821429
vt 0.16458333 0.34821429
vt 0.16458333 0.34821429
vt 0.16458333 0.34821429
vt 0.16458333 0.34821429
vt 0.16458333 0.34821429
vt 0.16458333 0.34821429
vt 0.16458333 0.34821429
vt 0.16458333 0.34821429
vt 0.16458333 0.34821429
vt 0.16458333 0.34821429
vt 0.16458333 0.34821429
vt 0.16458333 0.34821429
vt 0.16458333 0.34821429
vt 0.16458333 0.34821429
vt 0.16458333 0.34821429
vt 0.16458333 0.34821429
vt 0.16458333 0.34821429
vt 0.16458333 0.34821429
vt 0.16458333 0.34821429
vt 0.16458333 0.34821429
vt 0.16458333 0.34821429
vt 0.16458333 0.34821429
vt 0.16458333 0.34821429
vt 0.16458333 0.34821429
vt 0.16458333 0.34821429
vt 0.16458333 0.34821429
vt 0.16458333 0.34821429
vt 0.16458333 0.34821429
vt 0.16458333 0.34821429
vt 0.16458333 0.34821429
vt 0.16458333 0.34821429
vt 0.16458333 0.34821429
vt 0.16458333 0.34821429
vt 0.16458333 0.34821429
vt 0.16458333 0.34821429
vt 0.16458333 0.34821429
vt 0.16458333 0.34821429
vt 0.16458333 0.34821429
vt 0.16458333 0.34821429
vt 0.16458333 0.34821429
vt 0.16458333 0.34821429
vt 0.16458333 0.34821429
vt 0.16458333 0.34821429
vt 0.16458333 0.34821429
vt 0.16458333 0.34821429
vt 0.16458333 0.34821429
vt 0.16458333 0.34821429
vt 0.16458333 0.34821429
vt 0.16458333 0.34821429
vt 0.16458333 0.34821429
vt 0.16458333 0.34821429
vt 0.16458333 0.34821429
vt 0.16458333 0.34821429
vt 0.16458333 0.34821429
vt 0.16458333 0.34821429
vt 0.16458333 0.34821429
vt 0.16458333 0.34821429
vt 0.16458333 0.34821429
vt 0.16458333 0.34821429
vt 0.16458333 0.34821429
vt 0.16458333 0.34821429
vt 0.16458333 0.34821429
vt 0.16458333 0.34821429
vt 0.16458333 0.34821429
vt 0.16458333 0.34821429
vt 0.16458333 0.34821429
vt 0.16458333 0.34821429
vt 0.16458333 0.34821429
vt 0.16458333 0.34821429
vt 0.16458333 0.34821429
vt 0.16458333 0.34821429
vt 0.16458333 0.34821429
vt 0.16458333 0.34821429
vt 0.16458333 0.34821429
vt 0.16458333 0.34821429
vt 0.16458333 0.34821429
vt 0.16458333 0.34821429
vt 0.16458333 0.34821429
vt 0.16458333 0.34821429
vt 0.16458333 0.34821429
vt 0.16458333 0.34821429
vt 0.16458333 0.34821429
vt 0.16458333 0.34821429
vt 0.16458333 0.34821429
vt 0.16458333 0.34821429
vt 0.16458333 0.34821429
vt 0.16458333 0.34821429
vt 0.16458333 0.34821429
vt 0.16458333 0.34821429
vt 0.16458333 0.34821429
vt 0.16458333 0.34821429
vt 0.16458333 0.34821429
vt 0.16458333 0.34821429
vt 0.16458333 0.34821429
vt 0.16458333 0.34821429
vt 0.16458333 0.34821429
vt 0.16458333 0.34821429
vt 0.16458333 0.34821429
vt 0.16458333 0.34821429
vt 0.16458333 0.34821429
vt 0.16458333 0.34821429
vt 0.16458333 0.34821429
vt 0.16458333 0.34821429
vt 0.16458333 0.34821429
vt 0.16458333 0.34821429
vt 0.16458333 0.34821429
vt 0.16458333 0.34821429
vt 0.16458333 0.34821429
vt 0.16458333 0.34821429
vt 0.16458333 0.34821429
vt 0.16458333 0.34821429
vt 0.16458333 0.34821429
vt 0.16458333 0.34821429
vt 0.16458333 0.34821429
vt 0.16458333 0.34821429
vt 0.16458333 0.34821429
vt 0.16458333 0.34821429
vt 0.16458333 0.34821429
vt 0.16458333 0.34821429
vt 0.16458333 0.34821429
vt 0.16458333 0.34821429
vt 0.16458333 0.34821429
vt 0.16458333 0.34821429
vt 0.16458333 0.34821429
vt 0.16458333 0.34821429
vt 0.16458333 0.34821429
vt 0.16458333 0.34821429
vt 0.16458333 0.34821429
vt 0.16458333 0.34821429
vt 0.16458333 0.34821429
vt 0.16458333 0.34821429
vt 0.16458333 0.34821429
vt 0.16458333 0.34821429
vt 0.16458333 0.34821429
vt 0.16458333 0.34821429
vt 0.16458333 0.34821429
vt 0.16458333 0.34821429
vt 0.16458333 0.34821429
vt 0.16458333 0.34821429
vt 0.16458333 0.34821429
vt 0.16458333 0.34821429
vt 0.16458333 0.34821429
vt 0.16458333 0.34821429
vt 0.16458333 0.34821429
vt 0.16458333 0.34821429
vt 0.16458333 0.34821429
vt 0.16458333 0.34821429
vt 0.16458333 0.34821429
vt 0.16458333 0.34821429
vt 0.16458333 0.34821429
vt 0.16458333 0.34821429
vt 0.16458333 0.34821429
vt 0.16458333 0.34821429
vt 0.16458333 0.34821429
vt 0.16458333 0.34821429
vt 0.16458333 0.34821429
vt 0.16458333 0.34821429
vt 0.16458333 0.34821429
vt 0.16458333 0.34821429
vt 0.16458333 0.34821429
vt 0.16458333 0.34821429
vt 0.16458333 0.34821429
vt 0.16458333 0.34821429
vt 0.16458333 0.34821429
vt 0.16458333 0.34821429
vt 0.16458333 0.34821429
vt 0.16458333 0.34821429
vt 0.16458333 0.34821429
vt 0.16458333 0.34821429
vt 0.16458333 0.34821429
vt 0.16458333 0.34821429
vt 0.16458333 0.34821429
vt 0.16458333 0.34821429
vt 0.16458333 0.34821429
vt 0.16458333 0.34821429
vt 0.16458333 0.34821429
vt 0.16458333 0.34821429
vt 0.16458333 0.34821429
vt 0.16458333 0.34821429
vt 0.16458333 0.34821429
vt 0.16458333 0.34821429
vt 0.16458333 0.34821429
vt 0.16458333 0.34821429
vt 0.16458333 0.34821429
vt 0.16458333 0.34821429
vt 0.16458333 0.34821429
vt 0.16458333 0.34821429
vt 0.16458333 0.34821429
vt 0.16458333 0.34821429
vt 0.16458333 0.34821429
vt 0.16458333 0.34821429
vt 0.16458333 0.34821429
vt 0.16458333 0.34821429
vt 0.16458333 0.34821429
vt 0.16458333 0.34821429
vt 0.16458333 0.34821429
vt 0.16458333 0.34821429
vt 0.16458333 0.34821429
vt 0.16458333 0.34821429
vt 0.16458333 0.34821429
vt 0.16458333 0.34821429
vt 0.16458333 0.34821429
vt 0.16458333 0.34821429
vt 0.16458333 0.34821429
vt 0.16458333 0.34821429
vt 0.16458333 0.34821429
vt 0.16458333 0.34821429
vt 0.16458333 0.34821429
vt 0.16458333 0.34821429
vt 0.16458333 0.34821429
vt 0.16458333 0.34821429
vt 0.16458333 0.34821429
vt 0.16458333 0.34821429
vt 0.16458333 0.34821429
vt 0.16458333 0.34821429
vt 0.16458333 0.34821429
vt 0.16458333 0.34821429
vt 0.16458333 0.34821429
vt 0.16458333 0.34821429
vt 0.16458333 0.34821429
vt 0.16458333 0.34821429
vt 0.16458333 0.34821429
vt 0.16458333 0.34821429
vt 0.16458333 0.34821429
vt 0.16458333 0.34821429
vt 0.16458333 0.34821429
vt 0.16458333 0.34821429
vt 0.16458333 0.34821429
vt 0.16458333 0.34821429
vt 0.16458333 0.34821429
vt 0.16458333 0.34821429
vt 0.16458333 0.34821429
vt 0.16458333 0.34821429
vt 0.16458333 0.34821429
vt 0.16458333 0.34821429
vt 0.16458333 0.34821429
vt 0.16458333 0.34821429
vt 0.16458333 0.34821429
vt 0.16458333 0.34821429
vt 0.16458333 0.34821429
vt 0.16458333 0.34821429
vt 0.16458333 0.34821429
vt 0.16458333 0.34821429
vt 0.16458333 0.34821429
vt 0.16458333 0.34821429
vt 0.16458333 0.34821429
vt 0.16458333 0.34821429
vt 0.16458333 0.34821429
vt 0.16458333 0.34821429
vt 0.16458333 0.34821429
vt 0.16458333 0.34821429
vt 0.16458333 0.34821429
vt 0.16458333 0.34821429
vt 0.16458333 0.34821429
vt 0.16458333 0.34821429
vt 0.16458333 0.34821429
vt 0.16458333 0.34821429
vt 0.16458333 0.34821429
vt 0.16458333 0.34821429
vt 0.16458333 0.34821429
vt 0.16458333 0.34821429
vt 0.16458333 0.34821429
vt 0.16458333 0.34821429
vt 0.16458333 0.34821429
vt 0.16458333 0.34821429
vt 0.16458333 0.34821429
vt 0.16458333 0.34821429
vt 0.16458333 0.34821429
vt 0.16458333 0.34821429
vt 0.16458333 0.34821429
vt 0.16458333 0.34821429
vt 0.16458333 0.34821429
vt 0.16458333 0.34821429
vt 0.16458333 0.34821429
vt 0.16458333 0.34821429
vt 0.16458333 0.34821429
vt 0.16458333 0.34821429
vt 0.16458333 0.34821429
vt 0.16458333 0.34821429
vt 0.16458333 0.34821429
vt 0.16458333 0.34821429
vt 0.16458333 0.34821429
vt 0.16458333 0.34821429
vt 0.16458333 0.34821429
vt 0.16458333 0.34821429
vt 0.16458333 0.34821429
vt 0.16458333 0.34821429
vt 0.16458333 0.34821429
vt 0.16458333 0.34821429
vt 0.16458333 0.34821429
vt 0.16458333 0.34821429
vt 0.16458333 0.34821429
vt 0.16458333 0.34821429
vt 0.16458333 0.34821429
vt 0.16458333 0.34821429
vt 0.16458333 0.34821429
vt 0.16458333 0.34821429
vt 0.16458333 0.34821429
vt 0.16458333 0.34821429
vt 0.16458333 0.34821429
vt 0.16458333 0.34821429
vt 0.16458333 0.34821429
vt 0.16458333 0.34821429
vt 0.16458333 0.34821429
vt 0.16458333 0.34821429
vt 0.16458333 0.34821429
vt 0.16458333 0.34821429
vt 0.16458333 0.34821429
vt 0.16458333 0.34821429
vt 0.16458333 0.34821429
vt 0.16458333 0.34821429
vt 0.16458333 0.34821429
vt 0.16458333 0.34821429
vt 0.16458333 0.34821429
vt 0.16458333 0.34821429
vt 0.16458333 0.34821429
vt 0.16458333 0.34821429
vt 0.16458333 0.34821429
vt 0.16458333 0.34821429
vt 0.16458333 0.34821429
vt 0.16458333 0.34821429
vt 0.16458333 0.34821429
vt 0.16458333 0.34821429
vt 0.16458333 0.34821429
vt 0.16458333 0.34821429
vt 0.16458333 0.34821429
vt 0.16458333 0.34821429
vt 0.16458333 0.34821429
vt 0.16458333 0.34821429
vt 0.16458333 0.34821429
vt 0.16458333 0.34821429
vt 0.16458333 0.34821429
vt 0.16458333 0.34821429
vt 0.16458333 0.34821429
vt 0.16458333 0.34821429
vt 0.16458333 0.34821429
vt 0.16458333 0.34821429
vt 0.16458333 0.34821429
vt 0.16458333 0.34821429
vt 0.16458333 0.34821429
vt 0.16458333 0.34821429
vt 0.16458333 0.34821429
vt 0.16458333 0.34821429
vt 0.16458333 0.34821429
vt 0.16458333 0.34821429
vt 0.16458333 0.34821429
vt 0.16458333 0.34821429
vt 0.16458333 0.34821429
vt 0.16458333 0.34821429
vt 0.16458333 0.34821429
vt 0.16458333 0.34821429
vt 0.16458333 0.34821429
vt 0.16458333 0.34821429
vt 0.16458333 0.34821429
vt 0.16458333 0.34821429
vt 0.16458333 0.34821429
vt 0.16458333 0.34821429
vt 0.16458333 0.34821429
vt 0.16458333 0.34821429
vt 0.16458333 0.34821429
vt 0.16458333 0.34821429
vt 0.16458333 0.34821429
vt 0.16458333 0.34821429
vt 0.16458333 0.34821429
vt 0.16458333 0.34821429
vt 0.16458333 0.34821429
vt 0.16458333 0.34821429
vt 0.16458333 0.34821429
vt 0.16458333 0.34821429
vt 0.16458333 0.34821429
vt 0.16458333 0.34821429
vt 0.16458333 0.34821429
vt 0.16458333 0.34821429
vt 0.16458333 0.34821429
vt 0.16458333 0.34821429
vt 0.16458333 0.34821429
vt 0.16458333 0.34821429
vt 0.16458333 0.34821429
vt 0.16458333 0.34821429
vt 0.16458333 0.34821429
vt 0.16458333 0.34821429
vt 0.16458333 0.34821429
vt 0.16458333 0.34821429
vt 0.16458333 0.34821429
vt 0.16458333 0.34821429
vt 0.16458333 0.34821429
vt 0.16458333 0.34821429
vt 0.16458333 0.34821429
vt 0.16458333 0.34821429
vt 0.16458333 0.34821429
vt 0.16458333 0.34821429
vt 0.16458333 0.34821429
vt 0.16458333 0.34821429
vt 0.16458333 0.34821429
vt 0.16458333 0.34821429
vt 0.16458333 0.34821429
vt 0.16458333 0.34821429
vt 0.16458333 0.34821429
vt 0.16458333 0.34821429
vt 0.16458333 0.34821429
vt 0.16458333 0.34821429
vt 0.16458333 0.34821429
vt 0.16458333 0.34821429
vt 0.16458333 0.34821429
vt 0.16458333 0.34821429
vt 0.16458333 0.34821429
vt 0.16458333 0.34821429
vt 0.16458333 0.34821429
vt 0.16458333 0.34821429
vt 0.16458333 0.34821429
vt 0.16458333 0.34821429
vt 0.16458333 0.34821429
vt 0.16458333 0.34821429
vt 0.16458333 0.34821429
vt 0.16458333 0.34821429
vt 0.16458333 0.34821429
vt 0.16458333 0.34821429
vt 0.16458333 0.34821429
vt 0.16458333 0.34821429
vt 0.16458333 0.34821429
vt 0.16458333 0.34821429
vt 0.16458333 0.34821429
vt 0.16458333 0.34821429
vt 0.16458333 0.34821429
vt 0.16458333 0.34821429
vt 0.16458333 0.34821429
vt 0.16458333 0.34821429
vt 0.16458333 0.34821429
vt 0.16458333 0.34821429
vt 0.16458333 0.34821429
vt 0.16458333 0.34821429
vt 0.16458333 0.34821429
vt 0.16458333 0.34821429
vt 0.16458333 0.34821429
vt 0.16458333 0.34821429
vt 0.16458333 0.34821429
vt 0.16458333 0.34821429
vt 0.16458333 0.34821429
vt 0.16458333 0.34821429
vt 0.16458333 0.34821429
vt 0.16458333 0.34821429
vt 0.16458333 0.34821429
vt 0.16458333 0.34821429
vt 0.16458333 0.34821429
vt 0.16458333 0.34821429
vt 0.16458333 0.34821429
vt 0.16458333 0.34821429
vt 0.16458333 0.34821429
vt 0.16458333 0.34821429
vt 0.16458333 0.34821429
vt 0.16458333 0.34821429
vt 0.16458333 0.34821429
vt 0.16458333 0.34821429
vt 0.16458333 0.34821429
vt 0.16458333 0.34821429
vt 0.16458333 0.34821429
vt 0.16458333 0.34821429
vt 0.16458333 0.34821429
vt 0.16458333 0.34821429
vt 0.16458333 0.34821429
vt 0.16458333 0.34821429
vt 0.16458333 0.34821429
vt 0.16458333 0.34821429
vt 0.16458333 0.34821429
vt 0.16458333 0.34821429
vt 0.16458333 0.34821429
vt 0.16458333 0.34821429
vt 0.16458333 0.34821429
vt 0.16458333 0.34821429
vt 0.16458333 0.34821429
vt 0.16458333 0.34821429
vt 0.16458333 0.34821429
vt 0.16458333 0.34821429
vt 0.16458333 0.34821429
vt 0.16458333 0.34821429
vt 0.16458333 0.34821429
vt 0.16458333 0.34821429
vt 0.16458333 0.34821429
vt 0.16458333 0.34821429
vt 0.16458333 0.34821429
vt 0.16458333 0.34821429
vt 0.16458333 0.34821429
vt 0.16458333 0.34821429
vt 0.16458333 0.34821429
vt 0.16458333 0.34821429
vt 0.16458333 0.34821429
vt 0.16458333 0.34821429
vt 0.16458333 0.34821429
vt 0.16458333 0.34821429
vt 0.16458333 0.34821429
vt 0.16458333 0.34821429
vt 0.16458333 0.34821429
vt 0.16458333 0.34821429
vt 0.16458333 0.34821429
vt 0.16458333 0.34821429
vt 0.16458333 0.34821429
vt 0.16458333 0.34821429
vt 0.16458333 0.34821429
vt 0.16458333 0.34821429
vt 0.16458333 0.34821429
vt 0.16458333 0.34821429
vt 0.16458333 0.34821429
vt 0.16458333 0.34821429
vt 0.16458333 0.34821429
vt 0.16458333 0.34821429
vt 0.16458333 0.34821429
vt 0.16458333 0.34821429
vt 0.16458333 0.34821429
vt 0.16458333 0.34821429
vt 0.16458333 0.34821429
vt 0.16458333 0.34821429
vt 0.16458333 0.34821429
vt 0.16458333 0.34821429
vt 0.16458333 0.34821429
vt 0.16458333 0.34821429
vt 0.16458333 0.34821429
vt 0.16458333 0.34821429
vt 0.16458333 0.34821429
vt 0.16458333 0.34821429
vt 0.16458333 0.34821429
vt 0.16458333 0.34821429
vt 0.16458333 0.34821429
vt 0.16458333 0.34821429
vt 0.16458333 0.34821429
vt 0.16458333 0.34821429
vt 0.16458333 0.34821429
vt 0.16458333 0.34821429
vt 0.16458333 0.34821429
vt 0.16458333 0.34821429
vt 0.16458333 0.34821429
vt 0.16458333 0.34821429
vt 0.16458333 0.34821429
vt 0.16458333 0.34821429
vt 0.16458333 0.34821429
vt 0.16458333 0.34821429
vt 0.16458333 0.34821429
vt 0.16458333 0.34821429
vt 0.16458333 0.34821429
vt 0.16458333 0.34821429
vt 0.16458333 0.34821429
vt 0.16458333 0.34821429
vt 0.16458333 0.34821429
vt 0.16458333 0.34821429
vt 0.16458333 0.34821429
vt 0.16458333 0.34821429
vt 0.16458333 0.34821429
vt 0.16458333 0.34821429
vt 0.16458333 0.34821429
vt 0.16458333 0.34821429
vt 0.16458333 0.34821429
vt 0.16458333 0.34821429
vt 0.16458333 0.34821429
vt 0.16458333 0.34821429
vt 0.16458333 0.34821429
vt 0.16458333 0.34821429
vt 0.16458333 0.34821429
vt 0.16458333 0.34821429
vt 0.16458333 0.34821429
vt 0.16458333 0.34821429
vt 0.16458333 0.34821429
vt 0.16458333 0.34821429
vt 0.16458333 0.34821429
vt 0.16458333 0.34821429
vt 0.16458333 0.34821429
vt 0.16458333 0.34821429
vt 0.16458333 0.34821429
vt 0.16458333 0.34821429
vt 0.16458333 0.34821429
vt 0.16458333 0.34821429
vt 0.16458333 0.34821429
vt 0.16458333 0.34821429
vt 0.16458333 0.34821429
vt 0.16458333 0.34821429
vt 0.16458333 0.34821429
vt 0.16458333 0.34821429
vt 0.16458333 0.34821429
vt 0.16458333 0.34821429
vt 0.16458333 0.34821429
vt 0.16458333 0.34821429
vt 0.16458333 0.34821429
vt 0.16458333 0.34821429
vt 0.16458333 0.34821429
vt 0.16458333 0.34821429
vt 0.16458333 0.34821429
vt 0.16458333 0.34821429
vt 0.16458333 0.34821429
vt 0.16458333 0.34821429
vt 0.16458333 0.34821429
vt 0.16458333 0.34821429
vt 0.16458333 0.34821429
vt 0.16458333 0.34821429
vt 0.16458333 0.34821429
vt 0.16458333 0.34821429
vt 0.16458333 0.34821429
vt 0.16458333 0.34821429
vt 0.16458333 0.34821429
vt 0.16458333 0.34821429
vt 0.16458333 0.34821429
vt 0.16458333 0.34821429
vt 0.16458333 0.34821429
vt 0.16458333 0.34821429
vt 0.16458333 0.34821429
vt 0.16458333 0.34821429
vt 0.16458333 0.34821429
vt 0.16458333 0.34821429
vt 0.16458333 0.34821429
vt 0.16458333 0.34821429
vt 0.16458333 0.34821429
vt 0.16458333 0.34821429
vt 0.16458333 0.34821429
vt 0.16458333 0.34821429
vt 0.16458333 0.34821429
vt 0.16458333 0.34821429
vt 0.16458333 0.34821429
vt 0.16458333 0.34821429
vt 0.16458333 0.34821429
vt 0.16458333 0.34821429
vt 0.16458333 0.34821429
vt 0.16458333 0.34821429
vt 0.16458333 0.34821429
vt 0.16458333 0.34821429
vt 0.16458333 0.34821429
vt 0.16458333 0.34821429
vt 0.16458333 0.34821429
vt 0.16458333 0.34821429
vt 0.16458333 0.34821429
vt 0.16458333 0.34821429
vt 0.16458333 0.34821429
vt 0.16458333 0.34821429
vt 0.16458333 0.34821429
vt 0.16458333 0.34821429
vt 0.16458333 0.34821429
vt 0.16458333 0.34821429
vt 0.16458333 0.34821429
vt 0.16458333 0.34821429
vt 0.16458333 0.34821429
vt 0.16458333 0.34821429
vt 0.16458333 0.34821429
vt 0.16458333 0.34821429
vt 0.16458333 0.34821429
vt 0.16458333 0.34821429
vt 0.16458333 0.34821429
vt 0.16458333 0.34821429
vt 0.16458333 0.34821429
vt 0.16458333 0.34821429
vt 0.16458333 0.34821429
vt 0.16458333 0.34821429
vt 0.16458333 0.34821429
vt 0.16458333 0.34821429
vt 0.16458333 0.34821429
vt 0.16458333 0.34821429
vt 0.16458333 0.34821429
vt 0.16458333 0.34821429
vt 0.16458333 0.34821429
vt 0.16458333 0.34821429
vt 0.16458333 0.34821429
vt 0.16458333 0.34821429
vt 0.16458333 0.34821429
vt 0.16458333 0.34821429
vt 0.16458333 0.34821429
vt 0.16458333 0.34821429
vt 0.16458333 0.34821429
vt 0.16458333 0.34821429
vt 0.16458333 0.34821429
vt 0.16458333 0.34821429
vt 0.16458333 0.34821429
vt 0.16458333 0.34821429
vt 0.16458333 0.34821429
vt 0.16458333 0.34821429
vt 0.16458333 0.34821429
vt 0.16458333 0.34821429
vt 0.16458333 0.34821429
vt 0.16458333 0.34821429
vt 0.16458333 0.34821429
vt 0.16458333 0.34821429
vt 0.16458333 0.34821429
vt 0.16458333 0.34821429
vt 0.16458333 0.34821429
vt 0.16458333 0.34821429
vt 0.16458333 0.34821429
vt 0.16458333 0.34821429
vt 0.16458333 0.34821429
vt 0.16458333 0.34821429
vt 0.16458333 0.34821429
vt 0.16458333 0.34821429
vt 0.16458333 0.34821429
vt 0.16458333 0.34821429
vt 0.16458333 0.34821429
vt 0.16458333 0.34821429
vt 0.16458333 0.34821429
vt 0.16458333 0.34821429
vt 0.16458333 0.34821429
vt 0.16458333 0.34821429
vt 0.16458333 0.34821429
vt 0.16458333 0.34821429
vt 0.16458333 0.34821429
vt 0.16458333 0.34821429
vt 0.16458333 0.34821429
vt 0.16458333 0.34821429
vt 0.16458333 0.34821429
vt 0.16458333 0.34821429
vt 0.16458333 0.34821429
vt 0.16458333 0.34821429
vt 0.16458333 0.34821429
vt 0.16458333 0.34821429
vt 0.16458333 0.34821429
vt 0.16458333 0.34821429
vt 0.16458333 0.34821429
vt 0.16458333 0.34821429
vt 0.16458333 0.34821429
vt 0.16458333 0.34821429
vt 0.16458333 0.34821429
vt 0.16458333 0.34821429
vt 0.16458333 0.34821429
vt 0.16458333 0.34821429
vt 0.16458333 0.34821429
vt 0.16458333 0.34821429
vt 0.16458333 0.34821429
vt 0.16458333 0.34821429
vt 0.16458333 0.34821429
vt 0.16458333 0.34821429
vt 0.16458333 0.34821429
vt 0.16458333 0.34821429
vt 0.16458333 0.34821429
vt 0.16458333 0.34821429
vt 0.16458333 0.34821429
vt 0.16458333 0.34821429
vt 0.16458333 0.34821429
vt 0.16458333 0.34821429
vt 0.16458333 0.34821429
vt 0.16458333 0.34821429
vt 0.16458333 0.34821429
vt 0.16458333 0.34821429
vt 0.16458333 0.34821429
vt 0.16458333 0.34821429
vt 0.16458333 0.34821429
vt 0.16458333 0.34821429
vt 0.16458333 0.34821429
vt 0.16458333 0.34821429
vt 0.16458333 0.34821429
vt 0.16458333 0.34821429
vt 0.16458333 0.34821429
vt 0.16458333 0.34821429
vt 0.16458333 0.34821429
vt 0.16458333 0.34821429
vt 0.16458333 0.34821429
vt 0.16458333 0.34821429
vt 0.16458333 0.34821429
vt 0.16458333 0.34821429
vt 0.16458333 0.34821429
vt 0.16458333 0.34821429
vt 0.16458333 0.34821429
vt 0.16458333 0.34821429
vt 0.16458333 0.34821429
vt 0.16458333 0.34821429
vt 0.16458333 0.34821429
vt 0.16458333 0.34821429
vt 0.16458333 0.34821429
vt 0.16458333 0.34821429
vt 0.16458333 0.34821429
vt 0.16458333 0.34821429
vt 0.16458333 0.34821429
vt 0.16458333 0.34821429
vt 0.16458333 0.34821429
vt 0.16458333 0.34821429
vt 0.16458333 0.34821429
vt 0.16458333 0.34821429
vt 0.16458333 0.34821429
vt 0.16458333 0.34821429
vt 0.16458333 0.34821429
vt 0.16458333 0.34821429
vt 0.16458333 0.34821429
vt 0.16458333 0.34821429
vt 0.16458333 0.34821429
vt 0.16458333 0.34821429
vt 0.16458333 0.34821429
vt 0.16458333 0.34821429
vt 0.16458333 0.34821429
vt 0.16458333 0.34821429
vt 0.16458333 0.34821429
vt 0.16458333 0.34821429
vt 0.16458333 0.34821429
vt 0.16458333 0.34821429
vt 0.16458333 0.34821429
vt 0.16458333 0.34821429
vt 0.16458333 0.34821429
vt 0.16458333 0.34821429
vt 0.16458333 0.34821429
vt 0.16458333 0.34821429
vt 0.16458333 0.34821429
vt 0.16458333 0.34821429
vt 0.16458333 0.34821429
vt 0.16458333 0.34821429
vt 0.16458333 0.34821429
vt 0.16458333 0.34821429
vt 0.16458333 0.34821429
vt 0.16458333 0.34821429
vt 0.16458333 0.34821429
vt 0.16458333 0.34821429
vt 0.16458333 0.34821429
vt 0.16458333 0.34821429
vt 0.16458333 0.34821429
vt 0.16458333 0.34821429
vt 0.16458333 0.34821429
vt 0.16458333 0.34821429
vt 0.16458333 0.34821429
vt 0.16458333 0.34821429
vt 0.16458333 0.34821429
vt 0.16458333 0.34821429
vt 0.16458333 0.34821429
vt 0.16458333 0.34821429
vt 0.16458333 0.34821429
vt 0.16458333 0.34821429
vt 0.16458333 0.34821429
vt 0.16458333 0.34821429
vt 0.16458333 0.34821429
vt 0.16458333 0.34821429
vt 0.16458333 0.34821429
vt 0.16458333 0.34821429
vt 0.16458333 0.34821429
vt 0.16458333 0.34821429
vt 0.16458333 0.34821429
vt 0.16458333 0.34821429
vt 0.16458333 0.34821429
vt 0.16458333 0.34821429
vt 0.16458333 0.34821429
vt 0.16458333 0.34821429
vt 0.16458333 0.34821429
vt 0.16458333 0.34821429
vt 0.16458333 0.34821429
vt 0.16458333 0.34821429
vt 0.16458333 0.34821429
vt 0.16458333 0.34821429
vt 0.16458333 0.34821429
vt 0.16458333 0.34821429
vt 0.16458333 0.34821429
vt 0.16458333 0.34821429
vt 0.16458333 0.34821429
vt 0.16458333 0.34821429
vt 0.16458333 0.34821429
vt 0.16458333 0.34821429
vt 0.16458333 0.34821429
vt 0.16458333 0.34821429
vt 0.16458333 0.34821429
vt 0.16458333 0.34821429
vt 0.16458333 0.34821429
vt 0.16458333 0.34821429
vt 0.16458333 0.34821429
vt 0.16458333 0.34821429
vt 0.16458333 0.34821429
vt 0.16458333 0.34821429
vt 0.16458333 0.34821429
vt 0.16458333 0.34821429
vt 0.16458333 0.34821429
vt 0.16458333 0.34821429
vt 0.16458333 0.34821429
vt 0.16458333 0.34821429
vt 0.16458333 0.34821429
vt 0.16458333 0.34821429
vt 0.16458333 0.34821429
vt 0.16458333 0.34821429
vt 0.16458333 0.34821429
vt 0.16458333 0.34821429
vt 0.16458333 0.34821429
vt 0.16458333 0.34821429
vt 0.16458333 0.34821429
vt 0.16458333 0.34821429
vt 0.16458333 0.34821429
vt 0.16458333 0.34821429
vt 0.16458333 0.34821429
vt 0.16458333 0.34821429
vt 0.16458333 0.34821429
vt 0.16458333 0.34821429
vt 0.16458333 0.34821429
vt 0.16458333 0.34821429
vt 0.16458333 0.34821429
vt 0.16458333 0.34821429
vt 0.16458333 0.34821429
vt 0.16458333 0.34821429
vt 0.16458333 0.34821429
vt 0.16458333 0.34821429
vt 0.16458333 0.34821429
vt 0.16458333 0.34821429
vt 0.16458333 0.34821429
vt 0.16458333 0.34821429
vt 0.16458333 0.34821429
vt 0.16458333 0.34821429
vt 0.16458333 0.34821429
vt 0.16458333 0.34821429
vt 0.16458333 0.34821429
vt 0.16458333 0.34821429
vt 0.16458333 0.34821429
vt 0.16458333 0.34821429
vt 0.16458333 0.34821429
vt 0.16458333 0.34821429
vt 0.16458333 0.34821429
vt 0.16458333 0.34821429
vt 0.16458333 0.34821429
vt 0.16458333 0.34821429
vt 0.16458333 0.34821429
vt 0.16458333 0.34821429
vt 0.16458333 0.34821429
vt 0.16458333 0.34821429
vt 0.16458333 0.34821429
vt 0.16458333 0.34821429
vt 0.16458333 0.34821429
vt 0.16458333 0.34821429
vt 0.16458333 0.34821429
vt 0.16458333 0.34821429
vt 0.16458333 0.34821429
vt 0.16458333 0.34821429
vt 0.16458333 0.34821429
vt 0.16458333 0.34821429
vt 0.16458333 0.34821429
vt 0.16458333 0.34821429
vt 0.16458333 0.34821429
vt 0.16458333 0.34821429
vt 0.16458333 0.34821429
vt 0.16458333 0.34821429
vt 0.16458333 0.34821429
vt 0.16458333 0.34821429
vt 0.16458333 0.34821429
vt 0.16458333 0.34821429
vt 0.16458333 0.34821429
vt 0.16458333 0.34821429
vt 0.16458333 0.34821429
vt 0.16458333 0.34821429
vt 0.16458333 0.34821429
vt 0.16458333 0.34821429
vt 0.16458333 0.34821429
vt 0.16458333 0.34821429
vt 0.16458333 0.34821429
vt 0.16458333 0.34821429
vt 0.16458333 0.34821429
vt 0.16458333 0.34821429
vt 0.16458333 0.34821429
vt 0.16458333 0.34821429
vt 0.16458333 0.34821429
vt 0.16458333 0.34821429
vt 0.16458333 0.34821429
vt 0.16458333 0.34821429
vt 0.16458333 0.34821429
vt 0.16458333 0.34821429
vt 0.16458333 0.34821429
vt 0.16458333 0.34821429
vt 0.16458333 0.34821429
vt 0.16458333 0.34821429
vt 0.16458333 0.34821429
vt 0.16458333 0.34821429
vt 0.16458333 0.34821429
vt 0.16458333 0.34821429
vt 0.16458333 0.34821429
vt 0.16458333 0.34821429
vt 0.16458333 0.34821429
vt 0.16458333 0.34821429
vt 0.16458333 0.34821429
vt 0.16458333 0.34821429
vt 0.16458333 0.34821429
vt 0.16458333 0.34821429
vt 0.16458333 0.34821429
vt 0.16458333 0.34821429
vt 0.16458333 0.34821429
vt 0.16458333 0.34821429
vt 0.16458333 0.34821429
vt 0.16458333 0.34821429
vt 0.16458333 0.34821429
vt 0.16458333 0.34821429
vt 0.16458333 0.34821429
vt 0.16458333 0.34821429
vt 0.16458333 0.34821429
vt 0.16458333 0.34821429
vt 0.16458333 0.34821429
vt 0.16458333 0.34821429
vt 0.16458333 0.34821429
vt 0.16458333 0.34821429
vt 0.16458333 0.34821429
vt 0.16458333 0.34821429
vt 0.16458333 0.34821429
vt 0.16458333 0.34821429
vt 0.16458333 0.34821429
vt 0.16458333 0.34821429
vt 0.16458333 0.34821429
vt 0.16458333 0.34821429
vt 0.16458333 0.34821429
vt 0.16458333 0.34821429
vt 0.16458333 0.34821429
vt 0.16458333 0.34821429
vt 0.16458333 0.34821429
vt 0.16458333 0.34821429
vt 0.16458333 0.34821429
vt 0.16458333 0.34821429
vt 0.16458333 0.34821429
vt 0.16458333 0.34821429
vt 0.16458333 0.34821429
vt 0.16458333 0.34821429
vt 0.16458333 0.34821429
vt 0.16458333 0.34821429
vt 0.16458333 0.34821429
vt 0.16458333 0.34821429
vt 0.16458333 0.34821429
vt 0.16458333 0.34821429
vt 0.16458333 0.34821429
vt 0.16458333 0.34821429
vt 0.16458333 0.34821429
vt 0.16458333 0.34821429
vt 0.16458333 0.34821429
vt 0.16458333 0.34821429
vt 0.16458333 0.34821429
f 1/1/1 2/2/2 3/3/3
f 4/4/4 5/5/5 3/3/3
f 6/6/6 7/7/7 3/3/3
f 8/8/8 9/9/9 10/10/10
f 2/2/2 11/11/11 3/3/3
f 12/12/12 6/6/6 3/3/3
f 13/13/13 14/14/14 3/3/3
f 15/15/15 1/1/1 3/3/3
f 11/11/11 13/13/13 3/3/3
f 7/7/7 16/16/16 3/3/3
f 17/17/17 18/18/18 10/10/10
f 19/19/19 8/8/8 10/10/10
f 16/16/16 20/20/20 3/3/3
f 21/21/21 22/22/22 10/10/10
f 23/23/23 24/24/24 10/10/10
f 25/25/25 26/26/26 10/10/10
f 27/27/27 28/28/28 29/29/29
f 30/30/30 31/31/31 29/29/29
f 31/31/31 32/32/32 29/29/29
f 28/28/28 33/33/33 29/29/29
f 34/34/34 27/27/27 29/29/29
f 22/22/22 35/35/35 10/10/10
f 18/18/18 36/36/36 10/10/10
f 24/24/24 21/21/21 10/10/10
f 37/37/37 38/38/38 10/10/10
f 26/26/26 17/17/17 10/10/10
f 38/38/38 19/19/19 10/10/10
f 36/36/36 23/23/23 10/10/10
f 9/9/9 25/25/25 10/10/10
f 39/39/39 40/40/40 29/29/29
f 41/41/41 42/42/42 43/43/43
f 44/44/44 41/41/41 43/43/43
f 42/42/42 45/45/45 43/43/43
f 45/45/45 46/46/46 43/43/43
f 47/47/47 34/34/34 29/29/29
f 48/48/48 49/49/49 43/43/43
f 50/50/50 51/51/51 43/43/43
f 52/52/52 39/39/39 29/29/29
f 40/40/40 53/53/53 29/29/29
f 54/54/54 50/50/50 43/43/43
f 32/32/32 55/55/55 29/29/29
f 55/55/55 56/56/56 29/29/29
f 33/33/33 57/57/57 29/29/29
f 56/56/56 52/52/52 29/29/29
f 58/58/58 59/59/59 43/43/43
f 60/60/60 48/48/48 43/43/43
f 61/61/61 62/62/62 43/43/43
f 59/59/59 44/44/44 43/43/43
f 46/46/46 54/54/54 43/43/43
f 49/49/49 61/61/61 43/43/43
f 51/51/51 60/60/60 43/43/43
f 57/57/57 30/30/30 29/29/29
f 63/63/63 12/12/12 3/3/3
f 5/5/5 63/63/63 3/3/3
f 20/20/20 15/15/15 3/3/3
f 64/64/64 4/4/4 3/3/3
f 48/48/48 65/65/65 49/49/49
f 49/49/49 65/65/65 66/66/66
f 49/49/49 66/66/66 67/67/67
f 49/49/49 67/67/67 61/61/61
f 61/61/61 67/67/67 68/68/68
f 61/61/61 68/68/68 62/62/62
f 62/62/62 68/68/68 43/43/43
f 43/43/43 68/68/68 69/69/69
f 43/43/43 69/69/69 58/58/58
f 58/58/58 69/69/69 70/70/70
f 58/58/58 70/70/70 59/59/59
f 59/59/59 70/70/70 71/71/71
f 59/59/59 71/71/71 44/44/44
f 44/44/44 71/71/71 72/72/72
f 44/44/44 72/72/72 41/41/41
f 41/41/41 72/72/72 73/73/73
f 41/41/41 73/73/73 42/42/42
f 42/42/42 73/73/73 74/74/74
f 42/42/42 74/74/74 45/45/45
f 45/45/45 74/74/74 75/75/75
f 45/45/45 75/75/75 46/46/46
f 46/46/46 75/75/75 76/76/76
f 46/46/46 76/76/76 54/54/54
f 54/54/54 76/76/76 77/77/77
f 54/54/54 77/77/77 50/50/50
f 50/50/50 77/77/77 51/51/51
f 51/51/51 77/77/77 78/78/78
f 51/51/51 78/78/78 60/60/60
f 60/60/60 78/78/78 79/79/79
f 60/60/60 79/79/79 65/65/65
f 60/60/60 65/65/65 48/48/48
f 1/1/1 80/80/80 2/2/2
f 2/2/2 80/80/80 81/81/81
f 2/2/2 81/81/81 11/11/11
f 11/11/11 81/81/81 82/82/82
f 11/11/11 82/82/82 13/13/13
f 13/13/13 82/82/82 83/83/83
f 13/13/13 83/83/83 14/14/14
f 14/14/14 83/83/83 84/84/84
f 14/14/14 84/84/84 3/3/3
f 3/3/3 84/84/84 85/85/85
f 3/3/3 85/85/85 64/64/64
f 64/64/64 85/85/85 86/86/86
f 64/64/64 86/86/86 4/4/4
f 4/4/4 86/86/86 87/87/87
f 4/4/4 87/87/87 5/5/5
f 5/5/5 87/87/87 88/88/88
f 5/5/5 88/88/88 63/63/63
f 63/63/63 88/88/88 12/12/12
f 12/12/12 88/88/88 89/89/89
f 12/12/12 89/89/89 6/6/6
f 6/6/6 89/89/89 90/90/90
f 6/6/6 90/90/90 91/91/91
f 6/6/6 91/91/91 7/7/7
f 7/7/7 91/91/91 16/16/16
f 16/16/16 91/91/91 92/92/92
f 16/16/16 92/92/92 93/93/93
f 16/16/16 93/93/93 20/20/20
f 20/20/20 93/93/93 94/94/94
f 20/20/20 94/94/94 15/15/15
f 15/15/15 94/94/94 1/1/1
f 1/1/1 94/94/94 80/80/80
f 18/18/18 95/95/95 36/36/36
f 36/36/36 95/95/95 96/96/96
f 36/36/36 96/96/96 23/23/23
f 23/23/23 96/96/96 97/97/97
f 23/23/23 97/97/97 24/24/24
f 24/24/24 97/97/97 98/98/98
f 24/24/24 98/98/98 21/21/21
f 21/21/21 98/98/98 99/99/99
f 21/21/21 99/99/99 22/22/22
f 22/22/22 99/99/99 35/35/35
f 35/35/35 99/99/99 100/100/100
f 35/35/35 100/100/100 10/10/10
f 10/10/10 100/100/100 101/101/101
f 10/10/10 101/101/101 37/37/37
f 37/37/37 101/101/101 102/102/102
f 37/37/37 102/102/102 38/38/38
f 38/38/38 102/102/102 103/103/103
f 38/38/38 103/103/103 104/104/104
f 38/38/38 104/104/104 19/19/19
f 19/19/19 104/104/104 105/105/105
f 19/19/19 105/105/105 8/8/8
f 8/8/8 105/105/105 9/9/9
f 9/9/9 105/105/105 106/106/106
f 9/9/9 106/106/106 25/25/25
f 25/25/25 106/106/106 107/107/107
f 25/25/25 107/107/107 26/26/26
f 26/26/26 107/107/107 108/108/108
f 26/26/26 108/108/108 17/17/17
f 17/17/17 108/108/108 109/109/109
f 17/17/17 109/109/109 18/18/18
f 18/18/18 109/109/109 95/95/95
f 52/52/52 110/110/110 39/39/39
f 39/39/39 110/110/110 40/40/40
f 40/40/40 110/110/110 111/111/111
f 40/40/40 111/111/111 53/53/53
f 53/53/53 111/111/111 112/112/112
f 53/53/53 112/112/112 113/113/113
f 53/53/53 113/113/113 29/29/29
f 29/29/29 113/113/113 47/47/47
f 47/47/47 113/113/113 114/114/114
f 47/47/47 114/114/114 115/115/115
f 47/47/47 115/115/115 34/34/34
f 34/34/34 115/115/115 116/116/116
f 34/34/34 116/116/116 27/27/27
f 27/27/27 116/116/116 28/28/28
f 28/28/28 116/116/116 117/117/117
f 28/28/28 117/117/117 33/33/33
f 33/33/33 117/117/117 118/118/118
f 33/33/33 118/118/118 57/57/57
f 57/57/57 118/118/118 119/119/119
f 57/57/57 119/119/119 30/30/30
f 30/30/30 119/119/119 120/120/120
f 30/30/30 120/120/120 31/31/31
f 31/31/31 120/120/120 121/121/121
f 31/31/31 121/121/121 32/32/32
f 32/32/32 121/121/121 122/122/122
f 32/32/32 122/122/122 55/55/55
f 55/55/55 122/122/122 123/123/123
f 55/55/55 123/123/123 56/56/56
f 56/56/56 123/123/123 124/124/124
f 56/56/56 124/124/124 52/52/52
f 52/52/52 124/124/124 110/110/110
f 74/74/74 125/125/125 126/126/126
f 74/74/74 126/126/126 127/127/127
f 74/74/74 127/127/127 75/75/75
f 75/75/75 127/127/127 128/128/128
f 75/75/75 128/128/128 76/76/76
f 76/76/76 128/128/128 129/129/129
f 76/76/76 129/129/129 77/77/77
f 77/77/77 129/129/129 130/130/130
f 77/77/77 130/130/130 131/131/131
f 77/77/77 131/131/131 78/78/78
f 78/78/78 131/131/131 132/132/132
f 78/78/78 132/132/132 79/79/79
f 79/79/79 132/132/132 133/133/133
f 79/79/79 133/133/133 65/65/65
f 65/65/65 133/133/133 134/134/134
f 65/65/65 134/134/134 135/135/135
f 65/65/65 135/135/135 66/66/66
f 66/66/66 135/135/135 136/136/136
f 66/66/66 136/136/136 67/67/67
f 67/67/67 136/136/136 137/137/137
f 67/67/67 137/137/137 68/68/68
f 68/68/68 137/137/137 138/138/138
f 68/68/68 138/138/138 139/139/139
f 68/68/68 139/139/139 69/69/69
f 69/69/69 139/139/139 140/140/140
f 69/69/69 140/140/140 70/70/70
f 70/70/70 140/140/140 141/141/141
f 70/70/70 141/141/141 142/142/142
f 70/70/70 142/142/142 71/71/71
f 71/71/71 142/142/142 143/143/143
f 71/71/71 143/143/143 72/72/72
f 72/72/72 143/143/143 144/144/144
f 72/72/72 144/144/144 73/73/73
f 73/73/73 144/144/144 125/125/125
f 73/73/73 125/125/125 74/74/74
f 87/87/87 145/145/145 88/88/88
f 88/88/88 145/145/145 146/146/146
f 88/88/88 146/146/146 147/147/147
f 88/88/88 147/147/147 89/89/89
f 89/89/89 147/147/147 148/148/148
f 89/89/89 148/148/148 90/90/90
f 90/90/90 148/148/148 149/149/149
f 90/90/90 149/149/149 91/91/91
f 91/91/91 149/149/149 150/150/150
f 91/91/91 150/150/150 151/151/151
f 91/91/91 151/151/151 92/92/92
f 92/92/92 151/151/151 152/152/152
f 92/92/92 152/152/152 93/93/93
f 93/93/93 152/152/152 153/153/153
f 93/93/93 153/153/153 94/94/94
f 94/94/94 153/153/153 154/154/154
f 94/94/94 154/154/154 155/155/155
f 94/94/94 155/155/155 80/80/80
f 80/80/80 155/155/155 156/156/156
f 80/80/80 156/156/156 81/81/81
f 81/81/81 156/156/156 157/157/157
f 81/81/81 157/157/157 158/158/158
f 81/81/81 158/158/158 82/82/82
f 82/82/82 158/158/158 159/159/159
f 82/82/82 159/159/159 83/83/83
f 83/83/83 159/159/159 160/160/160
f 83/83/83 160/160/160 84/84/84
f 84/84/84 160/160/160 161/161/161
f 84/84/84 161/161/161 85/85/85
f 85/85/85 161/161/161 162/162/162
f 85/85/85 162/162/162 163/163/163
f 85/85/85 163/163/163 86/86/86
f 86/86/86 163/163/163 164/164/164
f 86/86/86 164/164/164 87/87/87
f 87/87/87 164/164/164 145/145/145
f 102/102/102 165/165/165 166/166/166
f 102/102/102 166/166/166 103/103/103
f 103/103/103 166/166/166 167/167/167
f 103/103/103 167/167/167 104/104/104
f 104/104/104 167/167/167 168/168/168
f 104/104/104 168/168/168 105/105/105
f 105/105/105 168/168/168 169/169/169
f 105/105/105 169/169/169 170/170/170
f 105/105/105 170/170/170 106/106/106
f 106/106/106 170/170/170 171/171/171
f 106/106/106 171/171/171 107/107/107
f 107/107/107 171/171/171 172/172/172
f 107/107/107 172/172/172 173/173/173
f 107/107/107 173/173/173 108/108/108
f 108/108/108 173/173/173 174/174/174
f 108/108/108 174/174/174 109/109/109
f 109/109/109 174/174/174 175/175/175
f 109/109/109 175/175/175 95/95/95
f 95/95/95 175/175/175 176/176/176
f 95/95/95 176/176/176 96/96/96
f 96/96/96 176/176/176 177/177/177
f 96/96/96 177/177/177 178/178/178
f 96/96/96 178/178/178 97/97/97
f 97/97/97 178/178/178 179/179/179
f 97/97/97 179/179/179 98/98/98
f 98/98/98 179/179/179 180/180/180
f 98/98/98 180/180/180 99/99/99
f 99/99/99 180/180/180 181/181/181
f 99/99/99 181/181/181 182/182/182
f 99/99/99 182/182/182 100/100/100
f 100/100/100 182/182/182 183/183/183
f 100/100/100 183/183/183 101/101/101
f 101/101/101 183/183/183 184/184/184
f 101/101/101 184/184/184 102/102/102
f 102/102/102 184/184/184 165/165/165
f 110/110/110 185/185/185 111/111/111
f 111/111/111 185/185/185 186/186/186
f 111/111/111 186/186/186 112/112/112
f 112/112/112 186/186/186 187/187/187
f 112/112/112 187/187/187 113/113/113
f 113/113/113 187/187/187 188/188/188
f 113/113/113 188/188/188 189/189/189
f 113/113/113 189/189/189 114/114/114
f 114/114/114 189/189/189 190/190/190
f 114/114/114 190/190/190 115/115/115
f 115/115/115 190/190/190 191/191/191
f 115/115/115 191/191/191 116/116/116
f 116/116/116 191/191/191 192/192/192
f 116/116/116 192/192/192 193/193/193
f 116/116/116 193/193/193 117/117/117
f 117/117/117 193/193/193 194/194/194
f 117/117/117 194/194/194 118/118/118
f 118/118/118 194/194/194 195/195/195
f 118/118/118 195/195/195 196/196/196
f 118/118/118 196/196/196 119/119/119
f 119/119/119 196/196/196 197/197/197
f 119/119/119 197/197/197 120/120/120
f 120/120/120 197/197/197 198/198/198
f 120/120/120 198/198/198 121/121/121
f 121/121/121 198/198/198 199/199/199
f 121/121/121 199/199/199 122/122/122
f 122/122/122 199/199/199 200/200/200
f 122/122/122 200/200/200 201/201/201
f 122/122/122 201/201/201 123/123/123
f 123/123/123 201/201/201 202/202/202
f 123/123/123 202/202/202 124/124/124
f 124/124/124 202/202/202 203/203/203
f 124/124/124 203/203/203 110/110/110
f 110/110/110 203/203/203 204/204/204
f 110/110/110 204/204/204 185/185/185
f 134/134/134 205/205/205 135/135/135
f 135/135/135 205/205/205 136/136/136
f 136/136/136 205/205/205 206/206/206
f 136/136/136 206/206/206 207/207/207
f 136/136/136 207/207/207 137/137/137
f 137/137/137 207/207/207 208/208/208
f 137/137/137 208/208/208 138/138/138
f 138/138/138 208/208/208 209/209/209
f 138/138/138 209/209/209 139/139/139
f 139/139/139 209/209/209 210/210/210
f 139/139/139 210/210/210 140/140/140
f 140/140/140 210/210/210 211/211/211
f 140/140/140 211/211/211 141/141/141
f 141/141/141 211/211/211 212/212/212
f 141/141/141 212/212/212 142/142/142
f 142/142/142 212/212/212 213/213/213
f 142/142/142 213/213/213 143/143/143
f 143/143/143 213/213/213 214/214/214
f 143/143/143 214/214/214 144/144/144
f 144/144/144 214/214/214 215/215/215
f 144/144/144 215/215/215 125/125/125
f 125/125/125 215/215/215 216/216/216
f 125/125/125 216/216/216 126/126/126
f 126/126/126 216/216/216 217/217/217
f 126/126/126 217/217/217 127/127/127
f 127/127/127 217/217/217 218/218/218
f 127/127/127 218/218/218 128/128/128
f 128/128/128 218/218/218 219/219/219
f 128/128/128 219/219/219 220/220/220
f 128/128/128 220/220/220 129/129/129
f 129/129/129 220/220/220 221/221/221
f 129/129/129 221/221/221 130/130/130
f 130/130/130 221/221/221 131/131/131
f 131/131/131 221/221/221 222/222/222
f 131/131/131 222/222/222 132/132/132
f 132/132/132 222/222/222 223/223/223
f 132/132/132 223/223/223 133/133/133
f 133/133/133 223/223/223 224/224/224
f 133/133/133 224/224/224 225/225/225
f 133/133/133 225/225/225 134/134/134
f 134/134/134 225/225/225 205/205/205
f 155/155/155 226/226/226 156/156/156
f 156/156/156 226/226/226 227/227/227
f 156/156/156 227/227/227 157/157/157
f 157/157/157 227/227/227 228/228/228
f 157/157/157 228/228/228 158/158/158
f 158/158/158 228/228/228 229/229/229
f 158/158/158 229/229/229 159/159/159
f 159/159/159 229/229/229 230/230/230
f 159/159/159 230/230/230 160/160/160
f 160/160/160 230/230/230 231/231/231
f 160/160/160 231/231/231 161/161/161
f 161/161/161 231/231/231 232/232/232
f 161/161/161 232/232/232 162/162/162
f 162/162/162 232/232/232 233/233/233
f 162/162/162 233/233/233 163/163/163
f 163/163/163 233/233/233 234/234/234
f 163/163/163 234/234/234 164/164/164
f 164/164/164 234/234/234 235/235/235
f 164/164/164 235/235/235 236/236/236
f 164/164/164 236/236/236 145/145/145
f 145/145/145 236/236/236 237/237/237
f 145/145/145 237/237/237 146/146/146
f 146/146/146 237/237/237 147/147/147
f 147/147/147 237/237/237 238/238/238
f 147/147/147 238/238/238 148/148/148
f 148/148/148 238/238/238 239/239/239
f 148/148/148 239/239/239 149/149/149
f 149/149/149 239/239/239 240/240/240
f 149/149/149 240/240/240 241/241/241
f 149/149/149 241/241/241 150/150/150
f 150/150/150 241/241/241 242/242/242
f 150/150/150 242/242/242 151/151/151
f 151/151/151 242/242/242 152/152/152
f 152/152/152 242/242/242 243/243/243
f 152/152/152 243/243/243 244/244/244
f 152/152/152 244/244/244 153/153/153
f 153/153/153 244/244/244 245/245/245
f 153/153/153 245/245/245 154/154/154
f 154/154/154 245/245/245 246/246/246
f 154/154/154 246/246/246 155/155/155
f 155/155/155 246/246/246 226/226/226
f 175/175/175 247/247/247 176/176/176
f 176/176/176 247/247/247 248/248/248
f 176/176/176 248/248/248 177/177/177
f 177/177/177 248/248/248 249/249/249
f 177/177/177 249/249/249 178/178/178
f 178/178/178 249/249/249 250/250/250
f 178/178/178 250/250/250 179/179/179
f 179/179/179 250/250/250 251/251/251
f 179/179/179 251/251/251 252/252/252
f 179/179/179 252/252/252 180/180/180
f 180/180/180 252/252/252 253/253/253
f 180/180/180 253/253/253 181/181/181
f 181/181/181 253/253/253 182/182/182
f 182/182/182 253/253/253 254/254/254
f 182/182/182 254/254/254 183/183/183
f 183/183/183 254/254/254 255/255/255
f 183/183/183 255/255/255 184/184/184
f 184/184/184 255/255/255 256/256/256
f 184/184/184 256/256/256 257/257/257
f 184/184/184 257/257/257 165/165/165
f 165/165/165 257/257/257 258/258/258
f 165/165/165 258/258/258 166/166/166
f 166/166/166 258/258/258 167/167/167
f 167/167/167 258/258/258 259/259/259
f 167/167/167 259/259/259 260/260/260
f 167/167/167 260/260/260 168/168/168
f 168/168/168 260/260/260 261/261/261
f 168/168/168 261/261/261 169/169/169
f 169/169/169 261/261/261 262/262/262
f 169/169/169 262/262/262 170/170/170
f 170/170/170 262/262/262 263/263/263
f 170/170/170 263/263/263 171/171/171
f 171/171/171 263/263/263 264/264/264
f 171/171/171 264/264/264 172/172/172
f 172/172/172 264/264/264 265/265/265
f 172/172/172 265/265/265 173/173/173
f 173/173/173 265/265/265 266/266/266
f 173/173/173 266/266/266 174/174/174
f 174/174/174 266/266/266 267/267/267
f 174/174/174 267/267/267 175/175/175
f 175/175/175 267/267/267 247/247/247
f 203/203/203 268/268/268 204/204/204
f 204/204/204 268/268/268 185/185/185
f 185/185/185 268/268/268 269/269/269
f 185/185/185 269/269/269 186/186/186
f 186/186/186 269/269/269 270/270/270
f 186/186/186 270/270/270 187/187/187
f 187/187/187 270/270/270 271/271/271
f 187/187/187 271/271/271 272/272/272
f 187/187/187 272/272/272 188/188/188
f 188/188/188 272/272/272 273/273/273
f 188/188/188 273/273/273 189/189/189
f 189/189/189 273/273/273 190/190/190
f 190/190/190 273/273/273 274/274/274
f 190/190/190 274/274/274 275/275/275
f 190/190/190 275/275/275 191/191/191
f 191/191/191 275/275/275 276/276/276
f 191/191/191 276/276/276 192/192/192
f 192/192/192 276/276/276 277/277/277
f 192/192/192 277/277/277 193/193/193
f 193/193/193 277/277/277 278/278/278
f 193/193/193 278/278/278 194/194/194
f 194/194/194 278/278/278 279/279/279
f 194/194/194 279/279/279 195/195/195
f 195/195/195 279/279/279 280/280/280
f 195/195/195 280/280/280 196/196/196
f 196/196/196 280/280/280 281/281/281
f 196/196/196 281/281/281 197/197/197
f 197/197/197 281/281/281 282/282/282
f 197/197/197 282/282/282 198/198/198
f 198/198/198 282/282/282 283/283/283
f 198/198/198 283/283/283 199/199/199
f 199/199/199 283/283/283 284/284/284
f 199/199/199 284/284/284 200/200/200
f 200/200/200 284/284/284 285/285/285
f 200/200/200 285/285/285 201/201/201
f 201/201/201 285/285/285 286/286/286
f 201/201/201 286/286/286 202/202/202
f 202/202/202 286/286/286 287/287/287
f 202/202/202 287/287/287 288/288/288
f 202/202/202 288/288/288 203/203/203
f 203/203/203 288/288/288 268/268/268
f 205/205/205 289/289/289 206/206/206
f 206/206/206 289/289/289 207/207/207
f 207/207/207 289/289/289 290/290/290
f 207/207/207 290/290/290 208/208/208
f 208/208/208 290/290/290 291/291/291
f 208/208/208 291/291/291 209/209/209
f 209/209/209 291/291/291 292/292/292
f 209/209/209 292/292/292 210/210/210
f 210/210/210 292/292/292 293/293/293
f 210/210/210 293/293/293 211/211/211
f 211/211/211 293/293/293 294/294/294
f 211/211/211 294/294/294 212/212/212
f 212/212/212 294/294/294 213/213/213
f 213/213/213 294/294/294 295/295/295
f 213/213/213 295/295/295 214/214/214
f 214/214/214 295/295/295 296/296/296
f 214/214/214 296/296/296 215/215/215
f 215/215/215 296/296/296 297/297/297
f 215/215/215 297/297/297 216/216/216
f 216/216/216 297/297/297 298/298/298
f 216/216/216 298/298/298 217/217/217
f 217/217/217 298/298/298 299/299/299
f 217/217/217 299/299/299 218/218/218
f 218/218/218 299/299/299 300/300/300
f 218/218/218 300/300/300 219/219/219
f 219/219/219 300/300/300 220/220/220
f 220/220/220 300/300/300 301/301/301
f 220/220/220 301/301/301 221/221/221
f 221/221/221 301/301/301 302/302/302
f 221/221/221 302/302/302 222/222/222
f 222/222/222 302/302/302 303/303/303
f 222/222/222 303/303/303 304/304/304
f 222/222/222 304/304/304 223/223/223
f 223/223/223 304/304/304 305/305/305
f 223/223/223 305/305/305 224/224/224
f 224/224/224 305/305/305 225/225/225
f 225/225/225 305/305/305 306/306/306
f 225/225/225 306/306/306 205/205/205
f 205/205/205 306/306/306 289/289/289
f 303/303/303 307/307/307 308/308/308
f 303/303/303 308/308/308 309/309/309
f 310/310/310 311/311/311 312/312/312
f 313/313/313 311/311/311 310/310/310
f 314/314/314 313/313/313 310/310/310
f 315/315/315 314/314/314 310/310/310
f 315/315/315 310/310/310 316/316/316
f 316/316/316 310/310/310 312/312/312
f 317/317/317 315/315/315 318/318/318
f 318/318/318 315/315/315 316/316/316
f 319/319/319 317/317/317 318/318/318
f 319/319/319 318/318/318 320/320/320
f 307/307/307 319/319/319 308/308/308
f 308/308/308 319/319/319 320/320/320
f 321/321/321 322/322/322 323/323/323
f 323/323/323 322/322/322 324/324/324
f 323/323/323 324/324/324 325/325/325
f 326/326/326 327/327/327 328/328/328
f 326/326/326 329/329/329 327/327/327
f 330/330/330 329/329/329 326/326/326
f 331/331/331 324/324/324 322/322/322
f 331/331/331 322/322/322 332/332/332
f 333/333/333 331/331/331 334/334/334
f 334/334/334 331/331/331 332/332/332
f 335/335/335 333/333/333 334/334/334
f 335/335/335 334/334/334 336/336/336
f 328/328/328 333/333/333 326/326/326
f 326/326/326 333/333/333 335/335/335
f 326/326/326 335/335/335 330/330/330
f 227/227/227 337/337/337 338/338/338
f 227/227/227 338/338/338 228/228/228
f 228/228/228 338/338/338 229/229/229
f 229/229/229 338/338/338 339/339/339
f 229/229/229 339/339/339 230/230/230
f 230/230/230 339/339/339 340/340/340
f 230/230/230 340/340/340 231/231/231
f 231/231/231 340/340/340 341/341/341
f 231/231/231 341/341/341 232/232/232
f 232/232/232 341/341/341 342/342/342
f 232/232/232 342/342/342 233/233/233
f 233/233/233 342/342/342 343/343/343
f 233/233/233 343/343/343 234/234/234
f 234/234/234 343/343/343 344/344/344
f 234/234/234 344/344/344 235/235/235
f 235/235/235 344/344/344 236/236/236
f 236/236/236 344/344/344 345/345/345
f 236/236/236 345/345/345 237/237/237
f 237/237/237 345/345/345 346/346/346
f 237/237/237 346/346/346 238/238/238
f 238/238/238 346/346/346 347/347/347
f 238/238/238 347/347/347 348/348/348
f 238/238/238 348/348/348 239/239/239
f 239/239/239 348/348/348 349/349/349
f 239/239/239 349/349/349 240/240/240
f 240/240/240 349/349/349 241/241/241
f 241/241/241 349/349/349 350/350/350
f 241/241/241 350/350/350 242/242/242
f 242/242/242 350/350/350 351/351/351
f 242/242/242 351/351/351 243/243/243
f 243/243/243 351/351/351 244/244/244
f 244/244/244 351/351/351 352/352/352
f 244/244/244 352/352/352 245/245/245
f 245/245/245 352/352/352 353/353/353
f 245/245/245 353/353/353 246/246/246
f 246/246/246 353/353/353 354/354/354
f 246/246/246 354/354/354 226/226/226
f 226/226/226 354/354/354 337/337/337
f 226/226/226 337/337/337 227/227/227
f 347/347/347 355/355/355 356/356/356
f 347/347/347 356/356/356 357/357/357
f 358/358/358 359/359/359 360/360/360
f 361/361/361 359/359/359 358/358/358
f 362/362/362 361/361/361 358/358/358
f 363/363/363 362/362/362 358/358/358
f 363/363/363 358/358/358 364/364/364
f 364/364/364 358/358/358 360/360/360
f 365/365/365 363/363/363 366/366/366
f 366/366/366 363/363/363 364/364/364
f 367/367/367 365/365/365 366/366/366
f 367/367/367 366/366/366 368/368/368
f 355/355/355 367/367/367 356/356/356
f 356/356/356 367/367/367 368/368/368
f 369/369/369 370/370/370 371/371/371
f 371/371/371 370/370/370 372/372/372
f 371/371/371 372/372/372 373/373/373
f 374/374/374 375/375/375 376/376/376
f 374/374/374 377/377/377 375/375/375
f 378/378/378 377/377/377 374/374/374
f 379/379/379 372/372/372 370/370/370
f 379/379/379 370/370/370 380/380/380
f 381/381/381 379/379/379 382/382/382
f 382/382/382 379/379/379 380/380/380
f 383/383/383 381/381/381 382/382/382
f 383/383/383 382/382/382 384/384/384
f 376/376/376 381/381/381 374/374/374
f 374/374/374 381/381/381 383/383/383
f 374/374/374 383/383/383 378/378/378
f 264/264/264 385/385/385 386/386/386
f 264/264/264 386/386/386 265/265/265
f 265/265/265 386/386/386 266/266/266
f 266/266/266 386/386/386 387/387/387
f 266/266/266 387/387/387 267/267/267
f 267/267/267 387/387/387 388/388/388
f 267/267/267 388/388/388 247/247/247
f 247/247/247 388/388/388 389/389/389
f 247/247/247 389/389/389 248/248/248
f 248/248/248 389/389/389 390/390/390
f 248/248/248 390/390/390 249/249/249
f 249/249/249 390/390/390 391/391/391
f 249/249/249 391/391/391 250/250/250
f 250/250/250 391/391/391 392/392/392
f 250/250/250 392/392/392 251/251/251
f 251/251/251 392/392/392 252/252/252
f 252/252/252 392/392/392 393/393/393
f 252/252/252 393/393/393 253/253/253
f 253/253/253 393/393/393 394/394/394
f 253/253/253 394/394/394 254/254/254
f 254/254/254 394/394/394 395/395/395
f 254/254/254 395/395/395 396/396/396
f 254/254/254 396/396/396 255/255/255
f 255/255/255 396/396/396 397/397/397
f 255/255/255 397/397/397 256/256/256
f 256/256/256 397/397/397 257/257/257
f 257/257/257 397/397/397 398/398/398
f 257/257/257 398/398/398 258/258/258
f 258/258/258 398/398/398 399/399/399
f 258/258/258 399/399/399 259/259/259
f 259/259/259 399/399/399 260/260/260
f 260/260/260 399/399/399 400/400/400
f 260/260/260 400/400/400 261/261/261
f 261/261/261 400/400/400 401/401/401
f 261/261/261 401/401/401 262/262/262
f 262/262/262 401/401/401 402/402/402
f 262/262/262 402/402/402 263/263/263
f 263/263/263 402/402/402 385/385/385
f 263/263/263 385/385/385 264/264/264
f 395/395/395 403/403/403 404/404/404
f 395/395/395 404/404/404 405/405/405
f 406/406/406 407/407/407 408/408/408
f 409/409/409 407/407/407 406/406/406
f 410/410/410 409/409/409 406/406/406
f 411/411/411 410/410/410 406/406/406
f 411/411/411 406/406/406 412/412/412
f 412/412/412 406/406/406 408/408/408
f 413/413/413 411/411/411 414/414/414
f 414/414/414 411/411/411 412/412/412
f 415/415/415 413/413/413 414/414/414
f 415/415/415 414/414/414 416/416/416
f 403/403/403 415/415/415 404/404/404
f 404/404/404 415/415/415 416/416/416
f 417/417/417 418/418/418 419/419/419
f 419/419/419 418/418/418 420/420/420
f 419/419/419 420/420/420 421/421/421
f 422/422/422 423/423/423 424/424/424
f 422/422/422 425/425/425 423/423/423
f 426/426/426 425/425/425 422/422/422
f 427/427/427 420/420/420 418/418/418
f 427/427/427 418/418/418 428/428/428
f 429/429/429 427/427/427 430/430/430
f 430/430/430 427/427/427 428/428/428
f 431/431/431 429/429/429 430/430/430
f 431/431/431 430/430/430 432/432/432
f 424/424/424 429/429/429 422/422/422
f 422/422/422 429/429/429 431/431/431
f 422/422/422 431/431/431 426/426/426
f 284/284/284 433/433/433 285/285/285
f 285/285/285 433/433/433 434/434/434
f 285/285/285 434/434/434 286/286/286
f 286/286/286 434/434/434 435/435/435
f 286/286/286 435/435/435 287/287/287
f 287/287/287 435/435/435 288/288/288
f 288/288/288 435/435/435 436/436/436
f 288/288/288 436/436/436 268/268/268
f 268/268/268 436/436/436 437/437/437
f 268/268/268 437/437/437 269/269/269
f 269/269/269 437/437/437 438/438/438
f 269/269/269 438/438/438 439/439/439
f 269/269/269 439/439/439 270/270/270
f 270/270/270 439/439/439 440/440/440
f 270/270/270 440/440/440 271/271/271
f 271/271/271 440/440/440 272/272/272
f 272/272/272 440/440/440 441/441/441
f 272/272/272 441/441/441 273/273/273
f 273/273/273 441/441/441 442/442/442
f 273/273/273 442/442/442 274/274/274
f 274/274/274 442/442/442 275/275/275
f 275/275/275 442/442/442 443/443/443
f 275/275/275 443/443/443 276/276/276
f 276/276/276 443/443/443 444/444/444
f 276/276/276 444/444/444 277/277/277
f 277/277/277 444/444/444 445/445/445
f 277/277/277 445/445/445 278/278/278
f 278/278/278 445/445/445 446/446/446
f 278/278/278 446/446/446 279/279/279
f 279/279/279 446/446/446 447/447/447
f 279/279/279 447/447/447 280/280/280
f 280/280/280 447/447/447 281/281/281
f 281/281/281 447/447/447 448/448/448
f 281/281/281 448/448/448 282/282/282
f 282/282/282 448/448/448 449/449/449
f 282/282/282 449/449/449 283/283/283
f 283/283/283 449/449/449 450/450/450
f 283/283/283 450/450/450 284/284/284
f 284/284/284 450/450/450 433/433/433
f 438/438/438 451/451/451 452/452/452
f 438/438/438 452/452/452 453/453/453
f 454/454/454 455/455/455 456/456/456
f 457/457/457 455/455/455 454/454/454
f 458/458/458 459/459/459 454/454/454
f 454/454/454 459/459/459 457/457/457
f 460/460/460 458/458/458 454/454/454
f 460/460/460 454/454/454 461/461/461
f 461/461/461 454/454/454 456/456/456
f 462/462/462 460/460/460 463/463/463
f 463/463/463 460/460/460 461/461/461
f 464/464/464 462/462/462 463/463/463
f 464/464/464 463/463/463 465/465/465
f 451/451/451 464/464/464 452/452/452
f 452/452/452 464/464/464 465/465/465
f 466/466/466 467/467/467 468/468/468
f 468/468/468 467/467/467 469/469/469
f 468/468/468 469/469/469 470/470/470
f 471/471/471 472/472/472 473/473/473
f 471/471/471 474/474/474 472/472/472
f 475/475/475 474/474/474 471/471/471
f 476/476/476 469/469/469 467/467/467
f 476/476/476 467/467/467 477/477/477
f 478/478/478 476/476/476 479/479/479
f 479/479/479 476/476/476 477/477/477
f 480/480/480 478/478/478 479/479/479
f 480/480/480 479/479/479 481/481/481
f 473/473/473 478/478/478 471/471/471
f 471/471/471 478/478/478 480/480/480
f 471/471/471 480/480/480 475/475/475
f 482/482/482 483/483/483 484/484/484
f 485/485/485 486/486/486 484/484/484
f 487/487/487 488/488/488 484/484/484
f 489/489/489 490/490/490 484/484/484
f 491/491/491 492/492/492 484/484/484
f 493/493/493 494/494/494 484/484/484
f 495/495/495 496/496/496 484/484/484
f 486/486/486 497/497/497 484/484/484
f 498/498/498 499/499/499 484/484/484
f 500/500/500 501/501/501 484/484/484
f 502/502/502 503/503/503 484/484/484
f 497/497/497 504/504/504 484/484/484
f 488/488/488 489/489/489 484/484/484
f 505/505/505 506/506/506 484/484/484
f 503/503/503 507/507/507 484/484/484
f 508/508/508 509/509/509 484/484/484
f 510/510/510 511/511/511 484/484/484
f 512/512/512 513/513/513 484/484/484
f 514/514/514 515/515/515 484/484/484
f 516/516/516 517/517/517 484/484/484
f 509/509/509 518/518/518 484/484/484
f 519/519/519 520/520/520 484/484/484
f 521/521/521 522/522/522 484/484/484
f 523/523/523 524/524/524 484/484/484
f 525/525/525 498/498/498 484/484/484
f 526/526/526 485/485/485 484/484/484
f 527/527/527 528/528/528 484/484/484
f 529/529/529 530/530/530 484/484/484
f 531/531/531 532/532/532 484/484/484
f 533/533/533 534/534/534 484/484/484
f 515/515/515 535/535/535 484/484/484
f 536/536/536 537/537/537 484/484/484
f 538/538/538 539/539/539 484/484/484
f 540/540/540 541/541/541 484/484/484
f 542/542/542 536/536/536 484/484/484
f 535/535/535 510/510/510 484/484/484
f 543/543/543 516/516/516 484/484/484
f 530/530/530 544/544/544 484/484/484
f 496/496/496 545/545/545 484/484/484
f 546/546/546 547/547/547 484/484/484
f 548/548/548 527/527/527 484/484/484
f 492/492/492 529/529/529 484/484/484
f 549/549/549 550/550/550 484/484/484
f 547/547/547 551/551/551 484/484/484
f 532/532/532 552/552/552 484/484/484
f 507/507/507 519/519/519 484/484/484
f 553/553/553 505/505/505 484/484/484
f 504/504/504 554/554/554 484/484/484
f 552/552/552 514/514/514 484/484/484
f 550/550/550 553/553/553 484/484/484
f 555/555/555 556/556/556 484/484/484
f 551/551/551 557/557/557 484/484/484
f 499/499/499 512/512/512 484/484/484
f 558/558/558 533/533/533 484/484/484
f 534/534/534 531/531/531 484/484/484
f 539/539/539 500/500/500 484/484/484
f 494/494/494 548/548/548 484/484/484
f 559/559/559 555/555/555 484/484/484
f 560/560/560 543/543/543 484/484/484
f 561/561/561 503/503/503 502/502/502
f 541/541/541 521/521/521 484/484/484
f 545/545/545 546/546/546 484/484/484
f 562/562/562 540/540/540 563/563/563
f 557/557/557 491/491/491 484/484/484
f 528/528/528 540/540/540 484/484/484
f 544/544/544 564/564/564 484/484/484
f 565/565/565 559/559/559 484/484/484
f 564/564/564 482/482/482 484/484/484
f 511/511/511 566/566/566 484/484/484
f 556/556/556 549/549/549 484/484/484
f 537/537/537 523/523/523 484/484/484
f 513/513/513 565/565/565 484/484/484
f 490/490/490 495/495/495 484/484/484
f 561/561/561 502/502/502 567/567/567
f 554/554/554 538/538/538 484/484/484
f 568/568/568 569/569/569 484/484/484
f 566/566/566 568/568/568 484/484/484
f 570/570/570 494/494/494 493/493/493
f 569/569/569 487/487/487 484/484/484
f 571/571/571 525/525/525 572/572/572
f 573/573/573 487/487/487 574/574/574
f 575/575/575 553/553/553 576/576/576
f 577/577/577 556/556/556 555/555/555
f 506/506/506 502/502/502 484/484/484
f 578/578/578 493/493/493 484/484/484
f 524/524/524 526/526/526 484/484/484
f 517/517/517 508/508/508 484/484/484
f 522/522/522 560/560/560 484/484/484
f 483/483/483 525/525/525 484/484/484
f 579/579/579 537/537/537 580/580/580
f 581/581/581 505/505/505 575/575/575
f 575/575/575 505/505/505 553/553/553
f 582/582/582 321/321/321 323/323/323
f 582/582/582 323/323/323 325/325/325
f 583/583/583 582/582/582 325/325/325
f 583/583/583 325/325/325 584/584/584
f 585/585/585 583/583/583 586/586/586
f 586/586/586 583/583/583 584/584/584
f 587/587/587 585/585/585 586/586/586
f 587/587/587 586/586/586 588/588/588
f 588/588/588 586/586/586 584/584/584
f 589/589/589 587/587/587 590/590/590
f 590/590/590 587/587/587 588/588/588
f 591/591/591 589/589/589 590/590/590
f 591/591/591 590/590/590 592/592/592
f 592/592/592 590/590/590 588/588/588
f 593/593/593 591/591/591 594/594/594
f 594/594/594 591/591/591 592/592/592
f 309/309/309 593/593/593 594/594/594
f 309/309/309 594/594/594 303/303/303
f 303/303/303 594/594/594 592/592/592
f 595/595/595 369/369/369 371/371/371
f 595/595/595 371/371/371 373/373/373
f 596/596/596 595/595/595 373/373/373
f 596/596/596 373/373/373 597/597/597
f 598/598/598 596/596/596 599/599/599
f 599/599/599 596/596/596 597/597/597
f 600/600/600 598/598/598 599/599/599
f 600/600/600 599/599/599 601/601/601
f 601/601/601 599/599/599 597/597/597
f 602/602/602 600/600/600 603/603/603
f 603/603/603 600/600/600 601/601/601
f 604/604/604 602/602/602 603/603/603
f 604/604/604 603/603/603 605/605/605
f 605/605/605 603/603/603 601/601/601
f 606/606/606 604/604/604 607/607/607
f 607/607/607 604/604/604 605/605/605
f 357/357/357 606/606/606 607/607/607
f 357/357/357 607/607/607 347/347/347
f 347/347/347 607/607/607 605/605/605
f 608/608/608 309/309/309 609/609/609
f 609/609/609 309/309/309 308/308/308
f 609/609/609 308/308/308 610/610/610
f 320/320/320 611/611/611 612/612/612
f 320/320/320 612/612/612 308/308/308
f 308/308/308 612/612/612 610/610/610
f 316/316/316 613/613/613 318/318/318
f 318/318/318 613/613/613 320/320/320
f 320/320/320 613/613/613 611/611/611
f 311/311/311 614/614/614 312/312/312
f 312/312/312 614/614/614 316/316/316
f 316/316/316 614/614/614 615/615/615
f 316/316/316 615/615/615 613/613/613
f 325/325/325 306/306/306 584/584/584
f 305/305/305 588/588/588 584/584/584
f 305/305/305 584/584/584 306/306/306
f 295/295/295 616/616/616 617/617/617
f 295/295/295 617/617/617 296/296/296
f 295/295/295 294/294/294 616/616/616
f 616/616/616 294/294/294 618/618/618
f 618/618/618 294/294/294 293/293/293
f 618/618/618 293/293/293 292/292/292
f 618/618/618 292/292/292 328/328/328
f 328/328/328 292/292/292 291/291/291
f 304/304/304 592/592/592 588/588/588
f 304/304/304 588/588/588 305/305/305
f 306/306/306 325/325/325 289/289/289
f 289/289/289 325/325/325 324/324/324
f 289/289/289 324/324/324 290/290/290
f 290/290/290 324/324/324 331/331/331
f 290/290/290 331/331/331 291/291/291
f 303/303/303 592/592/592 304/304/304
f 300/300/300 319/319/319 307/307/307
f 300/300/300 307/307/307 301/301/301
f 301/301/301 307/307/307 302/302/302
f 302/302/302 307/307/307 303/303/303
f 299/299/299 317/317/317 300/300/300
f 300/300/300 317/317/317 319/319/319
f 619/619/619 314/314/314 315/315/315
f 315/315/315 317/317/317 619/619/619
f 619/619/619 317/317/317 299/299/299
f 619/619/619 299/299/299 298/298/298
f 619/619/619 298/298/298 620/620/620
f 298/298/298 297/297/297 620/620/620
f 620/620/620 297/297/297 617/617/617
f 617/617/617 297/297/297 296/296/296
f 291/291/291 331/331/331 333/333/333
f 291/291/291 333/333/333 328/328/328
f 329/329/329 330/330/330 621/621/621
f 336/336/336 622/622/622 621/621/621
f 621/621/621 330/330/330 335/335/335
f 621/621/621 335/335/335 336/336/336
f 332/332/332 623/623/623 334/334/334
f 334/334/334 623/623/623 336/336/336
f 336/336/336 623/623/623 622/622/622
f 322/322/322 624/624/624 625/625/625
f 322/322/322 625/625/625 332/332/332
f 332/332/332 625/625/625 623/623/623
f 626/626/626 624/624/624 321/321/321
f 624/624/624 322/322/322 321/321/321
f 627/627/627 357/357/357 628/628/628
f 628/628/628 357/357/357 356/356/356
f 628/628/628 356/356/356 629/629/629
f 368/368/368 630/630/630 631/631/631
f 368/368/368 631/631/631 356/356/356
f 356/356/356 631/631/631 629/629/629
f 364/364/364 632/632/632 366/366/366
f 366/366/366 632/632/632 368/368/368
f 368/368/368 632/632/632 630/630/630
f 359/359/359 633/633/633 360/360/360
f 633/633/633 634/634/634 360/360/360
f 360/360/360 634/634/634 364/364/364
f 364/364/364 634/634/634 635/635/635
f 364/364/364 635/635/635 632/632/632
f 353/353/353 376/376/376 354/354/354
f 354/354/354 376/376/376 636/636/636
f 354/354/354 636/636/636 337/337/337
f 379/379/379 381/381/381 353/353/353
f 348/348/348 347/347/347 605/605/605
f 343/343/343 365/365/365 344/344/344
f 340/340/340 637/637/637 341/341/341
f 341/341/341 637/637/637 638/638/638
f 339/339/339 639/639/639 637/637/637
f 339/339/339 637/637/637 340/340/340
f 339/339/339 338/338/338 639/639/639
f 639/639/639 338/338/338 636/636/636
f 636/636/636 338/338/338 337/337/337
f 353/353/353 381/381/381 376/376/376
f 350/350/350 597/597/597 373/373/373
f 349/349/349 348/348/348 601/601/601
f 379/379/379 353/353/353 352/352/352
f 379/379/379 352/352/352 372/372/372
f 372/372/372 352/352/352 351/351/351
f 372/372/372 351/351/351 373/373/373
f 373/373/373 351/351/351 350/350/350
f 349/349/349 597/597/597 350/350/350
f 349/349/349 601/601/601 597/597/597
f 348/348/348 605/605/605 601/601/601
f 640/640/640 362/362/362 363/363/363
f 363/363/363 365/365/365 640/640/640
f 640/640/640 365/365/365 343/343/343
f 640/640/640 343/343/343 342/342/342
f 640/640/640 342/342/342 638/638/638
f 638/638/638 342/342/342 341/341/341
f 365/365/365 367/367/367 344/344/344
f 344/344/344 367/367/367 355/355/355
f 344/344/344 355/355/355 345/345/345
f 345/345/345 355/355/355 346/346/346
f 346/346/346 355/355/355 347/347/347
f 641/641/641 377/377/377 378/378/378
f 384/384/384 642/642/642 641/641/641
f 641/641/641 378/378/378 383/383/383
f 641/641/641 383/383/383 384/384/384
f 380/380/380 643/643/643 644/644/644
f 380/380/380 644/644/644 382/382/382
f 382/382/382 644/644/644 384/384/384
f 384/384/384 644/644/644 642/642/642
f 370/370/370 645/645/645 646/646/646
f 370/370/370 646/646/646 643/643/643
f 643/643/643 380/380/380 370/370/370
f 647/647/647 645/645/645 369/369/369
f 645/645/645 370/370/370 369/369/369
f 648/648/648 417/417/417 419/419/419
f 648/648/648 419/419/419 421/421/421
f 649/649/649 648/648/648 421/421/421
f 649/649/649 421/421/421 650/650/650
f 651/651/651 649/649/649 652/652/652
f 652/652/652 649/649/649 650/650/650
f 653/653/653 651/651/651 652/652/652
f 653/653/653 652/652/652 654/654/654
f 654/654/654 652/652/652 650/650/650
f 655/655/655 653/653/653 656/656/656
f 656/656/656 653/653/653 654/654/654
f 657/657/657 655/655/655 656/656/656
f 657/657/657 656/656/656 658/658/658
f 658/658/658 656/656/656 654/654/654
f 659/659/659 657/657/657 660/660/660
f 660/660/660 657/657/657 658/658/658
f 405/405/405 659/659/659 660/660/660
f 405/405/405 660/660/660 395/395/395
f 395/395/395 660/660/660 658/658/658
f 661/661/661 466/466/466 468/468/468
f 661/661/661 468/468/468 470/470/470
f 662/662/662 661/661/661 470/470/470
f 662/662/662 470/470/470 663/663/663
f 664/664/664 662/662/662 665/665/665
f 665/665/665 662/662/662 663/663/663
f 666/666/666 664/664/664 665/665/665
f 666/666/666 665/665/665 667/667/667
f 667/667/667 665/665/665 663/663/663
f 668/668/668 666/666/666 669/669/669
f 669/669/669 666/666/666 667/667/667
f 670/670/670 668/668/668 669/669/669
f 670/670/670 669/669/669 671/671/671
f 671/671/671 669/669/669 667/667/667
f 672/672/672 670/670/670 673/673/673
f 673/673/673 670/670/670 671/671/671
f 453/453/453 672/672/672 673/673/673
f 453/453/453 673/673/673 438/438/438
f 438/438/438 673/673/673 671/671/671
f 674/674/674 405/405/405 675/675/675
f 675/675/675 405/405/405 404/404/404
f 675/675/675 404/404/404 676/676/676
f 416/416/416 677/677/677 678/678/678
f 416/416/416 678/678/678 404/404/404
f 404/404/404 678/678/678 676/676/676
f 412/412/412 679/679/679 414/414/414
f 414/414/414 679/679/679 416/416/416
f 416/416/416 679/679/679 677/677/677
f 407/407/407 680/680/680 408/408/408
f 680/680/680 681/681/681 408/408/408
f 408/408/408 681/681/681 412/412/412
f 412/412/412 681/681/681 682/682/682
f 412/412/412 682/682/682 679/679/679
f 401/401/401 683/683/683 402/402/402
f 402/402/402 683/683/683 684/684/684
f 402/402/402 684/684/684 385/385/385
f 388/388/388 685/685/685 389/389/389
f 389/389/389 685/685/685 686/686/686
f 387/387/387 687/687/687 685/685/685
f 387/387/387 685/685/685 388/388/388
f 387/387/387 386/386/386 687/687/687
f 687/687/687 386/386/386 684/684/684
f 684/684/684 386/386/386 385/385/385
f 391/391/391 413/413/413 392/392/392
f 688/688/688 410/410/410 411/411/411
f 411/411/411 413/413/413 688/688/688
f 688/688/688 413/413/413 391/391/391
f 688/688/688 391/391/391 390/390/390
f 688/688/688 390/390/390 686/686/686
f 686/686/686 390/390/390 389/389/389
f 401/401/401 400/400/400 427/427/427
f 427/427/427 400/400/400 420/420/420
f 420/420/420 400/400/400 399/399/399
f 420/420/420 399/399/399 421/421/421
f 421/421/421 399/399/399 398/398/398
f 396/396/396 658/658/658 654/654/654
f 396/396/396 654/654/654 397/397/397
f 395/395/395 658/658/658 396/396/396
f 413/413/413 415/415/415 392/392/392
f 392/392/392 415/415/415 403/403/403
f 392/392/392 403/403/403 393/393/393
f 393/393/393 403/403/403 394/394/394
f 394/394/394 403/403/403 395/395/395
f 401/401/401 427/427/427 429/429/429
f 401/401/401 429/429/429 683/683/683
f 429/429/429 424/424/424 683/683/683
f 398/398/398 650/650/650 421/421/421
f 397/397/397 654/654/654 650/650/650
f 397/397/397 650/650/650 398/398/398
f 425/425/425 426/426/426 689/689/689
f 432/432/432 690/690/690 689/689/689
f 689/689/689 426/426/426 431/431/431
f 689/689/689 431/431/431 432/432/432
f 428/428/428 691/691/691 430/430/430
f 430/430/430 691/691/691 432/432/432
f 432/432/432 691/691/691 690/690/690
f 418/418/418 692/692/692 693/693/693
f 418/418/418 693/693/693 428/428/428
f 428/428/428 693/693/693 691/691/691
f 694/694/694 692/692/692 417/417/417
f 692/692/692 418/418/418 417/417/417
f 695/695/695 453/453/453 696/696/696
f 696/696/696 453/453/453 452/452/452
f 696/696/696 452/452/452 697/697/697
f 465/465/465 698/698/698 699/699/699
f 465/465/465 699/699/699 452/452/452
f 452/452/452 699/699/699 697/697/697
f 461/461/461 700/700/700 463/463/463
f 463/463/463 700/700/700 465/465/465
f 465/465/465 700/700/700 698/698/698
f 455/455/455 701/701/701 456/456/456
f 701/701/701 702/702/702 456/456/456
f 456/456/456 702/702/702 461/461/461
f 461/461/461 702/702/702 703/703/703
f 461/461/461 703/703/703 700/700/700
f 449/449/449 704/704/704 450/450/450
f 450/450/450 704/704/704 705/705/705
f 448/448/448 706/706/706 704/704/704
f 448/448/448 704/704/704 449/449/449
f 476/476/476 478/478/478 444/444/444
f 434/434/434 462/462/462 435/435/435
f 448/448/448 447/447/447 706/706/706
f 706/706/706 447/447/447 707/707/707
f 707/707/707 447/447/447 446/446/446
f 444/444/444 473/473/473 445/445/445
f 445/445/445 473/473/473 707/707/707
f 445/445/445 707/707/707 446/446/446
f 708/708/708 458/458/458 460/460/460
f 460/460/460 462/462/462 708/708/708
f 708/708/708 462/462/462 434/434/434
f 708/708/708 434/434/434 433/433/433
f 708/708/708 433/433/433 705/705/705
f 705/705/705 433/433/433 450/450/450
f 438/438/438 671/671/671 439/439/439
f 462/462/462 464/464/464 435/435/435
f 435/435/435 464/464/464 451/451/451
f 435/435/435 451/451/451 436/436/436
f 436/436/436 451/451/451 437/437/437
f 437/437/437 451/451/451 438/438/438
f 444/444/444 478/478/478 473/473/473
f 439/439/439 671/671/671 667/667/667
f 439/439/439 667/667/667 440/440/440
f 667/667/667 663/663/663 440/440/440
f 440/440/440 663/663/663 441/441/441
f 476/476/476 444/444/444 443/443/443
f 476/476/476 443/443/443 469/469/469
f 469/469/469 443/443/443 442/442/442
f 469/469/469 442/442/442 470/470/470
f 470/470/470 442/442/442 441/441/441
f 441/441/441 663/663/663 470/470/470
f 709/709/709 474/474/474 475/475/475
f 709/709/709 481/481/481 710/710/710
f 709/709/709 475/475/475 480/480/480
f 709/709/709 480/480/480 481/481/481
f 479/479/479 477/477/477 711/711/711
f 711/711/711 477/477/477 712/712/712
f 479/479/479 711/711/711 710/710/710
f 479/479/479 710/710/710 481/481/481
f 713/713/713 714/714/714 467/467/467
f 467/467/467 714/714/714 712/712/712
f 712/712/712 477/477/477 467/467/467
f 466/466/466 715/715/715 713/713/713
f 466/466/466 713/713/713 467/467/467
f 716/716/716 515/515/515 717/717/717
f 718/718/718 557/557/557 719/719/719
f 720/720/720 558/558/558 721/721/721
f 570/570/570 493/493/493 722/722/722
f 723/723/723 556/556/556 577/577/577
f 518/518/518 542/542/542 484/484/484
f 501/501/501 558/558/558 484/484/484
f 520/520/520 578/578/578 484/484/484
f 608/608/608 724/724/724 593/593/593
f 582/582/582 725/725/725 626/626/626
f 582/582/582 626/626/626 321/321/321
f 725/725/725 582/582/582 583/583/583
f 725/725/725 583/583/583 726/726/726
f 727/727/727 726/726/726 585/585/585
f 585/585/585 726/726/726 583/583/583
f 728/728/728 727/727/727 587/587/587
f 587/587/587 727/727/727 585/585/585
f 589/589/589 729/729/729 587/587/587
f 587/587/587 729/729/729 728/728/728
f 591/591/591 730/730/730 589/589/589
f 589/589/589 730/730/730 729/729/729
f 593/593/593 724/724/724 591/591/591
f 591/591/591 724/724/724 730/730/730
f 309/309/309 608/608/608 593/593/593
f 627/627/627 731/731/731 606/606/606
f 595/595/595 732/732/732 647/647/647
f 595/595/595 647/647/647 369/369/369
f 732/732/732 595/595/595 596/596/596
f 732/732/732 596/596/596 733/733/733
f 598/598/598 733/733/733 596/596/596
f 734/734/734 735/735/735 600/600/600
f 735/735/735 733/733/733 600/600/600
f 600/600/600 733/733/733 598/598/598
f 736/736/736 734/734/734 602/602/602
f 602/602/602 734/734/734 600/600/600
f 604/604/604 737/737/737 602/602/602
f 602/602/602 737/737/737 736/736/736
f 606/606/606 731/731/731 604/604/604
f 604/604/604 731/731/731 737/737/737
f 357/357/357 627/627/627 606/606/606
f 738/738/738 724/724/724 608/608/608
f 609/609/609 738/738/738 608/608/608
f 615/615/615 614/614/614 739/739/739
f 311/311/311 739/739/739 614/614/614
f 610/610/610 612/612/612 740/740/740
f 740/740/740 741/741/741 610/610/610
f 610/610/610 741/741/741 609/609/609
f 609/609/609 741/741/741 738/738/738
f 613/613/613 742/742/742 611/611/611
f 611/611/611 742/742/742 612/612/612
f 743/743/743 739/739/739 311/311/311
f 612/612/612 742/742/742 740/740/740
f 313/313/313 744/744/744 311/311/311
f 743/743/743 311/311/311 744/744/744
f 314/314/314 745/745/745 313/313/313
f 313/313/313 745/745/745 744/744/744
f 744/744/744 745/745/745 746/746/746
f 745/745/745 314/314/314 619/619/619
f 747/747/747 748/748/748 749/749/749
f 750/750/750 746/746/746 619/619/619
f 750/750/750 619/619/619 751/751/751
f 752/752/752 751/751/751 617/617/617
f 752/752/752 617/617/617 753/753/753
f 753/753/753 617/617/617 616/616/616
f 753/753/753 616/616/616 754/754/754
f 754/754/754 616/616/616 755/755/755
f 754/754/754 755/755/755 756/756/756
f 756/756/756 755/755/755 618/618/618
f 756/756/756 618/618/618 748/748/748
f 751/751/751 619/619/619 620/620/620
f 751/751/751 620/620/620 617/617/617
f 748/748/748 618/618/618 328/328/328
f 748/748/748 328/328/328 749/749/749
f 746/746/746 745/745/745 619/619/619
f 755/755/755 616/616/616 618/618/618
f 747/747/747 327/327/327 757/757/757
f 757/757/757 327/327/327 329/329/329
f 749/749/749 328/328/328 327/327/327
f 749/749/749 327/327/327 747/747/747
f 758/758/758 625/625/625 624/624/624
f 621/621/621 622/622/622 759/759/759
f 760/760/760 757/757/757 621/621/621
f 760/760/760 621/621/621 759/759/759
f 626/626/626 761/761/761 624/624/624
f 625/625/625 758/758/758 762/762/762
f 758/758/758 624/624/624 762/762/762
f 757/757/757 329/329/329 621/621/621
f 763/763/763 760/760/760 759/759/759
f 763/763/763 759/759/759 764/764/764
f 764/764/764 759/759/759 622/622/622
f 764/764/764 622/622/622 623/623/623
f 623/623/623 625/625/625 762/762/762
f 626/626/626 725/725/725 761/761/761
f 731/731/731 627/627/627 765/765/765
f 765/765/765 766/766/766 731/731/731
f 767/767/767 634/634/634 768/768/768
f 359/359/359 634/634/634 633/633/633
f 631/631/631 769/769/769 629/629/629
f 628/628/628 765/765/765 627/627/627
f 769/769/769 770/770/770 629/629/629
f 629/629/629 770/770/770 628/628/628
f 628/628/628 770/770/770 765/765/765
f 771/771/771 768/768/768 634/634/634
f 771/771/771 634/634/634 359/359/359
f 634/634/634 767/767/767 635/635/635
f 635/635/635 767/767/767 632/632/632
f 632/632/632 772/772/772 630/630/630
f 630/630/630 772/772/772 631/631/631
f 631/631/631 772/772/772 769/769/769
f 361/361/361 773/773/773 359/359/359
f 771/771/771 359/359/359 773/773/773
f 362/362/362 774/774/774 361/361/361
f 361/361/361 774/774/774 773/773/773
f 774/774/774 362/362/362 640/640/640
f 775/775/775 773/773/773 774/774/774
f 776/776/776 777/777/777 778/778/778
f 779/779/779 775/775/775 640/640/640
f 779/779/779 640/640/640 780/780/780
f 781/781/781 780/780/780 637/637/637
f 781/781/781 637/637/637 782/782/782
f 782/782/782 637/637/637 639/639/639
f 782/782/782 639/639/639 783/783/783
f 783/783/783 639/639/639 784/784/784
f 783/783/783 784/784/784 785/785/785
f 785/785/785 784/784/784 636/636/636
f 785/785/785 636/636/636 777/777/777
f 780/780/780 640/640/640 638/638/638
f 780/780/780 638/638/638 637/637/637
f 777/777/777 636/636/636 376/376/376
f 777/777/777 376/376/376 778/778/778
f 775/775/775 774/774/774 640/640/640
f 784/784/784 639/639/639 636/636/636
f 776/776/776 375/375/375 786/786/786
f 786/786/786 375/375/375 377/377/377
f 778/778/778 376/376/376 375/375/375
f 778/778/778 375/375/375 776/776/776
f 641/641/641 642/642/642 787/787/787
f 788/788/788 789/789/789 641/641/641
f 786/786/786 641/641/641 789/789/789
f 647/647/647 790/790/790 645/645/645
f 643/643/643 646/646/646 791/791/791
f 646/646/646 645/645/645 791/791/791
f 786/786/786 377/377/377 641/641/641
f 788/788/788 641/641/641 787/787/787
f 788/788/788 787/787/787 792/792/792
f 792/792/792 787/787/787 642/642/642
f 792/792/792 642/642/642 644/644/644
f 644/644/644 643/643/643 791/791/791
f 732/732/732 790/790/790 647/647/647
f 674/674/674 793/793/793 659/659/659
f 648/648/648 794/794/794 694/694/694
f 648/648/648 694/694/694 417/417/417
f 794/794/794 648/648/648 649/649/649
f 794/794/794 649/649/649 795/795/795
f 796/796/796 795/795/795 651/651/651
f 651/651/651 795/795/795 649/649/649
f 797/797/797 796/796/796 653/653/653
f 653/653/653 796/796/796 651/651/651
f 655/655/655 798/798/798 653/653/653
f 653/653/653 798/798/798 797/797/797
f 657/657/657 799/799/799 655/655/655
f 655/655/655 799/799/799 798/798/798
f 659/659/659 793/793/793 657/657/657
f 657/657/657 793/793/793 799/799/799
f 405/405/405 674/674/674 659/659/659
f 695/695/695 800/800/800 672/672/672
f 661/661/661 801/801/801 715/715/715
f 661/661/661 715/715/715 466/466/466
f 801/801/801 661/661/661 662/662/662
f 801/801/801 662/662/662 802/802/802
f 664/664/664 802/802/802 662/662/662
f 803/803/803 804/804/804 666/666/666
f 804/804/804 802/802/802 666/666/666
f 666/666/666 802/802/802 664/664/664
f 805/805/805 803/803/803 668/668/668
f 668/668/668 803/803/803 666/666/666
f 670/670/670 806/806/806 668/668/668
f 668/668/668 806/806/806 805/805/805
f 672/672/672 800/800/800 670/670/670
f 670/670/670 800/800/800 806/806/806
f 453/453/453 695/695/695 672/672/672
f 807/807/807 793/793/793 674/674/674
f 682/682/682 681/681/681 808/808/808
f 407/407/407 681/681/681 680/680/680
f 678/678/678 809/809/809 676/676/676
f 675/675/675 807/807/807 674/674/674
f 809/809/809 810/810/810 676/676/676
f 676/676/676 810/810/810 675/675/675
f 675/675/675 810/810/810 807/807/807
f 811/811/811 808/808/808 681/681/681
f 811/811/811 681/681/681 407/407/407
f 679/679/679 812/812/812 677/677/677
f 677/677/677 812/812/812 678/678/678
f 678/678/678 812/812/812 809/809/809
f 409/409/409 813/813/813 407/407/407
f 811/811/811 407/407/407 813/813/813
f 410/410/410 814/814/814 409/409/409
f 409/409/409 814/814/814 813/813/813
f 813/813/813 814/814/814 815/815/815
f 816/816/816 817/817/817 818/818/818
f 683/683/683 424/424/424 818/818/818
f 814/814/814 410/410/410 688/688/688
f 819/819/819 813/813/813 815/815/815
f 819/819/819 815/815/815 820/820/820
f 820/820/820 815/815/815 688/688/688
f 820/820/820 688/688/688 821/821/821
f 822/822/822 821/821/821 685/685/685
f 822/822/822 685/685/685 823/823/823
f 823/823/823 685/685/685 687/687/687
f 823/823/823 687/687/687 824/824/824
f 824/824/824 687/687/687 825/825/825
f 824/824/824 825/825/825 826/826/826
f 826/826/826 825/825/825 684/684/684
f 826/826/826 684/684/684 817/817/817
f 821/821/821 688/688/688 686/686/686
f 821/821/821 686/686/686 685/685/685
f 817/817/817 684/684/684 683/683/683
f 817/817/817 683/683/683 818/818/818
f 815/815/815 814/814/814 688/688/688
f 825/825/825 687/687/687 684/684/684
f 827/827/827 423/423/423 425/425/425
f 423/423/423 816/816/816 818/818/818
f 827/827/827 816/816/816 423/423/423
f 423/423/423 818/818/818 424/424/424
f 828/828/828 693/693/693 692/692/692
f 689/689/689 829/829/829 830/830/830
f 689/689/689 690/690/690 829/829/829
f 694/694/694 831/831/831 832/832/832
f 833/833/833 828/828/828 832/832/832
f 692/692/692 694/694/694 832/832/832
f 692/692/692 832/832/832 828/828/828
f 830/830/830 425/425/425 689/689/689
f 827/827/827 425/425/425 830/830/830
f 834/834/834 830/830/830 829/829/829
f 834/834/834 829/829/829 835/835/835
f 835/835/835 829/829/829 690/690/690
f 835/835/835 690/690/690 691/691/691
f 833/833/833 691/691/691 693/693/693
f 833/833/833 693/693/693 828/828/828
f 691/691/691 833/833/833 835/835/835
f 694/694/694 794/794/794 831/831/831
f 800/800/800 695/695/695 836/836/836
f 836/836/836 837/837/837 800/800/800
f 703/703/703 702/702/702 838/838/838
f 455/455/455 702/702/702 701/701/701
f 699/699/699 839/839/839 697/697/697
f 696/696/696 836/836/836 695/695/695
f 839/839/839 840/840/840 697/697/697
f 697/697/697 840/840/840 696/696/696
f 696/696/696 840/840/840 836/836/836
f 455/455/455 838/838/838 702/702/702
f 700/700/700 841/841/841 698/698/698
f 698/698/698 841/841/841 699/699/699
f 699/699/699 841/841/841 839/839/839
f 458/458/458 842/842/842 459/459/459
f 459/459/459 842/842/842 843/843/843
f 459/459/459 843/843/843 457/457/457
f 843/843/843 842/842/842 844/844/844
f 842/842/842 458/458/458 708/708/708
f 845/845/845 846/846/846 847/847/847
f 848/848/848 843/843/843 844/844/844
f 848/848/848 844/844/844 849/849/849
f 849/849/849 844/844/844 708/708/708
f 849/849/849 708/708/708 850/850/850
f 851/851/851 850/850/850 704/704/704
f 851/851/851 704/704/704 852/852/852
f 852/852/852 704/704/704 706/706/706
f 852/852/852 706/706/706 853/853/853
f 853/853/853 706/706/706 854/854/854
f 853/853/853 854/854/854 855/855/855
f 855/855/855 854/854/854 707/707/707
f 855/855/855 707/707/707 846/846/846
f 850/850/850 708/708/708 705/705/705
f 850/850/850 705/705/705 704/704/704
f 846/846/846 707/707/707 473/473/473
f 846/846/846 473/473/473 847/847/847
f 844/844/844 842/842/842 708/708/708
f 854/854/854 706/706/706 707/707/707
f 845/845/845 472/472/472 856/856/856
f 856/856/856 472/472/472 474/474/474
f 847/847/847 473/473/473 472/472/472
f 847/847/847 472/472/472 845/845/845
f 857/857/857 709/709/709 710/710/710
f 858/858/858 859/859/859 709/709/709
f 856/856/856 709/709/709 859/859/859
f 715/715/715 860/860/860 713/713/713
f 713/713/713 860/860/860 861/861/861
f 712/712/712 714/714/714 862/862/862
f 714/714/714 713/713/713 862/862/862
f 862/862/862 713/713/713 861/861/861
f 856/856/856 474/474/474 709/709/709
f 858/858/858 709/709/709 857/857/857
f 858/858/858 857/857/857 863/863/863
f 863/863/863 857/857/857 710/710/710
f 863/863/863 710/710/710 711/711/711
f 711/711/711 712/712/712 862/862/862
f 801/801/801 860/860/860 715/715/715
f 570/570/570 864/864/864 865/865/865
f 864/864/864 570/570/570 722/722/722
f 866/866/866 846/846/846 867/867/867
f 846/846/846 866/866/866 855/855/855
f 855/855/855 866/866/866 868/868/868
f 855/855/855 868/868/868 853/853/853
f 853/853/853 868/868/868 869/869/869
f 853/853/853 869/869/869 870/870/870
f 853/853/853 870/870/870 852/852/852
f 871/871/871 872/872/872 851/851/851
f 871/871/871 851/851/851 870/870/870
f 870/870/870 851/851/851 852/852/852
f 873/873/873 849/849/849 874/874/874
f 874/874/874 849/849/849 872/872/872
f 875/875/875 843/843/843 873/873/873
f 873/873/873 843/843/843 848/848/848
f 873/873/873 848/848/848 849/849/849
f 876/876/876 877/877/877 878/878/878
f 878/878/878 877/877/877 875/875/875
f 879/879/879 880/880/880 881/881/881
f 881/881/881 880/880/880 882/882/882
f 816/816/816 879/879/879 883/883/883
f 826/826/826 883/883/883 884/884/884
f 826/826/826 884/884/884 885/885/885
f 826/826/826 885/885/885 824/824/824
f 886/886/886 822/822/822 887/887/887
f 887/887/887 822/822/822 888/888/888
f 888/888/888 822/822/822 823/823/823
f 888/888/888 823/823/823 885/885/885
f 885/885/885 823/823/823 824/824/824
f 889/889/889 819/819/819 890/890/890
f 890/890/890 819/819/819 820/820/820
f 890/890/890 820/820/820 886/886/886
f 889/889/889 891/891/891 819/819/819
f 892/892/892 893/893/893 785/785/785
f 785/785/785 893/893/893 894/894/894
f 785/785/785 894/894/894 783/783/783
f 783/783/783 894/894/894 782/782/782
f 782/782/782 894/894/894 895/895/895
f 782/782/782 895/895/895 896/896/896
f 782/782/782 896/896/896 781/781/781
f 781/781/781 896/896/896 897/897/897
f 781/781/781 897/897/897 780/780/780
f 898/898/898 899/899/899 900/900/900
f 901/901/901 900/900/900 779/779/779
f 901/901/901 779/779/779 897/897/897
f 897/897/897 779/779/779 780/780/780
f 899/899/899 898/898/898 902/902/902
f 903/903/903 904/904/904 905/905/905
f 904/904/904 906/906/906 905/905/905
f 907/907/907 908/908/908 756/756/756
f 756/756/756 908/908/908 754/754/754
f 754/754/754 908/908/908 909/909/909
f 754/754/754 909/909/909 753/753/753
f 753/753/753 909/909/909 910/910/910
f 753/753/753 910/910/910 911/911/911
f 753/753/753 911/911/911 752/752/752
f 912/912/912 750/750/750 913/913/913
f 913/913/913 750/750/750 914/914/914
f 911/911/911 914/914/914 752/752/752
f 915/915/915 864/864/864 916/916/916
f 916/916/916 864/864/864 722/722/722
f 916/916/916 722/722/722 917/917/917
f 917/917/917 722/722/722 918/918/918
f 917/917/917 918/918/918 919/919/919
f 919/919/919 918/918/918 920/920/920
f 919/919/919 920/920/920 921/921/921
f 921/921/921 920/920/920 922/922/922
f 921/921/921 922/922/922 923/923/923
f 923/923/923 922/922/922 924/924/924
f 923/923/923 924/924/924 867/867/867
f 867/867/867 924/924/924 561/561/561
f 867/867/867 561/561/561 866/866/866
f 866/866/866 561/561/561 567/567/567
f 866/866/866 567/567/567 868/868/868
f 868/868/868 567/567/567 925/925/925
f 868/868/868 925/925/925 869/869/869
f 869/869/869 925/925/925 581/581/581
f 869/869/869 581/581/581 870/870/870
f 870/870/870 581/581/581 575/575/575
f 870/870/870 575/575/575 871/871/871
f 871/871/871 575/575/575 576/576/576
f 871/871/871 576/576/576 872/872/872
f 872/872/872 576/576/576 926/926/926
f 872/872/872 926/926/926 874/874/874
f 874/874/874 926/926/926 723/723/723
f 874/874/874 723/723/723 873/873/873
f 873/873/873 723/723/723 577/577/577
f 873/873/873 577/577/577 875/875/875
f 875/875/875 577/577/577 927/927/927
f 875/875/875 927/927/927 878/878/878
f 878/878/878 927/927/927 928/928/928
f 878/878/878 928/928/928 876/876/876
f 876/876/876 928/928/928 929/929/929
f 876/876/876 929/929/929 930/930/930
f 930/930/930 929/929/929 931/931/931
f 930/930/930 931/931/931 932/932/932
f 932/932/932 931/931/931 933/933/933
f 932/932/932 933/933/933 934/934/934
f 934/934/934 933/933/933 571/571/571
f 934/934/934 571/571/571 935/935/935
f 935/935/935 571/571/571 572/572/572
f 935/935/935 572/572/572 936/936/936
f 936/936/936 572/572/572 937/937/937
f 936/936/936 937/937/937 938/938/938
f 938/938/938 937/937/937 939/939/939
f 938/938/938 939/939/939 940/940/940
f 940/940/940 939/939/939 941/941/941
f 940/940/940 941/941/941 882/882/882
f 882/882/882 941/941/941 942/942/942
f 882/882/882 942/942/942 881/881/881
f 881/881/881 942/942/942 943/943/943
f 881/881/881 943/943/943 879/879/879
f 879/879/879 943/943/943 944/944/944
f 879/879/879 944/944/944 883/883/883
f 883/883/883 944/944/944 945/945/945
f 883/883/883 945/945/945 884/884/884
f 884/884/884 945/945/945 946/946/946
f 884/884/884 946/946/946 885/885/885
f 885/885/885 946/946/946 718/718/718
f 885/885/885 718/718/718 888/888/888
f 888/888/888 718/718/718 719/719/719
f 888/888/888 719/719/719 887/887/887
f 887/887/887 719/719/719 947/947/947
f 887/887/887 947/947/947 886/886/886
f 886/886/886 947/947/947 948/948/948
f 886/886/886 948/948/948 890/890/890
f 890/890/890 948/948/948 949/949/949
f 890/890/890 949/949/949 889/889/889
f 889/889/889 949/949/949 950/950/950
f 889/889/889 950/950/950 891/891/891
f 891/891/891 950/950/950 951/951/951
f 891/891/891 951/951/951 952/952/952
f 952/952/952 951/951/951 953/953/953
f 952/952/952 953/953/953 954/954/954
f 954/954/954 953/953/953 955/955/955
f 954/954/954 955/955/955 956/956/956
f 956/956/956 955/955/955 957/957/957
f 956/956/956 957/957/957 958/958/958
f 958/958/958 957/957/957 573/573/573
f 958/958/958 573/573/573 959/959/959
f 959/959/959 573/573/573 574/574/574
f 959/959/959 574/574/574 960/960/960
f 960/960/960 574/574/574 961/961/961
f 960/960/960 961/961/961 962/962/962
f 962/962/962 961/961/961 963/963/963
f 962/962/962 963/963/963 964/964/964
f 964/964/964 963/963/963 965/965/965
f 964/964/964 965/965/965 966/966/966
f 966/966/966 965/965/965 967/967/967
f 966/966/966 967/967/967 968/968/968
f 968/968/968 967/967/967 969/969/969
f 968/968/968 969/969/969 970/970/970
f 970/970/970 969/969/969 716/716/716
f 970/970/970 716/716/716 971/971/971
f 971/971/971 716/716/716 717/717/717
f 971/971/971 717/717/717 892/892/892
f 892/892/892 717/717/717 972/972/972
f 892/892/892 972/972/972 893/893/893
f 893/893/893 972/972/972 973/973/973
f 893/893/893 973/973/973 894/894/894
f 894/894/894 973/973/973 974/974/974
f 894/894/894 974/974/974 895/895/895
f 895/895/895 974/974/974 975/975/975
f 895/895/895 975/975/975 896/896/896
f 896/896/896 975/975/975 976/976/976
f 896/896/896 976/976/976 897/897/897
f 897/897/897 976/976/976 720/720/720
f 897/897/897 720/720/720 901/901/901
f 901/901/901 720/720/720 721/721/721
f 901/901/901 721/721/721 900/900/900
f 900/900/900 721/721/721 977/977/977
f 900/900/900 977/977/977 898/898/898
f 898/898/898 977/977/977 978/978/978
f 898/898/898 978/978/978 902/902/902
f 902/902/902 978/978/978 979/979/979
f 902/902/902 979/979/979 980/980/980
f 980/980/980 979/979/979 981/981/981
f 980/980/980 981/981/981 982/982/982
f 982/982/982 981/981/981 983/983/983
f 982/982/982 983/983/983 984/984/984
f 984/984/984 983/983/983 985/985/985
f 984/984/984 985/985/985 986/986/986
f 986/986/986 985/985/985 987/987/987
f 986/986/986 987/987/987 903/903/903
f 903/903/903 987/987/987 988/988/988
f 903/903/903 988/988/988 904/904/904
f 904/904/904 988/988/988 989/989/989
f 904/904/904 989/989/989 906/906/906
f 906/906/906 989/989/989 990/990/990
f 906/906/906 990/990/990 991/991/991
f 991/991/991 990/990/990 579/579/579
f 991/991/991 579/579/579 992/992/992
f 992/992/992 579/579/579 580/580/580
f 992/992/992 580/580/580 993/993/993
f 993/993/993 580/580/580 994/994/994
f 993/993/993 994/994/994 995/995/995
f 995/995/995 994/994/994 996/996/996
f 995/995/995 996/996/996 907/907/907
f 907/907/907 996/996/996 997/997/997
f 907/907/907 997/997/997 908/908/908
f 908/908/908 997/997/997 998/998/998
f 908/908/908 998/998/998 909/909/909
f 909/909/909 998/998/998 999/999/999
f 909/909/909 999/999/999 910/910/910
f 910/910/910 999/999/999 1000/1000/1000
f 910/910/910 1000/1000/1000 911/911/911
f 911/911/911 1000/1000/1000 1001/1001/1001
f 911/911/911 1001/1001/1001 914/914/914
f 914/914/914 1001/1001/1001 1002/1002/1002
f 914/914/914 1002/1002/1002 913/913/913
f 913/913/913 1002/1002/1002 1003/1003/1003
f 913/913/913 1003/1003/1003 912/912/912
f 912/912/912 1003/1003/1003 1004/1004/1004
f 912/912/912 1004/1004/1004 1005/1005/1005
f 1005/1005/1005 1004/1004/1004 1006/1006/1006
f 1005/1005/1005 1006/1006/1006 1007/1007/1007
f 1007/1007/1007 1006/1006/1006 1008/1008/1008
f 1007/1007/1007 1008/1008/1008 1009/1009/1009
f 1009/1009/1009 1008/1008/1008 562/562/562
f 1009/1009/1009 562/562/562 1010/1010/1010
f 1010/1010/1010 562/562/562 563/563/563
f 1010/1010/1010 563/563/563 1011/1011/1011
f 1011/1011/1011 563/563/563 1012/1012/1012
f 1011/1011/1011 1012/1012/1012 1013/1013/1013
f 1013/1013/1013 1012/1012/1012 865/865/865
f 1013/1013/1013 865/865/865 915/915/915
f 915/915/915 865/865/865 864/864/864
f 729/729/729 730/730/730 1014/1014/1014
f 1014/1014/1014 730/730/730 724/724/724
f 727/727/727 1015/1015/1015 726/726/726
f 1015/1015/1015 725/725/725 726/726/726
f 1016/1016/1016 732/732/732 733/733/733
f 737/737/737 731/731/731 766/766/766
f 737/737/737 766/766/766 736/736/736
f 1017/1017/1017 1018/1018/1018 794/794/794
f 798/798/798 799/799/799 1019/1019/1019
f 1019/1019/1019 799/799/799 793/793/793
f 794/794/794 795/795/795 1017/1017/1017
f 1018/1018/1018 1017/1017/1017 795/795/795
f 1018/1018/1018 795/795/795 796/796/796
f 1020/1020/1020 801/801/801 802/802/802
f 806/806/806 800/800/800 837/837/837
f 806/806/806 837/837/837 805/805/805
f 791/791/791 645/645/645 1021/1021/1021
f 1021/1021/1021 645/645/645 790/790/790
f 1021/1021/1021 790/790/790 1022/1022/1022
f 1022/1022/1022 790/790/790 732/732/732
f 789/789/789 788/788/788 1023/1023/1023
f 1023/1023/1023 788/788/788 792/792/792
f 1023/1023/1023 792/792/792 644/644/644
f 1023/1023/1023 644/644/644 1021/1021/1021
f 1021/1021/1021 644/644/644 791/791/791
f 971/971/971 776/776/776 786/786/786
f 971/971/971 786/786/786 970/970/970
f 789/789/789 1023/1023/1023 1024/1024/1024
f 1025/1025/1025 1026/1026/1026 768/768/768
f 767/767/767 768/768/768 1026/1026/1026
f 771/771/771 773/773/773 899/899/899
f 899/899/899 773/773/773 900/900/900
f 900/900/900 773/773/773 775/775/775
f 900/900/900 775/775/775 779/779/779
f 892/892/892 785/785/785 777/777/777
f 892/892/892 777/777/777 776/776/776
f 892/892/892 776/776/776 971/971/971
f 1027/1027/1027 632/632/632 767/767/767
f 1027/1027/1027 767/767/767 1026/1026/1026
f 769/769/769 772/772/772 1027/1027/1027
f 1027/1027/1027 772/772/772 632/632/632
f 1028/1028/1028 769/769/769 1027/1027/1027
f 766/766/766 765/765/765 1028/1028/1028
f 1028/1028/1028 765/765/765 770/770/770
f 1028/1028/1028 770/770/770 769/769/769
f 762/762/762 624/624/624 1029/1029/1029
f 1029/1029/1029 624/624/624 761/761/761
f 1029/1029/1029 761/761/761 725/725/725
f 764/764/764 623/623/623 1030/1030/1030
f 623/623/623 762/762/762 1030/1030/1030
f 1030/1030/1030 762/762/762 1029/1029/1029
f 1030/1030/1030 763/763/763 764/764/764
f 995/995/995 747/747/747 757/757/757
f 760/760/760 763/763/763 1031/1031/1031
f 1031/1031/1031 763/763/763 1030/1030/1030
f 1031/1031/1031 757/757/757 760/760/760
f 1032/1032/1032 1033/1033/1033 1007/1007/1007
f 1033/1033/1033 739/739/739 743/743/743
f 1033/1033/1033 743/743/743 1007/1007/1007
f 743/743/743 744/744/744 1005/1005/1005
f 1007/1007/1007 743/743/743 1005/1005/1005
f 1005/1005/1005 744/744/744 912/912/912
f 912/912/912 744/744/744 746/746/746
f 912/912/912 746/746/746 750/750/750
f 914/914/914 750/750/750 751/751/751
f 914/914/914 751/751/751 752/752/752
f 907/907/907 756/756/756 748/748/748
f 907/907/907 748/748/748 995/995/995
f 995/995/995 748/748/748 747/747/747
f 1034/1034/1034 742/742/742 1035/1035/1035
f 742/742/742 613/613/613 1035/1035/1035
f 739/739/739 1033/1033/1033 1035/1035/1035
f 739/739/739 1035/1035/1035 615/615/615
f 615/615/615 1035/1035/1035 613/613/613
f 1034/1034/1034 740/740/740 742/742/742
f 724/724/724 738/738/738 1036/1036/1036
f 1036/1036/1036 738/738/738 1034/1034/1034
f 738/738/738 741/741/741 1034/1034/1034
f 741/741/741 740/740/740 1034/1034/1034
f 711/711/711 862/862/862 1037/1037/1037
f 1037/1037/1037 862/862/862 861/861/861
f 1037/1037/1037 861/861/861 860/860/860
f 711/711/711 1037/1037/1037 863/863/863
f 867/867/867 845/845/845 856/856/856
f 856/856/856 859/859/859 858/858/858
f 1038/1038/1038 856/856/856 1039/1039/1039
f 1039/1039/1039 856/856/856 1037/1037/1037
f 856/856/856 858/858/858 863/863/863
f 856/856/856 863/863/863 1037/1037/1037
f 872/872/872 849/849/849 850/850/850
f 872/872/872 850/850/850 851/851/851
f 867/867/867 846/846/846 845/845/845
f 838/838/838 455/455/455 877/877/877
f 1040/1040/1040 838/838/838 1041/1041/1041
f 1041/1041/1041 838/838/838 877/877/877
f 877/877/877 455/455/455 457/457/457
f 877/877/877 457/457/457 875/875/875
f 875/875/875 457/457/457 843/843/843
f 1042/1042/1042 700/700/700 1040/1040/1040
f 1040/1040/1040 700/700/700 703/703/703
f 703/703/703 838/838/838 1040/1040/1040
f 1042/1042/1042 841/841/841 700/700/700
f 1042/1042/1042 840/840/840 839/839/839
f 1042/1042/1042 839/839/839 841/841/841
f 1043/1043/1043 837/837/837 836/836/836
f 1043/1043/1043 836/836/836 1042/1042/1042
f 1042/1042/1042 836/836/836 840/840/840
f 832/832/832 831/831/831 1044/1044/1044
f 1044/1044/1044 831/831/831 794/794/794
f 832/832/832 1044/1044/1044 833/833/833
f 833/833/833 1044/1044/1044 1045/1045/1045
f 833/833/833 1045/1045/1045 835/835/835
f 1046/1046/1046 830/830/830 834/834/834
f 1046/1046/1046 834/834/834 1045/1045/1045
f 1045/1045/1045 834/834/834 835/835/835
f 879/879/879 816/816/816 827/827/827
f 879/879/879 827/827/827 880/880/880
f 827/827/827 830/830/830 1046/1046/1046
f 808/808/808 811/811/811 1047/1047/1047
f 1048/1048/1048 1049/1049/1049 679/679/679
f 1048/1048/1048 679/679/679 682/682/682
f 1048/1048/1048 682/682/682 808/808/808
f 1048/1048/1048 808/808/808 1047/1047/1047
f 1047/1047/1047 811/811/811 891/891/891
f 811/811/811 813/813/813 891/891/891
f 891/891/891 813/813/813 819/819/819
f 886/886/886 820/820/820 821/821/821
f 886/886/886 821/821/821 822/822/822
f 883/883/883 826/826/826 817/817/817
f 883/883/883 817/817/817 816/816/816
f 810/810/810 1049/1049/1049 1050/1050/1050
f 1049/1049/1049 810/810/810 809/809/809
f 1049/1049/1049 809/809/809 812/812/812
f 1049/1049/1049 812/812/812 679/679/679
f 1050/1050/1050 793/793/793 807/807/807
f 1050/1050/1050 807/807/807 810/810/810
f 1051/1051/1051 905/905/905 906/906/906
f 906/906/906 991/991/991 1051/1051/1051
f 1051/1051/1051 991/991/991 1052/1052/1052
f 1052/1052/1052 991/991/991 992/992/992
f 1052/1052/1052 992/992/992 1053/1053/1053
f 1053/1053/1053 992/992/992 993/993/993
f 1053/1053/1053 993/993/993 1031/1031/1031
f 1031/1031/1031 993/993/993 995/995/995
f 1031/1031/1031 995/995/995 757/757/757
f 1032/1032/1032 1007/1007/1007 1009/1009/1009
f 1032/1032/1032 1009/1009/1009 1054/1054/1054
f 1054/1054/1054 1009/1009/1009 1010/1010/1010
f 1054/1054/1054 1010/1010/1010 1055/1055/1055
f 1055/1055/1055 1010/1010/1010 1011/1011/1011
f 1055/1055/1055 1011/1011/1011 1056/1056/1056
f 1056/1056/1056 1011/1011/1011 1013/1013/1013
f 1056/1056/1056 1013/1013/1013 1057/1057/1057
f 1057/1057/1057 1013/1013/1013 915/915/915
f 1057/1057/1057 915/915/915 1058/1058/1058
f 1058/1058/1058 915/915/915 916/916/916
f 1058/1058/1058 916/916/916 1059/1059/1059
f 1059/1059/1059 916/916/916 917/917/917
f 867/867/867 856/856/856 1038/1038/1038
f 867/867/867 1038/1038/1038 923/923/923
f 923/923/923 1038/1038/1038 1060/1060/1060
f 923/923/923 1060/1060/1060 921/921/921
f 921/921/921 1060/1060/1060 1061/1061/1061
f 921/921/921 1061/1061/1061 919/919/919
f 919/919/919 1061/1061/1061 1059/1059/1059
f 919/919/919 1059/1059/1059 917/917/917
f 1041/1041/1041 877/877/877 1062/1062/1062
f 1062/1062/1062 877/877/877 876/876/876
f 1062/1062/1062 876/876/876 1063/1063/1063
f 1063/1063/1063 876/876/876 930/930/930
f 1063/1063/1063 930/930/930 1064/1064/1064
f 1064/1064/1064 930/930/930 932/932/932
f 1064/1064/1064 932/932/932 934/934/934
f 1064/1064/1064 934/934/934 1065/1065/1065
f 1065/1065/1065 934/934/934 935/935/935
f 1065/1065/1065 935/935/935 1066/1066/1066
f 1066/1066/1066 935/935/935 936/936/936
f 1066/1066/1066 936/936/936 1067/1067/1067
f 1067/1067/1067 936/936/936 938/938/938
f 1067/1067/1067 938/938/938 1068/1068/1068
f 1068/1068/1068 938/938/938 940/940/940
f 1068/1068/1068 940/940/940 1069/1069/1069
f 1069/1069/1069 940/940/940 882/882/882
f 1069/1069/1069 882/882/882 1070/1070/1070
f 1070/1070/1070 882/882/882 880/880/880
f 1070/1070/1070 880/880/880 827/827/827
f 1070/1070/1070 827/827/827 1046/1046/1046
f 1047/1047/1047 891/891/891 952/952/952
f 1047/1047/1047 952/952/952 1071/1071/1071
f 1071/1071/1071 952/952/952 954/954/954
f 1071/1071/1071 954/954/954 1072/1072/1072
f 1072/1072/1072 954/954/954 956/956/956
f 1072/1072/1072 956/956/956 1073/1073/1073
f 1073/1073/1073 956/956/956 958/958/958
f 1073/1073/1073 958/958/958 1074/1074/1074
f 1074/1074/1074 958/958/958 959/959/959
f 1074/1074/1074 959/959/959 1075/1075/1075
f 1075/1075/1075 959/959/959 960/960/960
f 1075/1075/1075 960/960/960 962/962/962
f 1075/1075/1075 962/962/962 1076/1076/1076
f 1076/1076/1076 962/962/962 964/964/964
f 1076/1076/1076 964/964/964 1077/1077/1077
f 1077/1077/1077 964/964/964 1078/1078/1078
f 1078/1078/1078 964/964/964 966/966/966
f 966/966/966 968/968/968 1078/1078/1078
f 1078/1078/1078 968/968/968 1079/1079/1079
f 1079/1079/1079 968/968/968 970/970/970
f 1079/1079/1079 970/970/970 1024/1024/1024
f 1024/1024/1024 970/970/970 786/786/786
f 1024/1024/1024 786/786/786 789/789/789
f 768/768/768 771/771/771 1025/1025/1025
f 1025/1025/1025 771/771/771 899/899/899
f 1025/1025/1025 899/899/899 902/902/902
f 1025/1025/1025 902/902/902 1080/1080/1080
f 1080/1080/1080 902/902/902 980/980/980
f 986/986/986 1081/1081/1081 984/984/984
f 984/984/984 1081/1081/1081 1082/1082/1082
f 984/984/984 1082/1082/1082 982/982/982
f 982/982/982 1082/1082/1082 1080/1080/1080
f 982/982/982 1080/1080/1080 980/980/980
f 1051/1051/1051 1083/1083/1083 905/905/905
f 905/905/905 1083/1083/1083 1084/1084/1084
f 905/905/905 1084/1084/1084 903/903/903
f 903/903/903 1084/1084/1084 986/986/986
f 986/986/986 1084/1084/1084 1085/1085/1085
f 986/986/986 1085/1085/1085 1081/1081/1081
f 1029/1029/1029 1086/1086/1086 1087/1087/1087
f 1088/1088/1088 1089/1089/1089 1090/1090/1090
f 1091/1091/1091 1092/1092/1092 1093/1093/1093
f 1093/1093/1093 1092/1092/1092 1094/1094/1094
f 1095/1095/1095 1094/1094/1094 1096/1096/1096
f 1095/1095/1095 1096/1096/1096 1097/1097/1097
f 1098/1098/1098 1099/1099/1099 735/735/735
f 1098/1098/1098 735/735/735 1100/1100/1100
f 990/990/990 526/526/526 524/524/524
f 1100/1100/1100 1101/1101/1101 1102/1102/1102
f 1103/1103/1103 1104/1104/1104 1105/1105/1105
f 1105/1105/1105 1104/1104/1104 1106/1106/1106
f 1101/1101/1101 1106/1106/1106 1102/1102/1102
f 1107/1107/1107 1108/1108/1108 728/728/728
f 728/728/728 1108/1108/1108 1109/1109/1109
f 1110/1110/1110 1111/1111/1111 804/804/804
f 1110/1110/1110 804/804/804 1112/1112/1112
f 1113/1113/1113 1114/1114/1114 1115/1115/1115
f 1115/1115/1115 1114/1114/1114 1116/1116/1116
f 1117/1117/1117 1118/1118/1118 797/797/797
f 797/797/797 1118/1118/1118 1119/1119/1119
f 1120/1120/1120 1121/1121/1121 1122/1122/1122
f 1122/1122/1122 1121/1121/1121 1123/1123/1123
f 1089/1089/1089 1088/1088/1088 1124/1124/1124
f 1125/1125/1125 1126/1126/1126 1127/1127/1127
f 1127/1127/1127 1126/1126/1126 1128/1128/1128
f 1117/1117/1117 797/797/797 798/798/798
f 1117/1117/1117 798/798/798 1019/1019/1019
f 1018/1018/1018 796/796/796 1119/1119/1119
f 796/796/796 797/797/797 1119/1119/1119
f 794/794/794 1018/1018/1018 1044/1044/1044
f 1045/1045/1045 1044/1044/1044 1129/1129/1129
f 1070/1070/1070 1046/1046/1046 1130/1130/1130
f 1130/1130/1130 1046/1046/1046 1129/1129/1129
f 1129/1129/1129 1046/1046/1046 1045/1045/1045
f 1131/1131/1131 1042/1042/1042 1040/1040/1040
f 1131/1131/1131 1040/1040/1040 1132/1132/1132
f 1132/1132/1132 1040/1040/1040 1041/1041/1041
f 1042/1042/1042 1131/1131/1131 1043/1043/1043
f 1043/1043/1043 1131/1131/1131 1133/1133/1133
f 1043/1043/1043 1133/1133/1133 805/805/805
f 1043/1043/1043 805/805/805 837/837/837
f 804/804/804 803/803/803 1112/1112/1112
f 1112/1112/1112 803/803/803 805/805/805
f 1020/1020/1020 802/802/802 1111/1111/1111
f 1111/1111/1111 802/802/802 804/804/804
f 801/801/801 1020/1020/1020 860/860/860
f 860/860/860 1020/1020/1020 1134/1134/1134
f 860/860/860 1134/1134/1134 1135/1135/1135
f 860/860/860 1135/1135/1135 1037/1037/1037
f 1037/1037/1037 1135/1135/1135 1039/1039/1039
f 1038/1038/1038 1039/1039/1039 1136/1136/1136
f 1038/1038/1038 1136/1136/1136 1060/1060/1060
f 1137/1137/1137 1054/1054/1054 1055/1055/1055
f 1054/1054/1054 1137/1137/1137 1032/1032/1032
f 1033/1033/1033 1032/1032/1032 1138/1138/1138
f 1033/1033/1033 1138/1138/1138 1035/1035/1035
f 1035/1035/1035 1139/1139/1139 1034/1034/1034
f 1034/1034/1034 1139/1139/1139 1036/1036/1036
f 1036/1036/1036 1014/1014/1014 724/724/724
f 1107/1107/1107 728/728/728 729/729/729
f 1107/1107/1107 729/729/729 1014/1014/1014
f 1015/1015/1015 727/727/727 1109/1109/1109
f 727/727/727 728/728/728 1109/1109/1109
f 1086/1086/1086 1029/1029/1029 725/725/725
f 1086/1086/1086 725/725/725 1015/1015/1015
f 1140/1140/1140 1031/1031/1031 1030/1030/1030
f 1140/1140/1140 1030/1030/1030 1087/1087/1087
f 1087/1087/1087 1030/1030/1030 1029/1029/1029
f 1031/1031/1031 1140/1140/1140 1053/1053/1053
f 1027/1027/1027 1026/1026/1026 1141/1141/1141
f 1027/1027/1027 1141/1141/1141 1142/1142/1142
f 1027/1027/1027 1142/1142/1142 1028/1028/1028
f 736/736/736 766/766/766 1142/1142/1142
f 1142/1142/1142 766/766/766 1028/1028/1028
f 735/735/735 734/734/734 1100/1100/1100
f 1100/1100/1100 734/734/734 736/736/736
f 1016/1016/1016 733/733/733 1099/1099/1099
f 1099/1099/1099 733/733/733 735/735/735
f 732/732/732 1016/1016/1016 1022/1022/1022
f 1021/1021/1021 1022/1022/1022 1143/1143/1143
f 1021/1021/1021 1143/1143/1143 1144/1144/1144
f 1021/1021/1021 1144/1144/1144 1023/1023/1023
f 1023/1023/1023 1144/1144/1144 1145/1145/1145
f 1023/1023/1023 1145/1145/1145 1024/1024/1024
f 1024/1024/1024 1145/1145/1145 1079/1079/1079
f 1078/1078/1078 1079/1079/1079 1146/1146/1146
f 1078/1078/1078 1146/1146/1146 1077/1077/1077
f 1071/1071/1071 1147/1147/1147 1047/1047/1047
f 1047/1047/1047 1147/1147/1147 1048/1048/1048
f 1049/1049/1049 1048/1048/1048 1148/1148/1148
f 1049/1049/1049 1148/1148/1148 1050/1050/1050
f 1050/1050/1050 1148/1148/1148 1149/1149/1149
f 1050/1050/1050 1149/1149/1149 1019/1019/1019
f 1050/1050/1050 1019/1019/1019 793/793/793
f 1018/1018/1018 1119/1119/1119 1150/1150/1150
f 1018/1018/1018 1150/1150/1150 1044/1044/1044
f 1044/1044/1044 1150/1150/1150 1113/1113/1113
f 1044/1044/1044 1113/1113/1113 1129/1129/1129
f 1129/1129/1129 1113/1113/1113 1115/1115/1115
f 1129/1129/1129 1115/1115/1115 1130/1130/1130
f 1130/1130/1130 1115/1115/1115 1116/1116/1116
f 1130/1130/1130 1116/1116/1116 1070/1070/1070
f 1070/1070/1070 1116/1116/1116 1151/1151/1151
f 1070/1070/1070 1151/1151/1151 1069/1069/1069
f 1069/1069/1069 1151/1151/1151 1152/1152/1152
f 1069/1069/1069 1152/1152/1152 1068/1068/1068
f 1068/1068/1068 1152/1152/1152 1153/1153/1153
f 1068/1068/1068 1153/1153/1153 1067/1067/1067
f 1067/1067/1067 1153/1153/1153 1154/1154/1154
f 1067/1067/1067 1154/1154/1154 1066/1066/1066
f 1066/1066/1066 1154/1154/1154 1155/1155/1155
f 1066/1066/1066 1155/1155/1155 1065/1065/1065
f 1065/1065/1065 1155/1155/1155 1156/1156/1156
f 1065/1065/1065 1156/1156/1156 1064/1064/1064
f 1064/1064/1064 1156/1156/1156 1157/1157/1157
f 1064/1064/1064 1157/1157/1157 1063/1063/1063
f 1063/1063/1063 1157/1157/1157 1158/1158/1158
f 1063/1063/1063 1158/1158/1158 1062/1062/1062
f 1062/1062/1062 1158/1158/1158 1159/1159/1159
f 1062/1062/1062 1159/1159/1159 1041/1041/1041
f 1041/1041/1041 1159/1159/1159 1160/1160/1160
f 1041/1041/1041 1160/1160/1160 1132/1132/1132
f 1132/1132/1132 1160/1160/1160 1161/1161/1161
f 1132/1132/1132 1161/1161/1161 1131/1131/1131
f 1131/1131/1131 1161/1161/1161 1162/1162/1162
f 1131/1131/1131 1162/1162/1162 1133/1133/1133
f 1133/1133/1133 1162/1162/1162 1112/1112/1112
f 1133/1133/1133 1112/1112/1112 805/805/805
f 1020/1020/1020 1111/1111/1111 1134/1134/1134
f 1134/1134/1134 1111/1111/1111 1163/1163/1163
f 1134/1134/1134 1163/1163/1163 1135/1135/1135
f 1135/1135/1135 1163/1163/1163 1164/1164/1164
f 1135/1135/1135 1164/1164/1164 1039/1039/1039
f 1039/1039/1039 1164/1164/1164 1165/1165/1165
f 1039/1039/1039 1165/1165/1165 1136/1136/1136
f 1136/1136/1136 1165/1165/1165 1166/1166/1166
f 1136/1136/1136 1166/1166/1166 1060/1060/1060
f 1060/1060/1060 1166/1166/1166 1167/1167/1167
f 1060/1060/1060 1167/1167/1167 1061/1061/1061
f 1061/1061/1061 1167/1167/1167 1168/1168/1168
f 1061/1061/1061 1168/1168/1168 1059/1059/1059
f 1059/1059/1059 1168/1168/1168 1169/1169/1169
f 1059/1059/1059 1169/1169/1169 1058/1058/1058
f 1058/1058/1058 1169/1169/1169 1170/1170/1170
f 1058/1058/1058 1170/1170/1170 1057/1057/1057
f 1057/1057/1057 1170/1170/1170 1171/1171/1171
f 1057/1057/1057 1171/1171/1171 1056/1056/1056
f 1056/1056/1056 1171/1171/1171 1172/1172/1172
f 1056/1056/1056 1172/1172/1172 1055/1055/1055
f 1055/1055/1055 1172/1172/1172 1173/1173/1173
f 1055/1055/1055 1173/1173/1173 1137/1137/1137
f 1137/1137/1137 1173/1173/1173 1174/1174/1174
f 1137/1137/1137 1174/1174/1174 1032/1032/1032
f 1032/1032/1032 1174/1174/1174 1175/1175/1175
f 1032/1032/1032 1175/1175/1175 1138/1138/1138
f 1138/1138/1138 1175/1175/1175 1176/1176/1176
f 1138/1138/1138 1176/1176/1176 1035/1035/1035
f 1035/1035/1035 1176/1176/1176 1177/1177/1177
f 1035/1035/1035 1177/1177/1177 1139/1139/1139
f 1139/1139/1139 1177/1177/1177 1107/1107/1107
f 1139/1139/1139 1107/1107/1107 1036/1036/1036
f 1036/1036/1036 1107/1107/1107 1014/1014/1014
f 1015/1015/1015 1109/1109/1109 1178/1178/1178
f 1015/1015/1015 1178/1178/1178 1086/1086/1086
f 1086/1086/1086 1178/1178/1178 1179/1179/1179
f 1086/1086/1086 1179/1179/1179 1087/1087/1087
f 1087/1087/1087 1179/1179/1179 1180/1180/1180
f 1087/1087/1087 1180/1180/1180 1140/1140/1140
f 1140/1140/1140 1180/1180/1180 1181/1181/1181
f 1140/1140/1140 1181/1181/1181 1053/1053/1053
f 1053/1053/1053 1181/1181/1181 1182/1182/1182
f 1053/1053/1053 1182/1182/1182 1052/1052/1052
f 1052/1052/1052 1182/1182/1182 1183/1183/1183
f 1052/1052/1052 1183/1183/1183 1051/1051/1051
f 1051/1051/1051 1183/1183/1183 1184/1184/1184
f 1051/1051/1051 1184/1184/1184 1083/1083/1083
f 1083/1083/1083 1184/1184/1184 1185/1185/1185
f 1083/1083/1083 1185/1185/1185 1084/1084/1084
f 1084/1084/1084 1185/1185/1185 1186/1186/1186
f 1084/1084/1084 1186/1186/1186 1085/1085/1085
f 1085/1085/1085 1186/1186/1186 1187/1187/1187
f 1085/1085/1085 1187/1187/1187 1081/1081/1081
f 1081/1081/1081 1187/1187/1187 1188/1188/1188
f 1081/1081/1081 1188/1188/1188 1082/1082/1082
f 1082/1082/1082 1188/1188/1188 1189/1189/1189
f 1082/1082/1082 1189/1189/1189 1080/1080/1080
f 1080/1080/1080 1189/1189/1189 1103/1103/1103
f 1080/1080/1080 1103/1103/1103 1025/1025/1025
f 1025/1025/1025 1103/1103/1103 1105/1105/1105
f 1025/1025/1025 1105/1105/1105 1026/1026/1026
f 1026/1026/1026 1105/1105/1105 1106/1106/1106
f 1026/1026/1026 1106/1106/1106 1141/1141/1141
f 1141/1141/1141 1106/1106/1106 1101/1101/1101
f 1141/1141/1141 1101/1101/1101 1142/1142/1142
f 1142/1142/1142 1101/1101/1101 1100/1100/1100
f 1142/1142/1142 1100/1100/1100 736/736/736
f 1016/1016/1016 1099/1099/1099 1022/1022/1022
f 1022/1022/1022 1099/1099/1099 1097/1097/1097
f 1022/1022/1022 1097/1097/1097 1143/1143/1143
f 1143/1143/1143 1097/1097/1097 1096/1096/1096
f 1143/1143/1143 1096/1096/1096 1144/1144/1144
f 1144/1144/1144 1096/1096/1096 1094/1094/1094
f 1144/1144/1144 1094/1094/1094 1145/1145/1145
f 1145/1145/1145 1094/1094/1094 1092/1092/1092
f 1145/1145/1145 1092/1092/1092 1079/1079/1079
f 1079/1079/1079 1092/1092/1092 1091/1091/1091
f 1079/1079/1079 1091/1091/1091 1146/1146/1146
f 1146/1146/1146 1091/1091/1091 1090/1090/1090
f 1146/1146/1146 1090/1090/1090 1077/1077/1077
f 1077/1077/1077 1090/1090/1090 1089/1089/1089
f 1077/1077/1077 1089/1089/1089 1076/1076/1076
f 1076/1076/1076 1089/1089/1089 1124/1124/1124
f 1076/1076/1076 1124/1124/1124 1075/1075/1075
f 1075/1075/1075 1124/1124/1124 1125/1125/1125
f 1075/1075/1075 1125/1125/1125 1074/1074/1074
f 1074/1074/1074 1125/1125/1125 1127/1127/1127
f 1074/1074/1074 1127/1127/1127 1073/1073/1073
f 1073/1073/1073 1127/1127/1127 1128/1128/1128
f 1073/1073/1073 1128/1128/1128 1072/1072/1072
f 1072/1072/1072 1128/1128/1128 1190/1190/1190
f 1072/1072/1072 1190/1190/1190 1071/1071/1071
f 1071/1071/1071 1190/1190/1190 1120/1120/1120
f 1071/1071/1071 1120/1120/1120 1147/1147/1147
f 1147/1147/1147 1120/1120/1120 1122/1122/1122
f 1147/1147/1147 1122/1122/1122 1048/1048/1048
f 1048/1048/1048 1122/1122/1122 1123/1123/1123
f 1048/1048/1048 1123/1123/1123 1148/1148/1148
f 1148/1148/1148 1123/1123/1123 1117/1117/1117
f 1148/1148/1148 1117/1117/1117 1149/1149/1149
f 1149/1149/1149 1117/1117/1117 1019/1019/1019
f 1113/1113/1113 1150/1150/1150 1191/1191/1191
f 1192/1192/1192 1126/1126/1126 1125/1125/1125
f 1192/1192/1192 1125/1125/1125 1193/1193/1193
f 1193/1193/1193 1125/1125/1125 1124/1124/1124
f 1120/1120/1120 1190/1190/1190 1194/1194/1194
f 1194/1194/1194 1190/1190/1190 1195/1195/1195
f 1195/1195/1195 1190/1190/1190 1128/1128/1128
f 1195/1195/1195 1128/1128/1128 1196/1196/1196
f 1196/1196/1196 1128/1128/1128 1126/1126/1126
f 1196/1196/1196 1126/1126/1126 1192/1192/1192
f 1120/1120/1120 1194/1194/1194 1197/1197/1197
f 1120/1120/1120 1197/1197/1197 1121/1121/1121
f 1121/1121/1121 1197/1197/1197 1198/1198/1198
f 1121/1121/1121 1198/1198/1198 1123/1123/1123
f 1123/1123/1123 1198/1198/1198 1199/1199/1199
f 1123/1123/1123 1199/1199/1199 1117/1117/1117
f 1117/1117/1117 1199/1199/1199 1118/1118/1118
f 1118/1118/1118 1199/1199/1199 1200/1200/1200
f 1191/1191/1191 1150/1150/1150 1201/1201/1201
f 1118/1118/1118 1200/1200/1200 1202/1202/1202
f 1118/1118/1118 1202/1202/1202 1119/1119/1119
f 1119/1119/1119 1202/1202/1202 1201/1201/1201
f 1119/1119/1119 1201/1201/1201 1150/1150/1150
f 1113/1113/1113 1191/1191/1191 1203/1203/1203
f 1113/1113/1113 1203/1203/1203 1114/1114/1114
f 1114/1114/1114 1203/1203/1203 1204/1204/1204
f 1114/1114/1114 1204/1204/1204 1116/1116/1116
f 1116/1116/1116 1204/1204/1204 1205/1205/1205
f 1152/1152/1152 1206/1206/1206 1153/1153/1153
f 1116/1116/1116 1205/1205/1205 1151/1151/1151
f 1151/1151/1151 1205/1205/1205 1152/1152/1152
f 1152/1152/1152 1205/1205/1205 1207/1207/1207
f 1152/1152/1152 1207/1207/1207 1206/1206/1206
f 1153/1153/1153 1206/1206/1206 1154/1154/1154
f 1154/1154/1154 1206/1206/1206 1208/1208/1208
f 1154/1154/1154 1208/1208/1208 1155/1155/1155
f 1155/1155/1155 1208/1208/1208 1209/1209/1209
f 1155/1155/1155 1209/1209/1209 1210/1210/1210
f 1155/1155/1155 1210/1210/1210 1156/1156/1156
f 1156/1156/1156 1210/1210/1210 1211/1211/1211
f 1156/1156/1156 1211/1211/1211 1157/1157/1157
f 1212/1212/1212 1112/1112/1112 1162/1162/1162
f 1157/1157/1157 1211/1211/1211 1213/1213/1213
f 1157/1157/1157 1213/1213/1213 1158/1158/1158
f 1158/1158/1158 1213/1213/1213 1159/1159/1159
f 1159/1159/1159 1213/1213/1213 1214/1214/1214
f 1159/1159/1159 1214/1214/1214 1160/1160/1160
f 1160/1160/1160 1214/1214/1214 1215/1215/1215
f 1160/1160/1160 1215/1215/1215 1161/1161/1161
f 1161/1161/1161 1215/1215/1215 1216/1216/1216
f 1161/1161/1161 1216/1216/1216 1162/1162/1162
f 1162/1162/1162 1216/1216/1216 1217/1217/1217
f 1162/1162/1162 1217/1217/1217 1212/1212/1212
f 1193/1193/1193 1124/1124/1124 1218/1218/1218
f 1218/1218/1218 1124/1124/1124 1088/1088/1088
f 1218/1218/1218 1088/1088/1088 1219/1219/1219
f 1219/1219/1219 1088/1088/1088 1090/1090/1090
f 1219/1219/1219 1090/1090/1090 1220/1220/1220
f 1220/1220/1220 1090/1090/1090 1091/1091/1091
f 1220/1220/1220 1091/1091/1091 1221/1221/1221
f 1221/1221/1221 1091/1091/1091 1093/1093/1093
f 1221/1221/1221 1093/1093/1093 1222/1222/1222
f 1222/1222/1222 1093/1093/1093 1094/1094/1094
f 1222/1222/1222 1094/1094/1094 1223/1223/1223
f 1223/1223/1223 1094/1094/1094 1095/1095/1095
f 1223/1223/1223 1095/1095/1095 1224/1224/1224
f 1224/1224/1224 1095/1095/1095 1097/1097/1097
f 1224/1224/1224 1097/1097/1097 1225/1225/1225
f 1225/1225/1225 1097/1097/1097 1099/1099/1099
f 1225/1225/1225 1099/1099/1099 1226/1226/1226
f 1226/1226/1226 1099/1099/1099 1098/1098/1098
f 1226/1226/1226 1098/1098/1098 1227/1227/1227
f 1227/1227/1227 1098/1098/1098 1100/1100/1100
f 1227/1227/1227 1100/1100/1100 1228/1228/1228
f 1228/1228/1228 1100/1100/1100 1102/1102/1102
f 1228/1228/1228 1102/1102/1102 1229/1229/1229
f 1229/1229/1229 1102/1102/1102 1106/1106/1106
f 1229/1229/1229 1106/1106/1106 1230/1230/1230
f 1230/1230/1230 1106/1106/1106 1104/1104/1104
f 1230/1230/1230 1104/1104/1104 1231/1231/1231
f 1231/1231/1231 1104/1104/1104 1103/1103/1103
f 1231/1231/1231 1103/1103/1103 1232/1232/1232
f 1232/1232/1232 1103/1103/1103 1189/1189/1189
f 1232/1232/1232 1189/1189/1189 1233/1233/1233
f 1233/1233/1233 1189/1189/1189 1188/1188/1188
f 1233/1233/1233 1188/1188/1188 1234/1234/1234
f 1234/1234/1234 1188/1188/1188 1187/1187/1187
f 1234/1234/1234 1187/1187/1187 1235/1235/1235
f 1235/1235/1235 1187/1187/1187 1186/1186/1186
f 1235/1235/1235 1186/1186/1186 1236/1236/1236
f 1236/1236/1236 1186/1186/1186 1185/1185/1185
f 1236/1236/1236 1185/1185/1185 1237/1237/1237
f 1237/1237/1237 1185/1185/1185 1184/1184/1184
f 1237/1237/1237 1184/1184/1184 1238/1238/1238
f 1238/1238/1238 1184/1184/1184 1183/1183/1183
f 1238/1238/1238 1183/1183/1183 1239/1239/1239
f 1239/1239/1239 1183/1183/1183 1182/1182/1182
f 1239/1239/1239 1182/1182/1182 1240/1240/1240
f 1240/1240/1240 1182/1182/1182 1181/1181/1181
f 1240/1240/1240 1181/1181/1181 1241/1241/1241
f 1241/1241/1241 1181/1181/1181 1180/1180/1180
f 1241/1241/1241 1180/1180/1180 1242/1242/1242
f 1242/1242/1242 1180/1180/1180 1179/1179/1179
f 1242/1242/1242 1179/1179/1179 1243/1243/1243
f 1243/1243/1243 1179/1179/1179 1178/1178/1178
f 1243/1243/1243 1178/1178/1178 1244/1244/1244
f 1244/1244/1244 1178/1178/1178 1109/1109/1109
f 1244/1244/1244 1109/1109/1109 1245/1245/1245
f 1245/1245/1245 1109/1109/1109 1108/1108/1108
f 1245/1245/1245 1108/1108/1108 1246/1246/1246
f 1246/1246/1246 1108/1108/1108 1107/1107/1107
f 1246/1246/1246 1107/1107/1107 1247/1247/1247
f 1247/1247/1247 1107/1107/1107 1177/1177/1177
f 1247/1247/1247 1177/1177/1177 1248/1248/1248
f 1248/1248/1248 1177/1177/1177 1176/1176/1176
f 1248/1248/1248 1176/1176/1176 1249/1249/1249
f 1249/1249/1249 1176/1176/1176 1175/1175/1175
f 1249/1249/1249 1175/1175/1175 1250/1250/1250
f 1250/1250/1250 1175/1175/1175 1174/1174/1174
f 1250/1250/1250 1174/1174/1174 1251/1251/1251
f 1251/1251/1251 1174/1174/1174 1173/1173/1173
f 1251/1251/1251 1173/1173/1173 1252/1252/1252
f 1252/1252/1252 1173/1173/1173 1172/1172/1172
f 1252/1252/1252 1172/1172/1172 1253/1253/1253
f 1253/1253/1253 1172/1172/1172 1171/1171/1171
f 1253/1253/1253 1171/1171/1171 1254/1254/1254
f 1254/1254/1254 1171/1171/1171 1170/1170/1170
f 1254/1254/1254 1170/1170/1170 1255/1255/1255
f 1255/1255/1255 1170/1170/1170 1169/1169/1169
f 1255/1255/1255 1169/1169/1169 1256/1256/1256
f 1256/1256/1256 1169/1169/1169 1168/1168/1168
f 1256/1256/1256 1168/1168/1168 1257/1257/1257
f 1257/1257/1257 1168/1168/1168 1167/1167/1167
f 1257/1257/1257 1167/1167/1167 1258/1258/1258
f 1258/1258/1258 1167/1167/1167 1166/1166/1166
f 1258/1258/1258 1166/1166/1166 1259/1259/1259
f 1259/1259/1259 1166/1166/1166 1165/1165/1165
f 1259/1259/1259 1165/1165/1165 1260/1260/1260
f 1260/1260/1260 1165/1165/1165 1164/1164/1164
f 1260/1260/1260 1164/1164/1164 1261/1261/1261
f 1261/1261/1261 1164/1164/1164 1163/1163/1163
f 1261/1261/1261 1163/1163/1163 1262/1262/1262
f 1262/1262/1262 1163/1163/1163 1111/1111/1111
f 1262/1262/1262 1111/1111/1111 1110/1110/1110
f 1262/1262/1262 1110/1110/1110 1263/1263/1263
f 1263/1263/1263 1110/1110/1110 1212/1212/1212
f 1212/1212/1212 1110/1110/1110 1112/1112/1112
f 1264/1264/1264 1265/1265/1265 1256/1256/1256
f 1266/1266/1266 1267/1267/1267 1212/1212/1212
f 1268/1268/1268 1269/1269/1269 1211/1211/1211
f 1208/1208/1208 1270/1270/1270 1271/1271/1271
f 1272/1272/1272 1273/1273/1273 1203/1203/1203
f 1203/1203/1203 1273/1273/1273 1274/1274/1274
f 1275/1275/1275 1276/1276/1276 1201/1201/1201
f 1277/1277/1277 1275/1275/1275 1202/1202/1202
f 1198/1198/1198 1278/1278/1278 1279/1279/1279
f 1280/1280/1280 1281/1281/1281 1195/1195/1195
f 1221/1221/1221 1282/1282/1282 1283/1283/1283
f 1284/1284/1284 1285/1285/1285 1222/1222/1222
f 1222/1222/1222 1285/1285/1285 1282/1282/1282
f 1286/1286/1286 1287/1287/1287 1229/1229/1229
f 1229/1229/1229 1287/1287/1287 1288/1288/1288
f 1289/1289/1289 1290/1290/1290 1239/1239/1239
f 1239/1239/1239 1290/1290/1290 1291/1291/1291
f 1292/1292/1292 1293/1293/1293 1242/1242/1242
f 1245/1245/1245 1294/1294/1294 1295/1295/1295
f 1296/1296/1296 1297/1297/1297 1246/1246/1246
f 1246/1246/1246 1297/1297/1297 1294/1294/1294
f 1298/1298/1298 1299/1299/1299 1249/1249/1249
f 1249/1249/1249 1299/1299/1299 1300/1300/1300
f 1301/1301/1301 1302/1302/1302 1252/1252/1252
f 1303/1303/1303 1301/1301/1301 1253/1253/1253
f 1226/1226/1226 1227/1227/1227 1304/1304/1304
f 1226/1226/1226 1304/1304/1304 1305/1305/1305
f 1233/1233/1233 1234/1234/1234 1306/1306/1306
f 1233/1233/1233 1306/1306/1306 1307/1307/1307
f 1225/1225/1225 1226/1226/1226 1305/1305/1305
f 1225/1225/1225 1305/1305/1305 1308/1308/1308
f 1232/1232/1232 1233/1233/1233 1307/1307/1307
f 1232/1232/1232 1307/1307/1307 1309/1309/1309
f 1224/1224/1224 1225/1225/1225 1308/1308/1308
f 1224/1224/1224 1308/1308/1308 1310/1310/1310
f 1231/1231/1231 1232/1232/1232 1309/1309/1309
f 1231/1231/1231 1309/1309/1309 1311/1311/1311
f 1265/1265/1265 1312/1312/1312 1256/1256/1256
f 1256/1256/1256 1312/1312/1312 1255/1255/1255
f 1313/1313/1313 1314/1314/1314 1259/1259/1259
f 1259/1259/1259 1314/1314/1314 1258/1258/1258
f 1315/1315/1315 1316/1316/1316 1261/1261/1261
f 1315/1315/1315 1261/1261/1261 1262/1262/1262
f 1267/1267/1267 1317/1317/1317 1212/1212/1212
f 1212/1212/1212 1317/1317/1317 1263/1263/1263
f 1266/1266/1266 1212/1212/1212 1217/1217/1217
f 1318/1318/1318 1319/1319/1319 1215/1215/1215
f 1215/1215/1215 1319/1319/1319 1216/1216/1216
f 1318/1318/1318 1215/1215/1215 1320/1320/1320
f 1320/1320/1320 1215/1215/1215 1214/1214/1214
f 1269/1269/1269 1321/1321/1321 1211/1211/1211
f 1211/1211/1211 1321/1321/1321 1213/1213/1213
f 1208/1208/1208 1271/1271/1271 1209/1209/1209
f 1322/1322/1322 1323/1323/1323 1207/1207/1207
f 1322/1322/1322 1207/1207/1207 1205/1205/1205
f 1203/1203/1203 1274/1274/1274 1204/1204/1204
f 1272/1272/1272 1203/1203/1203 1191/1191/1191
f 1275/1275/1275 1201/1201/1201 1202/1202/1202
f 1277/1277/1277 1202/1202/1202 1200/1200/1200
f 1198/1198/1198 1279/1279/1279 1199/1199/1199
f 1281/1281/1281 1324/1324/1324 1195/1195/1195
f 1195/1195/1195 1324/1324/1324 1194/1194/1194
f 1325/1325/1325 1326/1326/1326 1192/1192/1192
f 1325/1325/1325 1192/1192/1192 1193/1193/1193
f 1327/1327/1327 1328/1328/1328 1218/1218/1218
f 1327/1327/1327 1218/1218/1218 1219/1219/1219
f 1329/1329/1329 1327/1327/1327 1283/1283/1283
f 1283/1283/1283 1327/1327/1327 1219/1219/1219
f 1283/1283/1283 1219/1219/1219 1220/1220/1220
f 1282/1282/1282 1221/1221/1221 1222/1222/1222
f 1284/1284/1284 1222/1222/1222 1223/1223/1223
f 1229/1229/1229 1288/1288/1288 1228/1228/1228
f 1286/1286/1286 1229/1229/1229 1230/1230/1230
f 1330/1330/1330 1331/1331/1331 1235/1235/1235
f 1330/1330/1330 1235/1235/1235 1236/1236/1236
f 1332/1332/1332 1330/1330/1330 1236/1236/1236
f 1332/1332/1332 1236/1236/1236 1237/1237/1237
f 1239/1239/1239 1291/1291/1291 1238/1238/1238
f 1293/1293/1293 1333/1333/1333 1242/1242/1242
f 1242/1242/1242 1333/1333/1333 1241/1241/1241
f 1245/1245/1245 1295/1295/1295 1244/1244/1244
f 1249/1249/1249 1300/1300/1300 1248/1248/1248
f 1302/1302/1302 1334/1334/1334 1252/1252/1252
f 1252/1252/1252 1334/1334/1334 1251/1251/1251
f 1254/1254/1254 1255/1255/1255 1312/1312/1312
f 1254/1254/1254 1312/1312/1312 1303/1303/1303
f 1264/1264/1264 1256/1256/1256 1257/1257/1257
f 1257/1257/1257 1258/1258/1258 1314/1314/1314
f 1257/1257/1257 1314/1314/1314 1264/1264/1264
f 1313/1313/1313 1259/1259/1259 1335/1335/1335
f 1335/1335/1335 1259/1259/1259 1260/1260/1260
f 1260/1260/1260 1261/1261/1261 1316/1316/1316
f 1260/1260/1260 1316/1316/1316 1335/1335/1335
f 1262/1262/1262 1263/1263/1263 1317/1317/1317
f 1262/1262/1262 1317/1317/1317 1315/1315/1315
f 1217/1217/1217 1216/1216/1216 1319/1319/1319
f 1217/1217/1217 1319/1319/1319 1266/1266/1266
f 1214/1214/1214 1213/1213/1213 1321/1321/1321
f 1214/1214/1214 1321/1321/1321 1320/1320/1320
f 1268/1268/1268 1211/1211/1211 1210/1210/1210
f 1210/1210/1210 1209/1209/1209 1271/1271/1271
f 1210/1210/1210 1271/1271/1271 1268/1268/1268
f 1270/1270/1270 1208/1208/1208 1336/1336/1336
f 1336/1336/1336 1208/1208/1208 1206/1206/1206
f 1206/1206/1206 1207/1207/1207 1323/1323/1323
f 1206/1206/1206 1323/1323/1323 1336/1336/1336
f 1205/1205/1205 1204/1204/1204 1274/1274/1274
f 1205/1205/1205 1274/1274/1274 1322/1322/1322
f 1191/1191/1191 1201/1201/1201 1272/1272/1272
f 1272/1272/1272 1201/1201/1201 1276/1276/1276
f 1200/1200/1200 1199/1199/1199 1279/1279/1279
f 1200/1200/1200 1279/1279/1279 1277/1277/1277
f 1278/1278/1278 1198/1198/1198 1337/1337/1337
f 1337/1337/1337 1198/1198/1198 1197/1197/1197
f 1197/1197/1197 1194/1194/1194 1324/1324/1324
f 1197/1197/1197 1324/1324/1324 1337/1337/1337
f 1280/1280/1280 1195/1195/1195 1196/1196/1196
f 1196/1196/1196 1192/1192/1192 1326/1326/1326
f 1196/1196/1196 1326/1326/1326 1280/1280/1280
f 1193/1193/1193 1218/1218/1218 1328/1328/1328
f 1193/1193/1193 1328/1328/1328 1325/1325/1325
f 1220/1220/1220 1221/1221/1221 1283/1283/1283
f 1310/1310/1310 1284/1284/1284 1223/1223/1223
f 1310/1310/1310 1223/1223/1223 1224/1224/1224
f 1227/1227/1227 1228/1228/1228 1288/1288/1288
f 1227/1227/1227 1288/1288/1288 1304/1304/1304
f 1286/1286/1286 1230/1230/1230 1311/1311/1311
f 1311/1311/1311 1230/1230/1230 1231/1231/1231
f 1234/1234/1234 1235/1235/1235 1331/1331/1331
f 1234/1234/1234 1331/1331/1331 1306/1306/1306
f 1237/1237/1237 1238/1238/1238 1291/1291/1291
f 1237/1237/1237 1291/1291/1291 1332/1332/1332
f 1289/1289/1289 1239/1239/1239 1240/1240/1240
f 1240/1240/1240 1241/1241/1241 1333/1333/1333
f 1240/1240/1240 1333/1333/1333 1289/1289/1289
f 1292/1292/1292 1242/1242/1242 1243/1243/1243
f 1243/1243/1243 1244/1244/1244 1295/1295/1295
f 1243/1243/1243 1295/1295/1295 1292/1292/1292
f 1294/1294/1294 1245/1245/1245 1246/1246/1246
f 1296/1296/1296 1246/1246/1246 1247/1247/1247
f 1247/1247/1247 1248/1248/1248 1300/1300/1300
f 1247/1247/1247 1300/1300/1300 1296/1296/1296
f 1298/1298/1298 1249/1249/1249 1250/1250/1250
f 1250/1250/1250 1251/1251/1251 1334/1334/1334
f 1250/1250/1250 1334/1334/1334 1298/1298/1298
f 1301/1301/1301 1252/1252/1252 1253/1253/1253
f 1303/1303/1303 1253/1253/1253 1254/1254/1254
f 543/543/543 1003/1003/1003 1002/1002/1002
f 557/557/557 946/946/946 491/491/491
f 918/918/918 493/493/493 578/578/578
f 517/517/517 999/999/999 508/508/508
f 539/539/539 979/979/979 978/978/978
f 499/499/499 931/931/931 512/512/512
f 512/512/512 929/929/929 513/513/513
f 536/536/536 580/580/580 537/537/537
f 482/482/482 937/937/937 483/483/483
f 487/487/487 957/957/957 488/488/488
f 574/574/574 487/487/487 569/569/569
f 579/579/579 523/523/523 537/537/537
f 941/941/941 482/482/482 564/564/564
f 571/571/571 498/498/498 525/525/525
f 488/488/488 955/955/955 489/489/489
f 965/965/965 963/963/963 566/566/566
f 544/544/544 941/941/941 564/564/564
f 533/533/533 975/975/975 534/534/534
f 948/948/948 546/546/546 545/545/545
f 985/985/985 504/504/504 497/497/497
f 937/937/937 525/525/525 483/483/483
f 543/543/543 1001/1001/1001 516/516/516
f 975/975/975 531/531/531 534/534/534
f 520/520/520 918/918/918 578/578/578
f 568/568/568 574/574/574 569/569/569
f 563/563/563 540/540/540 528/528/528
f 922/922/922 520/520/520 519/519/519
f 521/521/521 1004/1004/1004 522/522/522
f 539/539/539 977/977/977 500/500/500
f 526/526/526 988/988/988 485/485/485
f 485/485/485 987/987/987 486/486/486
f 547/547/547 948/948/948 947/947/947
f 965/965/965 566/566/566 511/511/511
f 548/548/548 1012/1012/1012 527/527/527
f 498/498/498 933/933/933 499/499/499
f 504/504/504 981/981/981 554/554/554
f 576/576/576 553/553/553 550/550/550
f 540/540/540 1008/1008/1008 541/541/541
f 541/541/541 1006/1006/1006 521/521/521
f 925/925/925 502/502/502 506/506/506
f 565/565/565 927/927/927 559/559/559
f 929/929/929 565/565/565 513/513/513
f 949/949/949 948/948/948 545/545/545
f 503/503/503 924/924/924 507/507/507
f 530/530/530 942/942/942 544/544/544
f 531/531/531 973/973/973 532/532/532
f 529/529/529 943/943/943 530/530/530
f 535/535/535 967/967/967 510/510/510
f 528/528/528 1012/1012/1012 563/563/563
f 998/998/998 518/518/518 509/509/509
f 505/505/505 925/925/925 506/506/506
f 511/511/511 967/967/967 965/965/965
f 496/496/496 951/951/951 950/950/950
f 532/532/532 972/972/972 552/552/552
f 721/721/721 558/558/558 501/501/501
f 508/508/508 998/998/998 509/509/509
f 950/950/950 545/545/545 496/496/496
f 945/945/945 529/529/529 492/492/492
f 523/523/523 990/990/990 524/524/524
f 554/554/554 979/979/979 538/538/538
f 500/500/500 721/721/721 501/501/501
f 1001/1001/1001 1000/1000/1000 517/517/517
f 955/955/955 490/490/490 489/489/489
f 556/556/556 926/926/926 549/549/549
f 515/515/515 969/969/969 535/535/535
f 492/492/492 946/946/946 945/945/945
f 570/570/570 548/548/548 494/494/494
f 547/547/547 719/719/719 551/551/551
f 507/507/507 922/922/922 519/519/519
f 518/518/518 996/996/996 542/542/542
f 490/490/490 951/951/951 495/495/495
f 497/497/497 987/987/987 985/985/985
f 717/717/717 515/515/515 514/514/514
f 522/522/522 1003/1003/1003 560/560/560
f 552/552/552 717/717/717 514/514/514
f 566/566/566 961/961/961 568/568/568
f 1001/1001/1001 517/517/517 516/516/516
f 559/559/559 577/577/577 555/555/555
f 719/719/719 557/557/557 551/551/551
f 550/550/550 926/926/926 576/576/576
f 558/558/558 976/976/976 533/533/533
f 996/996/996 536/536/536 542/542/542
f 990/990/990 989/989/989 526/526/526
f 543/543/543 560/560/560 1003/1003/1003
f 557/557/557 718/718/718 946/946/946
f 918/918/918 722/722/722 493/493/493
f 517/517/517 1000/1000/1000 999/999/999
f 539/539/539 538/538/538 979/979/979
f 499/499/499 933/933/933 931/931/931
f 512/512/512 931/931/931 929/929/929
f 536/536/536 994/994/994 580/580/580
f 482/482/482 939/939/939 937/937/937
f 487/487/487 573/573/573 957/957/957
f 941/941/941 939/939/939 482/482/482
f 488/488/488 957/957/957 955/955/955
f 544/544/544 942/942/942 941/941/941
f 533/533/533 976/976/976 975/975/975
f 985/985/985 983/983/983 504/504/504
f 937/937/937 572/572/572 525/525/525
f 543/543/543 1002/1002/1002 1001/1001/1001
f 975/975/975 974/974/974 531/531/531
f 520/520/520 920/920/920 918/918/918
f 568/568/568 961/961/961 574/574/574
f 922/922/922 920/920/920 520/520/520
f 521/521/521 1006/1006/1006 1004/1004/1004
f 539/539/539 978/978/978 977/977/977
f 526/526/526 989/989/989 988/988/988
f 485/485/485 988/988/988 987/987/987
f 547/547/547 546/546/546 948/948/948
f 548/548/548 865/865/865 1012/1012/1012
f 498/498/498 571/571/571 933/933/933
f 504/504/504 983/983/983 981/981/981
f 540/540/540 562/562/562 1008/1008/1008
f 541/541/541 1008/1008/1008 1006/1006/1006
f 925/925/925 567/567/567 502/502/502
f 565/565/565 928/928/928 927/927/927
f 929/929/929 928/928/928 565/565/565
f 503/503/503 561/561/561 924/924/924
f 530/530/530 943/943/943 942/942/942
f 531/531/531 974/974/974 973/973/973
f 529/529/529 944/944/944 943/943/943
f 535/535/535 969/969/969 967/967/967
f 528/528/528 527/527/527 1012/1012/1012
f 998/998/998 997/997/997 518/518/518
f 505/505/505 581/581/581 925/925/925
f 511/511/511 510/510/510 967/967/967
f 496/496/496 495/495/495 951/951/951
f 532/532/532 973/973/973 972/972/972
f 508/508/508 999/999/999 998/998/998
f 950/950/950 949/949/949 545/545/545
f 945/945/945 944/944/944 529/529/529
f 523/523/523 579/579/579 990/990/990
f 554/554/554 981/981/981 979/979/979
f 500/500/500 977/977/977 721/721/721
f 955/955/955 953/953/953 490/490/490
f 556/556/556 723/723/723 926/926/926
f 515/515/515 716/716/716 969/969/969
f 492/492/492 491/491/491 946/946/946
f 570/570/570 865/865/865 548/548/548
f 547/547/547 947/947/947 719/719/719
f 507/507/507 924/924/924 922/922/922
f 518/518/518 997/997/997 996/996/996
f 490/490/490 953/953/953 951/951/951
f 497/497/497 486/486/486 987/987/987
f 522/522/522 1004/1004/1004 1003/1003/1003
f 552/552/552 972/972/972 717/717/717
f 566/566/566 963/963/963 961/961/961
f 559/559/559 927/927/927 577/577/577
f 550/550/550 549/549/549 926/926/926
f 558/558/558 720/720/720 976/976/976
f 996/996/996 994/994/994 536/536/536
f 1338/1338/1338 1339/1339/1339 1340/1340/1340
f 1341/1341/1341 1338/1338/1338 1340/1340/1340
f 1341/1341/1341 1340/1340/1340 1342/1342/1342
f 1343/1343/1343 1341/1341/1341 1342/1342/1342
f 1343/1343/1343 1342/1342/1342 1344/1344/1344
f 1345/1345/1345 1343/1343/1343 1346/1346/1346
f 1346/1346/1346 1343/1343/1343 1344/1344/1344
f 1347/1347/1347 1348/1348/1348 1349/1349/1349
f 1347/1347/1347 1349/1349/1349 1350/1350/1350
f 1351/1351/1351 1352/1352/1352 1353/1353/1353
f 1353/1353/1353 1352/1352/1352 1354/1354/1354
f 1355/1355/1355 1356/1356/1356 1357/1357/1357
f 1355/1355/1355 1357/1357/1357 1358/1358/1358
f 1359/1359/1359 1360/1360/1360 1361/1361/1361
f 1361/1361/1361 1360/1360/1360 1362/1362/1362
f 1363/1363/1363 1364/1364/1364 1365/1365/1365
f 1363/1363/1363 1365/1365/1365 1366/1366/1366
f 1367/1367/1367 1368/1368/1368 1369/1369/1369
f 1367/1367/1367 1369/1369/1369 1370/1370/1370
f 1371/1371/1371 1372/1372/1372 1373/1373/1373
f 1371/1371/1371 1373/1373/1373 1374/1374/1374
f 1375/1375/1375 1376/1376/1376 1377/1377/1377
f 1377/1377/1377 1376/1376/1376 1378/1378/1378
f 1379/1379/1379 1380/1380/1380 1381/1381/1381
f 1379/1379/1379 1381/1381/1381 1382/1382/1382
f 1383/1383/1383 1384/1384/1384 1385/1385/1385
f 1385/1385/1385 1384/1384/1384 1386/1386/1386
f 1387/1387/1387 1388/1388/1388 1389/1389/1389
f 1387/1387/1387 1389/1389/1389 1390/1390/1390
f 1391/1391/1391 1392/1392/1392 1393/1393/1393
f 1391/1391/1391 1393/1393/1393 1394/1394/1394
f 1395/1395/1395 1396/1396/1396 1397/1397/1397
f 1395/1395/1395 1397/1397/1397 1398/1398/1398
f 1399/1399/1399 1400/1400/1400 1401/1401/1401
f 1399/1399/1399 1401/1401/1401 1402/1402/1402
f 1403/1403/1403 1404/1404/1404 1405/1405/1405
f 1403/1403/1403 1405/1405/1405 1406/1406/1406
f 1407/1407/1407 1408/1408/1408 1409/1409/1409
f 1407/1407/1407 1409/1409/1409 1410/1410/1410
f 1411/1411/1411 1412/1412/1412 1413/1413/1413
f 1411/1411/1411 1413/1413/1413 1414/1414/1414
f 1415/1415/1415 1416/1416/1416 1417/1417/1417
f 1417/1417/1417 1416/1416/1416 1418/1418/1418
f 1419/1419/1419 1420/1420/1420 1421/1421/1421
f 1419/1419/1419 1421/1421/1421 1422/1422/1422
f 1423/1423/1423 1424/1424/1424 1425/1425/1425
f 1425/1425/1425 1424/1424/1424 1426/1426/1426
f 1427/1427/1427 1428/1428/1428 1429/1429/1429
f 1427/1427/1427 1429/1429/1429 1430/1430/1430
f 1431/1431/1431 1432/1432/1432 1433/1433/1433
f 1431/1431/1431 1433/1433/1433 1434/1434/1434
f 1435/1435/1435 1436/1436/1436 1437/1437/1437
f 1437/1437/1437 1436/1436/1436 1438/1438/1438
f 1439/1439/1439 1440/1440/1440 1441/1441/1441
f 1439/1439/1439 1441/1441/1441 1442/1442/1442
f 1443/1443/1443 1444/1444/1444 1445/1445/1445
f 1443/1443/1443 1445/1445/1445 1446/1446/1446
f 1447/1447/1447 1448/1448/1448 1449/1449/1449
f 1447/1447/1447 1449/1449/1449 1450/1450/1450
f 1451/1451/1451 1452/1452/1452 1453/1453/1453
f 1453/1453/1453 1452/1452/1452 1454/1454/1454
f 1455/1455/1455 1456/1456/1456 1457/1457/1457
f 1455/1455/1455 1457/1457/1457 1458/1458/1458
f 1459/1459/1459 1460/1460/1460 1461/1461/1461
f 1461/1461/1461 1460/1460/1460 1462/1462/1462
f 1463/1463/1463 1464/1464/1464 1465/1465/1465
f 1463/1463/1463 1465/1465/1465 1466/1466/1466
f 1467/1467/1467 1468/1468/1468 1469/1469/1469
f 1467/1467/1467 1469/1469/1469 1470/1470/1470
f 1471/1471/1471 1472/1472/1472 1473/1473/1473
f 1473/1473/1473 1472/1472/1472 1474/1474/1474
f 1475/1475/1475 1476/1476/1476 1477/1477/1477
f 1475/1475/1475 1477/1477/1477 1478/1478/1478
f 1479/1479/1479 1480/1480/1480 1481/1481/1481
f 1479/1479/1479 1481/1481/1481 1482/1482/1482
f 1338/1338/1338 1483/1483/1483 1484/1484/1484
f 1484/1484/1484 1483/1483/1483 1485/1485/1485
f 1348/1348/1348 1484/1484/1484 1349/1349/1349
f 1349/1349/1349 1484/1484/1484 1485/1485/1485
f 1485/1485/1485 1486/1486/1486 1349/1349/1349
f 1349/1349/1349 1486/1486/1486 1350/1350/1350
f 1350/1350/1350 1486/1486/1486 1487/1487/1487
f 1352/1352/1352 1347/1347/1347 1350/1350/1350
f 1352/1352/1352 1350/1350/1350 1354/1354/1354
f 1354/1354/1354 1350/1350/1350 1487/1487/1487
f 1354/1354/1354 1487/1487/1487 1488/1488/1488
f 1354/1354/1354 1488/1488/1488 1353/1353/1353
f 1353/1353/1353 1488/1488/1488 1489/1489/1489
f 1356/1356/1356 1351/1351/1351 1353/1353/1353
f 1356/1356/1356 1353/1353/1353 1357/1357/1357
f 1357/1357/1357 1353/1353/1353 1489/1489/1489
f 1357/1357/1357 1489/1489/1489 1490/1490/1490
f 1357/1357/1357 1490/1490/1490 1358/1358/1358
f 1358/1358/1358 1490/1490/1490 1491/1491/1491
f 1491/1491/1491 1362/1362/1362 1358/1358/1358
f 1358/1358/1358 1362/1362/1362 1360/1360/1360
f 1358/1358/1358 1360/1360/1360 1355/1355/1355
f 1362/1362/1362 1491/1491/1491 1492/1492/1492
f 1362/1362/1362 1492/1492/1492 1361/1361/1361
f 1361/1361/1361 1492/1492/1492 1493/1493/1493
f 1493/1493/1493 1365/1365/1365 1361/1361/1361
f 1361/1361/1361 1365/1365/1365 1364/1364/1364
f 1361/1361/1361 1364/1364/1364 1359/1359/1359
f 1493/1493/1493 1494/1494/1494 1365/1365/1365
f 1365/1365/1365 1494/1494/1494 1366/1366/1366
f 1366/1366/1366 1494/1494/1494 1495/1495/1495
f 1495/1495/1495 1369/1369/1369 1366/1366/1366
f 1366/1366/1366 1369/1369/1369 1368/1368/1368
f 1366/1366/1366 1368/1368/1368 1363/1363/1363
f 1495/1495/1495 1496/1496/1496 1369/1369/1369
f 1369/1369/1369 1496/1496/1496 1370/1370/1370
f 1370/1370/1370 1496/1496/1496 1497/1497/1497
f 1497/1497/1497 1373/1373/1373 1370/1370/1370
f 1370/1370/1370 1373/1373/1373 1372/1372/1372
f 1370/1370/1370 1372/1372/1372 1367/1367/1367
f 1497/1497/1497 1498/1498/1498 1373/1373/1373
f 1373/1373/1373 1498/1498/1498 1374/1374/1374
f 1374/1374/1374 1498/1498/1498 1499/1499/1499
f 1499/1499/1499 1378/1378/1378 1374/1374/1374
f 1374/1374/1374 1378/1378/1378 1371/1371/1371
f 1371/1371/1371 1378/1378/1378 1376/1376/1376
f 1378/1378/1378 1499/1499/1499 1500/1500/1500
f 1378/1378/1378 1500/1500/1500 1377/1377/1377
f 1377/1377/1377 1500/1500/1500 1501/1501/1501
f 1501/1501/1501 1381/1381/1381 1377/1377/1377
f 1377/1377/1377 1381/1381/1381 1380/1380/1380
f 1377/1377/1377 1380/1380/1380 1375/1375/1375
f 1501/1501/1501 1502/1502/1502 1381/1381/1381
f 1381/1381/1381 1502/1502/1502 1382/1382/1382
f 1382/1382/1382 1502/1502/1502 1503/1503/1503
f 1503/1503/1503 1386/1386/1386 1382/1382/1382
f 1382/1382/1382 1386/1386/1386 1384/1384/1384
f 1382/1382/1382 1384/1384/1384 1379/1379/1379
f 1386/1386/1386 1503/1503/1503 1504/1504/1504
f 1386/1386/1386 1504/1504/1504 1385/1385/1385
f 1385/1385/1385 1504/1504/1504 1505/1505/1505
f 1505/1505/1505 1389/1389/1389 1385/1385/1385
f 1385/1385/1385 1389/1389/1389 1388/1388/1388
f 1385/1385/1385 1388/1388/1388 1383/1383/1383
f 1505/1505/1505 1506/1506/1506 1389/1389/1389
f 1389/1389/1389 1506/1506/1506 1390/1390/1390
f 1390/1390/1390 1506/1506/1506 1507/1507/1507
f 1507/1507/1507 1393/1393/1393 1390/1390/1390
f 1390/1390/1390 1393/1393/1393 1392/1392/1392
f 1390/1390/1390 1392/1392/1392 1387/1387/1387
f 1393/1393/1393 1507/1507/1507 1508/1508/1508
f 1393/1393/1393 1508/1508/1508 1394/1394/1394
f 1394/1394/1394 1508/1508/1508 1509/1509/1509
f 1509/1509/1509 1397/1397/1397 1394/1394/1394
f 1394/1394/1394 1397/1397/1397 1391/1391/1391
f 1391/1391/1391 1397/1397/1397 1396/1396/1396
f 1509/1509/1509 1510/1510/1510 1397/1397/1397
f 1397/1397/1397 1510/1510/1510 1398/1398/1398
f 1398/1398/1398 1510/1510/1510 1511/1511/1511
f 1511/1511/1511 1401/1401/1401 1398/1398/1398
f 1398/1398/1398 1401/1401/1401 1400/1400/1400
f 1398/1398/1398 1400/1400/1400 1395/1395/1395
f 1401/1401/1401 1511/1511/1511 1512/1512/1512
f 1401/1401/1401 1512/1512/1512 1402/1402/1402
f 1402/1402/1402 1512/1512/1512 1513/1513/1513
f 1513/1513/1513 1405/1405/1405 1402/1402/1402
f 1402/1402/1402 1405/1405/1405 1399/1399/1399
f 1399/1399/1399 1405/1405/1405 1404/1404/1404
f 1513/1513/1513 1514/1514/1514 1405/1405/1405
f 1405/1405/1405 1514/1514/1514 1406/1406/1406
f 1406/1406/1406 1514/1514/1514 1515/1515/1515
f 1515/1515/1515 1409/1409/1409 1406/1406/1406
f 1406/1406/1406 1409/1409/1409 1403/1403/1403
f 1403/1403/1403 1409/1409/1409 1408/1408/1408
f 1409/1409/1409 1515/1515/1515 1516/1516/1516
f 1409/1409/1409 1516/1516/1516 1410/1410/1410
f 1410/1410/1410 1516/1516/1516 1517/1517/1517
f 1517/1517/1517 1413/1413/1413 1410/1410/1410
f 1410/1410/1410 1413/1413/1413 1407/1407/1407
f 1407/1407/1407 1413/1413/1413 1412/1412/1412
f 1517/1517/1517 1518/1518/1518 1413/1413/1413
f 1413/1413/1413 1518/1518/1518 1414/1414/1414
f 1414/1414/1414 1518/1518/1518 1519/1519/1519
f 1519/1519/1519 1418/1418/1418 1414/1414/1414
f 1414/1414/1414 1418/1418/1418 1416/1416/1416
f 1414/1414/1414 1416/1416/1416 1411/1411/1411
f 1519/1519/1519 1520/1520/1520 1418/1418/1418
f 1418/1418/1418 1520/1520/1520 1417/1417/1417
f 1417/1417/1417 1520/1520/1520 1521/1521/1521
f 1521/1521/1521 1421/1421/1421 1417/1417/1417
f 1417/1417/1417 1421/1421/1421 1420/1420/1420
f 1417/1417/1417 1420/1420/1420 1415/1415/1415
f 1521/1521/1521 1522/1522/1522 1421/1421/1421
f 1421/1421/1421 1522/1522/1522 1422/1422/1422
f 1422/1422/1422 1522/1522/1522 1523/1523/1523
f 1523/1523/1523 1426/1426/1426 1422/1422/1422
f 1422/1422/1422 1426/1426/1426 1424/1424/1424
f 1422/1422/1422 1424/1424/1424 1419/1419/1419
f 1523/1523/1523 1524/1524/1524 1426/1426/1426
f 1426/1426/1426 1524/1524/1524 1425/1425/1425
f 1425/1425/1425 1524/1524/1524 1525/1525/1525
f 1525/1525/1525 1429/1429/1429 1425/1425/1425
f 1425/1425/1425 1429/1429/1429 1428/1428/1428
f 1425/1425/1425 1428/1428/1428 1423/1423/1423
f 1525/1525/1525 1526/1526/1526 1429/1429/1429
f 1429/1429/1429 1526/1526/1526 1430/1430/1430
f 1430/1430/1430 1526/1526/1526 1527/1527/1527
f 1527/1527/1527 1433/1433/1433 1430/1430/1430
f 1430/1430/1430 1433/1433/1433 1432/1432/1432
f 1430/1430/1430 1432/1432/1432 1427/1427/1427
f 1527/1527/1527 1528/1528/1528 1433/1433/1433
f 1433/1433/1433 1528/1528/1528 1434/1434/1434
f 1434/1434/1434 1528/1528/1528 1529/1529/1529
f 1529/1529/1529 1438/1438/1438 1434/1434/1434
f 1434/1434/1434 1438/1438/1438 1436/1436/1436
f 1434/1434/1434 1436/1436/1436 1431/1431/1431
f 1529/1529/1529 1530/1530/1530 1438/1438/1438
f 1438/1438/1438 1530/1530/1530 1437/1437/1437
f 1437/1437/1437 1530/1530/1530 1531/1531/1531
f 1531/1531/1531 1441/1441/1441 1437/1437/1437
f 1437/1437/1437 1441/1441/1441 1435/1435/1435
f 1435/1435/1435 1441/1441/1441 1440/1440/1440
f 1441/1441/1441 1531/1531/1531 1532/1532/1532
f 1441/1441/1441 1532/1532/1532 1442/1442/1442
f 1442/1442/1442 1532/1532/1532 1533/1533/1533
f 1533/1533/1533 1445/1445/1445 1442/1442/1442
f 1442/1442/1442 1445/1445/1445 1444/1444/1444
f 1442/1442/1442 1444/1444/1444 1439/1439/1439
f 1533/1533/1533 1534/1534/1534 1445/1445/1445
f 1445/1445/1445 1534/1534/1534 1446/1446/1446
f 1446/1446/1446 1534/1534/1534 1535/1535/1535
f 1535/1535/1535 1449/1449/1449 1446/1446/1446
f 1446/1446/1446 1449/1449/1449 1448/1448/1448
f 1446/1446/1446 1448/1448/1448 1443/1443/1443
f 1535/1535/1535 1536/1536/1536 1449/1449/1449
f 1449/1449/1449 1536/1536/1536 1450/1450/1450
f 1450/1450/1450 1536/1536/1536 1537/1537/1537
f 1537/1537/1537 1454/1454/1454 1450/1450/1450
f 1450/1450/1450 1454/1454/1454 1452/1452/1452
f 1450/1450/1450 1452/1452/1452 1447/1447/1447
f 1454/1454/1454 1537/1537/1537 1538/1538/1538
f 1454/1454/1454 1538/1538/1538 1453/1453/1453
f 1453/1453/1453 1538/1538/1538 1539/1539/1539
f 1539/1539/1539 1457/1457/1457 1453/1453/1453
f 1453/1453/1453 1457/1457/1457 1456/1456/1456
f 1453/1453/1453 1456/1456/1456 1451/1451/1451
f 1539/1539/1539 1540/1540/1540 1457/1457/1457
f 1457/1457/1457 1540/1540/1540 1458/1458/1458
f 1458/1458/1458 1540/1540/1540 1541/1541/1541
f 1541/1541/1541 1462/1462/1462 1458/1458/1458
f 1458/1458/1458 1462/1462/1462 1460/1460/1460
f 1458/1458/1458 1460/1460/1460 1455/1455/1455
f 1541/1541/1541 1542/1542/1542 1462/1462/1462
f 1462/1462/1462 1542/1542/1542 1461/1461/1461
f 1461/1461/1461 1542/1542/1542 1543/1543/1543
f 1543/1543/1543 1465/1465/1465 1461/1461/1461
f 1461/1461/1461 1465/1465/1465 1464/1464/1464
f 1461/1461/1461 1464/1464/1464 1459/1459/1459
f 1543/1543/1543 1544/1544/1544 1465/1465/1465
f 1465/1465/1465 1544/1544/1544 1466/1466/1466
f 1466/1466/1466 1544/1544/1544 1545/1545/1545
f 1545/1545/1545 1469/1469/1469 1466/1466/1466
f 1466/1466/1466 1469/1469/1469 1463/1463/1463
f 1463/1463/1463 1469/1469/1469 1468/1468/1468
f 1469/1469/1469 1545/1545/1545 1546/1546/1546
f 1469/1469/1469 1546/1546/1546 1470/1470/1470
f 1470/1470/1470 1546/1546/1546 1547/1547/1547
f 1547/1547/1547 1474/1474/1474 1470/1470/1470
f 1470/1470/1470 1474/1474/1474 1472/1472/1472
f 1470/1470/1470 1472/1472/1472 1467/1467/1467
f 1547/1547/1547 1548/1548/1548 1474/1474/1474
f 1474/1474/1474 1548/1548/1548 1473/1473/1473
f 1473/1473/1473 1548/1548/1548 1549/1549/1549
f 1549/1549/1549 1477/1477/1477 1473/1473/1473
f 1473/1473/1473 1477/1477/1477 1471/1471/1471
f 1471/1471/1471 1477/1477/1477 1476/1476/1476
f 1549/1549/1549 1550/1550/1550 1477/1477/1477
f 1477/1477/1477 1550/1550/1550 1478/1478/1478
f 1478/1478/1478 1550/1550/1550 1551/1551/1551
f 1551/1551/1551 1481/1481/1481 1478/1478/1478
f 1478/1478/1478 1481/1481/1481 1480/1480/1480
f 1478/1478/1478 1480/1480/1480 1475/1475/1475
f 1551/1551/1551 1552/1552/1552 1481/1481/1481
f 1481/1481/1481 1552/1552/1552 1482/1482/1482
f 1482/1482/1482 1552/1552/1552 1553/1553/1553
f 1346/1346/1346 1479/1479/1479 1482/1482/1482
f 1346/1346/1346 1482/1482/1482 1345/1345/1345
f 1345/1345/1345 1482/1482/1482 1553/1553/1553
f 1348/1348/1348 1339/1339/1339 1484/1484/1484
f 1484/1484/1484 1339/1339/1339 1338/1338/1338
f 1343/1343/1343 1345/1345/1345 1554/1554/1554
f 1554/1554/1554 1345/1345/1345 1553/1553/1553
f 1341/1341/1341 1555/1555/1555 1338/1338/1338
f 1338/1338/1338 1555/1555/1555 1483/1483/1483
f 1341/1341/1341 1343/1343/1343 1556/1556/1556
f 1556/1556/1556 1343/1343/1343 1554/1554/1554
f 1557/1557/1557 1372/1372/1372 1558/1558/1558
f 1558/1558/1558 1372/1372/1372 1371/1371/1371
f 1558/1558/1558 1371/1371/1371 1559/1559/1559
f 1559/1559/1559 1371/1371/1371 1376/1376/1376
f 1559/1559/1559 1376/1376/1376 1375/1375/1375
f 1559/1559/1559 1375/1375/1375 1560/1560/1560
f 1560/1560/1560 1375/1375/1375 1561/1561/1561
f 1561/1561/1561 1375/1375/1375 1380/1380/1380
f 1561/1561/1561 1380/1380/1380 1562/1562/1562
f 1562/1562/1562 1380/1380/1380 1379/1379/1379
f 1562/1562/1562 1379/1379/1379 1563/1563/1563
f 1563/1563/1563 1379/1379/1379 1384/1384/1384
f 1563/1563/1563 1384/1384/1384 1564/1564/1564
f 1564/1564/1564 1384/1384/1384 1383/1383/1383
f 1564/1564/1564 1383/1383/1383 1565/1565/1565
f 1565/1565/1565 1383/1383/1383 1388/1388/1388
f 1565/1565/1565 1388/1388/1388 1566/1566/1566
f 1566/1566/1566 1388/1388/1388 1387/1387/1387
f 1566/1566/1566 1387/1387/1387 1567/1567/1567
f 1567/1567/1567 1387/1387/1387 1392/1392/1392
f 1567/1567/1567 1392/1392/1392 1568/1568/1568
f 1568/1568/1568 1392/1392/1392 1391/1391/1391
f 1568/1568/1568 1391/1391/1391 1569/1569/1569
f 1569/1569/1569 1391/1391/1391 1396/1396/1396
f 1569/1569/1569 1396/1396/1396 1395/1395/1395
f 1569/1569/1569 1395/1395/1395 1570/1570/1570
f 1570/1570/1570 1395/1395/1395 1571/1571/1571
f 1571/1571/1571 1395/1395/1395 1400/1400/1400
f 1571/1571/1571 1400/1400/1400 1572/1572/1572
f 1572/1572/1572 1400/1400/1400 1399/1399/1399
f 1572/1572/1572 1399/1399/1399 1573/1573/1573
f 1573/1573/1573 1399/1399/1399 1404/1404/1404
f 1573/1573/1573 1404/1404/1404 1574/1574/1574
f 1574/1574/1574 1404/1404/1404 1403/1403/1403
f 1574/1574/1574 1403/1403/1403 1575/1575/1575
f 1575/1575/1575 1403/1403/1403 1408/1408/1408
f 1575/1575/1575 1408/1408/1408 1576/1576/1576
f 1576/1576/1576 1408/1408/1408 1407/1407/1407
f 1576/1576/1576 1407/1407/1407 1577/1577/1577
f 1577/1577/1577 1407/1407/1407 1412/1412/1412
f 1577/1577/1577 1412/1412/1412 1411/1411/1411
f 1577/1577/1577 1411/1411/1411 1578/1578/1578
f 1578/1578/1578 1411/1411/1411 1579/1579/1579
f 1579/1579/1579 1411/1411/1411 1416/1416/1416
f 1579/1579/1579 1416/1416/1416 1580/1580/1580
f 1580/1580/1580 1416/1416/1416 1415/1415/1415
f 1580/1580/1580 1415/1415/1415 1581/1581/1581
f 1581/1581/1581 1415/1415/1415 1420/1420/1420
f 1581/1581/1581 1420/1420/1420 1582/1582/1582
f 1582/1582/1582 1420/1420/1420 1419/1419/1419
f 1582/1582/1582 1419/1419/1419 1583/1583/1583
f 1583/1583/1583 1419/1419/1419 1424/1424/1424
f 1583/1583/1583 1424/1424/1424 1584/1584/1584
f 1584/1584/1584 1424/1424/1424 1423/1423/1423
f 1584/1584/1584 1423/1423/1423 1585/1585/1585
f 1585/1585/1585 1423/1423/1423 1428/1428/1428
f 1585/1585/1585 1428/1428/1428 1586/1586/1586
f 1586/1586/1586 1428/1428/1428 1427/1427/1427
f 1586/1586/1586 1427/1427/1427 1587/1587/1587
f 1587/1587/1587 1427/1427/1427 1432/1432/1432
f 1587/1587/1587 1432/1432/1432 1431/1431/1431
f 1587/1587/1587 1431/1431/1431 1588/1588/1588
f 1588/1588/1588 1431/1431/1431 1589/1589/1589
f 1589/1589/1589 1431/1431/1431 1436/1436/1436
f 1589/1589/1589 1436/1436/1436 1435/1435/1435
f 1589/1589/1589 1435/1435/1435 1590/1590/1590
f 1590/1590/1590 1435/1435/1435 1591/1591/1591
f 1591/1591/1591 1435/1435/1435 1440/1440/1440
f 1591/1591/1591 1440/1440/1440 1439/1439/1439
f 1591/1591/1591 1439/1439/1439 1592/1592/1592
f 1592/1592/1592 1439/1439/1439 1593/1593/1593
f 1593/1593/1593 1439/1439/1439 1444/1444/1444
f 1593/1593/1593 1444/1444/1444 1594/1594/1594
f 1594/1594/1594 1444/1444/1444 1443/1443/1443
f 1594/1594/1594 1443/1443/1443 1448/1448/1448
f 1594/1594/1594 1448/1448/1448 1595/1595/1595
f 1595/1595/1595 1448/1448/1448 1596/1596/1596
f 1596/1596/1596 1448/1448/1448 1447/1447/1447
f 1596/1596/1596 1447/1447/1447 1597/1597/1597
f 1597/1597/1597 1447/1447/1447 1452/1452/1452
f 1597/1597/1597 1452/1452/1452 1598/1598/1598
f 1598/1598/1598 1452/1452/1452 1451/1451/1451
f 1598/1598/1598 1451/1451/1451 1599/1599/1599
f 1599/1599/1599 1451/1451/1451 1456/1456/1456
f 1599/1599/1599 1456/1456/1456 1600/1600/1600
f 1600/1600/1600 1456/1456/1456 1455/1455/1455
f 1600/1600/1600 1455/1455/1455 1601/1601/1601
f 1601/1601/1601 1455/1455/1455 1460/1460/1460
f 1601/1601/1601 1460/1460/1460 1602/1602/1602
f 1602/1602/1602 1460/1460/1460 1459/1459/1459
f 1602/1602/1602 1459/1459/1459 1603/1603/1603
f 1603/1603/1603 1459/1459/1459 1464/1464/1464
f 1603/1603/1603 1464/1464/1464 1604/1604/1604
f 1604/1604/1604 1464/1464/1464 1463/1463/1463
f 1604/1604/1604 1463/1463/1463 1605/1605/1605
f 1605/1605/1605 1463/1463/1463 1468/1468/1468
f 1605/1605/1605 1468/1468/1468 1606/1606/1606
f 1606/1606/1606 1468/1468/1468 1467/1467/1467
f 1606/1606/1606 1467/1467/1467 1607/1607/1607
f 1607/1607/1607 1467/1467/1467 1472/1472/1472
f 1607/1607/1607 1472/1472/1472 1471/1471/1471
f 1607/1607/1607 1471/1471/1471 1608/1608/1608
f 1608/1608/1608 1471/1471/1471 1609/1609/1609
f 1609/1609/1609 1471/1471/1471 1476/1476/1476
f 1609/1609/1609 1476/1476/1476 1610/1610/1610
f 1610/1610/1610 1476/1476/1476 1475/1475/1475
f 1610/1610/1610 1475/1475/1475 1611/1611/1611
f 1611/1611/1611 1475/1475/1475 1480/1480/1480
f 1611/1611/1611 1480/1480/1480 1612/1612/1612
f 1612/1612/1612 1480/1480/1480 1479/1479/1479
f 1612/1612/1612 1479/1479/1479 1613/1613/1613
f 1613/1613/1613 1479/1479/1479 1346/1346/1346
f 1613/1613/1613 1346/1346/1346 1614/1614/1614
f 1614/1614/1614 1346/1346/1346 1344/1344/1344
f 1614/1614/1614 1344/1344/1344 1615/1615/1615
f 1615/1615/1615 1344/1344/1344 1342/1342/1342
f 1615/1615/1615 1342/1342/1342 1340/1340/1340
f 1615/1615/1615 1340/1340/1340 1616/1616/1616
f 1616/1616/1616 1340/1340/1340 1617/1617/1617
f 1617/1617/1617 1340/1340/1340 1339/1339/1339
f 1617/1617/1617 1339/1339/1339 1618/1618/1618
f 1618/1618/1618 1339/1339/1339 1348/1348/1348
f 1618/1618/1618 1348/1348/1348 1619/1619/1619
f 1619/1619/1619 1348/1348/1348 1347/1347/1347
f 1619/1619/1619 1347/1347/1347 1620/1620/1620
f 1620/1620/1620 1347/1347/1347 1352/1352/1352
f 1620/1620/1620 1352/1352/1352 1621/1621/1621
f 1621/1621/1621 1352/1352/1352 1351/1351/1351
f 1621/1621/1621 1351/1351/1351 1356/1356/1356
f 1621/1621/1621 1356/1356/1356 1622/1622/1622
f 1622/1622/1622 1356/1356/1356 1623/1623/1623
f 1623/1623/1623 1356/1356/1356 1355/1355/1355
f 1623/1623/1623 1355/1355/1355 1624/1624/1624
f 1624/1624/1624 1355/1355/1355 1360/1360/1360
f 1624/1624/1624 1360/1360/1360 1625/1625/1625
f 1625/1625/1625 1360/1360/1360 1359/1359/1359
f 1625/1625/1625 1359/1359/1359 1626/1626/1626
f 1626/1626/1626 1359/1359/1359 1364/1364/1364
f 1626/1626/1626 1364/1364/1364 1627/1627/1627
f 1627/1627/1627 1364/1364/1364 1363/1363/1363
f 1627/1627/1627 1363/1363/1363 1628/1628/1628
f 1628/1628/1628 1363/1363/1363 1368/1368/1368
f 1628/1628/1628 1368/1368/1368 1629/1629/1629
f 1629/1629/1629 1368/1368/1368 1367/1367/1367
f 1629/1629/1629 1367/1367/1367 1557/1557/1557
f 1557/1557/1557 1367/1367/1367 1372/1372/1372
f 1630/1630/1630 1631/1631/1631 1632/1632/1632
f 1633/1633/1633 1630/1630/1630 1634/1634/1634
f 1635/1635/1635 1636/1636/1636 1637/1637/1637
f 1638/1638/1638 1635/1635/1635 1639/1639/1639
f 1640/1640/1640 1638/1638/1638 1641/1641/1641
f 1642/1642/1642 1643/1643/1643 1644/1644/1644
f 1645/1645/1645 1642/1642/1642 1646/1646/1646
f 1647/1647/1647 1648/1648/1648 1649/1649/1649
f 1650/1650/1650 1647/1647/1647 1651/1651/1651
f 1652/1652/1652 1653/1653/1653 1654/1654/1654
f 1655/1655/1655 1656/1656/1656 1657/1657/1657
f 1658/1658/1658 1659/1659/1659 1660/1660/1660
f 1661/1661/1661 1658/1658/1658 1662/1662/1662
f 1663/1663/1663 1664/1664/1664 1665/1665/1665
f 1666/1666/1666 1663/1663/1663 1667/1667/1667
f 1668/1668/1668 1669/1669/1669 1670/1670/1670
f 1671/1671/1671 1668/1668/1668 1672/1672/1672
f 1673/1673/1673 1674/1674/1674 1675/1675/1675
f 1676/1676/1676 1677/1677/1677 1678/1678/1678
f 1679/1679/1679 1676/1676/1676 1680/1680/1680
f 1681/1681/1681 1682/1682/1682 1683/1683/1683
f 1684/1684/1684 1681/1681/1681 1685/1685/1685
f 1686/1686/1686 1687/1687/1687 1688/1688/1688
f 1689/1689/1689 1686/1686/1686 1690/1690/1690
f 1691/1691/1691 1692/1692/1692 1693/1693/1693
f 1694/1694/1694 1691/1691/1691 1695/1695/1695
f 1696/1696/1696 1697/1697/1697 1698/1698/1698
f 1699/1699/1699 1700/1700/1700 1701/1701/1701
f 1702/1702/1702 1699/1699/1699 1703/1703/1703
f 1704/1704/1704 1705/1705/1705 1706/1706/1706
f 1707/1707/1707 1704/1704/1704 1708/1708/1708
f 1709/1709/1709 1707/1707/1707 1710/1710/1710
f 1711/1711/1711 1712/1712/1712 1713/1713/1713
f 1714/1714/1714 1711/1711/1711 1715/1715/1715
f 1716/1716/1716 1714/1714/1714 1717/1717/1717
f 1718/1718/1718 1719/1719/1719 1720/1720/1720
f 1721/1721/1721 1718/1718/1718 1722/1722/1722
f 1723/1723/1723 1721/1721/1721 1724/1724/1724
f 1725/1725/1725 1723/1723/1723 1726/1726/1726
f 1727/1727/1727 1728/1728/1728 1729/1729/1729
f 1730/1730/1730 1727/1727/1727 1731/1731/1731
f 1732/1732/1732 1733/1733/1733 1734/1734/1734
f 1735/1735/1735 1732/1732/1732 1736/1736/1736
f 1617/1617/1617 1618/1618/1618 1737/1737/1737
f 1617/1617/1617 1737/1737/1737 1616/1616/1616
f 1738/1738/1738 1739/1739/1739 1740/1740/1740
f 1738/1738/1738 1740/1740/1740 1741/1741/1741
f 1604/1604/1604 1742/1742/1742 1603/1603/1603
f 1601/1601/1601 1602/1602/1602 1720/1720/1720
f 1601/1601/1601 1720/1720/1720 1743/1743/1743
f 1744/1744/1744 1745/1745/1745 1746/1746/1746
f 1744/1744/1744 1746/1746/1746 1717/1717/1717
f 1747/1747/1747 1748/1748/1748 1749/1749/1749
f 1747/1747/1747 1749/1749/1749 1750/1750/1750
f 1610/1610/1610 1611/1611/1611 1751/1751/1751
f 1610/1610/1610 1751/1751/1751 1752/1752/1752
f 1608/1608/1608 1752/1752/1752 1739/1739/1739
f 1608/1608/1608 1739/1739/1739 1753/1753/1753
f 1754/1754/1754 1755/1755/1755 1756/1756/1756
f 1754/1754/1754 1756/1756/1756 1726/1726/1726
f 1757/1757/1757 1720/1720/1720 1719/1719/1719
f 1757/1757/1757 1719/1719/1719 1758/1758/1758
f 1613/1613/1613 1759/1759/1759 1736/1736/1736
f 1613/1613/1613 1736/1736/1736 1734/1734/1734
f 1760/1760/1760 1734/1734/1734 1761/1761/1761
f 1760/1760/1760 1761/1761/1761 1731/1731/1731
f 1755/1755/1755 1738/1738/1738 1741/1741/1741
f 1755/1755/1755 1741/1741/1741 1762/1762/1762
f 1763/1763/1763 1744/1744/1744 1717/1717/1717
f 1763/1763/1763 1717/1717/1717 1715/1715/1715
f 1764/1764/1764 1747/1747/1747 1750/1750/1750
f 1764/1764/1764 1750/1750/1750 1765/1765/1765
f 1609/1609/1609 1610/1610/1610 1752/1752/1752
f 1609/1609/1609 1752/1752/1752 1608/1608/1608
f 1606/1606/1606 1753/1753/1753 1755/1755/1755
f 1606/1606/1606 1755/1755/1755 1754/1754/1754
f 1742/1742/1742 1754/1754/1754 1726/1726/1726
f 1742/1742/1742 1726/1726/1726 1724/1724/1724
f 1766/1766/1766 1757/1757/1757 1758/1758/1758
f 1766/1766/1766 1758/1758/1758 1767/1767/1767
f 1615/1615/1615 1616/1616/1616 1768/1768/1768
f 1615/1615/1615 1768/1768/1768 1759/1759/1759
f 1612/1612/1612 1613/1613/1613 1734/1734/1734
f 1612/1612/1612 1734/1734/1734 1760/1760/1760
f 1751/1751/1751 1760/1760/1760 1731/1731/1731
f 1751/1751/1751 1731/1731/1731 1729/1729/1729
f 1756/1756/1756 1755/1755/1755 1762/1762/1762
f 1756/1756/1756 1762/1762/1762 1725/1725/1725
f 1769/1769/1769 1764/1764/1764 1765/1765/1765
f 1769/1769/1769 1765/1765/1765 1709/1709/1709
f 1770/1770/1770 1742/1742/1742 1724/1724/1724
f 1770/1770/1770 1724/1724/1724 1722/1722/1722
f 1746/1746/1746 1766/1766/1766 1767/1767/1767
f 1746/1746/1746 1767/1767/1767 1716/1716/1716
f 1721/1721/1721 1722/1722/1722 1724/1724/1724
f 1738/1738/1738 1755/1755/1755 1753/1753/1753
f 1738/1738/1738 1753/1753/1753 1739/1739/1739
f 1723/1723/1723 1724/1724/1724 1726/1726/1726
f 1727/1727/1727 1729/1729/1729 1731/1731/1731
f 1771/1771/1771 1736/1736/1736 1759/1759/1759
f 1771/1771/1771 1759/1759/1759 1632/1632/1632
f 1632/1632/1632 1759/1759/1759 1768/1768/1768
f 1632/1632/1632 1768/1768/1768 1634/1634/1634
f 1772/1772/1772 1773/1773/1773 1619/1619/1619
f 1772/1772/1772 1619/1619/1619 1620/1620/1620
f 1730/1730/1730 1731/1731/1731 1761/1761/1761
f 1774/1774/1774 1620/1620/1620 1621/1621/1621
f 1774/1774/1774 1621/1621/1621 1622/1622/1622
f 1732/1732/1732 1734/1734/1734 1736/1736/1736
f 1775/1775/1775 1634/1634/1634 1737/1737/1737
f 1775/1775/1775 1737/1737/1737 1773/1773/1773
f 1630/1630/1630 1632/1632/1632 1634/1634/1634
f 1776/1776/1776 1641/1641/1641 1774/1774/1774
f 1776/1776/1776 1774/1774/1774 1644/1644/1644
f 1644/1644/1644 1774/1774/1774 1622/1622/1622
f 1644/1644/1644 1622/1622/1622 1777/1777/1777
f 1778/1778/1778 1777/1777/1777 1624/1624/1624
f 1778/1778/1778 1624/1624/1624 1779/1779/1779
f 1635/1635/1635 1637/1637/1637 1639/1639/1639
f 1646/1646/1646 1644/1644/1644 1777/1777/1777
f 1646/1646/1646 1777/1777/1777 1778/1778/1778
f 1651/1651/1651 1779/1779/1779 1626/1626/1626
f 1651/1651/1651 1626/1626/1626 1627/1627/1627
f 1642/1642/1642 1644/1644/1644 1646/1646/1646
f 1647/1647/1647 1649/1649/1649 1651/1651/1651
f 1657/1657/1657 1780/1780/1780 1781/1781/1781
f 1657/1657/1657 1781/1781/1781 1782/1782/1782
f 1652/1652/1652 1654/1654/1654 1780/1780/1780
f 1655/1655/1655 1657/1657/1657 1782/1782/1782
f 1655/1655/1655 1782/1782/1782 1783/1783/1783
f 1784/1784/1784 1785/1785/1785 1567/1567/1567
f 1784/1784/1784 1567/1567/1567 1786/1786/1786
f 1786/1786/1786 1567/1567/1567 1568/1568/1568
f 1786/1786/1786 1568/1568/1568 1569/1569/1569
f 1787/1787/1787 1788/1788/1788 1565/1565/1565
f 1787/1787/1787 1565/1565/1565 1785/1785/1785
f 1658/1658/1658 1660/1660/1660 1662/1662/1662
f 1661/1661/1661 1662/1662/1662 1789/1789/1789
f 1670/1670/1670 1787/1787/1787 1785/1785/1785
f 1670/1670/1670 1785/1785/1785 1784/1784/1784
f 1663/1663/1663 1665/1665/1665 1667/1667/1667
f 1790/1790/1790 1672/1672/1672 1786/1786/1786
f 1790/1790/1790 1786/1786/1786 1675/1675/1675
f 1791/1791/1791 1675/1675/1675 1570/1570/1570
f 1791/1791/1791 1570/1570/1570 1571/1571/1571
f 1668/1668/1668 1670/1670/1670 1672/1672/1672
f 1792/1792/1792 1680/1680/1680 1573/1573/1573
f 1792/1792/1792 1573/1573/1573 1574/1574/1574
f 1793/1793/1793 1574/1574/1574 1575/1575/1575
f 1793/1793/1793 1575/1575/1575 1794/1794/1794
f 1673/1673/1673 1675/1675/1675 1791/1791/1791
f 1795/1795/1795 1796/1796/1796 1579/1579/1579
f 1795/1795/1795 1579/1579/1579 1580/1580/1580
f 1676/1676/1676 1678/1678/1678 1680/1680/1680
f 1797/1797/1797 1685/1685/1685 1794/1794/1794
f 1797/1797/1797 1794/1794/1794 1798/1798/1798
f 1799/1799/1799 1581/1581/1581 1582/1582/1582
f 1799/1799/1799 1582/1582/1582 1583/1583/1583
f 1679/1679/1679 1680/1680/1680 1792/1792/1792
f 1688/1688/1688 1797/1797/1797 1798/1798/1798
f 1688/1688/1688 1798/1798/1798 1796/1796/1796
f 1800/1800/1800 1801/1801/1801 1581/1581/1581
f 1800/1800/1800 1581/1581/1581 1799/1799/1799
f 1681/1681/1681 1683/1683/1683 1685/1685/1685
f 1802/1802/1802 1690/1690/1690 1795/1795/1795
f 1802/1802/1802 1795/1795/1795 1801/1801/1801
f 1684/1684/1684 1685/1685/1685 1797/1797/1797
f 1693/1693/1693 1802/1802/1802 1801/1801/1801
f 1693/1693/1693 1801/1801/1801 1800/1800/1800
f 1803/1803/1803 1583/1583/1583 1584/1584/1584
f 1803/1803/1803 1584/1584/1584 1804/1804/1804
f 1804/1804/1804 1584/1584/1584 1585/1585/1585
f 1804/1804/1804 1585/1585/1585 1586/1586/1586
f 1686/1686/1686 1688/1688/1688 1690/1690/1690
f 1805/1805/1805 1695/1695/1695 1799/1799/1799
f 1805/1805/1805 1799/1799/1799 1698/1698/1698
f 1691/1691/1691 1693/1693/1693 1695/1695/1695
f 1701/1701/1701 1806/1806/1806 1804/1804/1804
f 1701/1701/1701 1804/1804/1804 1807/1807/1807
f 1808/1808/1808 1588/1588/1588 1589/1589/1589
f 1808/1808/1808 1589/1589/1589 1590/1590/1590
f 1696/1696/1696 1698/1698/1698 1806/1806/1806
f 1699/1699/1699 1701/1701/1701 1703/1703/1703
f 1710/1710/1710 1708/1708/1708 1809/1809/1809
f 1710/1710/1710 1809/1809/1809 1769/1769/1769
f 1764/1764/1764 1769/1769/1769 1592/1592/1592
f 1764/1764/1764 1592/1592/1592 1810/1810/1810
f 1811/1811/1811 1594/1594/1594 1595/1595/1595
f 1811/1811/1811 1595/1595/1595 1596/1596/1596
f 1702/1702/1702 1703/1703/1703 1812/1812/1812
f 1763/1763/1763 1596/1596/1596 1597/1597/1597
f 1763/1763/1763 1597/1597/1597 1598/1598/1598
f 1704/1704/1704 1706/1706/1706 1708/1708/1708
f 1747/1747/1747 1764/1764/1764 1810/1810/1810
f 1747/1747/1747 1810/1810/1810 1748/1748/1748
f 1744/1744/1744 1763/1763/1763 1598/1598/1598
f 1744/1744/1744 1598/1598/1598 1745/1745/1745
f 1745/1745/1745 1598/1598/1598 1599/1599/1599
f 1745/1745/1745 1599/1599/1599 1600/1600/1600
f 1707/1707/1707 1708/1708/1708 1710/1710/1710
f 1715/1715/1715 1811/1811/1811 1596/1596/1596
f 1715/1715/1715 1596/1596/1596 1763/1763/1763
f 1711/1711/1711 1713/1713/1713 1715/1715/1715
f 1757/1757/1757 1766/1766/1766 1743/1743/1743
f 1757/1757/1757 1743/1743/1743 1720/1720/1720
f 1714/1714/1714 1715/1715/1715 1717/1717/1717
f 1753/1753/1753 1606/1606/1606 1607/1607/1607
f 1753/1753/1753 1607/1607/1607 1608/1608/1608
f 1725/1725/1725 1726/1726/1726 1756/1756/1756
f 1729/1729/1729 1739/1739/1739 1752/1752/1752
f 1729/1729/1729 1752/1752/1752 1751/1751/1751
f 1759/1759/1759 1613/1613/1613 1614/1614/1614
f 1759/1759/1759 1614/1614/1614 1615/1615/1615
f 1618/1618/1618 1619/1619/1619 1773/1773/1773
f 1618/1618/1618 1773/1773/1773 1737/1737/1737
f 1616/1616/1616 1737/1737/1737 1634/1634/1634
f 1616/1616/1616 1634/1634/1634 1768/1768/1768
f 1739/1739/1739 1729/1729/1729 1728/1728/1728
f 1739/1739/1739 1728/1728/1728 1740/1740/1740
f 1761/1761/1761 1734/1734/1734 1733/1733/1733
f 1761/1761/1761 1733/1733/1733 1730/1730/1730
f 1735/1735/1735 1736/1736/1736 1771/1771/1771
f 1637/1637/1637 1775/1775/1775 1773/1773/1773
f 1637/1637/1637 1773/1773/1773 1772/1772/1772
f 1641/1641/1641 1772/1772/1772 1620/1620/1620
f 1641/1641/1641 1620/1620/1620 1774/1774/1774
f 1625/1625/1625 1626/1626/1626 1779/1779/1779
f 1625/1625/1625 1779/1779/1779 1624/1624/1624
f 1623/1623/1623 1624/1624/1624 1777/1777/1777
f 1623/1623/1623 1777/1777/1777 1622/1622/1622
f 1772/1772/1772 1641/1641/1641 1639/1639/1639
f 1772/1772/1772 1639/1639/1639 1637/1637/1637
f 1771/1771/1771 1632/1632/1632 1631/1631/1631
f 1771/1771/1771 1631/1631/1631 1735/1735/1735
f 1633/1633/1633 1634/1634/1634 1775/1775/1775
f 1628/1628/1628 1629/1629/1629 1813/1813/1813
f 1628/1628/1628 1813/1813/1813 1627/1627/1627
f 1775/1775/1775 1637/1637/1637 1636/1636/1636
f 1775/1775/1775 1636/1636/1636 1633/1633/1633
f 1638/1638/1638 1639/1639/1639 1641/1641/1641
f 1814/1814/1814 1646/1646/1646 1778/1778/1778
f 1814/1814/1814 1778/1778/1778 1779/1779/1779
f 1815/1815/1815 1813/1813/1813 1629/1629/1629
f 1815/1815/1815 1629/1629/1629 1557/1557/1557
f 1640/1640/1640 1641/1641/1641 1776/1776/1776
f 1649/1649/1649 1814/1814/1814 1779/1779/1779
f 1649/1649/1649 1779/1779/1779 1651/1651/1651
f 1816/1816/1816 1651/1651/1651 1627/1627/1627
f 1816/1816/1816 1627/1627/1627 1813/1813/1813
f 1781/1781/1781 1815/1815/1815 1557/1557/1557
f 1781/1781/1781 1557/1557/1557 1782/1782/1782
f 1782/1782/1782 1557/1557/1557 1558/1558/1558
f 1782/1782/1782 1558/1558/1558 1559/1559/1559
f 1776/1776/1776 1644/1644/1644 1643/1643/1643
f 1776/1776/1776 1643/1643/1643 1640/1640/1640
f 1645/1645/1645 1646/1646/1646 1814/1814/1814
f 1654/1654/1654 1816/1816/1816 1813/1813/1813
f 1654/1654/1654 1813/1813/1813 1815/1815/1815
f 1817/1817/1817 1559/1559/1559 1560/1560/1560
f 1817/1817/1817 1560/1560/1560 1818/1818/1818
f 1818/1818/1818 1560/1560/1560 1561/1561/1561
f 1818/1818/1818 1561/1561/1561 1562/1562/1562
f 1559/1559/1559 1817/1817/1817 1783/1783/1783
f 1559/1559/1559 1783/1783/1783 1782/1782/1782
f 1815/1815/1815 1781/1781/1781 1780/1780/1780
f 1815/1815/1815 1780/1780/1780 1654/1654/1654
f 1814/1814/1814 1649/1649/1649 1648/1648/1648
f 1814/1814/1814 1648/1648/1648 1645/1645/1645
f 1650/1650/1650 1651/1651/1651 1816/1816/1816
f 1564/1564/1564 1565/1565/1565 1788/1788/1788
f 1564/1564/1564 1788/1788/1788 1563/1563/1563
f 1562/1562/1562 1563/1563/1563 1789/1789/1789
f 1562/1562/1562 1789/1789/1789 1818/1818/1818
f 1817/1817/1817 1818/1818/1818 1660/1660/1660
f 1817/1817/1817 1660/1660/1660 1783/1783/1783
f 1816/1816/1816 1654/1654/1654 1653/1653/1653
f 1816/1816/1816 1653/1653/1653 1650/1650/1650
f 1566/1566/1566 1567/1567/1567 1785/1785/1785
f 1566/1566/1566 1785/1785/1785 1565/1565/1565
f 1563/1563/1563 1788/1788/1788 1665/1665/1665
f 1563/1563/1563 1665/1665/1665 1789/1789/1789
f 1818/1818/1818 1789/1789/1789 1662/1662/1662
f 1818/1818/1818 1662/1662/1662 1660/1660/1660
f 1783/1783/1783 1660/1660/1660 1819/1819/1819
f 1783/1783/1783 1819/1819/1819 1655/1655/1655
f 1780/1780/1780 1657/1657/1657 1656/1656/1656
f 1780/1780/1780 1656/1656/1656 1652/1652/1652
f 1788/1788/1788 1787/1787/1787 1667/1667/1667
f 1788/1788/1788 1667/1667/1667 1665/1665/1665
f 1819/1819/1819 1660/1660/1660 1659/1659/1659
f 1569/1569/1569 1570/1570/1570 1675/1675/1675
f 1569/1569/1569 1675/1675/1675 1786/1786/1786
f 1784/1784/1784 1786/1786/1786 1672/1672/1672
f 1784/1784/1784 1672/1672/1672 1670/1670/1670
f 1789/1789/1789 1665/1665/1665 1664/1664/1664
f 1789/1789/1789 1664/1664/1664 1661/1661/1661
f 1666/1666/1666 1667/1667/1667 1787/1787/1787
f 1678/1678/1678 1791/1791/1791 1571/1571/1571
f 1678/1678/1678 1571/1571/1571 1572/1572/1572
f 1576/1576/1576 1577/1577/1577 1794/1794/1794
f 1576/1576/1576 1794/1794/1794 1575/1575/1575
f 1572/1572/1572 1573/1573/1573 1680/1680/1680
f 1572/1572/1572 1680/1680/1680 1678/1678/1678
f 1787/1787/1787 1670/1670/1670 1669/1669/1669
f 1787/1787/1787 1669/1669/1669 1666/1666/1666
f 1671/1671/1671 1672/1672/1672 1790/1790/1790
f 1683/1683/1683 1792/1792/1792 1574/1574/1574
f 1683/1683/1683 1574/1574/1574 1793/1793/1793
f 1798/1798/1798 1794/1794/1794 1577/1577/1577
f 1798/1798/1798 1577/1577/1577 1578/1578/1578
f 1578/1578/1578 1579/1579/1579 1796/1796/1796
f 1578/1578/1578 1796/1796/1796 1798/1798/1798
f 1790/1790/1790 1675/1675/1675 1674/1674/1674
f 1790/1790/1790 1674/1674/1674 1671/1671/1671
f 1580/1580/1580 1581/1581/1581 1801/1801/1801
f 1580/1580/1580 1801/1801/1801 1795/1795/1795
f 1793/1793/1793 1794/1794/1794 1685/1685/1685
f 1793/1793/1793 1685/1685/1685 1683/1683/1683
f 1791/1791/1791 1678/1678/1678 1677/1677/1677
f 1791/1791/1791 1677/1677/1677 1673/1673/1673
f 1796/1796/1796 1795/1795/1795 1690/1690/1690
f 1796/1796/1796 1690/1690/1690 1688/1688/1688
f 1792/1792/1792 1683/1683/1683 1682/1682/1682
f 1792/1792/1792 1682/1682/1682 1679/1679/1679
f 1586/1586/1586 1587/1587/1587 1807/1807/1807
f 1586/1586/1586 1807/1807/1807 1804/1804/1804
f 1583/1583/1583 1803/1803/1803 1698/1698/1698
f 1583/1583/1583 1698/1698/1698 1799/1799/1799
f 1800/1800/1800 1799/1799/1799 1695/1695/1695
f 1800/1800/1800 1695/1695/1695 1693/1693/1693
f 1797/1797/1797 1688/1688/1688 1687/1687/1687
f 1797/1797/1797 1687/1687/1687 1684/1684/1684
f 1689/1689/1689 1690/1690/1690 1802/1802/1802
f 1587/1587/1587 1588/1588/1588 1812/1812/1812
f 1587/1587/1587 1812/1812/1812 1807/1807/1807
f 1803/1803/1803 1804/1804/1804 1806/1806/1806
f 1803/1803/1803 1806/1806/1806 1698/1698/1698
f 1802/1802/1802 1693/1693/1693 1692/1692/1692
f 1802/1802/1802 1692/1692/1692 1689/1689/1689
f 1694/1694/1694 1695/1695/1695 1805/1805/1805
f 1703/1703/1703 1701/1701/1701 1807/1807/1807
f 1703/1703/1703 1807/1807/1807 1812/1812/1812
f 1706/1706/1706 1812/1812/1812 1588/1588/1588
f 1706/1706/1706 1588/1588/1588 1808/1808/1808
f 1809/1809/1809 1808/1808/1808 1590/1590/1590
f 1809/1809/1809 1590/1590/1590 1591/1591/1591
f 1593/1593/1593 1594/1594/1594 1810/1810/1810
f 1593/1593/1593 1810/1810/1810 1592/1592/1592
f 1805/1805/1805 1698/1698/1698 1697/1697/1697
f 1805/1805/1805 1697/1697/1697 1694/1694/1694
f 1591/1591/1591 1592/1592/1592 1769/1769/1769
f 1591/1591/1591 1769/1769/1769 1809/1809/1809
f 1808/1808/1808 1809/1809/1809 1708/1708/1708
f 1808/1808/1808 1708/1708/1708 1706/1706/1706
f 1806/1806/1806 1701/1701/1701 1700/1700/1700
f 1806/1806/1806 1700/1700/1700 1696/1696/1696
f 1594/1594/1594 1811/1811/1811 1748/1748/1748
f 1594/1594/1594 1748/1748/1748 1810/1810/1810
f 1812/1812/1812 1706/1706/1706 1705/1705/1705
f 1812/1812/1812 1705/1705/1705 1702/1702/1702
f 1709/1709/1709 1710/1710/1710 1769/1769/1769
f 1713/1713/1713 1748/1748/1748 1811/1811/1811
f 1713/1713/1713 1811/1811/1811 1715/1715/1715
f 1743/1743/1743 1745/1745/1745 1600/1600/1600
f 1743/1743/1743 1600/1600/1600 1601/1601/1601
f 1604/1604/1604 1605/1605/1605 1742/1742/1742
f 1605/1605/1605 1606/1606/1606 1754/1754/1754
f 1605/1605/1605 1754/1754/1754 1742/1742/1742
f 1603/1603/1603 1742/1742/1742 1770/1770/1770
f 1603/1603/1603 1770/1770/1770 1602/1602/1602
f 1602/1602/1602 1770/1770/1770 1722/1722/1722
f 1602/1602/1602 1722/1722/1722 1720/1720/1720
f 1745/1745/1745 1743/1743/1743 1766/1766/1766
f 1745/1745/1745 1766/1766/1766 1746/1746/1746
f 1748/1748/1748 1713/1713/1713 1712/1712/1712
f 1748/1748/1748 1712/1712/1712 1749/1749/1749
f 1716/1716/1716 1717/1717/1717 1746/1746/1746
f 1718/1718/1718 1720/1720/1720 1722/1722/1722
f 1760/1760/1760 1751/1751/1751 1611/1611/1611
f 1760/1760/1760 1611/1611/1611 1612/1612/1612
f 1820/1820/1820 1821/1821/1821 1822/1822/1822
f 1820/1820/1820 1822/1822/1822 1823/1823/1823
f 1821/1821/1821 1824/1824/1824 1656/1656/1656
f 1821/1821/1821 1656/1656/1656 1822/1822/1822
f 1825/1825/1825 1826/1826/1826 1658/1658/1658
f 1825/1825/1825 1658/1658/1658 1827/1827/1827
f 1828/1828/1828 1829/1829/1829 1671/1671/1671
f 1828/1828/1828 1671/1671/1671 1830/1830/1830
f 1830/1830/1830 1671/1671/1671 1674/1674/1674
f 1830/1830/1830 1674/1674/1674 1831/1831/1831
f 1832/1832/1832 1833/1833/1833 1750/1750/1750
f 1832/1832/1832 1750/1750/1750 1834/1834/1834
f 1835/1835/1835 1836/1836/1836 1711/1711/1711
f 1835/1835/1835 1711/1711/1711 1837/1837/1837
f 1838/1838/1838 1839/1839/1839 1725/1725/1725
f 1838/1838/1838 1725/1725/1725 1840/1840/1840
f 1840/1840/1840 1725/1725/1725 1762/1762/1762
f 1840/1840/1840 1762/1762/1762 1841/1841/1841
f 1842/1842/1842 1631/1631/1631 1843/1843/1843
f 1843/1843/1843 1631/1631/1631 1630/1630/1630
f 1843/1843/1843 1630/1630/1630 1844/1844/1844
f 1844/1844/1844 1630/1630/1630 1633/1633/1633
f 1844/1844/1844 1633/1633/1633 1845/1845/1845
f 1845/1845/1845 1633/1633/1633 1636/1636/1636
f 1845/1845/1845 1636/1636/1636 1846/1846/1846
f 1846/1846/1846 1636/1636/1636 1635/1635/1635
f 1846/1846/1846 1635/1635/1635 1847/1847/1847
f 1847/1847/1847 1635/1635/1635 1638/1638/1638
f 1847/1847/1847 1638/1638/1638 1848/1848/1848
f 1848/1848/1848 1638/1638/1638 1640/1640/1640
f 1848/1848/1848 1640/1640/1640 1849/1849/1849
f 1849/1849/1849 1640/1640/1640 1643/1643/1643
f 1849/1849/1849 1643/1643/1643 1850/1850/1850
f 1850/1850/1850 1643/1643/1643 1642/1642/1642
f 1850/1850/1850 1642/1642/1642 1851/1851/1851
f 1851/1851/1851 1642/1642/1642 1645/1645/1645
f 1851/1851/1851 1645/1645/1645 1852/1852/1852
f 1852/1852/1852 1645/1645/1645 1648/1648/1648
f 1852/1852/1852 1648/1648/1648 1853/1853/1853
f 1853/1853/1853 1648/1648/1648 1647/1647/1647
f 1853/1853/1853 1647/1647/1647 1854/1854/1854
f 1854/1854/1854 1647/1647/1647 1650/1650/1650
f 1854/1854/1854 1650/1650/1650 1855/1855/1855
f 1855/1855/1855 1650/1650/1650 1653/1653/1653
f 1855/1855/1855 1653/1653/1653 1824/1824/1824
f 1824/1824/1824 1653/1653/1653 1652/1652/1652
f 1824/1824/1824 1652/1652/1652 1656/1656/1656
f 1826/1826/1826 1823/1823/1823 1659/1659/1659
f 1826/1826/1826 1659/1659/1659 1658/1658/1658
f 1827/1827/1827 1658/1658/1658 1661/1661/1661
f 1827/1827/1827 1661/1661/1661 1856/1856/1856
f 1856/1856/1856 1661/1661/1661 1664/1664/1664
f 1856/1856/1856 1664/1664/1664 1857/1857/1857
f 1857/1857/1857 1664/1664/1664 1663/1663/1663
f 1857/1857/1857 1663/1663/1663 1858/1858/1858
f 1858/1858/1858 1663/1663/1663 1666/1666/1666
f 1858/1858/1858 1666/1666/1666 1859/1859/1859
f 1859/1859/1859 1666/1666/1666 1669/1669/1669
f 1859/1859/1859 1669/1669/1669 1829/1829/1829
f 1829/1829/1829 1669/1669/1669 1668/1668/1668
f 1829/1829/1829 1668/1668/1668 1671/1671/1671
f 1831/1831/1831 1674/1674/1674 1673/1673/1673
f 1831/1831/1831 1673/1673/1673 1860/1860/1860
f 1860/1860/1860 1673/1673/1673 1677/1677/1677
f 1860/1860/1860 1677/1677/1677 1861/1861/1861
f 1861/1861/1861 1677/1677/1677 1676/1676/1676
f 1861/1861/1861 1676/1676/1676 1862/1862/1862
f 1862/1862/1862 1676/1676/1676 1679/1679/1679
f 1862/1862/1862 1679/1679/1679 1863/1863/1863
f 1863/1863/1863 1679/1679/1679 1682/1682/1682
f 1863/1863/1863 1682/1682/1682 1864/1864/1864
f 1864/1864/1864 1682/1682/1682 1681/1681/1681
f 1864/1864/1864 1681/1681/1681 1865/1865/1865
f 1865/1865/1865 1681/1681/1681 1684/1684/1684
f 1865/1865/1865 1684/1684/1684 1866/1866/1866
f 1866/1866/1866 1684/1684/1684 1687/1687/1687
f 1866/1866/1866 1687/1687/1687 1867/1867/1867
f 1867/1867/1867 1687/1687/1687 1686/1686/1686
f 1867/1867/1867 1686/1686/1686 1868/1868/1868
f 1868/1868/1868 1686/1686/1686 1689/1689/1689
f 1868/1868/1868 1689/1689/1689 1869/1869/1869
f 1869/1869/1869 1689/1689/1689 1692/1692/1692
f 1869/1869/1869 1692/1692/1692 1870/1870/1870
f 1870/1870/1870 1692/1692/1692 1691/1691/1691
f 1870/1870/1870 1691/1691/1691 1871/1871/1871
f 1871/1871/1871 1691/1691/1691 1694/1694/1694
f 1871/1871/1871 1694/1694/1694 1872/1872/1872
f 1872/1872/1872 1694/1694/1694 1697/1697/1697
f 1872/1872/1872 1697/1697/1697 1873/1873/1873
f 1873/1873/1873 1697/1697/1697 1696/1696/1696
f 1873/1873/1873 1696/1696/1696 1874/1874/1874
f 1874/1874/1874 1696/1696/1696 1700/1700/1700
f 1874/1874/1874 1700/1700/1700 1875/1875/1875
f 1875/1875/1875 1700/1700/1700 1699/1699/1699
f 1875/1875/1875 1699/1699/1699 1876/1876/1876
f 1876/1876/1876 1699/1699/1699 1702/1702/1702
f 1876/1876/1876 1702/1702/1702 1877/1877/1877
f 1877/1877/1877 1702/1702/1702 1705/1705/1705
f 1877/1877/1877 1705/1705/1705 1878/1878/1878
f 1878/1878/1878 1705/1705/1705 1704/1704/1704
f 1878/1878/1878 1704/1704/1704 1879/1879/1879
f 1879/1879/1879 1704/1704/1704 1707/1707/1707
f 1879/1879/1879 1707/1707/1707 1880/1880/1880
f 1880/1880/1880 1707/1707/1707 1709/1709/1709
f 1880/1880/1880 1709/1709/1709 1833/1833/1833
f 1833/1833/1833 1709/1709/1709 1765/1765/1765
f 1833/1833/1833 1765/1765/1765 1750/1750/1750
f 1834/1834/1834 1750/1750/1750 1749/1749/1749
f 1834/1834/1834 1749/1749/1749 1836/1836/1836
f 1836/1836/1836 1749/1749/1749 1712/1712/1712
f 1836/1836/1836 1712/1712/1712 1711/1711/1711
f 1837/1837/1837 1711/1711/1711 1714/1714/1714
f 1837/1837/1837 1714/1714/1714 1881/1881/1881
f 1881/1881/1881 1714/1714/1714 1716/1716/1716
f 1881/1881/1881 1716/1716/1716 1882/1882/1882
f 1882/1882/1882 1716/1716/1716 1767/1767/1767
f 1882/1882/1882 1767/1767/1767 1883/1883/1883
f 1883/1883/1883 1767/1767/1767 1758/1758/1758
f 1883/1883/1883 1758/1758/1758 1884/1884/1884
f 1884/1884/1884 1758/1758/1758 1719/1719/1719
f 1884/1884/1884 1719/1719/1719 1885/1885/1885
f 1885/1885/1885 1719/1719/1719 1718/1718/1718
f 1885/1885/1885 1718/1718/1718 1886/1886/1886
f 1886/1886/1886 1718/1718/1718 1721/1721/1721
f 1886/1886/1886 1721/1721/1721 1839/1839/1839
f 1839/1839/1839 1721/1721/1721 1723/1723/1723
f 1839/1839/1839 1723/1723/1723 1725/1725/1725
f 1841/1841/1841 1762/1762/1762 1741/1741/1741
f 1841/1841/1841 1741/1741/1741 1887/1887/1887
f 1887/1887/1887 1741/1741/1741 1740/1740/1740
f 1887/1887/1887 1740/1740/1740 1888/1888/1888
f 1888/1888/1888 1740/1740/1740 1728/1728/1728
f 1888/1888/1888 1728/1728/1728 1889/1889/1889
f 1889/1889/1889 1728/1728/1728 1727/1727/1727
f 1889/1889/1889 1727/1727/1727 1890/1890/1890
f 1890/1890/1890 1727/1727/1727 1730/1730/1730
f 1890/1890/1890 1730/1730/1730 1891/1891/1891
f 1891/1891/1891 1730/1730/1730 1733/1733/1733
f 1891/1891/1891 1733/1733/1733 1892/1892/1892
f 1892/1892/1892 1733/1733/1733 1732/1732/1732
f 1892/1892/1892 1732/1732/1732 1893/1893/1893
f 1893/1893/1893 1732/1732/1732 1735/1735/1735
f 1893/1893/1893 1735/1735/1735 1842/1842/1842
f 1842/1842/1842 1735/1735/1735 1631/1631/1631
f 1822/1822/1822 1656/1656/1656 1655/1655/1655
f 1822/1822/1822 1655/1655/1655 1823/1823/1823
f 1823/1823/1823 1655/1655/1655 1819/1819/1819
f 1823/1823/1823 1819/1819/1819 1659/1659/1659
f 1820/1820/1820 1894/1894/1894 1821/1821/1821
f 1821/1821/1821 1894/1894/1894 1895/1895/1895
f 1821/1821/1821 1895/1895/1895 1824/1824/1824
f 1824/1824/1824 1895/1895/1895 1896/1896/1896
f 1824/1824/1824 1896/1896/1896 1897/1897/1897
f 1824/1824/1824 1897/1897/1897 1855/1855/1855
f 1855/1855/1855 1897/1897/1897 1854/1854/1854
f 1854/1854/1854 1897/1897/1897 1898/1898/1898
f 1854/1854/1854 1898/1898/1898 1853/1853/1853
f 1853/1853/1853 1898/1898/1898 1899/1899/1899
f 1853/1853/1853 1899/1899/1899 1852/1852/1852
f 1852/1852/1852 1899/1899/1899 1900/1900/1900
f 1852/1852/1852 1900/1900/1900 1851/1851/1851
f 1851/1851/1851 1900/1900/1900 1901/1901/1901
f 1851/1851/1851 1901/1901/1901 1850/1850/1850
f 1850/1850/1850 1901/1901/1901 1902/1902/1902
f 1850/1850/1850 1902/1902/1902 1849/1849/1849
f 1849/1849/1849 1902/1902/1902 1903/1903/1903
f 1849/1849/1849 1903/1903/1903 1848/1848/1848
f 1848/1848/1848 1903/1903/1903 1904/1904/1904
f 1848/1848/1848 1904/1904/1904 1847/1847/1847
f 1847/1847/1847 1904/1904/1904 1905/1905/1905
f 1847/1847/1847 1905/1905/1905 1846/1846/1846
f 1846/1846/1846 1905/1905/1905 1906/1906/1906
f 1846/1846/1846 1906/1906/1906 1845/1845/1845
f 1845/1845/1845 1906/1906/1906 1907/1907/1907
f 1845/1845/1845 1907/1907/1907 1844/1844/1844
f 1844/1844/1844 1907/1907/1907 1908/1908/1908
f 1844/1844/1844 1908/1908/1908 1843/1843/1843
f 1843/1843/1843 1908/1908/1908 1909/1909/1909
f 1843/1843/1843 1909/1909/1909 1910/1910/1910
f 1843/1843/1843 1910/1910/1910 1842/1842/1842
f 1842/1842/1842 1910/1910/1910 1893/1893/1893
f 1893/1893/1893 1910/1910/1910 1911/1911/1911
f 1893/1893/1893 1911/1911/1911 1892/1892/1892
f 1892/1892/1892 1911/1911/1911 1912/1912/1912
f 1892/1892/1892 1912/1912/1912 1891/1891/1891
f 1891/1891/1891 1912/1912/1912 1913/1913/1913
f 1891/1891/1891 1913/1913/1913 1890/1890/1890
f 1890/1890/1890 1913/1913/1913 1914/1914/1914
f 1890/1890/1890 1914/1914/1914 1889/1889/1889
f 1889/1889/1889 1914/1914/1914 1915/1915/1915
f 1889/1889/1889 1915/1915/1915 1888/1888/1888
f 1888/1888/1888 1915/1915/1915 1916/1916/1916
f 1888/1888/1888 1916/1916/1916 1887/1887/1887
f 1887/1887/1887 1916/1916/1916 1917/1917/1917
f 1887/1887/1887 1917/1917/1917 1841/1841/1841
f 1841/1841/1841 1917/1917/1917 1918/1918/1918
f 1841/1841/1841 1918/1918/1918 1840/1840/1840
f 1840/1840/1840 1918/1918/1918 1919/1919/1919
f 1840/1840/1840 1919/1919/1919 1838/1838/1838
f 1838/1838/1838 1919/1919/1919 1920/1920/1920
f 1838/1838/1838 1920/1920/1920 1921/1921/1921
f 1838/1838/1838 1921/1921/1921 1839/1839/1839
f 1839/1839/1839 1921/1921/1921 1886/1886/1886
f 1886/1886/1886 1921/1921/1921 1922/1922/1922
f 1886/1886/1886 1922/1922/1922 1885/1885/1885
f 1885/1885/1885 1922/1922/1922 1923/1923/1923
f 1885/1885/1885 1923/1923/1923 1884/1884/1884
f 1884/1884/1884 1923/1923/1923 1924/1924/1924
f 1884/1884/1884 1924/1924/1924 1883/1883/1883
f 1883/1883/1883 1924/1924/1924 1925/1925/1925
f 1883/1883/1883 1925/1925/1925 1882/1882/1882
f 1882/1882/1882 1925/1925/1925 1926/1926/1926
f 1882/1882/1882 1926/1926/1926 1881/1881/1881
f 1881/1881/1881 1926/1926/1926 1927/1927/1927
f 1881/1881/1881 1927/1927/1927 1837/1837/1837
f 1837/1837/1837 1927/1927/1927 1928/1928/1928
f 1837/1837/1837 1928/1928/1928 1835/1835/1835
f 1835/1835/1835 1928/1928/1928 1929/1929/1929
f 1835/1835/1835 1929/1929/1929 1836/1836/1836
f 1836/1836/1836 1929/1929/1929 1930/1930/1930
f 1836/1836/1836 1930/1930/1930 1834/1834/1834
f 1834/1834/1834 1930/1930/1930 1931/1931/1931
f 1834/1834/1834 1931/1931/1931 1832/1832/1832
f 1832/1832/1832 1931/1931/1931 1932/1932/1932
f 1832/1832/1832 1932/1932/1932 1833/1833/1833
f 1833/1833/1833 1932/1932/1932 1933/1933/1933
f 1833/1833/1833 1933/1933/1933 1880/1880/1880
f 1880/1880/1880 1933/1933/1933 1934/1934/1934
f 1880/1880/1880 1934/1934/1934 1879/1879/1879
f 1879/1879/1879 1934/1934/1934 1935/1935/1935
f 1879/1879/1879 1935/1935/1935 1878/1878/1878
f 1878/1878/1878 1935/1935/1935 1936/1936/1936
f 1878/1878/1878 1936/1936/1936 1877/1877/1877
f 1877/1877/1877 1936/1936/1936 1937/1937/1937
f 1877/1877/1877 1937/1937/1937 1876/1876/1876
f 1876/1876/1876 1937/1937/1937 1938/1938/1938
f 1876/1876/1876 1938/1938/1938 1875/1875/1875
f 1875/1875/1875 1938/1938/1938 1939/1939/1939
f 1875/1875/1875 1939/1939/1939 1874/1874/1874
f 1874/1874/1874 1939/1939/1939 1940/1940/1940
f 1874/1874/1874 1940/1940/1940 1873/1873/1873
f 1873/1873/1873 1940/1940/1940 1941/1941/1941
f 1873/1873/1873 1941/1941/1941 1872/1872/1872
f 1872/1872/1872 1941/1941/1941 1942/1942/1942
f 1872/1872/1872 1942/1942/1942 1871/1871/1871
f 1871/1871/1871 1942/1942/1942 1943/1943/1943
f 1871/1871/1871 1943/1943/1943 1870/1870/1870
f 1870/1870/1870 1943/1943/1943 1944/1944/1944
f 1870/1870/1870 1944/1944/1944 1869/1869/1869
f 1869/1869/1869 1944/1944/1944 1945/1945/1945
f 1869/1869/1869 1945/1945/1945 1868/1868/1868
f 1868/1868/1868 1945/1945/1945 1946/1946/1946
f 1868/1868/1868 1946/1946/1946 1867/1867/1867
f 1867/1867/1867 1946/1946/1946 1947/1947/1947
f 1867/1867/1867 1947/1947/1947 1866/1866/1866
f 1866/1866/1866 1947/1947/1947 1948/1948/1948
f 1866/1866/1866 1948/1948/1948 1949/1949/1949
f 1866/1866/1866 1949/1949/1949 1865/1865/1865
f 1865/1865/1865 1949/1949/1949 1864/1864/1864
f 1864/1864/1864 1949/1949/1949 1950/1950/1950
f 1864/1864/1864 1950/1950/1950 1863/1863/1863
f 1863/1863/1863 1950/1950/1950 1951/1951/1951
f 1863/1863/1863 1951/1951/1951 1952/1952/1952
f 1863/1863/1863 1952/1952/1952 1862/1862/1862
f 1862/1862/1862 1952/1952/1952 1953/1953/1953
f 1862/1862/1862 1953/1953/1953 1861/1861/1861
f 1861/1861/1861 1953/1953/1953 1860/1860/1860
f 1860/1860/1860 1953/1953/1953 1954/1954/1954
f 1860/1860/1860 1954/1954/1954 1831/1831/1831
f 1831/1831/1831 1954/1954/1954 1955/1955/1955
f 1831/1831/1831 1955/1955/1955 1956/1956/1956
f 1831/1831/1831 1956/1956/1956 1830/1830/1830
f 1830/1830/1830 1956/1956/1956 1828/1828/1828
f 1828/1828/1828 1956/1956/1956 1957/1957/1957
f 1828/1828/1828 1957/1957/1957 1829/1829/1829
f 1829/1829/1829 1957/1957/1957 1958/1958/1958
f 1829/1829/1829 1958/1958/1958 1959/1959/1959
f 1829/1829/1829 1959/1959/1959 1859/1859/1859
f 1859/1859/1859 1959/1959/1959 1858/1858/1858
f 1858/1858/1858 1959/1959/1959 1960/1960/1960
f 1858/1858/1858 1960/1960/1960 1857/1857/1857
f 1857/1857/1857 1960/1960/1960 1961/1961/1961
f 1857/1857/1857 1961/1961/1961 1856/1856/1856
f 1856/1856/1856 1961/1961/1961 1962/1962/1962
f 1856/1856/1856 1962/1962/1962 1827/1827/1827
f 1827/1827/1827 1962/1962/1962 1963/1963/1963
f 1827/1827/1827 1963/1963/1963 1825/1825/1825
f 1825/1825/1825 1963/1963/1963 1964/1964/1964
f 1825/1825/1825 1964/1964/1964 1826/1826/1826
f 1826/1826/1826 1964/1964/1964 1965/1965/1965
f 1826/1826/1826 1965/1965/1965 1823/1823/1823
f 1823/1823/1823 1965/1965/1965 1966/1966/1966
f 1823/1823/1823 1966/1966/1966 1820/1820/1820
f 1820/1820/1820 1966/1966/1966 1894/1894/1894
f 1905/1905/1905 1967/1967/1967 1968/1968/1968
f 1919/1919/1919 1969/1969/1969 1970/1970/1970
f 1912/1912/1912 1971/1971/1971 1972/1972/1972
f 1906/1906/1906 1905/1905/1905 1968/1968/1968
f 1906/1906/1906 1968/1968/1968 1973/1973/1973
f 1920/1920/1920 1919/1919/1919 1970/1970/1970
f 1920/1920/1920 1970/1970/1970 1974/1974/1974
f 1913/1913/1913 1912/1912/1912 1975/1975/1975
f 1975/1975/1975 1912/1912/1912 1972/1972/1972
f 1907/1907/1907 1906/1906/1906 1973/1973/1973
f 1907/1907/1907 1973/1973/1973 1976/1976/1976
f 1921/1921/1921 1920/1920/1920 1974/1974/1974
f 1921/1921/1921 1974/1974/1974 1977/1977/1977
f 1914/1914/1914 1913/1913/1913 1975/1975/1975
f 1914/1914/1914 1975/1975/1975 1978/1978/1978
f 1979/1979/1979 1980/1980/1980 1910/1910/1910
f 1979/1979/1979 1910/1910/1910 1909/1909/1909
f 1981/1981/1981 1979/1979/1979 1909/1909/1909
f 1981/1981/1981 1909/1909/1909 1908/1908/1908
f 1982/1982/1982 1983/1983/1983 1903/1903/1903
f 1982/1982/1982 1903/1903/1903 1902/1902/1902
f 1984/1984/1984 1982/1982/1982 1902/1902/1902
f 1984/1984/1984 1902/1902/1902 1901/1901/1901
f 1985/1985/1985 1986/1986/1986 1900/1900/1900
f 1985/1985/1985 1900/1900/1900 1899/1899/1899
f 1987/1987/1987 1988/1988/1988 1897/1897/1897
f 1987/1987/1987 1897/1897/1897 1896/1896/1896
f 1989/1989/1989 1990/1990/1990 1894/1894/1894
f 1989/1989/1989 1894/1894/1894 1966/1966/1966
f 1991/1991/1991 1992/1992/1992 1963/1963/1963
f 1991/1991/1991 1963/1963/1963 1962/1962/1962
f 1993/1993/1993 1994/1994/1994 1960/1960/1960
f 1993/1993/1993 1960/1960/1960 1959/1959/1959
f 1995/1995/1995 1996/1996/1996 1957/1957/1957
f 1995/1995/1995 1957/1957/1957 1956/1956/1956
f 1997/1997/1997 1998/1998/1998 1955/1955/1955
f 1997/1997/1997 1955/1955/1955 1954/1954/1954
f 1999/1999/1999 1997/1997/1997 1954/1954/1954
f 1999/1999/1999 1954/1954/1954 1953/1953/1953
f 2000/2000/2000 2001/2001/2001 1952/1952/1952
f 2000/2000/2000 1952/1952/1952 1951/1951/1951
f 2002/2002/2002 2000/2000/2000 1951/1951/1951
f 2002/2002/2002 1951/1951/1951 1950/1950/1950
f 2003/2003/2003 2004/2004/2004 1949/1949/1949
f 2003/2003/2003 1949/1949/1949 1948/1948/1948
f 2005/2005/2005 2006/2006/2006 1946/1946/1946
f 2005/2005/2005 1946/1946/1946 1945/1945/1945
f 2007/2007/2007 2008/2008/2008 1943/1943/1943
f 2007/2007/2007 1943/1943/1943 1942/1942/1942
f 2009/2009/2009 2010/2010/2010 1941/1941/1941
f 2009/2009/2009 1941/1941/1941 1940/1940/1940
f 2011/2011/2011 2009/2009/2009 1940/1940/1940
f 2011/2011/2011 1940/1940/1940 1939/1939/1939
f 2012/2012/2012 2013/2013/2013 1938/1938/1938
f 2012/2012/2012 1938/1938/1938 1937/1937/1937
f 2014/2014/2014 2012/2012/2012 1937/1937/1937
f 2014/2014/2014 1937/1937/1937 1936/1936/1936
f 2015/2015/2015 2016/2016/2016 1935/1935/1935
f 2015/2015/2015 1935/1935/1935 1934/1934/1934
f 2017/2017/2017 2018/2018/2018 1932/1932/1932
f 2017/2017/2017 1932/1932/1932 1931/1931/1931
f 2019/2019/2019 2020/2020/2020 1929/1929/1929
f 2019/2019/2019 1929/1929/1929 1928/1928/1928
f 2021/2021/2021 2022/2022/2022 1927/1927/1927
f 2021/2021/2021 1927/1927/1927 1926/1926/1926
f 2023/2023/2023 2021/2021/2021 1926/1926/1926
f 2023/2023/2023 1926/1926/1926 1925/1925/1925
f 2024/2024/2024 2025/2025/2025 1924/1924/1924
f 2024/2024/2024 1924/1924/1924 1923/1923/1923
f 2026/2026/2026 2024/2024/2024 1923/1923/1923
f 2026/2026/2026 1923/1923/1923 1922/1922/1922
f 2027/2027/2027 2028/2028/2028 1917/1917/1917
f 2027/2027/2027 1917/1917/1917 1916/1916/1916
f 2029/2029/2029 2027/2027/2027 1916/1916/1916
f 2029/2029/2029 1916/1916/1916 1915/1915/1915
f 1976/1976/1976 1981/1981/1981 1908/1908/1908
f 1976/1976/1976 1908/1908/1908 1907/1907/1907
f 1905/1905/1905 1904/1904/1904 1967/1967/1967
f 1904/1904/1904 1903/1903/1903 1967/1967/1967
f 1967/1967/1967 1903/1903/1903 1983/1983/1983
f 1901/1901/1901 1900/1900/1900 1986/1986/1986
f 1901/1901/1901 1986/1986/1986 1984/1984/1984
f 2030/2030/2030 1985/1985/1985 1899/1899/1899
f 2030/2030/2030 1899/1899/1899 1898/1898/1898
f 1898/1898/1898 1897/1897/1897 2030/2030/2030
f 2030/2030/2030 1897/1897/1897 1988/1988/1988
f 2031/2031/2031 1987/1987/1987 1896/1896/1896
f 2031/2031/2031 1896/1896/1896 1895/1895/1895
f 1895/1895/1895 1894/1894/1894 1990/1990/1990
f 1895/1895/1895 1990/1990/1990 2031/2031/2031
f 2032/2032/2032 1989/1989/1989 1966/1966/1966
f 2032/2032/2032 1966/1966/1966 1965/1965/1965
f 2033/2033/2033 2032/2032/2032 1965/1965/1965
f 2033/2033/2033 1965/1965/1965 1964/1964/1964
f 1964/1964/1964 1963/1963/1963 1992/1992/1992
f 1964/1964/1964 1992/1992/1992 2033/2033/2033
f 2034/2034/2034 1991/1991/1991 1962/1962/1962
f 2034/2034/2034 1962/1962/1962 1961/1961/1961
f 1961/1961/1961 1960/1960/1960 1994/1994/1994
f 1961/1961/1961 1994/1994/1994 2034/2034/2034
f 2035/2035/2035 1993/1993/1993 1959/1959/1959
f 2035/2035/2035 1959/1959/1959 1958/1958/1958
f 1958/1958/1958 1957/1957/1957 1996/1996/1996
f 1958/1958/1958 1996/1996/1996 2035/2035/2035
f 1956/1956/1956 1955/1955/1955 1998/1998/1998
f 1956/1956/1956 1998/1998/1998 1995/1995/1995
f 1953/1953/1953 1952/1952/1952 2001/2001/2001
f 1953/1953/1953 2001/2001/2001 1999/1999/1999
f 1950/1950/1950 1949/1949/1949 2004/2004/2004
f 1950/1950/1950 2004/2004/2004 2002/2002/2002
f 2036/2036/2036 2003/2003/2003 1948/1948/1948
f 2036/2036/2036 1948/1948/1948 1947/1947/1947
f 1947/1947/1947 1946/1946/1946 2006/2006/2006
f 1947/1947/1947 2006/2006/2006 2036/2036/2036
f 2037/2037/2037 2005/2005/2005 1945/1945/1945
f 2037/2037/2037 1945/1945/1945 1944/1944/1944
f 1944/1944/1944 1943/1943/1943 2008/2008/2008
f 1944/1944/1944 2008/2008/2008 2037/2037/2037
f 1942/1942/1942 1941/1941/1941 2010/2010/2010
f 1942/1942/1942 2010/2010/2010 2007/2007/2007
f 1939/1939/1939 1938/1938/1938 2013/2013/2013
f 1939/1939/1939 2013/2013/2013 2011/2011/2011
f 1936/1936/1936 1935/1935/1935 2016/2016/2016
f 1936/1936/1936 2016/2016/2016 2014/2014/2014
f 2038/2038/2038 2015/2015/2015 1934/1934/1934
f 2038/2038/2038 1934/1934/1934 1933/1933/1933
f 1933/1933/1933 1932/1932/1932 2018/2018/2018
f 1933/1933/1933 2018/2018/2018 2038/2038/2038
f 2039/2039/2039 2017/2017/2017 1931/1931/1931
f 2039/2039/2039 1931/1931/1931 1930/1930/1930
f 1930/1930/1930 1929/1929/1929 2020/2020/2020
f 1930/1930/1930 2020/2020/2020 2039/2039/2039
f 1928/1928/1928 1927/1927/1927 2022/2022/2022
f 1928/1928/1928 2022/2022/2022 2019/2019/2019
f 1925/1925/1925 1924/1924/1924 2025/2025/2025
f 1925/1925/1925 2025/2025/2025 2023/2023/2023
f 1977/1977/1977 2026/2026/2026 1922/1922/1922
f 1977/1977/1977 1922/1922/1922 1921/1921/1921
f 1919/1919/1919 1918/1918/1918 1969/1969/1969
f 1918/1918/1918 1917/1917/1917 2028/2028/2028
f 1918/1918/1918 2028/2028/2028 1969/1969/1969
f 1978/1978/1978 2029/2029/2029 1915/1915/1915
f 1978/1978/1978 1915/1915/1915 1914/1914/1914
f 1912/1912/1912 1911/1911/1911 1971/1971/1971
f 1980/1980/1980 1971/1971/1971 1911/1911/1911
f 1980/1980/1980 1911/1911/1911 1910/1910/1910
f 2040/2040/2040 2041/2041/2041 2042/2042/2042
f 2042/2042/2042 2041/2041/2041 2043/2043/2043
f 2044/2044/2044 2045/2045/2045 2046/2046/2046
f 2046/2046/2046 2045/2045/2045 2047/2047/2047
f 2046/2046/2046 2047/2047/2047 2048/2048/2048
f 2048/2048/2048 2047/2047/2047 2049/2049/2049
f 2050/2050/2050 2051/2051/2051 2052/2052/2052
f 2052/2052/2052 2051/2051/2051 2053/2053/2053
f 2054/2054/2054 2055/2055/2055 2056/2056/2056
f 2056/2056/2056 2055/2055/2055 2057/2057/2057
f 2058/2058/2058 2059/2059/2059 2060/2060/2060
f 2060/2060/2060 2059/2059/2059 2061/2061/2061
f 2062/2062/2062 2063/2063/2063 2044/2044/2044
f 2044/2044/2044 2063/2063/2063 2045/2045/2045
f 2047/2047/2047 2064/2064/2064 2049/2049/2049
f 2049/2049/2049 2064/2064/2064 2065/2065/2065
f 2049/2049/2049 2065/2065/2065 2066/2066/2066
f 2066/2066/2066 2065/2065/2065 2067/2067/2067
f 2066/2066/2066 2067/2067/2067 2068/2068/2068
f 2068/2068/2068 2067/2067/2067 2069/2069/2069
f 2070/2070/2070 2071/2071/2071 2072/2072/2072
f 2072/2072/2072 2071/2071/2071 2073/2073/2073
f 2072/2072/2072 2073/2073/2073 2074/2074/2074
f 2074/2074/2074 2073/2073/2073 2075/2075/2075
f 2076/2076/2076 2077/2077/2077 2078/2078/2078
f 2078/2078/2078 2077/2077/2077 2079/2079/2079
f 2079/2079/2079 2080/2080/2080 2081/2081/2081
f 2081/2081/2081 2080/2080/2080 2082/2082/2082
f 2081/2081/2081 2082/2082/2082 2083/2083/2083
f 2083/2083/2083 2082/2082/2082 2084/2084/2084
f 2083/2083/2083 2084/2084/2084 2085/2085/2085
f 2085/2085/2085 2084/2084/2084 2086/2086/2086
f 2085/2085/2085 2086/2086/2086 2087/2087/2087
f 2087/2087/2087 2086/2086/2086 2088/2088/2088
f 2087/2087/2087 2088/2088/2088 2089/2089/2089
f 2089/2089/2089 2088/2088/2088 2090/2090/2090
f 2089/2089/2089 2090/2090/2090 2091/2091/2091
f 2091/2091/2091 2090/2090/2090 2092/2092/2092
f 2093/2093/2093 2094/2094/2094 2095/2095/2095
f 2095/2095/2095 2094/2094/2094 2096/2096/2096
f 2095/2095/2095 2096/2096/2096 2097/2097/2097
f 2097/2097/2097 2096/2096/2096 2098/2098/2098
f 2097/2097/2097 2098/2098/2098 2099/2099/2099
f 2099/2099/2099 2098/2098/2098 2100/2100/2100
f 2100/2100/2100 2101/2101/2101 2102/2102/2102
f 2102/2102/2102 2101/2101/2101 2103/2103/2103
f 2102/2102/2102 2103/2103/2103 2104/2104/2104
f 2104/2104/2104 2103/2103/2103 2054/2054/2054
f 2105/2105/2105 2106/2106/2106 2107/2107/2107
f 2107/2107/2107 2106/2106/2106 2108/2108/2108
f 2109/2109/2109 2110/2110/2110 2111/2111/2111
f 2111/2111/2111 2110/2110/2110 2112/2112/2112
f 2113/2113/2113 2114/2114/2114 2115/2115/2115
f 2115/2115/2115 2114/2114/2114 2116/2116/2116
f 2115/2115/2115 2116/2116/2116 2040/2040/2040
f 2040/2040/2040 2116/2116/2116 2041/2041/2041
f 2117/2117/2117 2118/2118/2118 2119/2119/2119
f 2119/2119/2119 2118/2118/2118 2120/2120/2120
f 2119/2119/2119 2120/2120/2120 2121/2121/2121
f 2121/2121/2121 2120/2120/2120 2122/2122/2122
f 2123/2123/2123 2124/2124/2124 2125/2125/2125
f 2125/2125/2125 2124/2124/2124 2058/2058/2058
f 2061/2061/2061 2126/2126/2126 2127/2127/2127
f 2127/2127/2127 2126/2126/2126 2128/2128/2128
f 2127/2127/2127 2128/2128/2128 2129/2129/2129
f 2129/2129/2129 2128/2128/2128 2130/2130/2130
f 2131/2131/2131 2132/2132/2132 2062/2062/2062
f 2062/2062/2062 2132/2132/2132 2063/2063/2063
f 2067/2067/2067 2133/2133/2133 2069/2069/2069
f 2069/2069/2069 2133/2133/2133 2134/2134/2134
f 2069/2069/2069 2134/2134/2134 2050/2050/2050
f 2050/2050/2050 2134/2134/2134 2051/2051/2051
f 2051/2051/2051 2135/2135/2135 2053/2053/2053
f 2053/2053/2053 2135/2135/2135 2136/2136/2136
f 2053/2053/2053 2136/2136/2136 2137/2137/2137
f 2137/2137/2137 2136/2136/2136 2138/2138/2138
f 2137/2137/2137 2138/2138/2138 2139/2139/2139
f 2139/2139/2139 2138/2138/2138 2140/2140/2140
f 2139/2139/2139 2140/2140/2140 2141/2141/2141
f 2141/2141/2141 2140/2140/2140 2142/2142/2142
f 2142/2142/2142 2143/2143/2143 2070/2070/2070
f 2070/2070/2070 2143/2143/2143 2071/2071/2071
f 2073/2073/2073 2144/2144/2144 2075/2075/2075
f 2075/2075/2075 2144/2144/2144 2145/2145/2145
f 2075/2075/2075 2145/2145/2145 2076/2076/2076
f 2076/2076/2076 2145/2145/2145 2077/2077/2077
f 2077/2077/2077 2146/2146/2146 2079/2079/2079
f 2079/2079/2079 2146/2146/2146 2080/2080/2080
f 2090/2090/2090 2147/2147/2147 2092/2092/2092
f 2092/2092/2092 2147/2147/2147 2148/2148/2148
f 2098/2098/2098 2149/2149/2149 2100/2100/2100
f 2100/2100/2100 2149/2149/2149 2101/2101/2101
f 2103/2103/2103 2150/2150/2150 2054/2054/2054
f 2054/2054/2054 2150/2150/2150 2055/2055/2055
f 2055/2055/2055 2151/2151/2151 2057/2057/2057
f 2057/2057/2057 2151/2151/2151 2152/2152/2152
f 2153/2153/2153 2154/2154/2154 2105/2105/2105
f 2105/2105/2105 2154/2154/2154 2106/2106/2106
f 2108/2108/2108 2155/2155/2155 2109/2109/2109
f 2109/2109/2109 2155/2155/2155 2110/2110/2110
f 2110/2110/2110 2156/2156/2156 2112/2112/2112
f 2112/2112/2112 2156/2156/2156 2157/2157/2157
f 2157/2157/2157 2158/2158/2158 2159/2159/2159
f 2159/2159/2159 2158/2158/2158 2160/2160/2160
f 2159/2159/2159 2160/2160/2160 2161/2161/2161
f 2161/2161/2161 2160/2160/2160 2162/2162/2162
f 2161/2161/2161 2162/2162/2162 2113/2113/2113
f 2113/2113/2113 2162/2162/2162 2114/2114/2114
f 2041/2041/2041 2163/2163/2163 2043/2043/2043
f 2043/2043/2043 2163/2163/2163 2164/2164/2164
f 2043/2043/2043 2164/2164/2164 2117/2117/2117
f 2117/2117/2117 2164/2164/2164 2118/2118/2118
f 2124/2124/2124 2165/2165/2165 2058/2058/2058
f 2058/2058/2058 2165/2165/2165 2059/2059/2059
f 2059/2059/2059 2166/2166/2166 2061/2061/2061
f 2061/2061/2061 2166/2166/2166 2126/2126/2126
f 2128/2128/2128 2167/2167/2167 2130/2130/2130
f 2130/2130/2130 2167/2167/2167 2168/2168/2168
f 2130/2130/2130 2168/2168/2168 2169/2169/2169
f 2169/2169/2169 2168/2168/2168 2170/2170/2170
f 2140/2140/2140 2171/2171/2171 2142/2142/2142
f 2142/2142/2142 2171/2171/2171 2143/2143/2143
f 2147/2147/2147 2172/2172/2172 2148/2148/2148
f 2148/2148/2148 2172/2172/2172 2173/2173/2173
f 2148/2148/2148 2173/2173/2173 2093/2093/2093
f 2093/2093/2093 2173/2173/2173 2094/2094/2094
f 2151/2151/2151 2174/2174/2174 2152/2152/2152
f 2152/2152/2152 2174/2174/2174 2175/2175/2175
f 2152/2152/2152 2175/2175/2175 2153/2153/2153
f 2153/2153/2153 2175/2175/2175 2154/2154/2154
f 2106/2106/2106 2176/2176/2176 2108/2108/2108
f 2108/2108/2108 2176/2176/2176 2155/2155/2155
f 2156/2156/2156 2177/2177/2177 2157/2157/2157
f 2157/2157/2157 2177/2177/2177 2158/2158/2158
f 2120/2120/2120 2178/2178/2178 2122/2122/2122
f 2122/2122/2122 2178/2178/2178 2179/2179/2179
f 2122/2122/2122 2179/2179/2179 2180/2180/2180
f 2180/2180/2180 2179/2179/2179 2181/2181/2181
f 2180/2180/2180 2181/2181/2181 2123/2123/2123
f 2123/2123/2123 2181/2181/2181 2124/2124/2124
f 2168/2168/2168 2182/2182/2182 2170/2170/2170
f 2170/2170/2170 2182/2182/2182 2183/2183/2183
f 2170/2170/2170 2183/2183/2183 2184/2184/2184
f 2184/2184/2184 2183/2183/2183 2185/2185/2185
f 2184/2184/2184 2185/2185/2185 2131/2131/2131
f 2131/2131/2131 2185/2185/2185 2132/2132/2132
f 2063/2063/2063 2186/2186/2186 2045/2045/2045
f 2045/2045/2045 2186/2186/2186 2187/2187/2187
f 2045/2045/2045 2187/2187/2187 2047/2047/2047
f 2047/2047/2047 2187/2187/2187 2188/2188/2188
f 2047/2047/2047 2188/2188/2188 2064/2064/2064
f 2064/2064/2064 2188/2188/2188 2189/2189/2189
f 2064/2064/2064 2189/2189/2189 2065/2065/2065
f 2065/2065/2065 2189/2189/2189 2190/2190/2190
f 2065/2065/2065 2190/2190/2190 2067/2067/2067
f 2067/2067/2067 2190/2190/2190 2191/2191/2191
f 2067/2067/2067 2191/2191/2191 2133/2133/2133
f 2133/2133/2133 2191/2191/2191 2192/2192/2192
f 2133/2133/2133 2192/2192/2192 2134/2134/2134
f 2134/2134/2134 2192/2192/2192 2193/2193/2193
f 2134/2134/2134 2193/2193/2193 2051/2051/2051
f 2051/2051/2051 2193/2193/2193 2194/2194/2194
f 2051/2051/2051 2194/2194/2194 2135/2135/2135
f 2135/2135/2135 2194/2194/2194 2195/2195/2195
f 2135/2135/2135 2195/2195/2195 2136/2136/2136
f 2136/2136/2136 2195/2195/2195 2196/2196/2196
f 2136/2136/2136 2196/2196/2196 2138/2138/2138
f 2138/2138/2138 2196/2196/2196 2197/2197/2197
f 2138/2138/2138 2197/2197/2197 2140/2140/2140
f 2140/2140/2140 2197/2197/2197 2171/2171/2171
f 2171/2171/2171 2198/2198/2198 2143/2143/2143
f 2143/2143/2143 2198/2198/2198 2199/2199/2199
f 2143/2143/2143 2199/2199/2199 2071/2071/2071
f 2071/2071/2071 2199/2199/2199 2200/2200/2200
f 2071/2071/2071 2200/2200/2200 2073/2073/2073
f 2073/2073/2073 2200/2200/2200 2201/2201/2201
f 2073/2073/2073 2201/2201/2201 2144/2144/2144
f 2144/2144/2144 2201/2201/2201 2202/2202/2202
f 2144/2144/2144 2202/2202/2202 2145/2145/2145
f 2145/2145/2145 2202/2202/2202 2203/2203/2203
f 2145/2145/2145 2203/2203/2203 2077/2077/2077
f 2077/2077/2077 2203/2203/2203 2204/2204/2204
f 2077/2077/2077 2204/2204/2204 2146/2146/2146
f 2146/2146/2146 2204/2204/2204 2205/2205/2205
f 2146/2146/2146 2205/2205/2205 2080/2080/2080
f 2080/2080/2080 2205/2205/2205 2206/2206/2206
f 2080/2080/2080 2206/2206/2206 2082/2082/2082
f 2082/2082/2082 2206/2206/2206 2207/2207/2207
f 2082/2082/2082 2207/2207/2207 2084/2084/2084
f 2084/2084/2084 2207/2207/2207 2208/2208/2208
f 2084/2084/2084 2208/2208/2208 2086/2086/2086
f 2086/2086/2086 2208/2208/2208 2209/2209/2209
f 2086/2086/2086 2209/2209/2209 2088/2088/2088
f 2088/2088/2088 2209/2209/2209 2210/2210/2210
f 2088/2088/2088 2210/2210/2210 2090/2090/2090
f 2090/2090/2090 2210/2210/2210 2211/2211/2211
f 2090/2090/2090 2211/2211/2211 2147/2147/2147
f 2147/2147/2147 2211/2211/2211 2172/2172/2172
f 2173/2173/2173 2212/2212/2212 2094/2094/2094
f 2094/2094/2094 2212/2212/2212 2213/2213/2213
f 2094/2094/2094 2213/2213/2213 2096/2096/2096
f 2096/2096/2096 2213/2213/2213 2214/2214/2214
f 2096/2096/2096 2214/2214/2214 2098/2098/2098
f 2098/2098/2098 2214/2214/2214 2215/2215/2215
f 2098/2098/2098 2215/2215/2215 2149/2149/2149
f 2149/2149/2149 2215/2215/2215 2216/2216/2216
f 2149/2149/2149 2216/2216/2216 2101/2101/2101
f 2101/2101/2101 2216/2216/2216 2217/2217/2217
f 2101/2101/2101 2217/2217/2217 2103/2103/2103
f 2103/2103/2103 2217/2217/2217 2218/2218/2218
f 2103/2103/2103 2218/2218/2218 2150/2150/2150
f 2150/2150/2150 2218/2218/2218 2219/2219/2219
f 2150/2150/2150 2219/2219/2219 2055/2055/2055
f 2055/2055/2055 2219/2219/2219 2220/2220/2220
f 2055/2055/2055 2220/2220/2220 2151/2151/2151
f 2151/2151/2151 2220/2220/2220 2174/2174/2174
f 2175/2175/2175 2221/2221/2221 2154/2154/2154
f 2154/2154/2154 2221/2221/2221 2222/2222/2222
f 2154/2154/2154 2222/2222/2222 2106/2106/2106
f 2106/2106/2106 2222/2222/2222 2176/2176/2176
f 2176/2176/2176 2223/2223/2223 2155/2155/2155
f 2155/2155/2155 2223/2223/2223 2224/2224/2224
f 2155/2155/2155 2224/2224/2224 2110/2110/2110
f 2110/2110/2110 2224/2224/2224 2225/2225/2225
f 2110/2110/2110 2225/2225/2225 2156/2156/2156
f 2156/2156/2156 2225/2225/2225 2177/2177/2177
f 2177/2177/2177 2226/2226/2226 2158/2158/2158
f 2158/2158/2158 2226/2226/2226 2227/2227/2227
f 2158/2158/2158 2227/2227/2227 2160/2160/2160
f 2160/2160/2160 2227/2227/2227 2228/2228/2228
f 2160/2160/2160 2228/2228/2228 2162/2162/2162
f 2162/2162/2162 2228/2228/2228 2229/2229/2229
f 2162/2162/2162 2229/2229/2229 2114/2114/2114
f 2114/2114/2114 2229/2229/2229 2230/2230/2230
f 2114/2114/2114 2230/2230/2230 2116/2116/2116
f 2116/2116/2116 2230/2230/2230 2231/2231/2231
f 2116/2116/2116 2231/2231/2231 2041/2041/2041
f 2041/2041/2041 2231/2231/2231 2232/2232/2232
f 2041/2041/2041 2232/2232/2232 2163/2163/2163
f 2163/2163/2163 2232/2232/2232 2233/2233/2233
f 2163/2163/2163 2233/2233/2233 2164/2164/2164
f 2164/2164/2164 2233/2233/2233 2234/2234/2234
f 2164/2164/2164 2234/2234/2234 2118/2118/2118
f 2118/2118/2118 2234/2234/2234 2235/2235/2235
f 2118/2118/2118 2235/2235/2235 2120/2120/2120
f 2120/2120/2120 2235/2235/2235 2178/2178/2178
f 2181/2181/2181 2236/2236/2236 2124/2124/2124
f 2124/2124/2124 2236/2236/2236 2237/2237/2237
f 2124/2124/2124 2237/2237/2237 2165/2165/2165
f 2165/2165/2165 2237/2237/2237 2238/2238/2238
f 2165/2165/2165 2238/2238/2238 2059/2059/2059
f 2059/2059/2059 2238/2238/2238 2239/2239/2239
f 2059/2059/2059 2239/2239/2239 2166/2166/2166
f 2166/2166/2166 2239/2239/2239 2240/2240/2240
f 2166/2166/2166 2240/2240/2240 2126/2126/2126
f 2126/2126/2126 2240/2240/2240 2241/2241/2241
f 2126/2126/2126 2241/2241/2241 2128/2128/2128
f 2128/2128/2128 2241/2241/2241 2242/2242/2242
f 2128/2128/2128 2242/2242/2242 2167/2167/2167
f 2167/2167/2167 2242/2242/2242 2243/2243/2243
f 2167/2167/2167 2243/2243/2243 2168/2168/2168
f 2168/2168/2168 2243/2243/2243 2182/2182/2182
f 2185/2185/2185 2244/2244/2244 2132/2132/2132
f 2132/2132/2132 2244/2244/2244 2245/2245/2245
f 2132/2132/2132 2245/2245/2245 2063/2063/2063
f 2063/2063/2063 2245/2245/2245 2186/2186/2186
f 1971/1971/1971 2245/2245/2245 1972/1972/1972
f 1972/1972/1972 2245/2245/2245 2244/2244/2244
f 1972/1972/1972 2244/2244/2244 1975/1975/1975
f 1975/1975/1975 2244/2244/2244 2185/2185/2185
f 1975/1975/1975 2185/2185/2185 1978/1978/1978
f 1978/1978/1978 2185/2185/2185 2183/2183/2183
f 1978/1978/1978 2183/2183/2183 2029/2029/2029
f 2029/2029/2029 2183/2183/2183 2182/2182/2182
f 2029/2029/2029 2182/2182/2182 2027/2027/2027
f 2027/2027/2027 2182/2182/2182 2243/2243/2243
f 2027/2027/2027 2243/2243/2243 2028/2028/2028
f 2028/2028/2028 2243/2243/2243 2242/2242/2242
f 2028/2028/2028 2242/2242/2242 1969/1969/1969
f 1969/1969/1969 2242/2242/2242 2241/2241/2241
f 1969/1969/1969 2241/2241/2241 1970/1970/1970
f 1970/1970/1970 2241/2241/2241 2240/2240/2240
f 1970/1970/1970 2240/2240/2240 1974/1974/1974
f 1974/1974/1974 2240/2240/2240 2239/2239/2239
f 1974/1974/1974 2239/2239/2239 1977/1977/1977
f 1977/1977/1977 2239/2239/2239 2238/2238/2238
f 1977/1977/1977 2238/2238/2238 2026/2026/2026
f 2026/2026/2026 2238/2238/2238 2237/2237/2237
f 2026/2026/2026 2237/2237/2237 2024/2024/2024
f 2024/2024/2024 2237/2237/2237 2236/2236/2236
f 2024/2024/2024 2236/2236/2236 2025/2025/2025
f 2025/2025/2025 2236/2236/2236 2181/2181/2181
f 2025/2025/2025 2181/2181/2181 2023/2023/2023
f 2023/2023/2023 2181/2181/2181 2179/2179/2179
f 2023/2023/2023 2179/2179/2179 2021/2021/2021
f 2021/2021/2021 2179/2179/2179 2178/2178/2178
f 2021/2021/2021 2178/2178/2178 2022/2022/2022
f 2022/2022/2022 2178/2178/2178 2235/2235/2235
f 2022/2022/2022 2235/2235/2235 2019/2019/2019
f 2019/2019/2019 2235/2235/2235 2234/2234/2234
f 2019/2019/2019 2234/2234/2234 2020/2020/2020
f 2020/2020/2020 2234/2234/2234 2233/2233/2233
f 2020/2020/2020 2233/2233/2233 2039/2039/2039
f 2039/2039/2039 2233/2233/2233 2232/2232/2232
f 2039/2039/2039 2232/2232/2232 2017/2017/2017
f 2017/2017/2017 2232/2232/2232 2231/2231/2231
f 2017/2017/2017 2231/2231/2231 2018/2018/2018
f 2018/2018/2018 2231/2231/2231 2230/2230/2230
f 2018/2018/2018 2230/2230/2230 2038/2038/2038
f 2038/2038/2038 2230/2230/2230 2229/2229/2229
f 2038/2038/2038 2229/2229/2229 2015/2015/2015
f 2015/2015/2015 2229/2229/2229 2228/2228/2228
f 2015/2015/2015 2228/2228/2228 2016/2016/2016
f 2016/2016/2016 2228/2228/2228 2227/2227/2227
f 2016/2016/2016 2227/2227/2227 2014/2014/2014
f 2014/2014/2014 2227/2227/2227 2226/2226/2226
f 2014/2014/2014 2226/2226/2226 2012/2012/2012
f 2012/2012/2012 2226/2226/2226 2177/2177/2177
f 2012/2012/2012 2177/2177/2177 2013/2013/2013
f 2013/2013/2013 2177/2177/2177 2225/2225/2225
f 2013/2013/2013 2225/2225/2225 2011/2011/2011
f 2011/2011/2011 2225/2225/2225 2224/2224/2224
f 2011/2011/2011 2224/2224/2224 2009/2009/2009
f 2009/2009/2009 2224/2224/2224 2223/2223/2223
f 2009/2009/2009 2223/2223/2223 2010/2010/2010
f 2010/2010/2010 2223/2223/2223 2176/2176/2176
f 2010/2010/2010 2176/2176/2176 2007/2007/2007
f 2007/2007/2007 2176/2176/2176 2222/2222/2222
f 2007/2007/2007 2222/2222/2222 2008/2008/2008
f 2008/2008/2008 2222/2222/2222 2221/2221/2221
f 2008/2008/2008 2221/2221/2221 2037/2037/2037
f 2037/2037/2037 2221/2221/2221 2175/2175/2175
f 2037/2037/2037 2175/2175/2175 2005/2005/2005
f 2005/2005/2005 2175/2175/2175 2174/2174/2174
f 2005/2005/2005 2174/2174/2174 2006/2006/2006
f 2006/2006/2006 2174/2174/2174 2220/2220/2220
f 2006/2006/2006 2220/2220/2220 2036/2036/2036
f 2036/2036/2036 2220/2220/2220 2219/2219/2219
f 2036/2036/2036 2219/2219/2219 2003/2003/2003
f 2003/2003/2003 2219/2219/2219 2218/2218/2218
f 2003/2003/2003 2218/2218/2218 2004/2004/2004
f 2004/2004/2004 2218/2218/2218 2217/2217/2217
f 2004/2004/2004 2217/2217/2217 2002/2002/2002
f 2002/2002/2002 2217/2217/2217 2216/2216/2216
f 2002/2002/2002 2216/2216/2216 2000/2000/2000
f 2000/2000/2000 2216/2216/2216 2215/2215/2215
f 2000/2000/2000 2215/2215/2215 2001/2001/2001
f 2001/2001/2001 2215/2215/2215 2214/2214/2214
f 2001/2001/2001 2214/2214/2214 1999/1999/1999
f 1999/1999/1999 2214/2214/2214 2213/2213/2213
f 1999/1999/1999 2213/2213/2213 1997/1997/1997
f 1997/1997/1997 2213/2213/2213 2212/2212/2212
f 1997/1997/1997 2212/2212/2212 1998/1998/1998
f 1998/1998/1998 2212/2212/2212 2173/2173/2173
f 1998/1998/1998 2173/2173/2173 1995/1995/1995
f 1995/1995/1995 2173/2173/2173 2172/2172/2172
f 1995/1995/1995 2172/2172/2172 1996/1996/1996
f 1996/1996/1996 2172/2172/2172 2211/2211/2211
f 1996/1996/1996 2211/2211/2211 2035/2035/2035
f 2035/2035/2035 2211/2211/2211 2210/2210/2210
f 2035/2035/2035 2210/2210/2210 1993/1993/1993
f 1993/1993/1993 2210/2210/2210 2209/2209/2209
f 1993/1993/1993 2209/2209/2209 1994/1994/1994
f 1994/1994/1994 2209/2209/2209 2208/2208/2208
f 1994/1994/1994 2208/2208/2208 2034/2034/2034
f 2034/2034/2034 2208/2208/2208 2207/2207/2207
f 2034/2034/2034 2207/2207/2207 1991/1991/1991
f 1991/1991/1991 2207/2207/2207 2206/2206/2206
f 1991/1991/1991 2206/2206/2206 1992/1992/1992
f 1992/1992/1992 2206/2206/2206 2205/2205/2205
f 1992/1992/1992 2205/2205/2205 2033/2033/2033
f 2033/2033/2033 2205/2205/2205 2204/2204/2204
f 2033/2033/2033 2204/2204/2204 2032/2032/2032
f 2032/2032/2032 2204/2204/2204 2203/2203/2203
f 2032/2032/2032 2203/2203/2203 1989/1989/1989
f 1989/1989/1989 2203/2203/2203 2202/2202/2202
f 1989/1989/1989 2202/2202/2202 1990/1990/1990
f 1990/1990/1990 2202/2202/2202 2201/2201/2201
f 1990/1990/1990 2201/2201/2201 2031/2031/2031
f 2031/2031/2031 2201/2201/2201 2200/2200/2200
f 2031/2031/2031 2200/2200/2200 1987/1987/1987
f 1987/1987/1987 2200/2200/2200 2199/2199/2199
f 1987/1987/1987 2199/2199/2199 1988/1988/1988
f 1988/1988/1988 2199/2199/2199 2198/2198/2198
f 1988/1988/1988 2198/2198/2198 2030/2030/2030
f 2030/2030/2030 2198/2198/2198 2171/2171/2171
f 2030/2030/2030 2171/2171/2171 1985/1985/1985
f 1985/1985/1985 2171/2171/2171 2197/2197/2197
f 1985/1985/1985 2197/2197/2197 1986/1986/1986
f 1986/1986/1986 2197/2197/2197 2196/2196/2196
f 1986/1986/1986 2196/2196/2196 1984/1984/1984
f 1984/1984/1984 2196/2196/2196 2195/2195/2195
f 1984/1984/1984 2195/2195/2195 1982/1982/1982
f 1982/1982/1982 2195/2195/2195 2194/2194/2194
f 1982/1982/1982 2194/2194/2194 1983/1983/1983
f 1983/1983/1983 2194/2194/2194 2193/2193/2193
f 1983/1983/1983 2193/2193/2193 1967/1967/1967
f 1967/1967/1967 2193/2193/2193 2192/2192/2192
f 1967/1967/1967 2192/2192/2192 1968/1968/1968
f 1968/1968/1968 2192/2192/2192 2191/2191/2191
f 1968/1968/1968 2191/2191/2191 1973/1973/1973
f 1973/1973/1973 2191/2191/2191 2190/2190/2190
f 1973/1973/1973 2190/2190/2190 1976/1976/1976
f 1976/1976/1976 2190/2190/2190 2189/2189/2189
f 1976/1976/1976 2189/2189/2189 1981/1981/1981
f 1981/1981/1981 2189/2189/2189 2188/2188/2188
f 1981/1981/1981 2188/2188/2188 1979/1979/1979
f 1979/1979/1979 2188/2188/2188 2187/2187/2187
f 1979/1979/1979 2187/2187/2187 1980/1980/1980
f 1980/1980/1980 2187/2187/2187 2186/2186/2186
f 1980/1980/1980 2186/2186/2186 1971/1971/1971
f 1971/1971/1971 2186/2186/2186 2245/2245/2245
f 2246/2246/2246 2056/2056/2056 2247/2247/2247
f 2247/2247/2247 2056/2056/2056 2057/2057/2057
f 2247/2247/2247 2057/2057/2057 2248/2248/2248
f 2248/2248/2248 2057/2057/2057 2152/2152/2152
f 2248/2248/2248 2152/2152/2152 2153/2153/2153
f 2248/2248/2248 2153/2153/2153 2249/2249/2249
f 2249/2249/2249 2153/2153/2153 2250/2250/2250
f 2250/2250/2250 2153/2153/2153 2105/2105/2105
f 2250/2250/2250 2105/2105/2105 2251/2251/2251
f 2251/2251/2251 2105/2105/2105 2107/2107/2107
f 2251/2251/2251 2107/2107/2107 2252/2252/2252
f 2252/2252/2252 2107/2107/2107 2108/2108/2108
f 2252/2252/2252 2108/2108/2108 2253/2253/2253
f 2253/2253/2253 2108/2108/2108 2109/2109/2109
f 2253/2253/2253 2109/2109/2109 2254/2254/2254
f 2254/2254/2254 2109/2109/2109 2111/2111/2111
f 2254/2254/2254 2111/2111/2111 2112/2112/2112
f 2254/2254/2254 2112/2112/2112 2255/2255/2255
f 2255/2255/2255 2112/2112/2112 2256/2256/2256
f 2256/2256/2256 2112/2112/2112 2157/2157/2157
f 2256/2256/2256 2157/2157/2157 2257/2257/2257
f 2257/2257/2257 2157/2157/2157 2159/2159/2159
f 2257/2257/2257 2159/2159/2159 2258/2258/2258
f 2258/2258/2258 2159/2159/2159 2161/2161/2161
f 2258/2258/2258 2161/2161/2161 2259/2259/2259
f 2259/2259/2259 2161/2161/2161 2113/2113/2113
f 2259/2259/2259 2113/2113/2113 2260/2260/2260
f 2260/2260/2260 2113/2113/2113 2115/2115/2115
f 2260/2260/2260 2115/2115/2115 2261/2261/2261
f 2261/2261/2261 2115/2115/2115 2040/2040/2040
f 2261/2261/2261 2040/2040/2040 2262/2262/2262
f 2262/2262/2262 2040/2040/2040 2042/2042/2042
f 2262/2262/2262 2042/2042/2042 2263/2263/2263
f 2263/2263/2263 2042/2042/2042 2043/2043/2043
f 2263/2263/2263 2043/2043/2043 2264/2264/2264
f 2264/2264/2264 2043/2043/2043 2117/2117/2117
f 2264/2264/2264 2117/2117/2117 2265/2265/2265
f 2265/2265/2265 2117/2117/2117 2119/2119/2119
f 2265/2265/2265 2119/2119/2119 2121/2121/2121
f 2265/2265/2265 2121/2121/2121 2266/2266/2266
f 2266/2266/2266 2121/2121/2121 2267/2267/2267
f 2267/2267/2267 2121/2121/2121 2122/2122/2122
f 2267/2267/2267 2122/2122/2122 2268/2268/2268
f 2268/2268/2268 2122/2122/2122 2180/2180/2180
f 2268/2268/2268 2180/2180/2180 2123/2123/2123
f 2268/2268/2268 2123/2123/2123 2269/2269/2269
f 2269/2269/2269 2123/2123/2123 2270/2270/2270
f 2270/2270/2270 2123/2123/2123 2125/2125/2125
f 2270/2270/2270 2125/2125/2125 2271/2271/2271
f 2271/2271/2271 2125/2125/2125 2058/2058/2058
f 2271/2271/2271 2058/2058/2058 2272/2272/2272
f 2272/2272/2272 2058/2058/2058 2060/2060/2060
f 2272/2272/2272 2060/2060/2060 2273/2273/2273
f 2273/2273/2273 2060/2060/2060 2061/2061/2061
f 2273/2273/2273 2061/2061/2061 2274/2274/2274
f 2274/2274/2274 2061/2061/2061 2127/2127/2127
f 2274/2274/2274 2127/2127/2127 2275/2275/2275
f 2275/2275/2275 2127/2127/2127 2129/2129/2129
f 2275/2275/2275 2129/2129/2129 2276/2276/2276
f 2276/2276/2276 2129/2129/2129 2130/2130/2130
f 2276/2276/2276 2130/2130/2130 2277/2277/2277
f 2277/2277/2277 2130/2130/2130 2169/2169/2169
f 2277/2277/2277 2169/2169/2169 2278/2278/2278
f 2278/2278/2278 2169/2169/2169 2170/2170/2170
f 2278/2278/2278 2170/2170/2170 2279/2279/2279
f 2279/2279/2279 2170/2170/2170 2184/2184/2184
f 2279/2279/2279 2184/2184/2184 2280/2280/2280
f 2280/2280/2280 2184/2184/2184 2131/2131/2131
f 2280/2280/2280 2131/2131/2131 2281/2281/2281
f 2281/2281/2281 2131/2131/2131 2062/2062/2062
f 2281/2281/2281 2062/2062/2062 2282/2282/2282
f 2282/2282/2282 2062/2062/2062 2044/2044/2044
f 2282/2282/2282 2044/2044/2044 2283/2283/2283
f 2283/2283/2283 2044/2044/2044 2046/2046/2046
f 2283/2283/2283 2046/2046/2046 2284/2284/2284
f 2284/2284/2284 2046/2046/2046 2048/2048/2048
f 2284/2284/2284 2048/2048/2048 2285/2285/2285
f 2285/2285/2285 2048/2048/2048 2049/2049/2049
f 2285/2285/2285 2049/2049/2049 2286/2286/2286
f 2286/2286/2286 2049/2049/2049 2066/2066/2066
f 2286/2286/2286 2066/2066/2066 2287/2287/2287
f 2287/2287/2287 2066/2066/2066 2068/2068/2068
f 2287/2287/2287 2068/2068/2068 2288/2288/2288
f 2288/2288/2288 2068/2068/2068 2069/2069/2069
f 2288/2288/2288 2069/2069/2069 2289/2289/2289
f 2289/2289/2289 2069/2069/2069 2050/2050/2050
f 2289/2289/2289 2050/2050/2050 2052/2052/2052
f 2289/2289/2289 2052/2052/2052 2290/2290/2290
f 2290/2290/2290 2052/2052/2052 2291/2291/2291
f 2291/2291/2291 2052/2052/2052 2053/2053/2053
f 2291/2291/2291 2053/2053/2053 2292/2292/2292
f 2292/2292/2292 2053/2053/2053 2137/2137/2137
f 2292/2292/2292 2137/2137/2137 2293/2293/2293
f 2293/2293/2293 2137/2137/2137 2139/2139/2139
f 2293/2293/2293 2139/2139/2139 2141/2141/2141
f 2293/2293/2293 2141/2141/2141 2294/2294/2294
f 2294/2294/2294 2141/2141/2141 2295/2295/2295
f 2295/2295/2295 2141/2141/2141 2142/2142/2142
f 2295/2295/2295 2142/2142/2142 2296/2296/2296
f 2296/2296/2296 2142/2142/2142 2070/2070/2070
f 2296/2296/2296 2070/2070/2070 2072/2072/2072
f 2296/2296/2296 2072/2072/2072 2297/2297/2297
f 2297/2297/2297 2072/2072/2072 2298/2298/2298
f 2298/2298/2298 2072/2072/2072 2074/2074/2074
f 2298/2298/2298 2074/2074/2074 2299/2299/2299
f 2299/2299/2299 2074/2074/2074 2075/2075/2075
f 2299/2299/2299 2075/2075/2075 2300/2300/2300
f 2300/2300/2300 2075/2075/2075 2076/2076/2076
f 2300/2300/2300 2076/2076/2076 2301/2301/2301
f 2301/2301/2301 2076/2076/2076 2078/2078/2078
f 2301/2301/2301 2078/2078/2078 2302/2302/2302
f 2302/2302/2302 2078/2078/2078 2079/2079/2079
f 2302/2302/2302 2079/2079/2079 2303/2303/2303
f 2303/2303/2303 2079/2079/2079 2081/2081/2081
f 2303/2303/2303 2081/2081/2081 2083/2083/2083
f 2303/2303/2303 2083/2083/2083 2304/2304/2304
f 2304/2304/2304 2083/2083/2083 2085/2085/2085
f 2304/2304/2304 2085/2085/2085 2305/2305/2305
f 2305/2305/2305 2085/2085/2085 2306/2306/2306
f 2306/2306/2306 2085/2085/2085 2087/2087/2087
f 2306/2306/2306 2087/2087/2087 2307/2307/2307
f 2307/2307/2307 2087/2087/2087 2089/2089/2089
f 2307/2307/2307 2089/2089/2089 2308/2308/2308
f 2308/2308/2308 2089/2089/2089 2091/2091/2091
f 2308/2308/2308 2091/2091/2091 2309/2309/2309
f 2309/2309/2309 2091/2091/2091 2092/2092/2092
f 2309/2309/2309 2092/2092/2092 2310/2310/2310
f 2310/2310/2310 2092/2092/2092 2148/2148/2148
f 2310/2310/2310 2148/2148/2148 2311/2311/2311
f 2311/2311/2311 2148/2148/2148 2093/2093/2093
f 2311/2311/2311 2093/2093/2093 2312/2312/2312
f 2312/2312/2312 2093/2093/2093 2095/2095/2095
f 2312/2312/2312 2095/2095/2095 2313/2313/2313
f 2313/2313/2313 2095/2095/2095 2097/2097/2097
f 2313/2313/2313 2097/2097/2097 2314/2314/2314
f 2314/2314/2314 2097/2097/2097 2099/2099/2099
f 2314/2314/2314 2099/2099/2099 2315/2315/2315
f 2315/2315/2315 2099/2099/2099 2100/2100/2100
f 2315/2315/2315 2100/2100/2100 2316/2316/2316
f 2316/2316/2316 2100/2100/2100 2102/2102/2102
f 2316/2316/2316 2102/2102/2102 2317/2317/2317
f 2317/2317/2317 2102/2102/2102 2104/2104/2104
f 2317/2317/2317 2104/2104/2104 2318/2318/2318
f 2318/2318/2318 2104/2104/2104 2054/2054/2054
f 2318/2318/2318 2054/2054/2054 2056/2056/2056
f 2318/2318/2318 2056/2056/2056 2246/2246/2246
f 2319/2319/2319 2320/2320/2320 2283/2283/2283
f 2321/2321/2321 2322/2322/2322 2290/2290/2290
f 2323/2323/2323 2324/2324/2324 2293/2293/2293
f 2300/2300/2300 2325/2325/2325 2326/2326/2326
f 2325/2325/2325 2300/2300/2300 2327/2327/2327
f 2328/2328/2328 2329/2329/2329 2304/2304/2304
f 2330/2330/2330 2331/2331/2331 2314/2314/2314
f 2332/2332/2332 2333/2333/2333 2318/2318/2318
f 2334/2334/2334 2335/2335/2335 2248/2248/2248
f 2336/2336/2336 2337/2337/2337 2252/2252/2252
f 2338/2338/2338 2339/2339/2339 2255/2255/2255
f 2340/2340/2340 2341/2341/2341 2258/2258/2258
f 2342/2342/2342 2340/2340/2340 2259/2259/2259
f 2343/2343/2343 2344/2344/2344 2262/2262/2262
f 2345/2345/2345 2346/2346/2346 2269/2269/2269
f 2347/2347/2347 2348/2348/2348 2276/2276/2276
f 2288/2288/2288 2289/2289/2289 2349/2349/2349
f 2288/2288/2288 2349/2349/2349 2350/2350/2350
f 2274/2274/2274 2351/2351/2351 2352/2352/2352
f 2281/2281/2281 2353/2353/2353 2354/2354/2354
f 2287/2287/2287 2288/2288/2288 2350/2350/2350
f 2287/2287/2287 2350/2350/2350 2355/2355/2355
f 2273/2273/2273 2274/2274/2274 2352/2352/2352
f 2273/2273/2273 2352/2352/2352 2356/2356/2356
f 2280/2280/2280 2281/2281/2281 2354/2354/2354
f 2280/2280/2280 2354/2354/2354 2357/2357/2357
f 2286/2286/2286 2287/2287/2287 2355/2355/2355
f 2286/2286/2286 2355/2355/2355 2358/2358/2358
f 2272/2272/2272 2273/2273/2273 2356/2356/2356
f 2272/2272/2272 2356/2356/2356 2359/2359/2359
f 2279/2279/2279 2280/2280/2280 2360/2360/2360
f 2360/2360/2360 2280/2280/2280 2357/2357/2357
f 2319/2319/2319 2283/2283/2283 2284/2284/2284
f 2361/2361/2361 2319/2319/2319 2284/2284/2284
f 2361/2361/2361 2284/2284/2284 2285/2285/2285
f 2321/2321/2321 2290/2290/2290 2291/2291/2291
f 2362/2362/2362 2321/2321/2321 2291/2291/2291
f 2362/2362/2362 2291/2291/2291 2292/2292/2292
f 2323/2323/2323 2293/2293/2293 2294/2294/2294
f 2363/2363/2363 2364/2364/2364 2296/2296/2296
f 2363/2363/2363 2296/2296/2296 2297/2297/2297
f 2300/2300/2300 2326/2326/2326 2299/2299/2299
f 2329/2329/2329 2365/2365/2365 2304/2304/2304
f 2304/2304/2304 2365/2365/2365 2303/2303/2303
f 2366/2366/2366 2367/2367/2367 2307/2307/2307
f 2307/2307/2307 2367/2367/2367 2306/2306/2306
f 2368/2368/2368 2369/2369/2369 2310/2310/2310
f 2310/2310/2310 2369/2369/2369 2309/2309/2309
f 2370/2370/2370 2371/2371/2371 2311/2311/2311
f 2370/2370/2370 2311/2311/2311 2312/2312/2312
f 2372/2372/2372 2370/2370/2370 2312/2312/2312
f 2372/2372/2372 2312/2312/2312 2313/2313/2313
f 2330/2330/2330 2314/2314/2314 2315/2315/2315
f 2373/2373/2373 2330/2330/2330 2315/2315/2315
f 2373/2373/2373 2315/2315/2315 2316/2316/2316
f 2333/2333/2333 2374/2374/2374 2318/2318/2318
f 2318/2318/2318 2374/2374/2374 2317/2317/2317
f 2335/2335/2335 2375/2375/2375 2248/2248/2248
f 2248/2248/2248 2375/2375/2375 2247/2247/2247
f 2376/2376/2376 2377/2377/2377 2251/2251/2251
f 2251/2251/2251 2377/2377/2377 2250/2250/2250
f 2336/2336/2336 2252/2252/2252 2253/2253/2253
f 2378/2378/2378 2336/2336/2336 2254/2254/2254
f 2254/2254/2254 2336/2336/2336 2253/2253/2253
f 2338/2338/2338 2255/2255/2255 2256/2256/2256
f 2379/2379/2379 2338/2338/2338 2256/2256/2256
f 2379/2379/2379 2256/2256/2256 2257/2257/2257
f 2340/2340/2340 2258/2258/2258 2259/2259/2259
f 2344/2344/2344 2380/2380/2380 2262/2262/2262
f 2262/2262/2262 2380/2380/2380 2261/2261/2261
f 2381/2381/2381 2382/2382/2382 2265/2265/2265
f 2265/2265/2265 2382/2382/2382 2264/2264/2264
f 2383/2383/2383 2384/2384/2384 2266/2266/2266
f 2383/2383/2383 2266/2266/2266 2267/2267/2267
f 2385/2385/2385 2383/2383/2383 2267/2267/2267
f 2385/2385/2385 2267/2267/2267 2268/2268/2268
f 2345/2345/2345 2269/2269/2269 2270/2270/2270
f 2386/2386/2386 2345/2345/2345 2270/2270/2270
f 2386/2386/2386 2270/2270/2270 2271/2271/2271
f 2347/2347/2347 2276/2276/2276 2277/2277/2277
f 2387/2387/2387 2347/2347/2347 2278/2278/2278
f 2278/2278/2278 2347/2347/2347 2277/2277/2277
f 2358/2358/2358 2361/2361/2361 2286/2286/2286
f 2286/2286/2286 2361/2361/2361 2285/2285/2285
f 2289/2289/2289 2290/2290/2290 2349/2349/2349
f 2349/2349/2349 2290/2290/2290 2322/2322/2322
f 2292/2292/2292 2293/2293/2293 2362/2362/2362
f 2362/2362/2362 2293/2293/2293 2324/2324/2324
f 2388/2388/2388 2323/2323/2323 2295/2295/2295
f 2295/2295/2295 2323/2323/2323 2294/2294/2294
f 2295/2295/2295 2296/2296/2296 2364/2364/2364
f 2295/2295/2295 2364/2364/2364 2388/2388/2388
f 2389/2389/2389 2363/2363/2363 2297/2297/2297
f 2389/2389/2389 2297/2297/2297 2298/2298/2298
f 2298/2298/2298 2299/2299/2299 2326/2326/2326
f 2298/2298/2298 2326/2326/2326 2389/2389/2389
f 2327/2327/2327 2300/2300/2300 2301/2301/2301
f 2390/2390/2390 2327/2327/2327 2301/2301/2301
f 2390/2390/2390 2301/2301/2301 2302/2302/2302
f 2302/2302/2302 2303/2303/2303 2365/2365/2365
f 2302/2302/2302 2365/2365/2365 2390/2390/2390
f 2328/2328/2328 2304/2304/2304 2305/2305/2305
f 2305/2305/2305 2306/2306/2306 2367/2367/2367
f 2305/2305/2305 2367/2367/2367 2328/2328/2328
f 2391/2391/2391 2366/2366/2366 2307/2307/2307
f 2391/2391/2391 2307/2307/2307 2308/2308/2308
f 2308/2308/2308 2309/2309/2309 2369/2369/2369
f 2308/2308/2308 2369/2369/2369 2391/2391/2391
f 2310/2310/2310 2311/2311/2311 2368/2368/2368
f 2368/2368/2368 2311/2311/2311 2371/2371/2371
f 2313/2313/2313 2314/2314/2314 2372/2372/2372
f 2372/2372/2372 2314/2314/2314 2331/2331/2331
f 2316/2316/2316 2317/2317/2317 2374/2374/2374
f 2316/2316/2316 2374/2374/2374 2373/2373/2373
f 2332/2332/2332 2318/2318/2318 2246/2246/2246
f 2246/2246/2246 2247/2247/2247 2332/2332/2332
f 2332/2332/2332 2247/2247/2247 2375/2375/2375
f 2334/2334/2334 2248/2248/2248 2249/2249/2249
f 2249/2249/2249 2250/2250/2250 2334/2334/2334
f 2334/2334/2334 2250/2250/2250 2377/2377/2377
f 2251/2251/2251 2252/2252/2252 2337/2337/2337
f 2251/2251/2251 2337/2337/2337 2376/2376/2376
f 2254/2254/2254 2255/2255/2255 2378/2378/2378
f 2378/2378/2378 2255/2255/2255 2339/2339/2339
f 2257/2257/2257 2258/2258/2258 2379/2379/2379
f 2379/2379/2379 2258/2258/2258 2341/2341/2341
f 2342/2342/2342 2259/2259/2259 2260/2260/2260
f 2260/2260/2260 2261/2261/2261 2380/2380/2380
f 2260/2260/2260 2380/2380/2380 2342/2342/2342
f 2343/2343/2343 2262/2262/2262 2263/2263/2263
f 2263/2263/2263 2264/2264/2264 2343/2343/2343
f 2343/2343/2343 2264/2264/2264 2382/2382/2382
f 2265/2265/2265 2266/2266/2266 2384/2384/2384
f 2265/2265/2265 2384/2384/2384 2381/2381/2381
f 2268/2268/2268 2269/2269/2269 2385/2385/2385
f 2385/2385/2385 2269/2269/2269 2346/2346/2346
f 2359/2359/2359 2386/2386/2386 2272/2272/2272
f 2272/2272/2272 2386/2386/2386 2271/2271/2271
f 2274/2274/2274 2275/2275/2275 2351/2351/2351
f 2275/2275/2275 2276/2276/2276 2351/2351/2351
f 2351/2351/2351 2276/2276/2276 2348/2348/2348
f 2360/2360/2360 2387/2387/2387 2278/2278/2278
f 2360/2360/2360 2278/2278/2278 2279/2279/2279
f 2281/2281/2281 2282/2282/2282 2353/2353/2353
f 2320/2320/2320 2353/2353/2353 2283/2283/2283
f 2283/2283/2283 2353/2353/2353 2282/2282/2282
f 2392/2392/2392 2326/2326/2326 2325/2325/2325
f 2393/2393/2393 2376/2376/2376 2394/2394/2394
f 2394/2394/2394 2376/2376/2376 2337/2337/2337
f 2394/2394/2394 2337/2337/2337 2395/2395/2395
f 2337/2337/2337 2336/2336/2336 2395/2395/2395
f 2395/2395/2395 2336/2336/2336 2378/2378/2378
f 2395/2395/2395 2378/2378/2378 2396/2396/2396
f 2396/2396/2396 2378/2378/2378 2339/2339/2339
f 2396/2396/2396 2339/2339/2339 2397/2397/2397
f 2397/2397/2397 2339/2339/2339 2338/2338/2338
f 2397/2397/2397 2338/2338/2338 2398/2398/2398
f 2338/2338/2338 2379/2379/2379 2398/2398/2398
f 2398/2398/2398 2379/2379/2379 2341/2341/2341
f 2398/2398/2398 2341/2341/2341 2399/2399/2399
f 2399/2399/2399 2341/2341/2341 2340/2340/2340
f 2399/2399/2399 2340/2340/2340 2400/2400/2400
f 2392/2392/2392 2325/2325/2325 2401/2401/2401
f 2401/2401/2401 2325/2325/2325 2327/2327/2327
f 2401/2401/2401 2327/2327/2327 2402/2402/2402
f 2403/2403/2403 2372/2372/2372 2404/2404/2404
f 2404/2404/2404 2372/2372/2372 2331/2331/2331
f 2404/2404/2404 2331/2331/2331 2405/2405/2405
f 2405/2405/2405 2331/2331/2331 2330/2330/2330
f 2405/2405/2405 2330/2330/2330 2406/2406/2406
f 2330/2330/2330 2373/2373/2373 2406/2406/2406
f 2406/2406/2406 2373/2373/2373 2374/2374/2374
f 2406/2406/2406 2374/2374/2374 2407/2407/2407
f 2407/2407/2407 2374/2374/2374 2333/2333/2333
f 2407/2407/2407 2333/2333/2333 2408/2408/2408
f 2333/2333/2333 2332/2332/2332 2408/2408/2408
f 2408/2408/2408 2332/2332/2332 2375/2375/2375
f 2408/2408/2408 2375/2375/2375 2409/2409/2409
f 2409/2409/2409 2375/2375/2375 2335/2335/2335
f 2409/2409/2409 2335/2335/2335 2410/2410/2410
f 2410/2410/2410 2335/2335/2335 2334/2334/2334
f 2410/2410/2410 2334/2334/2334 2393/2393/2393
f 2393/2393/2393 2334/2334/2334 2377/2377/2377
f 2393/2393/2393 2377/2377/2377 2376/2376/2376
f 2340/2340/2340 2342/2342/2342 2400/2400/2400
f 2400/2400/2400 2342/2342/2342 2380/2380/2380
f 2400/2400/2400 2380/2380/2380 2411/2411/2411
f 2411/2411/2411 2380/2380/2380 2344/2344/2344
f 2411/2411/2411 2344/2344/2344 2412/2412/2412
f 2412/2412/2412 2344/2344/2344 2343/2343/2343
f 2412/2412/2412 2343/2343/2343 2413/2413/2413
f 2343/2343/2343 2382/2382/2382 2413/2413/2413
f 2413/2413/2413 2382/2382/2382 2381/2381/2381
f 2413/2413/2413 2381/2381/2381 2414/2414/2414
f 2414/2414/2414 2381/2381/2381 2384/2384/2384
f 2414/2414/2414 2384/2384/2384 2415/2415/2415
f 2416/2416/2416 2360/2360/2360 2417/2417/2417
f 2417/2417/2417 2360/2360/2360 2357/2357/2357
f 2417/2417/2417 2357/2357/2357 2418/2418/2418
f 2327/2327/2327 2390/2390/2390 2402/2402/2402
f 2402/2402/2402 2390/2390/2390 2365/2365/2365
f 2402/2402/2402 2365/2365/2365 2419/2419/2419
f 2419/2419/2419 2365/2365/2365 2329/2329/2329
f 2419/2419/2419 2329/2329/2329 2420/2420/2420
f 2420/2420/2420 2329/2329/2329 2328/2328/2328
f 2420/2420/2420 2328/2328/2328 2421/2421/2421
f 2384/2384/2384 2383/2383/2383 2415/2415/2415
f 2415/2415/2415 2383/2383/2383 2385/2385/2385
f 2415/2415/2415 2385/2385/2385 2422/2422/2422
f 2422/2422/2422 2385/2385/2385 2346/2346/2346
f 2422/2422/2422 2346/2346/2346 2423/2423/2423
f 2423/2423/2423 2346/2346/2346 2345/2345/2345
f 2423/2423/2423 2345/2345/2345 2424/2424/2424
f 2345/2345/2345 2386/2386/2386 2424/2424/2424
f 2424/2424/2424 2386/2386/2386 2359/2359/2359
f 2424/2424/2424 2359/2359/2359 2425/2425/2425
f 2425/2425/2425 2359/2359/2359 2356/2356/2356
f 2425/2425/2425 2356/2356/2356 2426/2426/2426
f 2356/2356/2356 2352/2352/2352 2426/2426/2426
f 2426/2426/2426 2352/2352/2352 2351/2351/2351
f 2426/2426/2426 2351/2351/2351 2427/2427/2427
f 2427/2427/2427 2351/2351/2351 2348/2348/2348
f 2427/2427/2427 2348/2348/2348 2428/2428/2428
f 2428/2428/2428 2348/2348/2348 2347/2347/2347
f 2428/2428/2428 2347/2347/2347 2416/2416/2416
f 2416/2416/2416 2347/2347/2347 2387/2387/2387
f 2416/2416/2416 2387/2387/2387 2360/2360/2360
f 2357/2357/2357 2354/2354/2354 2418/2418/2418
f 2418/2418/2418 2354/2354/2354 2353/2353/2353
f 2418/2418/2418 2353/2353/2353 2429/2429/2429
f 2429/2429/2429 2353/2353/2353 2320/2320/2320
f 2429/2429/2429 2320/2320/2320 2430/2430/2430
f 2430/2430/2430 2320/2320/2320 2319/2319/2319
f 2430/2430/2430 2319/2319/2319 2431/2431/2431
f 2328/2328/2328 2367/2367/2367 2421/2421/2421
f 2421/2421/2421 2367/2367/2367 2366/2366/2366
f 2421/2421/2421 2366/2366/2366 2432/2432/2432
f 2432/2432/2432 2366/2366/2366 2391/2391/2391
f 2432/2432/2432 2391/2391/2391 2433/2433/2433
f 2391/2391/2391 2369/2369/2369 2433/2433/2433
f 2433/2433/2433 2369/2369/2369 2368/2368/2368
f 2433/2433/2433 2368/2368/2368 2434/2434/2434
f 2434/2434/2434 2368/2368/2368 2371/2371/2371
f 2434/2434/2434 2371/2371/2371 2403/2403/2403
f 2403/2403/2403 2371/2371/2371 2370/2370/2370
f 2403/2403/2403 2370/2370/2370 2372/2372/2372
f 2319/2319/2319 2361/2361/2361 2431/2431/2431
f 2431/2431/2431 2361/2361/2361 2358/2358/2358
f 2431/2431/2431 2358/2358/2358 2435/2435/2435
f 2435/2435/2435 2358/2358/2358 2355/2355/2355
f 2435/2435/2435 2355/2355/2355 2436/2436/2436
f 2355/2355/2355 2350/2350/2350 2436/2436/2436
f 2436/2436/2436 2350/2350/2350 2349/2349/2349
f 2436/2436/2436 2349/2349/2349 2437/2437/2437
f 2437/2437/2437 2349/2349/2349 2322/2322/2322
f 2437/2437/2437 2322/2322/2322 2438/2438/2438
f 2438/2438/2438 2322/2322/2322 2321/2321/2321
f 2438/2438/2438 2321/2321/2321 2439/2439/2439
f 2321/2321/2321 2362/2362/2362 2439/2439/2439
f 2439/2439/2439 2362/2362/2362 2324/2324/2324
f 2439/2439/2439 2324/2324/2324 2440/2440/2440
f 2440/2440/2440 2324/2324/2324 2323/2323/2323
f 2440/2440/2440 2323/2323/2323 2441/2441/2441
f 2323/2323/2323 2388/2388/2388 2441/2441/2441
f 2441/2441/2441 2388/2388/2388 2364/2364/2364
f 2441/2441/2441 2364/2364/2364 2442/2442/2442
f 2442/2442/2442 2364/2364/2364 2363/2363/2363
f 2442/2442/2442 2363/2363/2363 2443/2443/2443
f 2443/2443/2443 2363/2363/2363 2389/2389/2389
f 2443/2443/2443 2389/2389/2389 2392/2392/2392
f 2392/2392/2392 2389/2389/2389 2326/2326/2326
f 2392/2392/2392 2444/2444/2444 2443/2443/2443
f 2443/2443/2443 2444/2444/2444 2445/2445/2445
f 2443/2443/2443 2445/2445/2445 2442/2442/2442
f 2442/2442/2442 2445/2445/2445 2446/2446/2446
f 2442/2442/2442 2446/2446/2446 2441/2441/2441
f 2441/2441/2441 2446/2446/2446 2447/2447/2447
f 2441/2441/2441 2447/2447/2447 2440/2440/2440
f 2440/2440/2440 2447/2447/2447 2448/2448/2448
f 2440/2440/2440 2448/2448/2448 2439/2439/2439
f 2439/2439/2439 2448/2448/2448 2449/2449/2449
f 2439/2439/2439 2449/2449/2449 2438/2438/2438
f 2438/2438/2438 2449/2449/2449 2450/2450/2450
f 2438/2438/2438 2450/2450/2450 2437/2437/2437
f 2437/2437/2437 2450/2450/2450 2451/2451/2451
f 2437/2437/2437 2451/2451/2451 2436/2436/2436
f 2436/2436/2436 2451/2451/2451 2452/2452/2452
f 2436/2436/2436 2452/2452/2452 2435/2435/2435
f 2435/2435/2435 2452/2452/2452 2453/2453/2453
f 2435/2435/2435 2453/2453/2453 2431/2431/2431
f 2431/2431/2431 2453/2453/2453 2454/2454/2454
f 2431/2431/2431 2454/2454/2454 2430/2430/2430
f 2430/2430/2430 2454/2454/2454 2455/2455/2455
f 2430/2430/2430 2455/2455/2455 2429/2429/2429
f 2429/2429/2429 2455/2455/2455 2456/2456/2456
f 2429/2429/2429 2456/2456/2456 2418/2418/2418
f 2418/2418/2418 2456/2456/2456 2457/2457/2457
f 2418/2418/2418 2457/2457/2457 2417/2417/2417
f 2417/2417/2417 2457/2457/2457 2458/2458/2458
f 2417/2417/2417 2458/2458/2458 2416/2416/2416
f 2416/2416/2416 2458/2458/2458 2459/2459/2459
f 2416/2416/2416 2459/2459/2459 2428/2428/2428
f 2428/2428/2428 2459/2459/2459 2460/2460/2460
f 2428/2428/2428 2460/2460/2460 2427/2427/2427
f 2427/2427/2427 2460/2460/2460 2461/2461/2461
f 2427/2427/2427 2461/2461/2461 2426/2426/2426
f 2426/2426/2426 2461/2461/2461 2462/2462/2462
f 2426/2426/2426 2462/2462/2462 2425/2425/2425
f 2425/2425/2425 2462/2462/2462 2463/2463/2463
f 2425/2425/2425 2463/2463/2463 2424/2424/2424
f 2424/2424/2424 2463/2463/2463 2464/2464/2464
f 2424/2424/2424 2464/2464/2464 2423/2423/2423
f 2423/2423/2423 2464/2464/2464 2465/2465/2465
f 2423/2423/2423 2465/2465/2465 2422/2422/2422
f 2422/2422/2422 2465/2465/2465 2466/2466/2466
f 2422/2422/2422 2466/2466/2466 2415/2415/2415
f 2415/2415/2415 2466/2466/2466 2467/2467/2467
f 2415/2415/2415 2467/2467/2467 2414/2414/2414
f 2414/2414/2414 2467/2467/2467 2468/2468/2468
f 2414/2414/2414 2468/2468/2468 2413/2413/2413
f 2413/2413/2413 2468/2468/2468 2469/2469/2469
f 2413/2413/2413 2469/2469/2469 2412/2412/2412
f 2412/2412/2412 2469/2469/2469 2470/2470/2470
f 2412/2412/2412 2470/2470/2470 2411/2411/2411
f 2411/2411/2411 2470/2470/2470 2471/2471/2471
f 2411/2411/2411 2471/2471/2471 2400/2400/2400
f 2400/2400/2400 2471/2471/2471 2472/2472/2472
f 2400/2400/2400 2472/2472/2472 2399/2399/2399
f 2399/2399/2399 2472/2472/2472 2473/2473/2473
f 2399/2399/2399 2473/2473/2473 2398/2398/2398
f 2398/2398/2398 2473/2473/2473 2474/2474/2474
f 2398/2398/2398 2474/2474/2474 2397/2397/2397
f 2397/2397/2397 2474/2474/2474 2475/2475/2475
f 2397/2397/2397 2475/2475/2475 2396/2396/2396
f 2396/2396/2396 2475/2475/2475 2476/2476/2476
f 2396/2396/2396 2476/2476/2476 2395/2395/2395
f 2395/2395/2395 2476/2476/2476 2477/2477/2477
f 2395/2395/2395 2477/2477/2477 2394/2394/2394
f 2394/2394/2394 2477/2477/2477 2478/2478/2478
f 2394/2394/2394 2478/2478/2478 2393/2393/2393
f 2393/2393/2393 2478/2478/2478 2479/2479/2479
f 2393/2393/2393 2479/2479/2479 2410/2410/2410
f 2410/2410/2410 2479/2479/2479 2480/2480/2480
f 2410/2410/2410 2480/2480/2480 2409/2409/2409
f 2409/2409/2409 2480/2480/2480 2481/2481/2481
f 2409/2409/2409 2481/2481/2481 2408/2408/2408
f 2408/2408/2408 2481/2481/2481 2482/2482/2482
f 2408/2408/2408 2482/2482/2482 2407/2407/2407
f 2407/2407/2407 2482/2482/2482 2483/2483/2483
f 2407/2407/2407 2483/2483/2483 2406/2406/2406
f 2406/2406/2406 2483/2483/2483 2484/2484/2484
f 2406/2406/2406 2484/2484/2484 2405/2405/2405
f 2405/2405/2405 2484/2484/2484 2485/2485/2485
f 2405/2405/2405 2485/2485/2485 2404/2404/2404
f 2404/2404/2404 2485/2485/2485 2486/2486/2486
f 2404/2404/2404 2486/2486/2486 2403/2403/2403
f 2403/2403/2403 2486/2486/2486 2487/2487/2487
f 2403/2403/2403 2487/2487/2487 2434/2434/2434
f 2434/2434/2434 2487/2487/2487 2488/2488/2488
f 2434/2434/2434 2488/2488/2488 2433/2433/2433
f 2433/2433/2433 2488/2488/2488 2489/2489/2489
f 2433/2433/2433 2489/2489/2489 2432/2432/2432
f 2432/2432/2432 2489/2489/2489 2490/2490/2490
f 2432/2432/2432 2490/2490/2490 2421/2421/2421
f 2421/2421/2421 2490/2490/2490 2491/2491/2491
f 2421/2421/2421 2491/2491/2491 2420/2420/2420
f 2420/2420/2420 2491/2491/2491 2492/2492/2492
f 2420/2420/2420 2492/2492/2492 2419/2419/2419
f 2419/2419/2419 2492/2492/2492 2493/2493/2493
f 2419/2419/2419 2493/2493/2493 2402/2402/2402
f 2402/2402/2402 2493/2493/2493 2494/2494/2494
f 2402/2402/2402 2494/2494/2494 2401/2401/2401
f 2401/2401/2401 2494/2494/2494 2495/2495/2495
f 2401/2401/2401 2495/2495/2495 2392/2392/2392
f 2392/2392/2392 2495/2495/2495 2444/2444/2444
f 2495/2495/2495 2494/2494/2494 2476/2476/2476
f 2446/2446/2446 2445/2445/2445 2476/2476/2476
f 2476/2476/2476 2445/2445/2445 2444/2444/2444
f 2476/2476/2476 2444/2444/2444 2495/2495/2495
f 2449/2449/2449 2448/2448/2448 2476/2476/2476
f 2476/2476/2476 2448/2448/2448 2447/2447/2447
f 2476/2476/2476 2447/2447/2447 2446/2446/2446
f 2452/2452/2452 2451/2451/2451 2476/2476/2476
f 2476/2476/2476 2451/2451/2451 2450/2450/2450
f 2476/2476/2476 2450/2450/2450 2449/2449/2449
f 2455/2455/2455 2454/2454/2454 2476/2476/2476
f 2476/2476/2476 2454/2454/2454 2453/2453/2453
f 2476/2476/2476 2453/2453/2453 2452/2452/2452
f 2458/2458/2458 2457/2457/2457 2476/2476/2476
f 2476/2476/2476 2457/2457/2457 2456/2456/2456
f 2476/2476/2476 2456/2456/2456 2455/2455/2455
f 2461/2461/2461 2460/2460/2460 2476/2476/2476
f 2476/2476/2476 2460/2460/2460 2459/2459/2459
f 2476/2476/2476 2459/2459/2459 2458/2458/2458
f 2464/2464/2464 2463/2463/2463 2476/2476/2476
f 2476/2476/2476 2463/2463/2463 2462/2462/2462
f 2476/2476/2476 2462/2462/2462 2461/2461/2461
f 2467/2467/2467 2466/2466/2466 2476/2476/2476
f 2476/2476/2476 2466/2466/2466 2465/2465/2465
f 2476/2476/2476 2465/2465/2465 2464/2464/2464
f 2470/2470/2470 2469/2469/2469 2476/2476/2476
f 2476/2476/2476 2469/2469/2469 2468/2468/2468
f 2476/2476/2476 2468/2468/2468 2467/2467/2467
f 2473/2473/2473 2472/2472/2472 2476/2476/2476
f 2476/2476/2476 2472/2472/2472 2471/2471/2471
f 2476/2476/2476 2471/2471/2471 2470/2470/2470
f 2476/2476/2476 2475/2475/2475 2474/2474/2474
f 2476/2476/2476 2474/2474/2474 2473/2473/2473
f 2479/2479/2479 2478/2478/2478 2476/2476/2476
f 2476/2476/2476 2478/2478/2478 2477/2477/2477
f 2482/2482/2482 2481/2481/2481 2476/2476/2476
f 2476/2476/2476 2481/2481/2481 2480/2480/2480
f 2476/2476/2476 2480/2480/2480 2479/2479/2479
f 2485/2485/2485 2484/2484/2484 2476/2476/2476
f 2476/2476/2476 2484/2484/2484 2483/2483/2483
f 2476/2476/2476 2483/2483/2483 2482/2482/2482
f 2488/2488/2488 2487/2487/2487 2476/2476/2476
f 2476/2476/2476 2487/2487/2487 2486/2486/2486
f 2476/2476/2476 2486/2486/2486 2485/2485/2485
f 2491/2491/2491 2490/2490/2490 2476/2476/2476
f 2476/2476/2476 2490/2490/2490 2489/2489/2489
f 2476/2476/2476 2489/2489/2489 2488/2488/2488
f 2494/2494/2494 2493/2493/2493 2476/2476/2476
f 2476/2476/2476 2493/2493/2493 2492/2492/2492
f 2476/2476/2476 2492/2492/2492 2491/2491/2491

