# https://github.com/mikedh/trimesh

o link_5.stl
v 0.03947021 -0.05537240 0.02060669
v 0.03752436 -0.05670910 0.02060669
v 0.04046388 -0.05463649 0.01768242
v 0.03648093 -0.05737258 0.01768242
v 0.04145755 -0.05390057 0.01475810
v 0.03543749 -0.05803606 0.01475810
v -0.03543749 0.05803606 0.01475810
v -0.04145755 0.05390057 0.01475810
v -0.04046388 0.05463649 0.01768242
v -0.03648093 0.05737258 0.01768242
v -0.03947021 0.05537240 0.02060669
v -0.03752436 0.05670910 0.02060669
v 0.02349232 0.00855050 -0.01000000
v 0.02462019 0.00434120 -0.01000000
v 0.00000000 0.00000000 -0.01000000
v 0.02500000 0.00000000 -0.01000000
v 0.02462019 -0.00434120 -0.01000000
v 0.01606969 0.01915111 -0.01000000
v 0.01915111 0.01606969 -0.01000000
v 0.02165063 0.01250000 -0.01000000
v 0.00434120 0.02462019 -0.01000000
v 0.00855050 0.02349232 -0.01000000
v 0.01250000 0.02165063 -0.01000000
v -0.00855050 0.02349232 -0.01000000
v -0.00434120 0.02462019 -0.01000000
v 0.00000000 0.02500000 -0.01000000
v -0.01915111 0.01606969 -0.01000000
v -0.01606969 0.01915111 -0.01000000
v -0.01250000 0.02165063 -0.01000000
v -0.02462019 0.00434120 -0.01000000
v -0.02349232 0.00855050 -0.01000000
v -0.02165063 0.01250000 -0.01000000
v -0.02349232 -0.00855050 -0.01000000
v -0.02462019 -0.00434120 -0.01000000
v -0.02500000 -0.00000000 -0.01000000
v -0.01606969 -0.01915111 -0.01000000
v -0.01915111 -0.01606969 -0.01000000
v -0.02165063 -0.01250000 -0.01000000
v -0.00434120 -0.02462019 -0.01000000
v -0.00855050 -0.02349232 -0.01000000
v -0.01250000 -0.02165063 -0.01000000
v 0.00855050 -0.02349232 -0.01000000
v 0.00434120 -0.02462019 -0.01000000
v 0.00000000 -0.02500000 -0.01000000
v 0.01915111 -0.01606969 -0.01000000
v 0.01606969 -0.01915111 -0.01000000
v 0.01250000 -0.02165063 -0.01000000
v 0.02349232 -0.00855050 -0.01000000
v 0.02165063 -0.01250000 -0.01000000
v 0.04144918 -0.05378081 0.01475810
v 0.03542963 -0.05792366 0.01475810
v 0.03751634 -0.05659447 0.02060669
v 0.03647299 -0.05725907 0.01768242
v 0.03946203 -0.05525539 0.02060669
v 0.04045560 -0.05451810 0.01768242
v -0.03946203 0.05525539 0.02060669
v -0.03751634 0.05659447 0.02060669
v -0.04045560 0.05451810 0.01768242
v -0.04144918 0.05378081 0.01475810
v -0.03542963 0.05792366 0.01475810
v -0.03647299 0.05725907 0.01768242
v 0.02462019 -0.00434120 -0.00000001
v 0.02349232 -0.00855050 -0.00000001
v 0.02165063 -0.01250000 -0.00000001
v 0.01915111 -0.01606969 -0.00000001
v 0.01606969 -0.01915111 -0.00000001
v 0.01250000 -0.02165063 -0.00000001
v 0.00855050 -0.02349232 -0.00000001
v 0.00434120 -0.02462019 -0.00000001
v 0.00000000 -0.02500000 -0.00000001
v -0.00434120 -0.02462019 -0.00000001
v -0.00855050 -0.02349232 -0.00000001
v -0.01250000 -0.02165063 -0.00000001
v -0.01606969 -0.01915111 -0.00000001
v -0.01915111 -0.01606969 -0.00000001
v -0.02165063 -0.01250000 -0.00000001
v -0.02349232 -0.00855050 -0.00000001
v -0.02462019 -0.00434120 -0.00000001
v -0.02500000 -0.00000000 -0.00000001
v -0.02462019 0.00434120 -0.00000001
v -0.02349232 0.00855050 -0.00000001
v -0.02165063 0.01250000 -0.00000001
v -0.01915111 0.01606969 -0.00000001
v -0.01606969 0.01915111 -0.00000001
v -0.01250000 0.02165063 -0.00000001
v -0.00855050 0.02349232 -0.00000001
v -0.00434120 0.02462019 -0.00000001
v 0.00000000 0.02500000 -0.00000001
v 0.00434120 0.02462019 -0.00000001
v 0.00855050 0.02349232 -0.00000001
v 0.01250000 0.02165063 -0.00000001
v 0.01606969 0.01915111 -0.00000001
v 0.01915111 0.01606969 -0.00000001
v 0.02165063 0.01250000 -0.00000001
v 0.02349232 0.00855050 -0.00000001
v 0.02462019 0.00434120 -0.00000001
v 0.02500000 0.00000000 -0.00000001
v 0.04548148 -0.05041671 0.01653342
v 0.04287350 -0.05265238 0.02465110
v 0.04261893 -0.05285865 0.01123797
v 0.04185580 -0.05346496 0.02465110
v 0.04185580 -0.05346496 0.01123797
v 0.04798315 -0.04804194 0.00838362
v 0.04308568 -0.05247542 0.00981079
v 0.04355244 -0.05209218 0.00838362
v 0.03499364 -0.05818810 0.01123797
v 0.03499364 -0.05818810 0.02465110
v 0.03386742 -0.05885072 0.02465110
v 0.03083892 -0.06049273 0.01650589
v 0.03415091 -0.05868667 0.01123797
v 0.03362645 -0.05898565 0.00981079
v 0.02774014 -0.06197495 0.00838362
v 0.03310200 -0.05928463 0.00838362
v -0.03499364 0.05818810 0.02465110
v -0.03386742 0.05885072 0.02465110
v -0.03083893 0.06049273 0.01650589
v -0.04548150 0.05041670 0.01653342
v -0.04287350 0.05265238 0.02465110
v -0.04261893 0.05285865 0.01123797
v -0.04185580 0.05346496 0.02465110
v -0.04185580 0.05346496 0.01123797
v -0.04798315 0.04804194 0.00838362
v -0.04308568 0.05247542 0.00981079
v -0.04355244 0.05209218 0.00838362
v -0.03499364 0.05818810 0.01123797
v -0.03415091 0.05868667 0.01123797
v -0.03362645 0.05898565 0.00981079
v -0.02774014 0.06197495 0.00838362
v -0.03310200 0.05928463 0.00838362
v -0.02711212 0.06225225 0.02465110
v -0.02032629 0.06478620 0.02465110
v -0.02245894 0.06407812 0.02065061
v -0.02031307 0.06474365 0.01885240
v -0.01677181 0.06579602 0.01151525
v -0.02023502 0.06481477 0.00838362
v -0.02032629 0.06478620 0.00838362
v -0.02023502 0.06481477 0.02465110
v -0.01683991 0.06577863 0.02165465
v -0.01774118 0.06554129 0.01669716
v -0.01341809 0.06656098 0.01867436
v -0.01317965 0.06660861 0.01867436
v -0.01328051 0.06658857 0.01463001
v -0.02031306 0.06474362 0.01444452
v -0.02245996 0.06407776 0.01256411
v -0.02711212 0.06225225 0.00838362
v -0.00587751 0.06764514 0.00838362
v -0.01102647 0.06699871 0.00838362
v -0.00587751 0.06764514 0.02465110
v -0.01102647 0.06699871 0.01463001
v -0.01102647 0.06699871 0.02465110
v -0.01102647 0.06699871 0.01867436
v -0.01317965 0.06660861 0.01463001
v 0.01283427 0.06667602 0.00808226
v 0.01283422 0.06667578 0.01235704
v 0.01295019 0.06665360 0.00808226
v 0.01295921 0.06665185 0.01238518
v 0.01421482 0.06639539 0.01331030
v 0.01817212 0.06542312 0.00973486
v 0.01396385 0.06644864 0.01300393
v 0.01747994 0.06561144 0.00917779
v 0.01366260 0.06651123 0.01274149
v 0.01669565 0.06581539 0.00873195
v 0.01332750 0.06657919 0.01253526
v 0.01579282 0.06603784 0.00838863
v 0.01473323 0.06628229 0.00816833
v 0.01441655 0.06635189 0.01366119
v 0.01897161 0.06519577 0.01072638
v 0.01873989 0.06526275 0.01038115
v 0.01455187 0.06632234 0.01402109
v 0.01943208 0.06506000 0.01174121
v 0.01917156 0.06513725 0.01108908
v 0.01466721 0.06629693 0.02465104
v 0.01968825 0.06498294 0.02465104
v 0.01466721 0.06629693 0.01513027
v 0.01968825 0.06498294 0.01405298
v 0.01463963 0.06630302 0.01447408
v 0.01967091 0.06498818 0.01375233
v 0.01959652 0.06501067 0.01246290
v 0.01182376 0.06686261 0.01225703
v 0.00672914 0.06756574 0.01225703
v 0.00570816 0.06765964 0.00808226
v 0.01195251 0.06683909 0.01226436
v 0.01258167 0.06672414 0.01230012
v -0.00134946 0.06788659 0.01405298
v -0.00134946 0.06788659 0.02465104
v 0.00383898 0.06779139 0.02465104
v 0.00383898 0.06779139 0.01513027
v 0.00384870 0.06779084 0.01469224
v -0.00127921 0.06788795 0.01263403
v 0.00391631 0.06778696 0.01418005
v -0.00110610 0.06789099 0.01181893
v 0.00403597 0.06777994 0.01379477
v -0.00085707 0.06789459 0.01118170
v 0.00421930 0.06776878 0.01343410
v -0.00049756 0.06789818 0.01056759
v -0.00001149 0.06790000 0.00997161
v 0.00445414 0.06775375 0.01311498
v 0.00059600 0.06789739 0.00942599
v 0.00132703 0.06788703 0.00894784
v 0.00461698 0.06774285 0.01294540
v 0.00221166 0.06786397 0.00854360
v 0.00493451 0.06772046 0.01269238
v 0.00322611 0.06782331 0.00825708
v 0.00528201 0.06769424 0.01249831
v 0.00464614 0.06774086 0.00809734
v 0.00563929 0.06766541 0.01236754
v 0.00558827 0.06766964 0.00808226
v 0.00570815 0.06765945 0.01235454
v 0.00608019 0.06762722 0.01228409
v 0.03656343 0.05721473 0.01867436
v 0.03656343 0.05721473 0.02465110
v 0.04083003 0.05425236 0.02465110
v 0.03448997 0.05848805 0.01867436
v 0.03470157 0.05836275 0.01867436
v 0.03059004 0.06061897 0.01669716
v 0.03144795 0.06017837 0.01148205
v 0.02824795 0.06174515 0.00838362
v 0.02816326 0.06178382 0.00838362
v 0.03461084 0.05841660 0.01463001
v 0.02814403 0.06174188 0.01444631
v 0.03138616 0.06021062 0.02168648
v 0.02814401 0.06174184 0.01885061
v 0.02824795 0.06174515 0.02465110
v 0.04083003 0.05425236 0.00838362
v 0.03656343 0.05721473 0.00838362
v 0.03656343 0.05721473 0.01463001
v 0.03470157 0.05836275 0.01463001
v 0.02816326 0.06178382 0.02465110
v 0.02602691 0.06271371 0.02071445
v 0.02141771 0.06443363 0.02465110
v 0.02141771 0.06443363 0.00838362
v 0.02141775 0.06443360 0.00838368
v 0.02602894 0.06271287 0.01249992
v 0.02711212 -0.06225225 0.02465110
v 0.02032629 -0.06478620 0.02465110
v 0.02245895 -0.06407812 0.02065061
v 0.02031307 -0.06474365 0.01885240
v 0.01677181 -0.06579602 0.01151525
v 0.02023502 -0.06481477 0.00838362
v 0.02032629 -0.06478620 0.00838362
v 0.02023502 -0.06481477 0.02465110
v 0.01683991 -0.06577863 0.02165465
v 0.01774118 -0.06554129 0.01669716
v 0.01341809 -0.06656098 0.01867436
v 0.01317965 -0.06660861 0.01867436
v 0.01328051 -0.06658857 0.01463001
v 0.02031306 -0.06474362 0.01444452
v 0.02245994 -0.06407777 0.01256411
v 0.02711212 -0.06225225 0.00838362
v 0.00587751 -0.06764514 0.00838362
v 0.01102647 -0.06699871 0.00838362
v 0.00587751 -0.06764514 0.02465110
v 0.01102647 -0.06699871 0.01463001
v 0.01102647 -0.06699871 0.02465110
v 0.01102647 -0.06699871 0.01867436
v 0.01317965 -0.06660861 0.01463001
v -0.01283427 -0.06667602 0.00808226
v -0.01283423 -0.06667580 0.01235645
v -0.01295019 -0.06665360 0.00808226
v -0.01294890 -0.06665386 0.01238202
v -0.01421108 -0.06639620 0.01330470
v -0.01816981 -0.06542376 0.00973277
v -0.01395844 -0.06644977 0.01299839
v -0.01747853 -0.06561182 0.00917690
v -0.01365582 -0.06651262 0.01273643
v -0.01669288 -0.06581609 0.00873082
v -0.01331840 -0.06658100 0.01253055
v -0.01578849 -0.06603888 0.00838744
v -0.01472794 -0.06628346 0.00816785
v -0.01441357 -0.06635254 0.01365470
v -0.01897112 -0.06519591 0.01072435
v -0.01874087 -0.06526247 0.01038151
v -0.01454994 -0.06632277 0.01401435
v -0.01943235 -0.06505992 0.01174181
v -0.01916975 -0.06513778 0.01108455
v -0.01466721 -0.06629693 0.02465104
v -0.01968825 -0.06498294 0.02465104
v -0.01466721 -0.06629693 0.01513027
v -0.01968825 -0.06498294 0.01405298
v -0.01463790 -0.06630341 0.01446151
v -0.01967126 -0.06498808 0.01375752
v -0.01959693 -0.06501054 0.01246499
v -0.01182376 -0.06686261 0.01225703
v -0.00672914 -0.06756574 0.01225703
v -0.00570816 -0.06765964 0.00808226
v -0.01195200 -0.06683919 0.01226406
v -0.01257349 -0.06672569 0.01229827
v 0.00134946 -0.06788659 0.01405298
v 0.00134946 -0.06788659 0.02465104
v -0.00383898 -0.06779139 0.02465104
v -0.00383898 -0.06779139 0.01513027
v -0.00384879 -0.06779083 0.01468419
v 0.00127870 -0.06788796 0.01263021
v -0.00391612 -0.06778698 0.01417999
v 0.00110675 -0.06789098 0.01182114
v -0.00403574 -0.06777996 0.01379536
v 0.00086025 -0.06789455 0.01118897
v -0.00421936 -0.06776877 0.01343398
v 0.00050130 -0.06789815 0.01057457
v 0.00001576 -0.06789999 0.00997650
v -0.00445450 -0.06775372 0.01311462
v -0.00059950 -0.06789736 0.00942330
v -0.00063431 -0.06789684 0.00940095
v -0.00460895 -0.06774340 0.01295297
v -0.00141134 -0.06788533 0.00890200
v -0.00230886 -0.06786073 0.00850855
v -0.00492617 -0.06772107 0.01269798
v -0.00333383 -0.06781811 0.00823628
v -0.00527176 -0.06769504 0.01250302
v -0.00481560 -0.06772902 0.00809066
v -0.00562681 -0.06766646 0.01237111
v -0.00558827 -0.06766964 0.00808226
v -0.00570815 -0.06765943 0.01235526
v -0.00605686 -0.06762931 0.01228731
v -0.03448997 -0.05848805 0.01867436
v -0.03470157 -0.05836275 0.01867436
v -0.03059004 -0.06061897 0.01669716
v -0.03656343 -0.05721473 0.01867436
v -0.03656343 -0.05721473 0.01463001
v -0.03656343 -0.05721473 0.02465110
v -0.04083003 -0.05425236 0.02465110
v -0.04083003 -0.05425236 0.00838362
v -0.03656343 -0.05721473 0.00838362
v -0.03144798 -0.06017836 0.01148205
v -0.02824795 -0.06174515 0.00838362
v -0.02816326 -0.06178382 0.00838362
v -0.03470157 -0.05836275 0.01463001
v -0.03461084 -0.05841660 0.01463001
v -0.02814402 -0.06174188 0.01444643
v -0.03138613 -0.06021063 0.02168654
v -0.02814401 -0.06174184 0.01885073
v -0.02824795 -0.06174515 0.02465110
v -0.02816326 -0.06178382 0.02465110
v -0.02602707 -0.06271365 0.02071451
v -0.02141771 -0.06443363 0.02465110
v -0.02141771 -0.06443363 0.00838362
v -0.02141775 -0.06443360 0.00838368
v -0.02602879 -0.06271294 0.01249998
v -0.05501316 0.03996940 -0.00000001
v -0.04891511 0.04723677 -0.00000001
v -0.04186498 0.05358473 -0.00000001
v -0.03400000 0.05888973 -0.00000001
v 0.03802512 0.05637455 -0.00000001
v 0.04550088 0.05053385 -0.00000001
v 0.05209102 0.04370956 -0.00000001
v -0.02547325 0.06304850 -0.00000001
v -0.01645069 0.06598011 -0.00000001
v -0.00710794 0.06762749 -0.00000001
v 0.00237317 0.06795858 -0.00000001
v 0.01180808 0.06696693 -0.00000001
v 0.02101316 0.06467184 -0.00000001
v 0.02980924 0.06111800 -0.00000001
v -0.00710794 -0.06762749 -0.00000001
v -0.01645069 -0.06598011 -0.00000001
v -0.02547325 -0.06304850 -0.00000001
v -0.03400000 -0.05888973 -0.00000001
v 0.05766727 0.03603451 -0.00000001
v 0.06212109 0.02765809 -0.00000001
v 0.06536580 0.01874334 -0.00000001
v 0.06733823 0.00946377 -0.00000001
v 0.06800000 0.00000000 -0.00000001
v 0.06733823 -0.00946377 -0.00000001
v -0.06783435 -0.00474344 -0.00000001
v -0.06783435 0.00474344 -0.00000001
v -0.06651404 0.01413800 -0.00000001
v -0.06389910 0.02325737 -0.00000001
v -0.06004044 0.03192407 -0.00000001
v 0.03802512 -0.05637455 -0.00000001
v 0.02980924 -0.06111800 -0.00000001
v 0.02101316 -0.06467184 -0.00000001
v 0.01180808 -0.06696693 -0.00000001
v 0.00237317 -0.06795858 -0.00000001
v 0.06536580 -0.01874334 -0.00000001
v 0.06212109 -0.02765809 -0.00000001
v 0.05766727 -0.03603451 -0.00000001
v 0.05209102 -0.04370956 -0.00000001
v 0.04550088 -0.05053385 -0.00000001
v -0.04186498 -0.05358473 -0.00000001
v -0.04891511 -0.04723677 -0.00000001
v -0.05501316 -0.03996940 -0.00000001
v -0.06004044 -0.03192407 -0.00000001
v -0.06389910 -0.02325737 -0.00000001
v -0.06651404 -0.01413800 -0.00000001
v 0.02774757 -0.06208117 0.00838362
v 0.02980084 -0.06110052 0.01376520
v 0.03084650 -0.06060110 0.01650589
v 0.03387517 -0.05896162 0.02465110
v 0.04288203 -0.05277435 0.02465110
v 0.03802512 -0.05637455 0.02465110
v 0.04799238 -0.04817397 0.00838362
v 0.04550064 -0.05053359 0.01649987
v 0.04549034 -0.05054334 0.01653342
v 0.04550088 -0.05053385 0.00838362
v 0.04356105 -0.05221528 0.00838362
v 0.04262742 -0.05298021 0.01123797
v 0.04309424 -0.05259774 0.00981079
v 0.03415868 -0.05879783 0.01123797
v 0.03802512 -0.05637455 0.01123797
v 0.03310971 -0.05939484 0.00838362
v 0.03363419 -0.05909634 0.00981079
v 0.02980924 -0.06111800 0.00838362
v -0.04356105 0.05221528 0.00838362
v -0.04309424 0.05259774 0.00981079
v -0.04262742 0.05298021 0.01123797
v -0.04186498 0.05358473 0.01123797
v -0.03415868 0.05879783 0.01123797
v -0.03399932 0.05888853 0.01080428
v -0.03363419 0.05909634 0.00981079
v -0.03310971 0.05939484 0.00838362
v -0.02774757 0.06208117 0.00838362
v -0.03084651 0.06060110 0.01650589
v -0.03387517 0.05896162 0.02465110
v -0.04288203 0.05277435 0.02465110
v -0.04186498 0.05358473 0.02465110
v -0.03400000 0.05888973 0.02465110
v -0.04549035 0.05054333 0.01653342
v -0.04799238 0.04817397 0.00838362
v -0.01342513 0.06666158 0.01867436
v -0.01644859 0.06597102 0.02130764
v -0.01684700 0.06588003 0.02165465
v -0.02024219 0.06491728 0.02465110
v -0.02547325 0.06304850 0.02465110
v -0.02711952 0.06235809 0.02465110
v -0.01774829 0.06564296 0.01669716
v -0.02246617 0.06418155 0.02065061
v -0.02545781 0.06300925 0.02322255
v -0.02711952 0.06235809 0.00838362
v -0.02545781 0.06300926 0.00987678
v -0.02246719 0.06418119 0.01256411
v -0.02024219 0.06491728 0.00838362
v -0.02547325 0.06304850 0.00838362
v -0.01644608 0.06596316 0.01180976
v -0.01586122 0.06612429 0.01233761
v -0.01328755 0.06668914 0.01463001
v -0.01677505 0.06587252 0.01151286
v -0.01103348 0.06709890 0.01463001
v -0.01103348 0.06709890 0.00838362
v -0.00710794 0.06762749 0.00838362
v -0.00588449 0.06774491 0.00838362
v -0.00588449 0.06774491 0.02465110
v -0.00710794 0.06762749 0.02465110
v -0.01103348 0.06709890 0.02465110
v -0.01103348 0.06709890 0.01867436
v 0.01294297 0.06675687 0.00808226
v 0.01180808 0.06696693 0.00808226
v 0.00558121 0.06777057 0.00808226
v 0.01968079 0.06508968 0.01405298
v 0.01966344 0.06509491 0.01375233
v 0.01958906 0.06511734 0.01246290
v 0.01942463 0.06516659 0.01174121
v 0.01916412 0.06524367 0.01108908
v 0.01896431 0.06530203 0.01072662
v 0.01873247 0.06536891 0.01038115
v 0.01816471 0.06552895 0.00973486
v 0.01747257 0.06571689 0.00917779
v 0.01668831 0.06592041 0.00873195
v 0.01578551 0.06614240 0.00838863
v 0.01472596 0.06638634 0.00816833
v 0.01968079 0.06508968 0.02465104
v 0.01465994 0.06640095 0.02465104
v 0.01465994 0.06640095 0.01513027
v 0.01181657 0.06696543 0.01225703
v 0.01194531 0.06694196 0.01226436
v 0.01257446 0.06682726 0.01230012
v 0.01295199 0.06675512 0.01238518
v 0.01332027 0.06668261 0.01253526
v 0.01365536 0.06661480 0.01274149
v 0.01395660 0.06655233 0.01300393
v 0.01420756 0.06649921 0.01331030
v 0.01440928 0.06645580 0.01366119
v 0.01454460 0.06642631 0.01402109
v 0.01463236 0.06640703 0.01447408
v 0.01180808 0.06696693 0.01225703
v 0.00672206 0.06766693 0.01225703
v 0.00563223 0.06776635 0.01236754
v 0.00527496 0.06779509 0.01249831
v 0.00492746 0.06782123 0.01269238
v 0.00460993 0.06784356 0.01294540
v 0.00444710 0.06785443 0.01311498
v 0.00421226 0.06786941 0.01343410
v 0.00402894 0.06788054 0.01379477
v 0.00390928 0.06788754 0.01418005
v 0.00384167 0.06789140 0.01469224
v 0.00383195 0.06789195 0.01513027
v 0.00607313 0.06772826 0.01228409
v 0.00383194 0.06789195 0.02465104
v 0.00237317 0.06795858 0.02465104
v -0.00135644 0.06798647 0.02465104
v -0.00135644 0.06798647 0.01405298
v 0.00321909 0.06792376 0.00825708
v 0.00463910 0.06784157 0.00809734
v 0.00237312 0.06795753 0.00849603
v 0.00220465 0.06796425 0.00854360
v 0.00132003 0.06798719 0.00894784
v 0.00058900 0.06799745 0.00942599
v -0.00001849 0.06800000 0.00997161
v -0.00050455 0.06799813 0.01056759
v -0.00086405 0.06799451 0.01118170
v -0.00111309 0.06799089 0.01181893
v -0.00128620 0.06798784 0.01263403
v 0.03448150 0.05860909 0.01867436
v 0.03137798 0.06032763 0.02168648
v 0.02979941 0.06109785 0.02317785
v 0.02824001 0.06185872 0.02465110
v 0.02141016 0.06454150 0.02465110
v 0.02601911 0.06282520 0.02071445
v 0.02979819 0.06109406 0.01738720
v 0.03058192 0.06073505 0.01669716
v 0.02979819 0.06109408 0.01597594
v 0.02602115 0.06282435 0.01249992
v 0.02141021 0.06454148 0.00838368
v 0.02141016 0.06454150 0.00838362
v 0.02824001 0.06185872 0.00838362
v 0.02979901 0.06109706 0.00989323
v 0.03143976 0.06029545 0.01148205
v 0.03460237 0.05853782 0.01463001
v 0.03655475 0.05733890 0.01463001
v 0.03655475 0.05733890 0.00838362
v 0.03802512 0.05637455 0.00838362
v 0.04082080 0.05438440 0.00838362
v 0.04082080 0.05438439 0.02465110
v 0.03802512 0.05637455 0.02465110
v 0.03655475 0.05733890 0.02465110
v 0.03655475 0.05733890 0.01867436
v 0.01342513 -0.06666158 0.01867436
v 0.01684323 -0.06585348 0.02165686
v 0.01784742 -0.06561608 0.02253305
v 0.02024219 -0.06491728 0.02465110
v 0.02101316 -0.06467184 0.02465110
v 0.02711952 -0.06235809 0.02465110
v 0.01774829 -0.06564296 0.01669716
v 0.02100172 -0.06463517 0.01942347
v 0.02246618 -0.06418154 0.02065061
v 0.02100171 -0.06463515 0.01384764
v 0.02246718 -0.06418119 0.01256411
v 0.02711952 -0.06235809 0.00838362
v 0.02101316 -0.06467184 0.00838362
v 0.02024219 -0.06491728 0.00838362
v 0.01677890 -0.06589741 0.01151525
v 0.01328755 -0.06668914 0.01463001
v 0.01180808 -0.06696693 0.01463001
v 0.01103348 -0.06709890 0.01463001
v 0.01103348 -0.06709890 0.00838362
v 0.00588449 -0.06774491 0.00838362
v 0.00588449 -0.06774491 0.02465110
v 0.01103348 -0.06709890 0.02465110
v 0.01103348 -0.06709890 0.01867436
v 0.01180808 -0.06696693 0.01867436
v -0.01294297 -0.06675687 0.00808226
v -0.00710794 -0.06762749 0.00808226
v -0.00558121 -0.06777057 0.00808226
v -0.01472066 -0.06638751 0.00816785
v -0.01578118 -0.06614344 0.00838744
v -0.01645040 -0.06597891 0.00864153
v -0.01668554 -0.06592111 0.00873082
v -0.01747116 -0.06571727 0.00917690
v -0.01816241 -0.06552958 0.00973277
v -0.01873345 -0.06536863 0.01038151
v -0.01896352 -0.06530226 0.01072412
v -0.01916231 -0.06524421 0.01108455
v -0.01942489 -0.06516650 0.01174181
v -0.01958947 -0.06511723 0.01246499
v -0.01966379 -0.06509481 0.01375752
v -0.01968079 -0.06508968 0.01405298
v -0.01968079 -0.06508968 0.02465104
v -0.01645069 -0.06598011 0.02465104
v -0.01465994 -0.06640095 0.02465104
v -0.01465994 -0.06640095 0.01513027
v -0.01463063 -0.06640741 0.01446151
v -0.01454267 -0.06642673 0.01401435
v -0.01440630 -0.06645644 0.01365470
v -0.01420382 -0.06650002 0.01330470
v -0.01395119 -0.06655347 0.01299839
v -0.01364858 -0.06661619 0.01273643
v -0.01331117 -0.06668442 0.01253055
v -0.01294168 -0.06675712 0.01238202
v -0.01256628 -0.06682880 0.01229827
v -0.01194481 -0.06694206 0.01226406
v -0.01181657 -0.06696543 0.01225703
v -0.00710794 -0.06762749 0.01225703
v -0.00672206 -0.06766693 0.01225703
v -0.00561976 -0.06776738 0.01237111
v -0.00604979 -0.06773034 0.01228731
v -0.00526470 -0.06779590 0.01250302
v -0.00491912 -0.06782185 0.01269798
v -0.00460190 -0.06784411 0.01295297
v -0.00444746 -0.06785440 0.01311462
v -0.00421232 -0.06786941 0.01343398
v -0.00402870 -0.06788056 0.01379536
v -0.00390908 -0.06788754 0.01417999
v -0.00384176 -0.06789139 0.01468419
v -0.00383195 -0.06789195 0.01513027
v -0.00383194 -0.06789195 0.02465104
v 0.00135644 -0.06798647 0.02465104
v 0.00135644 -0.06798647 0.01405298
v 0.00128569 -0.06798784 0.01263021
v 0.00111373 -0.06799088 0.01182114
v 0.00086723 -0.06799447 0.01118897
v 0.00050829 -0.06799810 0.01057457
v 0.00002275 -0.06800000 0.00997650
v -0.00059468 -0.06799726 0.00942575
v -0.00062552 -0.06799712 0.00939821
v -0.00140433 -0.06798550 0.00890200
v -0.00230185 -0.06796103 0.00850855
v -0.00332681 -0.06791857 0.00823628
v -0.00480855 -0.06782977 0.00809066
v -0.02141016 -0.06454150 0.00838362
v -0.02547325 -0.06304850 0.00838362
v -0.02824001 -0.06185872 0.00838362
v -0.03460237 -0.05853782 0.01463001
v -0.03399269 -0.05887665 0.01402317
v -0.03143979 -0.06029544 0.01148205
v -0.03655475 -0.05733890 0.01463001
v -0.03655475 -0.05733890 0.00838362
v -0.04082080 -0.05438440 0.00838362
v -0.04082080 -0.05438439 0.02465110
v -0.03655475 -0.05733890 0.02465110
v -0.03655475 -0.05733890 0.01867436
v -0.03448150 -0.05860909 0.01867436
v -0.03399404 -0.05887902 0.01914744
v -0.03137795 -0.06032764 0.02168654
v -0.02824001 -0.06185872 0.02465110
v -0.02547325 -0.06304850 0.02465110
v -0.02141016 -0.06454150 0.02465110
v -0.02546663 -0.06303093 0.02118652
v -0.02601927 -0.06282514 0.02071451
v -0.03058192 -0.06073505 0.01669716
v -0.02141021 -0.06454148 0.00838368
v -0.02546661 -0.06303088 0.01200508
v -0.02602099 -0.06282442 0.01249998
v -0.00855050 0.07070000 0.19200765
v -0.00434120 0.07070000 0.19087981
v -0.00000000 0.07070000 0.21549998
v -0.00000000 0.07070000 0.19050001
v 0.00434120 0.07070000 0.19087981
v -0.01915111 0.07070000 0.19943033
v -0.01606969 0.07070000 0.19634889
v -0.01250000 0.07070000 0.19384931
v -0.02462019 0.07070000 0.21115874
v -0.02349232 0.07070000 0.20694946
v -0.02165063 0.07070000 0.20300005
v -0.02349232 0.07070000 0.22405051
v -0.02462019 0.07070000 0.21984123
v -0.02500000 0.07070000 0.21549998
v -0.01606969 0.07070000 0.23465107
v -0.01915111 0.07070000 0.23156963
v -0.02165063 0.07070000 0.22800003
v -0.00434120 0.07070000 0.24012016
v -0.00855050 0.07070000 0.23899232
v -0.01250000 0.07070000 0.23715065
v 0.00855050 0.07070000 0.23899232
v 0.00434120 0.07070000 0.24012016
v -0.00000000 0.07070000 0.24049996
v 0.01915111 0.07070000 0.23156963
v 0.01606969 0.07070000 0.23465107
v 0.01250000 0.07070000 0.23715065
v 0.02462019 0.07070000 0.21984123
v 0.02349232 0.07070000 0.22405051
v 0.02165063 0.07070000 0.22800003
v 0.02349232 0.07070000 0.20694946
v 0.02462019 0.07070000 0.21115874
v 0.02500000 0.07070000 0.21549998
v 0.01606969 0.07070000 0.19634889
v 0.01915111 0.07070000 0.19943033
v 0.02165063 0.07070000 0.20300005
v 0.00855050 0.07070000 0.19200765
v 0.01250000 0.07070000 0.19384931
v 0.05209102 -0.04370956 0.03299998
v 0.04550088 -0.05053385 0.03299998
v 0.02980924 -0.06111800 0.03299998
v 0.03802512 -0.05637455 0.03299998
v 0.02101316 -0.06467184 0.03299998
v -0.04891511 0.04723677 0.03299998
v -0.04186498 0.05358473 0.03299998
v -0.03400000 0.05888973 0.03299998
v -0.02547325 0.06304850 0.03299998
v -0.01645069 0.06598011 0.03299998
v -0.00710794 0.06762749 0.03299998
v 0.00237317 0.06795858 0.03299998
v 0.00527820 0.06779484 0.01369362
v 0.01180808 0.06696693 0.03299998
v 0.02101316 0.06467184 0.03299998
v 0.01330544 0.06668557 0.01369732
v 0.02980924 0.06111800 0.03299998
v 0.03802512 0.05637455 0.03299998
v 0.04550088 0.05053385 0.03299998
v 0.01180808 -0.06696693 0.03299998
v 0.00237317 -0.06795858 0.03299998
v -0.00710794 -0.06762749 0.03299998
v -0.00527820 -0.06779484 0.01369362
v -0.01330519 -0.06668562 0.01369720
v -0.01645069 -0.06598011 0.03299998
v -0.02547325 -0.06304850 0.03299998
v -0.03400000 -0.05888973 0.03299998
v -0.04186498 -0.05358473 0.03299998
v -0.04891511 -0.04723677 0.03299998
v -0.05501316 -0.03996940 0.03299998
v -0.06004044 -0.03192407 0.03299998
v -0.06389910 -0.02325737 0.03299998
v -0.06651404 -0.01413800 0.03299998
v -0.06783435 -0.00474344 0.03299998
v -0.06783435 0.00474344 0.03299998
v -0.06651404 0.01413800 0.03299998
v -0.06389910 0.02325737 0.03299998
v -0.06004044 0.03192407 0.03299998
v -0.05501316 0.03996940 0.03299998
v 0.05209102 0.04370956 0.03299998
v 0.05766727 0.03603451 0.03299998
v 0.06212109 0.02765809 0.03299998
v 0.06536580 0.01874334 0.03299998
v 0.06733823 0.00946377 0.03299998
v 0.06800000 0.00000000 0.03299998
v 0.06733823 -0.00946377 0.03299998
v 0.06536580 -0.01874334 0.03299998
v 0.06212109 -0.02765809 0.03299998
v 0.05766727 -0.03603451 0.03299998
v -0.00000000 0.06070000 0.19050001
v -0.00434120 0.06070000 0.19087981
v -0.00855050 0.06070000 0.19200765
v -0.01250000 0.06070000 0.19384931
v -0.01606969 0.06070000 0.19634889
v -0.01915111 0.06070000 0.19943033
v -0.02165063 0.06070000 0.20300005
v -0.02349232 0.06070000 0.20694946
v -0.02462019 0.06070000 0.21115874
v -0.02500000 0.06070000 0.21549998
v -0.02462019 0.06070000 0.21984123
v -0.02349232 0.06070000 0.22405051
v -0.02165063 0.06070000 0.22800003
v -0.01915111 0.06070000 0.23156963
v -0.01606969 0.06070000 0.23465107
v -0.01250000 0.06070000 0.23715065
v -0.00855050 0.06070000 0.23899232
v -0.00434120 0.06070000 0.24012016
v -0.00000000 0.06070000 0.24049996
v 0.00434120 0.06070000 0.24012016
v 0.00855050 0.06070000 0.23899232
v 0.01250000 0.06070000 0.23715065
v 0.01606969 0.06070000 0.23465107
v 0.01915111 0.06070000 0.23156963
v 0.02165063 0.06070000 0.22800003
v 0.02349232 0.06070000 0.22405051
v 0.02462019 0.06070000 0.21984123
v 0.02500000 0.06070000 0.21549998
v 0.02462019 0.06070000 0.21115874
v 0.02349232 0.06070000 0.20694946
v 0.02165063 0.06070000 0.20300005
v 0.01915111 0.06070000 0.19943033
v 0.01606969 0.06070000 0.19634889
v 0.01250000 0.06070000 0.19384931
v 0.00855050 0.06070000 0.19200765
v 0.00434120 0.06070000 0.19087981
v 0.06075077 -0.02704799 0.03299998
v 0.06392390 -0.01832988 0.03299998
v 0.06585283 -0.00925501 0.03299998
v 0.06650000 0.00000000 0.03299998
v 0.06585283 0.00925501 0.03299998
v 0.06392390 0.01832988 0.03299998
v 0.06075077 0.02704799 0.03299998
v 0.05639520 0.03523963 0.03299998
v 0.05094196 0.04274538 0.03299998
v 0.04449718 0.04941913 0.03299998
v 0.03718633 0.05513100 0.03299998
v 0.02915168 0.05976981 0.03299998
v 0.02054963 0.06324526 0.03299998
v 0.01154760 0.06548972 0.03299998
v 0.00232082 0.06645949 0.03299998
v -0.00695114 0.06613570 0.03299998
v -0.01608781 0.06452467 0.03299998
v -0.02491134 0.06165773 0.03299998
v -0.03325000 0.05759069 0.03299998
v -0.04094149 0.05240272 0.03299998
v -0.04783610 0.04619478 0.03299998
v -0.05379963 0.03908772 0.03299998
v -0.05871601 0.03121986 0.03299998
v -0.06248956 0.02274434 0.03299998
v -0.06504682 0.01382613 0.03299998
v -0.06633801 0.00463881 0.03299998
v -0.06633801 -0.00463881 0.03299998
v -0.06504682 -0.01382613 0.03299998
v -0.06248956 -0.02274434 0.03299998
v -0.05871601 -0.03121986 0.03299998
v -0.05379963 -0.03908772 0.03299998
v -0.04783610 -0.04619478 0.03299998
v -0.04094149 -0.05240272 0.03299998
v -0.03325000 -0.05759069 0.03299998
v -0.02491134 -0.06165773 0.03299998
v -0.01608781 -0.06452467 0.03299998
v -0.00695114 -0.06613570 0.03299998
v 0.00232082 -0.06645949 0.03299998
v 0.01154760 -0.06548972 0.03299998
v 0.02054963 -0.06324526 0.03299998
v 0.02915168 -0.05976981 0.03299998
v 0.03718633 -0.05513100 0.03299998
v 0.04449718 -0.04941913 0.03299998
v 0.05094196 -0.04274538 0.03299998
v 0.05639520 -0.03523963 0.03299998
v 0.04684120 0.08372014 0.21138118
v 0.04694270 0.08361980 0.21242665
v 0.04714175 0.08349679 0.21132098
v 0.04723822 0.08340777 0.21237741
v 0.04714205 0.08349657 0.21132086
v 0.04724921 0.08339988 0.21237563
v 0.04732301 0.08336210 0.21128462
v 0.04734501 0.08333115 0.21235965
v 0.04743057 0.08325139 0.21125971
v 0.04752863 0.08315364 0.21232460
v 0.04753514 0.08314735 0.21232341
v 0.04743059 0.08325136 0.21125971
v 0.04769807 0.08297608 0.21119784
v 0.04780956 0.08288206 0.21227096
v 0.04781274 0.08287899 0.21227036
v 0.04769838 0.08297576 0.21119784
v 0.04781279 0.08287895 0.21227036
v 0.04777693 0.08289492 0.21117960
v 0.04804362 0.08256711 0.21221755
v 0.04793132 0.08267072 0.21113692
v 0.04793182 0.08267000 0.21113680
v 0.04804376 0.08256692 0.21221744
v 0.04819630 0.08236084 0.21218263
v 0.04815010 0.08235304 0.21107636
v 0.04825591 0.08224397 0.21216534
v 0.04831611 0.08200625 0.21101914
v 0.04825814 0.08223959 0.21216474
v 0.04843155 0.08189955 0.21211456
v 0.04831684 0.08200473 0.21101891
v 0.04843588 0.08189105 0.21211325
v 0.04839464 0.08184222 0.21099196
v 0.04849439 0.08177634 0.21209644
v 0.04845367 0.08165210 0.21096443
v 0.04856878 0.08154349 0.21206628
v 0.04845428 0.08165012 0.21096419
v 0.04857305 0.08153011 0.21206461
v 0.04856521 0.08129292 0.21091245
v 0.04868374 0.08118366 0.21201979
v 0.04744995 0.08292484 0.21732233
v 0.04801725 0.08239304 0.21727501
v 0.04710532 0.08329634 0.21570085
v 0.04712684 0.08313407 0.21734057
v -0.04843121 0.08190036 0.21211468
v -0.04843566 0.08189112 0.21211337
v -0.04865582 0.08150189 0.21620809
v 0.04889525 0.08081297 0.21593271
v 0.04888400 0.08083268 0.21572469
v 0.04879438 0.08104851 0.21714900
v 0.04855026 0.08021327 0.22222720
v 0.04864623 0.08031208 0.22119187
v 0.04847318 0.08055932 0.22225223
v 0.04883073 0.08050206 0.21920143
v 0.04887192 0.08070052 0.21711503
v 0.04762527 0.08007763 0.22725485
v 0.04770444 0.07973332 0.22723757
v 0.04787429 0.07979903 0.22655235
v 0.04847853 0.08013941 0.22300099
v 0.04699670 0.07945952 0.23009275
v 0.04625839 0.07960473 0.23214482
v 0.04639166 0.07928383 0.23192178
v 0.04439846 0.07878853 0.23706363
v 0.04446650 0.07880423 0.23690079
v 0.04437609 0.07914352 0.23689352
v 0.04580133 0.07911240 0.23370634
v 0.04632211 0.07926363 0.23213206
v 0.04275902 0.07847558 0.24028967
v 0.04201530 0.07870324 0.24140833
v 0.04208006 0.07836614 0.24141215
v 0.03872070 0.07787745 0.24641941
v 0.03926492 0.07795200 0.24565600
v 0.03920103 0.07828872 0.24564229
v 0.04090185 0.07817623 0.24335991
v 0.04177263 0.07831658 0.24192034
v 0.03499147 0.07746426 0.25065315
v 0.03600865 0.07756642 0.24960743
v 0.03594192 0.07790171 0.24958096
v 0.03637333 0.07760303 0.24923252
v 0.03865795 0.07787011 0.24649464
v 0.03374349 0.07733893 0.25193608
v 0.03229829 0.07754999 0.25314844
v 0.03234523 0.07721823 0.25316763
v 0.03091572 0.07709485 0.25442660
v 0.02831674 0.07723796 0.25630367
v 0.02836845 0.07690622 0.25634313
v 0.02399664 0.07696614 0.25904489
v 0.02473711 0.07667203 0.25871348
v 0.02639241 0.07677648 0.25765693
v 0.02790724 0.07687207 0.25669014
v 0.01944417 0.07640975 0.26136029
v 0.02142545 0.07649639 0.26048517
v 0.01941333 0.07673979 0.26132262
v 0.02155707 0.07650337 0.26041472
v 0.02403989 0.07663506 0.25908649
v 0.01467610 0.07623234 0.26315463
v 0.01506724 0.07624321 0.26304483
v 0.01464701 0.07656305 0.26309776
v 0.01641460 0.07629118 0.26255929
v 0.01812605 0.07635212 0.26194263
v 0.01138469 0.07614092 0.26407838
v 0.00969755 0.07643607 0.26437128
v 0.01106877 0.07613470 0.26414084
v 0.00463529 0.07603174 0.26517498
v 0.00556798 0.07604274 0.26506495
v 0.00462767 0.07636105 0.26512313
v 0.00763462 0.07606711 0.26482105
v 0.00971233 0.07610800 0.26440954
v -0.00046608 0.07633934 0.26534057
v -0.00046656 0.07600903 0.26540172
v 0.00002067 0.07600721 0.26541972
v 0.00383876 0.07602235 0.26526904
v -0.00361946 0.07602075 0.26528573
v -0.00556783 0.07637097 0.26502383
v -0.00556794 0.07604300 0.26506341
v -0.01106943 0.07613449 0.26414406
v -0.01065156 0.07612637 0.26422572
v -0.01063158 0.07645588 0.26417279
v -0.00748083 0.07606485 0.26484501
v -0.00557618 0.07604310 0.26506245
v -0.01558318 0.07659355 0.26279163
v -0.01561152 0.07626307 0.26284337
v -0.01501886 0.07624166 0.26306045
v -0.01128541 0.07613868 0.26410198
v -0.02155345 0.07650350 0.26040602
v -0.02038384 0.07645085 0.26093960
v -0.02035206 0.07678137 0.26090455
v -0.01865746 0.07637315 0.26172733
v -0.01641116 0.07629197 0.26255035
v -0.02197585 0.07652251 0.26021326
v -0.02486362 0.07701556 0.25854719
v -0.02491321 0.07668217 0.25859594
v -0.02910214 0.07729442 0.25573325
v -0.02851228 0.07691200 0.25626409
v -0.02639218 0.07677468 0.25765753
v -0.02522872 0.07669932 0.25842214
v -0.03309371 0.07728279 0.25249040
v -0.03161106 0.07714933 0.25385010
v -0.03304609 0.07761668 0.25247276
v -0.03090021 0.07709489 0.25440383
v -0.02915129 0.07696094 0.25576627
v -0.03661849 0.07797559 0.24883007
v -0.03668943 0.07763925 0.24885784
v -0.03500194 0.07746204 0.25066388
v -0.03450309 0.07740965 0.25119781
v -0.03983426 0.07803082 0.24485706
v -0.03911028 0.07792830 0.24590801
v -0.03977749 0.07836640 0.24485014
v -0.03864481 0.07787186 0.24648415
v -0.03696708 0.07766841 0.24856065
v -0.04140527 0.07825326 0.24257635
v -0.04251800 0.07878820 0.24053858
v -0.04177870 0.07831649 0.24192475
v -0.04486381 0.07889275 0.23597299
v -0.04436269 0.07878926 0.23704384
v -0.04478760 0.07923289 0.23597501
v -0.04341510 0.07859356 0.23906897
v -0.04257448 0.07845122 0.24053596
v -0.04662822 0.07935188 0.23121344
v -0.04641981 0.07928278 0.23193143
v -0.04655780 0.07969384 0.23122500
v -0.04636690 0.07926524 0.23211370
v -0.04512011 0.07894568 0.23542522
v -0.04748842 0.07963710 0.22824989
v -0.04782966 0.08017118 0.22628497
v -0.04782797 0.07979368 0.22661518
v -0.04858061 0.08065689 0.22123633
v -0.04821117 0.07997040 0.22477029
v -0.04790076 0.07982725 0.22626470
v -0.04879776 0.08114203 0.21617089
v -0.04889555 0.08068115 0.21729599
v -0.04868707 0.08031460 0.22115789
v -0.04879849 0.08104625 0.21345757
v -0.04885583 0.08083056 0.21572517
v -0.04886622 0.08079149 0.21613596
v -0.04868377 0.08118368 0.21201979
v -0.04857506 0.08153080 0.21206449
v -0.04857075 0.08154457 0.21206628
v -0.04851152 0.08173370 0.21209060
v -0.04826369 0.08224797 0.21216498
v -0.04780398 0.08287655 0.21227096
v -0.04780590 0.08287458 0.21227060
v -0.04826483 0.08217968 0.21627937
v -0.04788789 0.08279056 0.21225451
v -0.04804200 0.08256806 0.21221779
v -0.04804291 0.08256675 0.21221755
v -0.04723507 0.08340358 0.21237741
v -0.04724413 0.08339688 0.21237586
v -0.04774816 0.08276819 0.21634327
v -0.04743134 0.08325840 0.21234427
v -0.04753095 0.08315633 0.21232472
v -0.04745249 0.08301885 0.21637116
v -0.04715153 0.08324526 0.21620725
v -0.04703660 0.08345146 0.21412586
v -0.04680603 0.08263961 0.22230862
v -0.04691579 0.08274117 0.22128688
v -0.04724519 0.08253115 0.22129737
v -0.04705266 0.08286782 0.22001265
v -0.04714666 0.08322667 0.21639477
v -0.04664797 0.08249337 0.22378002
v -0.04651859 0.08204290 0.22620808
v -0.04663049 0.08248418 0.22387217
v -0.04494541 0.08175693 0.23113714
v -0.04499794 0.08177616 0.23094545
v -0.04528506 0.08156306 0.23101376
v -0.04594205 0.08212187 0.22750138
v -0.04619563 0.08225532 0.22616456
v -0.04327192 0.08131481 0.23552905
v -0.04367292 0.08140343 0.23465000
v -0.04356640 0.08109969 0.23563527
v -0.04420434 0.08155105 0.23318301
v -0.04455593 0.08164873 0.23221229
v -0.04209040 0.08105370 0.23811899
v -0.04136147 0.08065268 0.24007605
v -0.04107563 0.08086987 0.23993729
v -0.03869794 0.08022868 0.24427210
v -0.03844862 0.08044600 0.24411760
v -0.04023553 0.08071768 0.24144255
v -0.04057216 0.08077866 0.24083935
v -0.03562669 0.07983583 0.24814580
v -0.03539694 0.08005500 0.24796496
v -0.03579127 0.08009806 0.24754189
v -0.03602296 0.08012782 0.24724911
v -0.03708510 0.08026420 0.24590693
v -0.03816406 0.08040275 0.24454354
v -0.03322171 0.07981741 0.25029910
v -0.03215268 0.07947505 0.25169170
v -0.03193393 0.07969707 0.25147641
v -0.02831663 0.07915112 0.25486577
v -0.02813013 0.07937313 0.25463831
v -0.03042722 0.07955628 0.25285387
v -0.03071644 0.07958330 0.25258946
v -0.02404369 0.07909184 0.25737417
v -0.02429896 0.07910617 0.25723457
v -0.02419344 0.07887080 0.25760520
v -0.02475582 0.07913700 0.25693488
v -0.02744029 0.07931813 0.25517416
v -0.02098711 0.07892021 0.25904548
v -0.01980411 0.07863541 0.25990045
v -0.01967138 0.07885984 0.25963318
v -0.01516401 0.07844661 0.26173782
v -0.01506294 0.07867172 0.26146245
v -0.01752419 0.07876131 0.26059234
v -0.01820286 0.07879245 0.26028919
v -0.01028503 0.07853029 0.26283014
v -0.01034579 0.07830822 0.26308262
v -0.01109512 0.07855258 0.26261485
v -0.01394363 0.07863097 0.26185811
v -0.00538286 0.07844872 0.26362240
v -0.00657204 0.07846105 0.26350343
v -0.00541822 0.07822288 0.26391137
v -0.00697697 0.07846860 0.26343000
v -0.01028437 0.07853027 0.26283026
v -0.00045356 0.07819109 0.26421976
v -0.00282010 0.07842215 0.26387870
v -0.00343561 0.07842854 0.26381707
v 0.00475108 0.07843774 0.26372397
v 0.00447604 0.07843603 0.26374066
v 0.00450333 0.07821290 0.26400816
v 0.00095335 0.07841419 0.26395357
v -0.00045016 0.07841715 0.26392567
v 0.00937453 0.07851324 0.26299441
v 0.00870450 0.07849783 0.26314402
v 0.00943689 0.07828832 0.26327598
v 0.00843632 0.07849165 0.26320398
v 0.00482345 0.07843880 0.26371384
v 0.01215334 0.07857719 0.26237357
v 0.01425307 0.07841595 0.26203597
v 0.01389064 0.07863259 0.26183605
v 0.01877204 0.07881646 0.26005518
v 0.01850527 0.07880545 0.26016164
v 0.01889075 0.07859361 0.26030743
v 0.01575396 0.07869200 0.26125956
v 0.01415720 0.07864109 0.26175368
v 0.02429387 0.07911148 0.25719178
v 0.02319988 0.07904421 0.25784791
v 0.02334998 0.07882114 0.25808990
v 0.02265516 0.07901071 0.25817466
v 0.01922006 0.07883493 0.25987637
v 0.02583298 0.07920613 0.25626862
v 0.02755265 0.07909436 0.25542104
v 0.02589749 0.07921010 0.25623000
v 0.03142540 0.07940801 0.25234938
v 0.02896871 0.07943466 0.25403559
v 0.02736545 0.07931744 0.25518107
v 0.03184741 0.07968266 0.25160897
v 0.03451733 0.07995317 0.24896453
v 0.03496882 0.07976156 0.24887668
v 0.03157366 0.07965907 0.25183976
v 0.03121978 0.07962859 0.25213802
v 0.03787685 0.08036967 0.24487244
v 0.03699527 0.08024679 0.24608229
v 0.03813755 0.08015060 0.24504302
v 0.03619573 0.08015205 0.24701224
v 0.03474775 0.07998048 0.24869655
v 0.03921694 0.08055647 0.24303328
v 0.04087297 0.08056727 0.24092244
v 0.03995980 0.08067937 0.24182032
v 0.04298357 0.08124501 0.23622976
v 0.04289626 0.08122358 0.23644279
v 0.04316669 0.08100986 0.23652910
v 0.04118534 0.08088212 0.23981915
v 0.04059649 0.08078470 0.24078070
v 0.04433275 0.08157621 0.23293649
v 0.04499447 0.08147348 0.23190866
v 0.04468627 0.08168742 0.23182724
v 0.04632051 0.08194885 0.22715150
v 0.04547391 0.08193523 0.22935580
v 0.04523218 0.08185918 0.23011433
v 0.04683461 0.08264337 0.22227059
v 0.04667430 0.08253571 0.22334884
v 0.04714147 0.08243307 0.22228549
v 0.04632694 0.08230239 0.22568510
v 0.04599800 0.08216081 0.22710060
v 0.04713320 0.08308615 0.21782492
v 0.04713752 0.08305354 0.21815453
v 0.04688483 0.08267711 0.22193287
v 0.04708802 0.08342675 0.21438287
v 0.04826144 0.08208545 0.21724688
v 0.04794352 0.08159254 0.22229420
v 0.04770191 0.08189989 0.22229694
v 0.04710464 0.08110724 0.22724198
v 0.04686817 0.08141434 0.22722004
v 0.04575246 0.08063085 0.23207818
v 0.04552363 0.08093771 0.23203228
v 0.04389049 0.08016627 0.23677479
v 0.04367176 0.08047289 0.23670577
v 0.04155531 0.07972281 0.24123989
v 0.04134890 0.08002920 0.24114905
v 0.03877163 0.07930534 0.24542724
v 0.03857965 0.07961150 0.24531601
v 0.03554803 0.07891559 0.24932252
v 0.03537250 0.07922155 0.24919246
v 0.03194416 0.07856140 0.25285065
v 0.03178683 0.07886717 0.25270355
v 0.02800613 0.07824721 0.25597095
v 0.02786851 0.07855281 0.25580907
v 0.02373331 0.07797353 0.25868189
v 0.02361690 0.07827898 0.25850713
v 0.01920023 0.07774563 0.26093435
v 0.01910620 0.07805096 0.26074886
v 0.01448619 0.07756769 0.26268983
v 0.01441533 0.07787292 0.26249599
v 0.00959105 0.07743985 0.26394928
v 0.00954418 0.07774501 0.26374948
v 0.00457685 0.07736432 0.26469278
v 0.00455449 0.07766943 0.26448953
v -0.00046096 0.07734247 0.26490784
v -0.00045871 0.07764757 0.26470339
v -0.00550668 0.07737431 0.26459455
v -0.00547978 0.07767943 0.26439166
v -0.01051483 0.07745979 0.26375294
v -0.01046344 0.07776496 0.26355410
v -0.01541209 0.07759840 0.26238716
v -0.01533669 0.07790364 0.26219463
v -0.02012867 0.07778750 0.26052094
v -0.02003007 0.07809284 0.26033735
v -0.02459081 0.07802328 0.25818968
v -0.02447015 0.07832876 0.25801718
v -0.02878294 0.07830407 0.25540686
v -0.02864144 0.07860970 0.25524771
v -0.03268379 0.07862856 0.25218248
v -0.03252273 0.07893436 0.25203860
v -0.03621722 0.07898999 0.24857996
v -0.03603829 0.07929599 0.24845348
v -0.03934183 0.07938357 0.24464379
v -0.03914690 0.07968977 0.24453638
v -0.04205255 0.07980838 0.24037980
v -0.04184354 0.08011481 0.24029301
v -0.04429756 0.08025628 0.23586629
v -0.04407665 0.08056296 0.23580180
v -0.04604864 0.08072061 0.23116849
v -0.04581817 0.08102752 0.23112713
v -0.04730684 0.08120149 0.22628270
v -0.04706918 0.08150864 0.22626553
v -0.04804982 0.08169084 0.22128938
v -0.04780748 0.08199824 0.22129713
v -0.04802043 0.08248732 0.21631251
v -0.04753588 0.08315127 0.21232377
v 0.04774527 0.08267398 0.21730028
v 0.04743311 0.08218121 0.22229396
v 0.04660539 0.08169601 0.22718965
v 0.04526964 0.08121970 0.23197542
v 0.04342924 0.08075520 0.23662339
v 0.04112029 0.08031178 0.24104272
v 0.03836722 0.07989434 0.24518727
v 0.03517847 0.07950462 0.24904309
v 0.03161306 0.07915045 0.25253570
v 0.02771660 0.07883625 0.25562477
v 0.02348851 0.07856257 0.25830877
v 0.01900255 0.07833467 0.26053882
v 0.01433725 0.07815672 0.26227689
v 0.00949255 0.07802887 0.26352394
v 0.00452987 0.07795334 0.26426017
v -0.00045623 0.07793149 0.26447296
v -0.00545015 0.07796332 0.26416278
v -0.01040682 0.07804882 0.26332951
v -0.01525360 0.07818743 0.26197720
v -0.01992136 0.07837653 0.26012945
v -0.02433705 0.07861232 0.25782132
v -0.02848524 0.07889312 0.25506639
v -0.03234483 0.07921761 0.25187421
v -0.03584046 0.07957902 0.24830805
v -0.03893119 0.07997257 0.24441181
v -0.04161200 0.08039735 0.24019133
v -0.04383166 0.08084520 0.23572432
v -0.04556230 0.08130945 0.23107515
v -0.04680502 0.08179024 0.22624050
v -0.04753781 0.08227948 0.22129987
v -0.04694277 0.08361980 0.21242665
v 0.04865233 0.08140805 0.21718334
v 0.04847408 0.08175547 0.21721612
v 0.04833144 0.08091722 0.22227155
v 0.04815429 0.08126337 0.22228561
v 0.04748540 0.08043393 0.22725938
v 0.04731128 0.08077885 0.22725509
v 0.04612196 0.07995950 0.23213468
v 0.04595276 0.08030322 0.23211251
v 0.04424467 0.07949682 0.23686908
v 0.04408228 0.07983938 0.23682939
v 0.04189039 0.07905513 0.24137019
v 0.04173657 0.07939661 0.24131392
v 0.03908407 0.07863932 0.24559115
v 0.03894047 0.07897979 0.24551938
v 0.03583432 0.07825112 0.24951778
v 0.03570260 0.07859064 0.24943136
v 0.03220130 0.07789832 0.25307417
v 0.03208288 0.07823700 0.25297463
v 0.02823148 0.07758534 0.25621963
v 0.02812761 0.07792329 0.25610840
v 0.02392421 0.07731272 0.25895226
v 0.02383616 0.07765003 0.25883090
v 0.01935462 0.07708569 0.26122272
v 0.01928336 0.07742247 0.26109302
v 0.01460265 0.07690843 0.26299226
v 0.01454887 0.07724480 0.26285589
v 0.00966815 0.07678108 0.26426184
v 0.00963254 0.07711715 0.26412082
v 0.00461363 0.07670583 0.26501131
v 0.00459664 0.07704173 0.26486742
v -0.00046467 0.07668407 0.26522791
v -0.00046296 0.07701991 0.26508331
v -0.00555094 0.07671578 0.26491225
v -0.00553049 0.07705171 0.26476872
v -0.01059935 0.07680094 0.26406395
v -0.01056031 0.07713706 0.26392353
v -0.01553600 0.07693902 0.26268709
v -0.01547879 0.07727545 0.26255190
v -0.02029054 0.07712740 0.26080596
v -0.02021584 0.07746428 0.26067781
v -0.02478861 0.07736228 0.25845599
v -0.02469739 0.07769970 0.25833654
v -0.02901455 0.07764199 0.25565100
v -0.02890782 0.07798006 0.25554192
v -0.03294691 0.07796521 0.25240064
v -0.03282575 0.07830406 0.25230360
v -0.03650893 0.07832523 0.24876927
v -0.03637474 0.07866493 0.24868558
v -0.03965889 0.07871725 0.24480139
v -0.03951320 0.07905789 0.24473248
v -0.04239170 0.07914036 0.24050306
v -0.04223604 0.07948204 0.24045001
v -0.04465508 0.07958647 0.23595332
v -0.04449120 0.07992925 0.23591708
v -0.04642060 0.08004890 0.23121761
v -0.04625032 0.08039284 0.23119877
v -0.04768931 0.08052779 0.22629236
v -0.04751445 0.08087295 0.22629164
v -0.04843867 0.08101511 0.22125863
v -0.04826115 0.08136151 0.22127639
v -0.04847757 0.08184956 0.21624444
v -0.04826311 0.08224880 0.21216510
v -0.04694211 0.08362029 0.21242355
v -0.04693905 0.08362339 0.21239315
v -0.04714110 0.08349892 0.21132122
v -0.04688235 0.08368151 0.21177267
v -0.04684131 0.08372011 0.21138118
v -0.04714229 0.08349804 0.21132098
v -0.04743000 0.08325328 0.21125995
v -0.04743118 0.08325211 0.21125971
v -0.04730261 0.08337975 0.21128891
v -0.04770255 0.08298270 0.21119808
v -0.04770372 0.08298153 0.21119772
v -0.04793079 0.08267147 0.21113704
v -0.04856520 0.08129296 0.21091245
v -0.04845309 0.08164963 0.21096431
v -0.04845235 0.08165202 0.21096466
v -0.04838464 0.08186742 0.21099590
v -0.04831612 0.08200420 0.21101891
v -0.04831507 0.08200630 0.21101926
v -0.04814369 0.08234841 0.21107660
v -0.04814271 0.08235037 0.21107696
v -0.04809240 0.08245079 0.21109389
v -0.04793198 0.08266983 0.21113668
v 0.00292652 0.06070000 0.26667893
v -0.00000000 0.06070000 0.26676261
v -0.00292652 0.06070000 0.26667893
v 0.01444233 0.06070000 0.26468611
v 0.00874141 0.06070000 0.26601183
v -0.03013138 0.06070000 0.25697231
v -0.03466246 0.06070000 0.25326729
v -0.00874141 0.06070000 0.26601183
v -0.01444233 0.06070000 0.26468611
v -0.01995499 0.06070000 0.26271915
v -0.02520749 0.06070000 0.26013672
v 0.03013138 0.06070000 0.25697231
v 0.02520749 0.06070000 0.26013672
v 0.01995499 0.06070000 0.26271915
v 0.02261813 0.06070000 0.16949700
v 0.02771464 0.06070000 0.17237519
v -0.02261813 0.06070000 0.16949700
v -0.01722676 0.06070000 0.16721867
v 0.00584349 0.06070000 0.16457163
v 0.01161081 0.06070000 0.16556965
v 0.01722676 0.06070000 0.16721867
v 0.05107452 0.06070000 0.21111320
v 0.05124166 0.06070000 0.21696387
v -0.01161081 0.06070000 0.16556965
v -0.00584349 0.06070000 0.16457163
v -0.00000000 0.06070000 0.16423748
v -0.03676202 0.06070000 0.17977320
v -0.03244985 0.06070000 0.17581557
v -0.02771464 0.06070000 0.17237519
v 0.05074079 0.06070000 0.22279547
v 0.04957843 0.06070000 0.22853182
v 0.04776974 0.06070000 0.23409842
v 0.04663007 0.06070000 0.19420479
v 0.04875360 0.06070000 0.19965898
v 0.05024155 0.06070000 0.20531975
v 0.03244985 0.06070000 0.17581557
v 0.03676202 0.06070000 0.17977320
v 0.04059494 0.06070000 0.18419658
v 0.04389865 0.06070000 0.18902813
v 0.04533830 0.06070000 0.23942254
v 0.04231581 0.06070000 0.24443482
v 0.03874166 0.06070000 0.24906980
v 0.03466246 0.06070000 0.25326729
v -0.04957843 0.06070000 0.22853182
v -0.05074079 0.06070000 0.22279547
v -0.03874166 0.06070000 0.24906980
v -0.04231581 0.06070000 0.24443482
v -0.04533830 0.06070000 0.23942254
v -0.04776974 0.06070000 0.23409842
v -0.05124166 0.06070000 0.21696387
v -0.05107452 0.06070000 0.21111320
v -0.05024155 0.06070000 0.20531975
v -0.04875360 0.06070000 0.19965898
v -0.04663007 0.06070000 0.19420479
v -0.04389865 0.06070000 0.18902813
v -0.04059494 0.06070000 0.18419658
v 0.00294007 0.06264994 0.26691604
v 0.00573985 0.06264994 0.26659477
v 0.00569149 0.06895471 0.26616251
v 0.00878189 0.06264994 0.26624572
v 0.01140804 0.06264994 0.26563501
v 0.01131183 0.06895471 0.26521039
v 0.01450923 0.06264994 0.26491392
v 0.01693381 0.06264994 0.26404881
v 0.01679074 0.06895471 0.26363683
v 0.02004741 0.06264994 0.26293790
v 0.02224816 0.06264994 0.26185584
v 0.02205972 0.06895471 0.26146150
v 0.02532425 0.06264994 0.26034343
v 0.02728474 0.06264994 0.25908351
v 0.02705291 0.06895471 0.25871146
v 0.03027094 0.06264994 0.25716436
v 0.03198065 0.06264994 0.25576639
v 0.03170788 0.06895471 0.25542116
v 0.03482301 0.06264994 0.25344217
v 0.03627725 0.06264994 0.25194585
v 0.03596642 0.06895471 0.25163174
v 0.03892110 0.06264994 0.24922536
v 0.04012084 0.06264994 0.24766944
v 0.03977529 0.06895471 0.24739061
v 0.04251180 0.06264994 0.24456881
v 0.04346342 0.06264994 0.24299072
v 0.04308689 0.06895471 0.24275075
v 0.04554830 0.06264994 0.23953341
v 0.04626318 0.06264994 0.23796795
v 0.04585979 0.06895471 0.23777030
v 0.04799100 0.06264994 0.23418461
v 0.04848512 0.06264994 0.23266385
v 0.04805934 0.06895471 0.23251127
v 0.04980806 0.06264994 0.22859226
v 0.05010141 0.06264994 0.22714458
v 0.04965804 0.06895471 0.22703968
v 0.05097580 0.06264994 0.22282921
v 0.05109178 0.06264994 0.22147892
v 0.05063590 0.06895471 0.22142373
v 0.05147900 0.06264994 0.21697067
v 0.05144378 0.06264994 0.21573780
v 0.05098069 0.06895471 0.21573375
v 0.00000000 0.06895471 0.26648128
v 0.00000000 0.07521406 0.26556480
v -0.00558919 0.07521406 0.26525187
v -0.04963499 0.07582123 0.20986103
v -0.04972593 0.07521258 0.20976876
v -0.04977698 0.07521406 0.21013902
v 0.04876544 0.07521406 0.22683226
v 0.01110850 0.07521406 0.26431692
v -0.04972572 0.07521406 0.22131728
v -0.05006431 0.07521406 0.21572958
v -0.04876544 0.07521406 0.22683226
v -0.04503547 0.07521406 0.23737000
v -0.04719548 0.07521406 0.23220550
v -0.04231240 0.07521406 0.24226092
v -0.03906034 0.07521406 0.24681734
v -0.03531992 0.07521406 0.25098228
v -0.03113793 0.07521406 0.25470352
v -0.02656664 0.07521406 0.25793469
v -0.02166320 0.07521406 0.26063526
v -0.01648892 0.07521406 0.26277161
v -0.01110850 0.07521406 0.26431692
v 0.00558919 0.07521406 0.26525187
v 0.02166320 0.07521406 0.26063526
v 0.01648892 0.07521406 0.26277161
v 0.02656664 0.07521406 0.25793469
v 0.03113793 0.07521406 0.25470352
v 0.03531992 0.07521406 0.25098228
v 0.03906034 0.07521406 0.24681734
v 0.04231240 0.07521406 0.24226092
v 0.04719548 0.07521406 0.23220550
v 0.05006431 0.07521406 0.21572958
v 0.04972572 0.07521406 0.22131728
v 0.04970691 0.07520913 0.20978580
v 0.04945522 0.07681344 0.21003996
v 0.04977698 0.07521406 0.21013902
v 0.04939395 0.07720398 0.21010183
v 0.04930531 0.07764134 0.21018849
v 0.05016238 0.07230586 0.20932566
v 0.05068810 0.06895471 0.21004091
v 0.05018060 0.07214060 0.20930670
v 0.05131108 0.06264994 0.21109293
v 0.05118711 0.06264994 0.20998727
v 0.05101297 0.06264994 0.20843409
v 0.05069815 0.06741365 0.20876740
v 0.05069286 0.06749369 0.20877300
v 0.05053213 0.06895171 0.20894049
v -0.05017916 0.07217898 0.20930837
v -0.05053300 0.06895184 0.20893978
v -0.05068810 0.06895471 0.21004091
v -0.05069293 0.06749314 0.20877324
v -0.05069819 0.06741365 0.20876764
v -0.04877905 0.08031725 0.21070574
v -0.04930533 0.07755283 0.21018635
v -0.04944674 0.07681008 0.21004687
v -0.05098069 0.06895471 0.21573375
v 0.04503547 0.07521406 0.23737000
v 0.00000000 0.06264994 0.26691604
v -0.00569149 0.06895471 0.26616251
v -0.00573985 0.06264994 0.26659477
v -0.00294007 0.06264994 0.26691604
v -0.01131183 0.06895471 0.26521039
v -0.01140804 0.06264994 0.26563501
v -0.00878189 0.06264994 0.26624572
v -0.01679074 0.06895471 0.26363683
v -0.01693381 0.06264994 0.26404881
v -0.01450923 0.06264994 0.26491392
v -0.02205972 0.06895471 0.26146150
v -0.02224816 0.06264994 0.26185584
v -0.02004741 0.06264994 0.26293790
v -0.02705291 0.06895471 0.25871146
v -0.02728474 0.06264994 0.25908351
v -0.02532425 0.06264994 0.26034343
v -0.03170788 0.06895471 0.25542116
v -0.03198065 0.06264994 0.25576639
v -0.03027094 0.06264994 0.25716436
v -0.03596642 0.06895471 0.25163174
v -0.03627725 0.06264994 0.25194585
v -0.03482301 0.06264994 0.25344217
v -0.03977529 0.06895471 0.24739061
v -0.04012084 0.06264994 0.24766944
v -0.03892110 0.06264994 0.24922536
v -0.04308689 0.06895471 0.24275075
v -0.04346342 0.06264994 0.24299072
v -0.04251180 0.06264994 0.24456881
v -0.04585979 0.06895471 0.23777030
v -0.04626318 0.06264994 0.23796795
v -0.04554830 0.06264994 0.23953341
v -0.04805934 0.06895471 0.23251127
v -0.04848512 0.06264994 0.23266385
v -0.04799100 0.06264994 0.23418461
v -0.04965804 0.06895471 0.22703968
v -0.05010141 0.06264994 0.22714458
v -0.04980806 0.06264994 0.22859226
v -0.05063590 0.06895471 0.22142373
v -0.05109178 0.06264994 0.22147892
v -0.05097580 0.06264994 0.22282921
v -0.05144378 0.06264994 0.21573780
v -0.05147900 0.06264994 0.21697067
v -0.05131108 0.06264994 0.21109293
v -0.05118711 0.06264994 0.20998727
v -0.05101297 0.06264994 0.20843409
v 0.06585283 -0.00925501 0.03300999
v 0.06392390 -0.01832988 0.03300999
v 0.06075077 -0.02704799 0.03300999
v 0.05639520 -0.03523963 0.03300999
v 0.05094196 -0.04274538 0.03300999
v 0.04449718 -0.04941913 0.03300999
v 0.03718633 -0.05513100 0.03300999
v 0.02915168 -0.05976981 0.03300999
v 0.02054963 -0.06324526 0.03300999
v 0.01154760 -0.06548972 0.03300999
v 0.00232082 -0.06645949 0.03300999
v -0.00695114 -0.06613570 0.03300999
v -0.01608781 -0.06452467 0.03300999
v -0.02491134 -0.06165773 0.03300999
v -0.03325000 -0.05759069 0.03300999
v -0.04094149 -0.05240272 0.03300999
v -0.04783610 -0.04619478 0.03300999
v -0.05379963 -0.03908772 0.03300999
v -0.05871601 -0.03121986 0.03300999
v -0.06248956 -0.02274434 0.03300999
v -0.06504682 -0.01382613 0.03300999
v -0.06633801 -0.00463881 0.03300999
v -0.06633801 0.00463881 0.03300999
v -0.06504682 0.01382613 0.03300999
v -0.06248956 0.02274434 0.03300999
v -0.05871601 0.03121986 0.03300999
v -0.05379963 0.03908772 0.03300999
v -0.04783610 0.04619478 0.03300999
v -0.04094149 0.05240272 0.03300999
v -0.03325000 0.05759069 0.03300999
v -0.02491134 0.06165773 0.03300999
v -0.01608781 0.06452467 0.03300999
v -0.00695114 0.06613570 0.03300999
v 0.00232082 0.06645949 0.03300999
v 0.01154760 0.06548972 0.03300999
v 0.02054963 0.06324526 0.03300999
v 0.02915168 0.05976981 0.03300999
v 0.03718633 0.05513100 0.03300999
v 0.04449718 0.04941913 0.03300999
v 0.05094196 0.04274538 0.03300999
v 0.05639520 0.03523963 0.03300999
v 0.06075077 0.02704799 0.03300999
v 0.06392390 0.01832988 0.03300999
v 0.06585283 0.00925501 0.03300999
v 0.06650000 0.00000000 0.03300999
v 0.04337830 0.08411634 0.18483637
v 0.04283286 0.08401150 0.18181525
v 0.04270731 0.08421563 0.18183826
v 0.04294473 0.08379795 0.18179499
v 0.04619551 0.08255457 0.19646119
v 0.04564628 0.08259087 0.19354533
v 0.04555207 0.08299258 0.19358431
v 0.04469175 0.08379491 0.19074176
v 0.04523003 0.08376227 0.19368766
v 0.04541287 0.08338562 0.19363187
v 0.04573966 0.08442440 0.20331655
v 0.04608766 0.08424332 0.20561408
v 0.04640177 0.08403371 0.20554434
v 0.04767606 0.08214673 0.20516501
v 0.04022325 0.07984138 0.16666327
v 0.04020805 0.07982454 0.16656958
v 0.04032126 0.08005587 0.16652690
v 0.04012721 0.07973496 0.16607128
v 0.03970077 0.07926241 0.16344284
v 0.03982237 0.07949659 0.16339467
v 0.03897294 0.08343749 0.16293620
v 0.03967974 0.08414858 0.16842888
v 0.03917131 0.08325460 0.16293810
v 0.04001946 0.08409104 0.16943406
v 0.03917201 0.08325395 0.16293810
v 0.03936232 0.08305194 0.16294359
v 0.03936183 0.08305255 0.16294359
v 0.04020426 0.08390413 0.16942285
v 0.03927471 0.08315927 0.16293906
v 0.04037715 0.08369847 0.16941522
v 0.03954247 0.08283128 0.16295312
v 0.04053546 0.08347521 0.16941153
v 0.03959944 0.08276148 0.16295610
v 0.03954287 0.08283079 0.16295312
v 0.04067667 0.08323597 0.16941176
v 0.03970062 0.08258725 0.16296862
v 0.03970040 0.08258763 0.16296862
v 0.03986040 0.08231209 0.16298829
v 0.03984937 0.08233108 0.16298698
v 0.03984923 0.08233133 0.16298698
v 0.03995936 0.08205300 0.16301320
v 0.04079849 0.08298285 0.16941629
v 0.03995939 0.08205293 0.16301320
v 0.04089896 0.08271836 0.16942523
v 0.04004795 0.08182105 0.16303550
v 0.04011897 0.08147179 0.16307662
v 0.04005865 0.08176842 0.16304170
v 0.04005863 0.08176856 0.16304170
v 0.04011903 0.08147150 0.16307662
v 0.04097656 0.08244533 0.16943835
v 0.04015388 0.08130005 0.16309689
v 0.04103027 0.08216685 0.16945563
v 0.04015807 0.08117338 0.16311441
v 0.04015809 0.08117287 0.16311453
v 0.04059492 0.08141387 0.16633056
v 0.04016799 0.08087286 0.16315614
v 0.04014587 0.08057694 0.16320096
v 0.04014599 0.08057779 0.16320084
v 0.04058765 0.08112493 0.16636525
v 0.04017165 0.08076236 0.16317140
v 0.04016802 0.08087222 0.16315614
v 0.04010562 0.08028736 0.16324721
v 0.04055497 0.08084174 0.16640280
v 0.04009663 0.08022264 0.16325758
v 0.04002839 0.08001160 0.16329597
v 0.04049834 0.08056742 0.16644262
v 0.04002804 0.08001050 0.16329621
v 0.03994183 0.07974387 0.16334473
v 0.04041968 0.08030470 0.16648422
v 0.03992707 0.07969823 0.16335307
v 0.03982302 0.07949785 0.16339432
v 0.04086154 0.08055491 0.16962884
v 0.04078589 0.08029816 0.16966484
v 0.04065860 0.08019482 0.16898571
v 0.04143900 0.08099144 0.17269991
v 0.04134687 0.08075360 0.17265759
v 0.04120748 0.08064044 0.17191397
v 0.04204140 0.08136784 0.17574106
v 0.04199085 0.08111421 0.17576467
v 0.04180190 0.08100840 0.17485295
v 0.04265675 0.08168553 0.17875586
v 0.04261400 0.08146315 0.17877124
v 0.04241413 0.08135124 0.17780684
v 0.04329048 0.08217426 0.18174218
v 0.04389420 0.08214362 0.18471776
v 0.04327654 0.08194418 0.18174730
v 0.04324987 0.08169063 0.18175755
v 0.04304142 0.08161607 0.18077861
v 0.04430927 0.08201046 0.18677066
v 0.04401399 0.08196399 0.18534611
v 0.04388068 0.08191630 0.18472002
v 0.04660989 0.08211980 0.19830142
v 0.04624793 0.08213820 0.19642650
v 0.04568628 0.08216675 0.19351719
v 0.04555244 0.08217356 0.19282387
v 0.04539617 0.08218150 0.19201444
v 0.04672009 0.08246666 0.19936775
v 0.04678494 0.08206961 0.19932662
v 0.04671651 0.08208923 0.19892584
v 0.04772615 0.08179975 0.20483898
v 0.04775648 0.08178142 0.20505844
v 0.04776447 0.08177660 0.20511638
v 0.04717936 0.08318773 0.20534121
v 0.04815010 0.08235303 0.21107636
v 0.04737999 0.08285601 0.20527826
v 0.04754611 0.08250722 0.20521925
v 0.04839463 0.08184222 0.21099196
v 0.04694690 0.08349735 0.20540725
v 0.04668625 0.08378050 0.20547520
v 0.04732301 0.08336209 0.21128462
v 0.04629130 0.08413737 0.20695852
v 0.04646331 0.08400688 0.20834170
v 0.04684050 0.08372078 0.21137486
v 0.04490557 0.08474462 0.19829188
v 0.04517131 0.08466016 0.19981836
v 0.04548544 0.08444913 0.19974409
v 0.04546754 0.08456600 0.20151995
v 0.04305809 0.08509346 0.18812583
v 0.04400829 0.08497781 0.19323514
v 0.04445760 0.08472549 0.19389223
v 0.04414454 0.08496123 0.19396780
v 0.04427355 0.08494553 0.19466148
v 0.04226073 0.08475944 0.18192218
v 0.04192350 0.08503672 0.18198703
v 0.04210005 0.08505023 0.18294321
v 0.04336684 0.08483786 0.18796109
v 0.04290622 0.08511195 0.18730913
v 0.04304107 0.08509553 0.18803428
v 0.04101232 0.08463105 0.17577349
v 0.04083860 0.08476206 0.17579971
v 0.04168714 0.08501862 0.18070696
v 0.03983573 0.08424185 0.16944824
v 0.04027390 0.08450387 0.17231165
v 0.04056977 0.08468078 0.17424510
v 0.04602905 0.08388404 0.19960104
v 0.04500661 0.08411520 0.19375049
v 0.04474720 0.08443799 0.19381915
v 0.04577033 0.08418251 0.19967125
v 0.04499692 0.08299048 0.19064961
v 0.04437741 0.08314939 0.18771480
v 0.04486817 0.08340064 0.19069110
v 0.04431267 0.08336279 0.18773280
v 0.04423476 0.08357242 0.18775354
v 0.04507683 0.08257328 0.19061802
v 0.04446679 0.08271643 0.18768679
v 0.04442879 0.08293351 0.18769942
v 0.04510271 0.08213532 0.19059859
v 0.04608953 0.08294260 0.19650601
v 0.04414402 0.08377704 0.18777679
v 0.04660447 0.08284312 0.19941710
v 0.04644950 0.08320891 0.19947289
v 0.04625675 0.08355782 0.19953464
v 0.04512313 0.08394212 0.19371818
v 0.04404094 0.08397543 0.18780254
v 0.04359230 0.08370510 0.18478988
v 0.04203749 0.08288595 0.17566751
v 0.04196821 0.08313942 0.17566811
v 0.04249852 0.08338876 0.17873763
v 0.04312371 0.08334859 0.18176363
v 0.04318951 0.08311609 0.18175291
v 0.04263263 0.08290341 0.17872547
v 0.04323903 0.08288068 0.18174540
v 0.04267266 0.08265636 0.17872475
v 0.04327222 0.08264409 0.18174110
v 0.04269462 0.08240912 0.17872761
v 0.04105962 0.08188613 0.16947673
v 0.04106470 0.08160637 0.16950165
v 0.04104611 0.08133066 0.16952966
v 0.04100498 0.08106188 0.16956054
v 0.04094283 0.08080257 0.16959380
v 0.04152016 0.08255965 0.17257760
v 0.04155980 0.08229032 0.17258941
v 0.04157726 0.08202073 0.17260514
v 0.04157293 0.08175359 0.17262433
v 0.04154761 0.08149149 0.17264675
v 0.04150247 0.08123675 0.17267214
v 0.04208687 0.08262871 0.17567097
v 0.04211618 0.08237012 0.17567812
v 0.04212559 0.08211254 0.17568897
v 0.04211564 0.08185827 0.17570327
v 0.04208721 0.08160941 0.17572080
v 0.04269885 0.08216368 0.17873393
v 0.04268595 0.08192191 0.17874335
v 0.04449524 0.08203973 0.18766795
v 0.04450330 0.08228363 0.18766974
v 0.04389439 0.08236669 0.18471919
v 0.04328924 0.08240807 0.18174015
v 0.04388052 0.08259213 0.18472348
v 0.04449154 0.08249940 0.18767689
v 0.04304193 0.08357645 0.18177770
v 0.04118832 0.08445983 0.17574905
v 0.04240524 0.08362299 0.17874895
v 0.04187957 0.08338676 0.17567252
v 0.04229551 0.08384901 0.17876385
v 0.04177249 0.08362570 0.17568086
v 0.04164820 0.08385417 0.17569278
v 0.04150821 0.08407032 0.17570840
v 0.04256921 0.08440904 0.18186401
v 0.04392615 0.08416646 0.18783055
v 0.04380042 0.08434908 0.18786059
v 0.04366463 0.08452237 0.18789254
v 0.04241988 0.08459061 0.18189202
v 0.04135428 0.08427263 0.17572723
v 0.02612546 0.09177493 0.22544216
v 0.02465268 0.09209645 0.22598897
v 0.02668859 0.09125027 0.22713135
v 0.00583296 0.09459449 0.23025523
v 0.00243247 0.09469576 0.23043321
v 0.00699730 0.09381511 0.23291992
v -0.03457418 0.08930747 0.22138511
v -0.03632772 0.08864979 0.22032057
v -0.03733997 0.08796114 0.22198509
v -0.04586708 0.08422749 0.21335565
v -0.04607110 0.08301189 0.22296034
v -0.03578985 0.08045041 0.24687944
v -0.02351643 0.08085535 0.25498235
v -0.01058403 0.07925718 0.26181281
v 0.03822058 0.08478554 0.23358713
v 0.04494245 0.08472984 0.21412872
v 0.04367931 0.08543081 0.21520351
v 0.04343574 0.08554748 0.21538685
v 0.04477594 0.08396494 0.22204696
v 0.04152196 0.08465790 0.22781037
v 0.03489583 0.08434693 0.23933528
v 0.03157186 0.08334526 0.24501275
v 0.02827286 0.08178782 0.25057852
v 0.02502280 0.07968593 0.25599194
v 0.01884528 0.08299206 0.25372982
v 0.01554122 0.08025618 0.25915968
v 0.00912804 0.08296004 0.25675762
v 0.00582318 0.07959158 0.26211119
v -0.00073115 0.08170043 0.25950301
v -0.00728034 0.08330169 0.25654435
v -0.01711027 0.08030516 0.25856948
v -0.02975756 0.08090388 0.25107646
v -0.03835996 0.08342918 0.23729979
v -0.03251389 0.08446097 0.24165510
v -0.04393683 0.08187767 0.23275004
v -0.04068882 0.08518817 0.22748850
v -0.04283953 0.08568773 0.21764968
v -0.04127765 0.08660470 0.21704350
v -0.04208553 0.08620258 0.21641527
v -0.04342192 0.08553740 0.21537600
v -0.04448492 0.08500829 0.21454941
v -0.03798587 0.08802789 0.21931396
v -0.03821556 0.08792858 0.21915554
v -0.04087837 0.08677733 0.21731888
v -0.03255479 0.08996101 0.22245251
v -0.03157837 0.08968301 0.22623347
v -0.03101561 0.09045914 0.22326611
v -0.02341888 0.09238209 0.22646986
v -0.02654076 0.09166659 0.22526263
v -0.02559515 0.09084128 0.23036490
v -0.02697594 0.09156685 0.22509442
v -0.03004927 0.09072412 0.22370349
v -0.01599810 0.09364946 0.22863351
v -0.01958927 0.09310810 0.22771572
v -0.01943231 0.09142780 0.23435043
v -0.02019718 0.09299285 0.22751795
v -0.02327841 0.09240872 0.22651552
v -0.01530618 0.09375377 0.22881041
v -0.01313310 0.09143848 0.23816226
v -0.01476329 0.09381492 0.22891544
v -0.00947415 0.09380481 0.23206769
v -0.01360449 0.09394544 0.22913967
v -0.01134457 0.09419998 0.22957705
v -0.00278559 0.09470432 0.23043655
v -0.00308799 0.09323618 0.23568748
v 0.00000040 0.09471856 0.23046933
v 0.00000580 0.09471859 0.23046933
v -0.00684831 0.09453430 0.23015343
v -0.00723466 0.09451813 0.23012649
v -0.00823950 0.09444035 0.22999214
v 0.00142284 0.09472583 0.23048602
v 0.00331985 0.09207901 0.23912404
v 0.00684593 0.09452771 0.23014079
v 0.01488151 0.09379625 0.22888301
v 0.01406745 0.09390897 0.22907303
v 0.01332471 0.09205054 0.23624550
v 0.01360885 0.09395532 0.22915326
v 0.01000736 0.09431926 0.22978352
v 0.00875325 0.09440195 0.22992526
v 0.02233717 0.09260195 0.22684871
v 0.02312317 0.09077992 0.23329543
v 0.02019017 0.09298217 0.22750042
v 0.01814555 0.09334426 0.22812115
v 0.01697243 0.09314977 0.23001502
v 0.01806072 0.09335601 0.22814094
v 0.02653946 0.09166586 0.22526143
v 0.03256886 0.08829484 0.23043250
v 0.03010574 0.09072641 0.22370456
v 0.02816423 0.09123786 0.22455214
v 0.03705909 0.08839405 0.21990286
v 0.03365263 0.08962286 0.22189711
v 0.03600176 0.08816212 0.22442554
v 0.03265698 0.08993264 0.22240447
v 0.03255836 0.08996332 0.22245477
v 0.04032743 0.08703642 0.21772681
v 0.03945268 0.08739978 0.21830915
v 0.03937704 0.08741824 0.21843539
v 0.03931933 0.08745517 0.21839796
v 0.03820295 0.08791891 0.21914123
v 0.02911165 0.08783875 0.23640953
v 0.01955861 0.08970574 0.23938392
v 0.02565526 0.08679719 0.24231325
v 0.00970438 0.09034140 0.24235331
v 0.01602082 0.08803558 0.24535249
v 0.02222482 0.08517769 0.24810062
v -0.00674173 0.09087322 0.24177335
v -0.00030304 0.08973599 0.24515854
v 0.00613777 0.08803479 0.24829398
v 0.01253552 0.08578154 0.25115788
v -0.02643965 0.08496580 0.24578522
v -0.02017986 0.08494012 0.24966131
v -0.01377845 0.08438411 0.25325608
v -0.03502100 0.08683240 0.23189102
v -0.02910740 0.08793301 0.23613690
v -0.02298954 0.08848230 0.24019645
v -0.01671034 0.08847640 0.24404107
v -0.01031387 0.08791536 0.24764381
v -0.00384502 0.08680312 0.25097942
v 0.00265081 0.08514747 0.25402451
v -0.01248019 0.06578235 0.03850000
v -0.00971378 0.06618416 0.03850000
v -0.00971902 0.06622016 0.03300999
v 0.00657978 0.06656708 0.03850000
v 0.00971620 0.06619637 0.03850000
v 0.00971902 0.06622016 0.03300999
v 0.04786744 0.04828805 0.03850000
v 0.04786745 0.04828802 0.03300999
v 0.04497963 0.05075879 0.03850000
v 0.04499632 0.05077830 0.03300999
v 0.04425218 0.05138119 0.03850000
v 0.03705346 0.05641802 0.03850000
v 0.03751320 0.05611947 0.03850000
v 0.03706128 0.05643006 0.03300999
v 0.04053406 0.05415773 0.03850000
v 0.04292845 0.05236970 0.03850000
v 0.02842631 0.06094056 0.03300999
v 0.03177134 0.05934442 0.03850000
v 0.03259341 0.05895237 0.03850000
v 0.03664224 0.05668506 0.03850000
v 0.01925125 0.06421187 0.03850000
v 0.01951686 0.06414444 0.03850000
v 0.01925448 0.06422460 0.03300999
v 0.01968127 0.06410271 0.03850000
v 0.02409472 0.06266915 0.03850000
v 0.02574789 0.06200974 0.03850000
v 0.02840493 0.06094991 0.03850000
v 0.02842598 0.06093987 0.03850000
v 0.01062063 0.06608947 0.03850000
v 0.01309969 0.06563035 0.03850000
v 0.01518348 0.06524444 0.03850000
v 0.00000041 0.06685785 0.03850000
v 0.00000042 0.06685785 0.03850000
v -0.00000000 0.06688957 0.03300999
v 0.00137813 0.06687617 0.03850000
v 0.00601225 0.06663416 0.03850000
v -0.00788794 0.06644935 0.03850000
v -0.00657929 0.06655265 0.03850000
v -0.00326189 0.06681448 0.03850000
v -0.01925448 0.06422460 0.03300999
v -0.01924416 0.06418806 0.03850000
v -0.01701896 0.06481632 0.03850000
v -0.01310283 0.06564982 0.03850000
v -0.02992908 0.06026182 0.03849964
v -0.02841382 0.06091144 0.03849976
v -0.02842631 0.06094056 0.03300999
v -0.02591015 0.06198481 0.03849994
v -0.02575949 0.06203828 0.03849994
v -0.02148448 0.06355552 0.03850000
v -0.01950801 0.06411356 0.03850000
v -0.03706128 0.05643006 0.03300999
v -0.03705307 0.05641599 0.03849845
v -0.03382755 0.05829789 0.03849917
v -0.03176659 0.05933614 0.03849940
v -0.04786745 0.04828802 0.03300999
v -0.04786282 0.04829226 0.03849237
v -0.04499632 0.05077830 0.03300999
v -0.04498706 0.05076754 0.03849493
v -0.04458516 0.05111347 0.03849529
v -0.04292979 0.05237205 0.03849619
v -0.04118549 0.05369824 0.03849714
v -0.03758709 0.05610442 0.03849833
v -0.04404062 0.08397560 0.18780147
v -0.04414374 0.08377717 0.18777572
v -0.04469149 0.08379506 0.19074081
v -0.04602883 0.08388425 0.19960056
v -0.04577005 0.08418275 0.19967078
v -0.04474685 0.08443825 0.19381832
v -0.04001868 0.08409127 0.16943203
v -0.04020356 0.08390436 0.16942094
v -0.04118764 0.08446009 0.17574738
v -0.04209860 0.08505248 0.18294309
v -0.04192121 0.08504210 0.18198584
v -0.04226011 0.08475971 0.18192075
v -0.03969366 0.08260308 0.16296659
v -0.03970160 0.08258902 0.16296755
v -0.04053490 0.08347540 0.16940950
v -0.03984047 0.08234289 0.16298567
v -0.03987277 0.08228564 0.16298996
v -0.04067618 0.08323613 0.16940986
v -0.03995732 0.08206493 0.16301106
v -0.03996146 0.08205413 0.16301213
v -0.04079805 0.08298296 0.16941439
v -0.04012050 0.08147855 0.16307484
v -0.04012191 0.08147212 0.16307555
v -0.04097621 0.08244532 0.16943632
v -0.04013134 0.08039755 0.16322754
v -0.04010421 0.08028707 0.16324662
v -0.04055466 0.08084140 0.16640078
v -0.04066104 0.08019816 0.16898881
v -0.04078471 0.08030365 0.16966258
v -0.04086113 0.08055445 0.16962694
v -0.04684082 0.08372055 0.21137677
v -0.04683636 0.08372463 0.21133612
v -0.04640148 0.08403396 0.20554410
v -0.04668603 0.08378074 0.20547508
v -0.04694674 0.08349753 0.20540701
v -0.04717925 0.08318787 0.20534097
v -0.04737993 0.08285610 0.20527802
v -0.04754607 0.08250724 0.20521902
v -0.04767604 0.08214668 0.20516466
v -0.04776174 0.08177505 0.20511638
v -0.04676294 0.08227631 0.19934510
v -0.04678370 0.08206745 0.19932614
v -0.04770717 0.08180779 0.20472275
v -0.04567641 0.08238906 0.19352840
v -0.04568586 0.08216513 0.19351636
v -0.04658619 0.08212299 0.19817196
v -0.04671543 0.08208665 0.19892715
v -0.04450307 0.08228342 0.18766855
v -0.04449681 0.08204643 0.18766616
v -0.04537365 0.08217975 0.19190191
v -0.04555232 0.08217138 0.19282590
v -0.04327622 0.08194388 0.18174587
v -0.04388050 0.08190634 0.18471943
v -0.04389392 0.08214337 0.18471645
v -0.04411468 0.08198834 0.18582021
v -0.04431180 0.08201831 0.18677245
v -0.04265639 0.08168519 0.17875431
v -0.04304270 0.08161298 0.18078171
v -0.04325006 0.08168559 0.18175624
v -0.04204102 0.08136745 0.17573951
v -0.04241676 0.08134965 0.17780994
v -0.04261255 0.08146236 0.17875992
v -0.04143859 0.08099101 0.17269813
v -0.04180792 0.08099914 0.17485593
v -0.04199488 0.08110677 0.17576300
v -0.04116837 0.08063094 0.17175280
v -0.04120237 0.08065052 0.17191790
v -0.04136923 0.08074658 0.17272745
v -0.04021654 0.07981896 0.16656695
v -0.03982465 0.07948054 0.16339491
v -0.03970308 0.07926623 0.16343985
v -0.04010938 0.07972755 0.16598307
v -0.03982567 0.07948297 0.16339444
v -0.04032085 0.08005535 0.16652487
v -0.04012611 0.07974181 0.16607426
v -0.03982948 0.07949209 0.16339265
v -0.03993224 0.07973802 0.16334544
v -0.04041931 0.08030424 0.16648220
v -0.03993525 0.07974523 0.16334401
v -0.04003554 0.08000740 0.16329466
v -0.04003419 0.08000189 0.16329561
v -0.04002236 0.07995372 0.16330396
v -0.04010342 0.08028386 0.16324709
v -0.04049801 0.08056701 0.16644071
v -0.04017412 0.08087232 0.16315471
v -0.04017504 0.08085650 0.16315685
v -0.04058735 0.08112466 0.16636322
v -0.04014834 0.08057614 0.16320001
v -0.04014825 0.08057520 0.16320024
v -0.04014542 0.08136521 0.16308795
v -0.04015639 0.08117678 0.16311346
v -0.04102995 0.08216677 0.16945361
v -0.04015663 0.08117270 0.16311406
v -0.04059463 0.08141367 0.16632853
v -0.04017403 0.08087382 0.16315459
v -0.04005682 0.08176824 0.16304122
v -0.04089857 0.08271841 0.16942321
v -0.04005487 0.08177715 0.16304027
v -0.04003776 0.08185495 0.16303121
v -0.03962827 0.08271897 0.16295801
v -0.03935203 0.08307144 0.16294168
v -0.03936444 0.08305560 0.16294239
v -0.03952940 0.08284512 0.16295217
v -0.03932799 0.08310211 0.16294025
v -0.03916850 0.08325277 0.16293846
v -0.03982962 0.08425144 0.16944633
v -0.03977422 0.08422014 0.16908942
v -0.03915257 0.08326782 0.16293822
v -0.03897323 0.08343723 0.16293620
v -0.04116175 0.08486090 0.17767368
v -0.04083565 0.08476781 0.17579816
v -0.04101158 0.08463131 0.17577182
v -0.04064937 0.08471464 0.17472683
v -0.04027441 0.08450277 0.17231141
v -0.04304208 0.08510767 0.18803440
v -0.04336631 0.08483814 0.18796001
v -0.04445717 0.08472578 0.19389139
v -0.04400559 0.08496770 0.19323574
v -0.04574947 0.08443059 0.20331405
v -0.04515835 0.08464634 0.19981895
v -0.04548508 0.08444941 0.19974361
v -0.04445786 0.08490200 0.19567715
v -0.04414108 0.08494801 0.19396709
v -0.04679125 0.08376496 0.21093176
v -0.04667592 0.08386204 0.20994030
v -0.04607845 0.08423925 0.20561443
v -0.04581089 0.08440818 0.20367716
v -0.04176438 0.08503293 0.18113957
v -0.04241932 0.08459086 0.18189059
v -0.04135367 0.08427287 0.17572556
v -0.04037652 0.08369868 0.16941331
v -0.03954065 0.08283077 0.16295289
v -0.04294435 0.08379807 0.18179356
v -0.04304159 0.08357652 0.18177627
v -0.04359198 0.08370519 0.18478857
v -0.04187917 0.08338685 0.17567085
v -0.04145804 0.08282591 0.17256795
v -0.04196784 0.08313946 0.17566644
v -0.04249816 0.08338881 0.17873596
v -0.04177204 0.08362585 0.17567907
v -0.04423450 0.08357251 0.18775247
v -0.04367869 0.08348937 0.18476938
v -0.04312339 0.08334862 0.18176220
v -0.04257416 0.08314823 0.17872809
v -0.04203715 0.08288593 0.17566584
v -0.04151982 0.08255960 0.17257582
v -0.04094246 0.08080215 0.16959189
v -0.04164770 0.08385435 0.17569111
v -0.04283244 0.08401166 0.18181382
v -0.04532655 0.08357659 0.19365798
v -0.04522981 0.08376243 0.19368683
v -0.04105932 0.08188598 0.16947483
v -0.04155948 0.08229021 0.17258762
v -0.04208655 0.08262862 0.17566918
v -0.04263231 0.08290336 0.17872392
v -0.04318921 0.08311606 0.18175147
v -0.04375112 0.08326866 0.18475305
v -0.04431243 0.08336282 0.18773173
v -0.04541269 0.08338571 0.19363116
v -0.04100464 0.08106152 0.16955863
v -0.04104579 0.08133037 0.16952775
v -0.04154727 0.08149117 0.17264496
v -0.04157260 0.08175334 0.17262255
v -0.04211531 0.08185799 0.17570160
v -0.04212527 0.08211233 0.17568730
v -0.04269854 0.08216344 0.17873226
v -0.04269431 0.08240894 0.17872606
v -0.04328895 0.08240787 0.18173860
v -0.04327194 0.08264395 0.18173967
v -0.04388027 0.08259197 0.18472217
v -0.04385195 0.08281846 0.18472944
v -0.04446658 0.08271632 0.18768559
v -0.04442857 0.08293344 0.18769823
v -0.04560468 0.08279227 0.19356285
v -0.04555193 0.08299258 0.19358347
v -0.04666717 0.08265581 0.19939099
v -0.04660438 0.08284314 0.19941650
v -0.04150210 0.08123638 0.17267035
v -0.04208685 0.08160907 0.17571913
v -0.04268562 0.08192161 0.17874180
v -0.04329018 0.08217400 0.18174075
v -0.04389413 0.08236648 0.18471788
v -0.04449132 0.08249924 0.18767570
v -0.04564614 0.08259078 0.19354449
v -0.04672002 0.08246660 0.19936715
v -0.04775384 0.08177979 0.20505939
v -0.04644939 0.08320900 0.19947241
v -0.04548789 0.08319072 0.19360624
v -0.04437718 0.08314937 0.18771361
v -0.04380891 0.08304452 0.18473981
v -0.04323875 0.08288059 0.18174385
v -0.04267235 0.08265624 0.17872320
v -0.04211586 0.08236996 0.17567645
v -0.04157694 0.08202054 0.17260335
v -0.04106439 0.08160614 0.16949962
v -0.04270684 0.08421583 0.18183683
v -0.04392580 0.08416665 0.18782936
v -0.04380003 0.08434930 0.18785952
v -0.04447051 0.08416510 0.19079994
v -0.04150766 0.08407054 0.17570673
v -0.04256870 0.08440927 0.18186258
v -0.04366419 0.08452262 0.18789135
v -0.04500633 0.08411542 0.19374965
v -0.04625659 0.08355797 0.19953404
v -0.03667058 0.07176892 0.17482208
v -0.03712808 0.07283115 0.17411290
v -0.03592400 0.07256911 0.17183541
v -0.04933095 0.06264995 0.20071124
v -0.05009700 0.06264995 0.20367609
v -0.04978722 0.06767306 0.20392500
v -0.04858914 0.07723521 0.20453165
v -0.04734986 0.07759453 0.19880722
v -0.04788144 0.07287596 0.19886278
v -0.03662772 0.07474682 0.16747271
v -0.03621628 0.07417636 0.16801201
v -0.03709566 0.07453018 0.17019962
v -0.03153704 0.06598195 0.17414854
v -0.03144653 0.06555445 0.17426692
v -0.03221253 0.06556121 0.17493330
v -0.03194105 0.06264997 0.17510174
v -0.03258469 0.06264996 0.17564987
v -0.03301840 0.06412804 0.17597292
v -0.03128821 0.06455469 0.17447422
v -0.03124376 0.06412351 0.17453252
v -0.03124113 0.06409802 0.17453597
v -0.03123677 0.06351668 0.17454170
v -0.03123026 0.06264994 0.17455016
v -0.03306697 0.06485343 0.17589448
v -0.03315732 0.06556151 0.17576109
v -0.03143301 0.06549061 0.17428456
v -0.03133884 0.06504579 0.17440771
v -0.03133873 0.06504470 0.17440794
v -0.03131867 0.06485014 0.17443417
v -0.03163714 0.06628469 0.17401706
v -0.03161917 0.06623033 0.17404066
v -0.03236638 0.06624308 0.17472409
v -0.03255810 0.06689777 0.17446433
v -0.03183328 0.06687783 0.17375933
v -0.03207476 0.06749578 0.17344259
v -0.03193823 0.06719523 0.17362152
v -0.03364392 0.06755156 0.17506872
v -0.03191052 0.06711143 0.17365788
v -0.03186608 0.06697705 0.17371629
v -0.03238148 0.06817095 0.17304085
v -0.03234290 0.06808601 0.17309140
v -0.03385074 0.06817501 0.17477499
v -0.03211831 0.06759164 0.17338561
v -0.03407294 0.06877992 0.17445897
v -0.03261087 0.06867592 0.17274033
v -0.03430868 0.06936689 0.17412351
v -0.03269616 0.06886367 0.17262863
v -0.03264072 0.06874163 0.17270122
v -0.03455645 0.06993675 0.17377089
v -0.03293116 0.06926619 0.17232047
v -0.03290721 0.06922516 0.17235182
v -0.03379576 0.07074714 0.17118667
v -0.03352766 0.07028792 0.17153822
v -0.03481474 0.07049043 0.17340361
v -0.03323282 0.06978289 0.17192481
v -0.03321737 0.06975643 0.17194508
v -0.03451831 0.07177874 0.17023884
v -0.03417949 0.07129500 0.17068325
v -0.03535686 0.07155333 0.17263506
v -0.03391316 0.07091476 0.17103265
v -0.03384314 0.07081479 0.17112444
v -0.03520213 0.07275506 0.16934179
v -0.03485568 0.07226042 0.16979621
v -0.03483088 0.07222501 0.16982876
v -0.03590399 0.07374337 0.16842137
v -0.03572591 0.07349645 0.16865478
v -0.03557041 0.07328086 0.16885863
v -0.03804624 0.07671360 0.16561340
v -0.03758581 0.07607521 0.16621684
v -0.03827981 0.07647686 0.16857098
v -0.03735494 0.07575512 0.16651951
v -0.03726320 0.07562791 0.16663979
v -0.03944181 0.07848038 0.16699265
v -0.03863240 0.07761668 0.16484438
v -0.03807960 0.07676500 0.16556953
v -0.03952955 0.07899888 0.16366743
v -0.03891400 0.07805053 0.16447495
v -0.03880762 0.07788662 0.16461454
v -0.04005380 0.07891486 0.16981290
v -0.04070414 0.07928234 0.17265247
v -0.04138615 0.07958417 0.17550968
v -0.04209274 0.07982209 0.17838286
v -0.04354813 0.08011623 0.18417178
v -0.04428078 0.08017796 0.18708514
v -0.04571374 0.08014639 0.19294451
v -0.04586735 0.07783115 0.19314121
v -0.04926733 0.07251917 0.20416628
v -0.05045132 0.06264995 0.20527671
v -0.05032041 0.06264995 0.20454071
v -0.04411792 0.07332183 0.18857478
v -0.04613948 0.07315513 0.19366191
v -0.04415998 0.07564483 0.18804632
v -0.04600354 0.07551630 0.19338749
v -0.04422273 0.07790852 0.18753956
v -0.04407647 0.06264996 0.18892156
v -0.04446511 0.06264995 0.18954121
v -0.04431539 0.06547488 0.18958209
v -0.04464862 0.06264995 0.18983386
v -0.04665594 0.06540403 0.19414817
v -0.04648666 0.06264995 0.19333611
v -0.04679907 0.06264995 0.19406186
v -0.04646538 0.06809261 0.19410418
v -0.04894933 0.06264995 0.19959591
v -0.04834858 0.06790670 0.19894622
v -0.04682251 0.06264995 0.19411622
v -0.04805051 0.06264995 0.19696902
v -0.04867407 0.06264995 0.19879137
v -0.03624010 0.07065440 0.17549871
v -0.03584626 0.06947681 0.17612420
v -0.03549862 0.06823361 0.17667900
v -0.03566609 0.06886349 0.17641161
v -0.04160545 0.06963594 0.18468748
v -0.04414352 0.06956456 0.18927120
v -0.04167608 0.07092728 0.18436740
v -0.04411853 0.07086360 0.18906783
v -0.04177354 0.07216141 0.18400370
v -0.04411099 0.07211495 0.18883131
v -0.04189302 0.07334279 0.18361269
v -0.03735233 0.06955763 0.17818330
v -0.03710074 0.06827462 0.17865132
v -0.03534495 0.06758767 0.17692433
v -0.03345464 0.06690916 0.17533718
v -0.03520634 0.06692662 0.17714535
v -0.03689780 0.06693640 0.17903374
v -0.03865028 0.06829815 0.18068896
v -0.03881930 0.06961033 0.18029843
v -0.03764713 0.07077819 0.17764448
v -0.03902765 0.07086360 0.17983912
v -0.03797774 0.07193501 0.17705415
v -0.03926976 0.07205401 0.17932950
v -0.03833586 0.07303664 0.17643093
v -0.03953859 0.07318836 0.17878805
v -0.04012779 0.07535062 0.17766951
v -0.03493595 0.06485327 0.17759417
v -0.03490846 0.06413038 0.17765783
v -0.03671758 0.06413009 0.17943762
v -0.03844104 0.06412699 0.18130742
v -0.03844773 0.06554942 0.18120895
v -0.03672726 0.06485049 0.17938803
v -0.03676066 0.06555668 0.17930530
v -0.03499547 0.06556049 0.17748772
v -0.03328880 0.06624674 0.17557262
v -0.03508696 0.06625127 0.17733668
v -0.03681814 0.06625143 0.17918681
v -0.03852309 0.06693795 0.18099819
v -0.03848127 0.06264996 0.18132482
v -0.04161294 0.06411175 0.18529628
v -0.04019488 0.06264996 0.18330334
v -0.04418685 0.06822372 0.18942855
v -0.04156439 0.06829373 0.18494760
v -0.04155157 0.06691442 0.18513905
v -0.04007629 0.06693073 0.18303476
v -0.04005159 0.06553809 0.18319367
v -0.04156733 0.06552221 0.18525432
v -0.03760544 0.06264996 0.18031357
v -0.03300983 0.06264996 0.17601191
v -0.03479420 0.06264996 0.17753147
v -0.03493774 0.06264996 0.17767344
v -0.03691243 0.06264996 0.17962776
v -0.03907669 0.07686868 0.17120849
v -0.03808923 0.07486718 0.17265664
v -0.03990467 0.07719377 0.17387293
v -0.03910281 0.07513972 0.17514716
v -0.04075587 0.07745434 0.17656229
v -0.04014044 0.06830437 0.18278883
v -0.04023958 0.06963598 0.18246733
v -0.04037344 0.07091254 0.18208073
v -0.04053800 0.07212850 0.18164657
v -0.04072738 0.07328928 0.18118249
v -0.04115534 0.07550290 0.18022202
v -0.04162212 0.07765287 0.17927514
v -0.04318080 0.07564621 0.18541180
v -0.04217615 0.07560018 0.18280326
v -0.04336448 0.07787658 0.18476520
v -0.04249464 0.07779250 0.18200992
v -0.04281609 0.07999853 0.18127058
v -0.04076065 0.06264996 0.18406819
v -0.04166623 0.06264996 0.18529223
v -0.04254723 0.06264996 0.18648301
v 0.03975830 0.06264996 0.18276583
v 0.04075360 0.06264996 0.18407403
v 0.04078145 0.06203414 0.18405281
v 0.05016849 0.06264995 0.20386504
v 0.05044257 0.06264995 0.20527874
v 0.05047238 0.06203414 0.20527302
v -0.04897759 0.06203414 0.19958626
v -0.02289844 0.06264994 0.16937111
v -0.02271981 0.06264994 0.16929089
v -0.02272204 0.06203414 0.16928564
v -0.00626643 0.06264994 0.16442011
v -0.00586614 0.06264994 0.16437386
v -0.00587034 0.06203414 0.16433762
v 0.02218621 0.06265086 0.16902398
v 0.02271412 0.06265080 0.16930066
v 0.02272204 0.06203414 0.16928564
v 0.00293499 0.06131123 0.26682711
v 0.00876670 0.06131123 0.26615798
v 0.01448413 0.06131123 0.26482844
v 0.02001273 0.06131123 0.26285577
v 0.02528043 0.06131123 0.26026583
v 0.03021857 0.06131123 0.25709236
v 0.03476276 0.06131123 0.25337648
v 0.03885377 0.06131123 0.24916695
v 0.04243826 0.06131123 0.24451850
v 0.04546950 0.06131123 0.23949181
v 0.04790797 0.06131123 0.23415230
v 0.04972189 0.06131123 0.22856961
v 0.05088761 0.06131123 0.22281657
v 0.05138994 0.06131123 0.21696804
v 0.05122232 0.06131123 0.21110056
v 0.05038693 0.06131123 0.20529030
v 0.04889468 0.06131123 0.19961320
v 0.04676500 0.06131123 0.19414316
v 0.04402568 0.06131123 0.18895148
v 0.04071241 0.06131123 0.18410598
v 0.03686839 0.06131123 0.17966984
v 0.03254374 0.06131123 0.17570065
v 0.02779483 0.06131123 0.17225038
v 0.02268358 0.06131123 0.16936396
v 0.01727660 0.06131123 0.16707896
v 0.01164440 0.06131123 0.16542517
v 0.00586040 0.06131123 0.16442417
v -0.00000000 0.06131123 0.16408907
v -0.00586040 0.06131123 0.16442417
v -0.01164440 0.06131123 0.16542517
v -0.01727660 0.06131123 0.16707896
v -0.02268358 0.06131123 0.16936396
v -0.02779483 0.06131123 0.17225038
v -0.03254374 0.06131123 0.17570065
v -0.03686839 0.06131123 0.17966984
v -0.04071241 0.06131123 0.18410598
v -0.04402568 0.06131123 0.18895148
v -0.04676500 0.06131123 0.19414316
v -0.04889468 0.06131123 0.19961320
v -0.05038693 0.06131123 0.20529030
v -0.05122232 0.06131123 0.21110056
v -0.05138994 0.06131123 0.21696804
v -0.05088761 0.06131123 0.22281657
v -0.04972189 0.06131123 0.22856961
v -0.04790797 0.06131123 0.23415230
v -0.04546950 0.06131123 0.23949181
v -0.04243826 0.06131123 0.24451850
v -0.03885377 0.06131123 0.24916695
v -0.03476276 0.06131123 0.25337648
v -0.03021857 0.06131123 0.25709236
v -0.02528043 0.06131123 0.26026583
v -0.02001273 0.06131123 0.26285577
v -0.01448413 0.06131123 0.26482844
v -0.00876670 0.06131123 0.26615798
v -0.00293499 0.06131123 0.26682711
v 0.02782672 0.06265022 0.17220162
v 0.02884950 0.06265011 0.17283903
v 0.02784197 0.06203414 0.17217706
v 0.02950292 0.06265006 0.17330872
v 0.03259893 0.06203414 0.17563318
v 0.02413865 0.06265063 0.17004727
v 0.02559534 0.06265046 0.17081080
v 0.02686586 0.06265032 0.17160271
v 0.01729684 0.06265110 0.16702233
v 0.01843360 0.06265114 0.16742562
v 0.01730590 0.06203414 0.16699682
v 0.01883687 0.06265116 0.16756867
v 0.02132629 0.06265093 0.16865037
v 0.01176299 0.06265055 0.16536139
v 0.01244057 0.06265064 0.16554807
v 0.01166415 0.06203414 0.16534029
v 0.01546981 0.06265102 0.16638277
v 0.01557608 0.06265103 0.16641198
v 0.00587034 0.06203414 0.16433762
v 0.00586619 0.06265011 0.16437338
v 0.00626561 0.06265013 0.16441964
v 0.00788052 0.06265022 0.16460656
v 0.00936880 0.06265035 0.16489588
v 0.01166386 0.06265055 0.16534208
v -0.00000000 0.06203414 0.16400193
v 0.00313976 0.06265000 0.16412066
v 0.00395156 0.06265001 0.16415177
v -0.00394488 0.06264994 0.16415177
v -0.00314019 0.06264994 0.16412078
v -0.00000000 0.06264994 0.16400002
v -0.01175821 0.06264994 0.16536044
v -0.01166387 0.06264994 0.16534208
v -0.01166415 0.06203414 0.16534029
v -0.00936996 0.06264994 0.16489671
v -0.00787065 0.06264994 0.16460560
v -0.01729365 0.06264994 0.16703080
v -0.01557279 0.06264994 0.16641115
v -0.01730590 0.06203414 0.16699682
v -0.01547185 0.06264994 0.16638337
v -0.01244216 0.06264994 0.16554879
v -0.02132337 0.06264994 0.16866349
v -0.01928785 0.06264994 0.16774891
v -0.01843094 0.06264994 0.16744040
v -0.02782256 0.06264994 0.17220686
v -0.02687649 0.06264994 0.17159222
v -0.02784197 0.06203414 0.17217706
v -0.02637484 0.06264994 0.17126630
v -0.02414119 0.06264994 0.17004858
v -0.03259893 0.06203414 0.17563318
v -0.02968697 0.06264993 0.17341815
v -0.02951178 0.06264993 0.17330430
v -0.03693092 0.06203414 0.17960905
v -0.04078145 0.06203414 0.18405281
v -0.04410034 0.06203414 0.18890654
v -0.04684431 0.06203414 0.19410692
v -0.05047238 0.06203414 0.20527302
v -0.05130918 0.06203414 0.21109305
v -0.05147709 0.06203414 0.21697055
v -0.05097391 0.06203414 0.22282897
v -0.04980621 0.06203414 0.22859178
v -0.04798922 0.06203414 0.23418389
v -0.04554661 0.06203414 0.23953246
v -0.04251023 0.06203414 0.24456774
v -0.03891966 0.06203414 0.24922405
v -0.03482172 0.06203414 0.25344074
v -0.03026982 0.06203414 0.25716281
v -0.02532331 0.06203414 0.26034176
v -0.02004667 0.06203414 0.26293612
v -0.01450869 0.06203414 0.26491201
v -0.00878157 0.06203414 0.26624382
v -0.00293996 0.06203414 0.26691413
v 0.00293996 0.06203414 0.26691413
v 0.00878157 0.06203414 0.26624382
v 0.01450869 0.06203414 0.26491201
v 0.02004667 0.06203414 0.26293612
v 0.02532331 0.06203414 0.26034176
v 0.03026982 0.06203414 0.25716281
v 0.03482172 0.06203414 0.25344074
v 0.03891966 0.06203414 0.24922405
v 0.04251023 0.06203414 0.24456774
v 0.04554661 0.06203414 0.23953246
v 0.04798922 0.06203414 0.23418389
v 0.04980621 0.06203414 0.22859178
v 0.05097391 0.06203414 0.22282897
v 0.05147709 0.06203414 0.21697055
v 0.05088175 0.06264994 0.20754407
v 0.05130918 0.06203414 0.21109305
v 0.04897759 0.06203414 0.19958626
v 0.04896398 0.06264995 0.19959114
v 0.04912762 0.06264995 0.20004927
v 0.05011553 0.06264995 0.20367084
v 0.04678823 0.06264995 0.19406532
v 0.04681305 0.06264995 0.19412087
v 0.04684431 0.06203414 0.19410692
v 0.04779698 0.06264995 0.19632457
v 0.04867762 0.06264995 0.19878958
v 0.04410034 0.06203414 0.18890654
v 0.04429945 0.06264996 0.18923579
v 0.04446368 0.06264995 0.18953870
v 0.04618442 0.06264995 0.19271301
v 0.04167392 0.06264996 0.18528365
v 0.04215319 0.06264996 0.18591355
v 0.04409077 0.06264996 0.18891273
v 0.03847650 0.06264996 0.18132542
v 0.03693092 0.06203414 0.17960905
v 0.03712890 0.06264996 0.17981111
v 0.03123026 0.06264994 0.17455016
v 0.03257620 0.06264995 0.17566071
v 0.03300387 0.06264996 0.17601357
v 0.03428049 0.06264996 0.17706703
v 0.03492178 0.06264996 0.17768477
v 0.03692529 0.06264996 0.17961501
v 0.03944087 0.07847961 0.16698824
v 0.04005285 0.07891424 0.16980873
v 0.03907549 0.07686813 0.17120467
v 0.04411006 0.07211498 0.18882929
v 0.04411703 0.07332185 0.18857275
v 0.04613889 0.07315519 0.19366024
v 0.03124342 0.06412286 0.17453490
v 0.03124353 0.06412384 0.17453478
v 0.03301537 0.06412803 0.17597030
v 0.04209191 0.07982182 0.17837952
v 0.04281532 0.07999834 0.18126760
v 0.04354743 0.08011611 0.18416904
v 0.04978710 0.06767307 0.20392452
v 0.04926722 0.07251918 0.20416568
v 0.04858904 0.07723522 0.20453106
v 0.04734958 0.07759456 0.19880615
v 0.04571331 0.08014639 0.19294260
v 0.04428017 0.08017790 0.18708275
v 0.04070322 0.07928185 0.17264853
v 0.03952922 0.07899424 0.16366790
v 0.03865700 0.07763079 0.16481231
v 0.03845132 0.07730927 0.16508220
v 0.03808233 0.07679233 0.16556548
v 0.03880650 0.07786449 0.16461621
v 0.03891933 0.07804086 0.16446815
v 0.03662547 0.07475133 0.16747378
v 0.03723290 0.07560232 0.16667818
v 0.03827856 0.07647616 0.16856681
v 0.03735476 0.07577305 0.16651855
v 0.03757912 0.07608735 0.16622470
v 0.03485724 0.07225575 0.16979204
v 0.03520587 0.07275090 0.16933464
v 0.03592211 0.07256863 0.17183183
v 0.03573782 0.07350643 0.16863666
v 0.03621528 0.07417668 0.16801105
v 0.03709411 0.07452958 0.17019580
v 0.03590093 0.07373630 0.16842280
v 0.03580769 0.07360566 0.16854499
v 0.03535479 0.07155293 0.17263173
v 0.03451960 0.07177620 0.17023502
v 0.03481605 0.07219724 0.16984604
v 0.03384249 0.07081450 0.17112349
v 0.03390773 0.07090715 0.17103790
v 0.03417956 0.07129324 0.17068122
v 0.03292834 0.06926341 0.17232524
v 0.03321653 0.06975779 0.17194639
v 0.03455411 0.06993650 0.17376767
v 0.03323193 0.06978420 0.17192613
v 0.03481249 0.07049013 0.17340039
v 0.03352638 0.07028930 0.17153905
v 0.03378462 0.07073231 0.17119943
v 0.03407040 0.06877977 0.17445599
v 0.03264203 0.06874081 0.17270051
v 0.03430624 0.06936668 0.17412041
v 0.03270893 0.06888703 0.17261373
v 0.03290684 0.06922653 0.17235349
v 0.03211610 0.06759129 0.17338346
v 0.03234221 0.06808551 0.17308985
v 0.03384811 0.06817490 0.17477213
v 0.03238104 0.06817036 0.17303942
v 0.03261192 0.06867500 0.17273961
v 0.03186252 0.06697713 0.17371438
v 0.03190717 0.06711033 0.17365538
v 0.03364120 0.06755149 0.17506598
v 0.03193763 0.06720123 0.17361520
v 0.03207235 0.06749567 0.17344020
v 0.03155925 0.06607231 0.17411517
v 0.03161332 0.06623361 0.17404376
v 0.03236336 0.06624306 0.17472135
v 0.03163140 0.06628755 0.17401980
v 0.03220944 0.06556120 0.17493068
v 0.03144821 0.06555313 0.17426406
v 0.03152418 0.06590831 0.17416225
v 0.03129069 0.06455413 0.17447315
v 0.03132303 0.06484911 0.17443095
v 0.03306397 0.06485342 0.17589186
v 0.03134434 0.06504349 0.17440318
v 0.03143458 0.06548942 0.17428242
v 0.03123800 0.06351666 0.17454122
v 0.04422203 0.07790849 0.18753730
v 0.04586686 0.07783116 0.19313942
v 0.04834824 0.06790673 0.19894515
v 0.04646473 0.06809265 0.19410275
v 0.04665529 0.06540404 0.19414674
v 0.04431433 0.06547491 0.18958019
v 0.03623802 0.07065418 0.17549561
v 0.03584402 0.06947665 0.17612122
v 0.03566378 0.06886337 0.17640863
v 0.03735030 0.06955753 0.17818044
v 0.03709859 0.06827457 0.17864858
v 0.03549623 0.06823352 0.17667614
v 0.03534250 0.06758761 0.17692147
v 0.03134974 0.06509276 0.17439614
v 0.03315437 0.06556150 0.17575847
v 0.03255517 0.06689772 0.17446159
v 0.03345184 0.06690912 0.17533444
v 0.03328592 0.06624672 0.17556988
v 0.03520381 0.06692659 0.17714272
v 0.03508437 0.06625126 0.17733406
v 0.03689555 0.06693639 0.17903112
v 0.03681584 0.06625142 0.17918430
v 0.03499283 0.06556049 0.17748509
v 0.03182947 0.06687853 0.17375813
v 0.03490575 0.06413037 0.17765521
v 0.03852110 0.06693794 0.18099569
v 0.03675831 0.06555668 0.17930280
v 0.03493327 0.06485327 0.17759167
v 0.04161138 0.06411175 0.18529414
v 0.03843893 0.06412699 0.18130504
v 0.03672488 0.06485049 0.17938553
v 0.03671517 0.06413009 0.17943512
v 0.03844566 0.06554943 0.18120657
v 0.04004980 0.06553811 0.18319140
v 0.04156579 0.06552222 0.18525217
v 0.04418582 0.06822375 0.18942665
v 0.04414252 0.06956459 0.18926929
v 0.04411757 0.07086363 0.18906580
v 0.03764523 0.07077803 0.17764150
v 0.03797596 0.07193480 0.17705105
v 0.03666865 0.07176863 0.17481886
v 0.03833421 0.07303638 0.17642783
v 0.03712630 0.07283079 0.17410956
v 0.03808774 0.07486671 0.17265306
v 0.03910141 0.07513937 0.17514370
v 0.03990352 0.07719335 0.17386924
v 0.03953708 0.07318819 0.17878507
v 0.04012650 0.07535037 0.17766629
v 0.04075478 0.07745403 0.17655896
v 0.04138526 0.07958381 0.17550610
v 0.04162111 0.07765265 0.17927204
v 0.04115415 0.07550274 0.18021904
v 0.04072602 0.07328916 0.18117963
v 0.04053656 0.07212842 0.18164395
v 0.03926815 0.07205387 0.17932664
v 0.04037191 0.07091249 0.18207811
v 0.03902594 0.07086350 0.17983638
v 0.04023797 0.06963595 0.18246482
v 0.03881749 0.06961026 0.18029581
v 0.04013876 0.06830437 0.18278633
v 0.03864837 0.06829812 0.18068634
v 0.04007455 0.06693073 0.18303238
v 0.04249372 0.07779235 0.18200706
v 0.04336367 0.07787649 0.18476258
v 0.04317987 0.07564616 0.18540941
v 0.04415918 0.07564482 0.18804418
v 0.04600300 0.07551634 0.19338582
v 0.04788112 0.07287601 0.19886170
v 0.04217508 0.07560008 0.18280052
v 0.04189181 0.07334273 0.18361019
v 0.04177227 0.07216138 0.18400119
v 0.04167475 0.07092726 0.18436502
v 0.04160406 0.06963593 0.18468510
v 0.04156294 0.06829374 0.18494533
v 0.04155007 0.06691443 0.18513678
v 0.03881368 0.08317093 0.16133724
v 0.03855528 0.08273842 0.15874277
v 0.03875352 0.08256258 0.15875648
v 0.03876060 0.08255459 0.15875731
v 0.03885016 0.08245338 0.15876709
v 0.03894907 0.08234161 0.15877794
v 0.03909782 0.08217352 0.15879427
v 0.03913378 0.08211678 0.15880094
v 0.03929331 0.08186501 0.15883063
v 0.03923332 0.08195968 0.15881942
v 0.03943441 0.08159808 0.15886472
v 0.03939796 0.08168171 0.15885328
v 0.03937263 0.08173982 0.15884541
v 0.03955704 0.08131667 0.15890287
v 0.03956247 0.08130421 0.15890454
v 0.03962546 0.08106430 0.15894078
v 0.03963746 0.08101859 0.15894769
v 0.03969857 0.08074035 0.15899096
v 0.03969149 0.08081279 0.15897880
v 0.03970094 0.08071613 0.15899490
v 0.03970776 0.07980835 0.15915368
v 0.03972501 0.08008063 0.15910433
v 0.03972634 0.08010162 0.15910052
v 0.03973999 0.08031705 0.15906142
v 0.03973109 0.08040800 0.15904628
v 0.03973093 0.08040957 0.15904592
v 0.03970545 0.07979821 0.15915571
v 0.03963908 0.07950608 0.15921305
v 0.03962488 0.07944362 0.15922533
v 0.03942330 0.07889006 0.15934108
v 0.03945034 0.07895795 0.15932666
v 0.03952558 0.07914688 0.15928660
v 0.03955668 0.07922497 0.15927003
v 0.03959982 0.07933331 0.15924703
v 0.03918002 0.07847887 0.15943526
v 0.03925705 0.07860905 0.15940545
v 0.03931811 0.07871226 0.15938173
v -0.04792664 0.04823119 0.03849422
v -0.04812761 0.04803887 0.03300999
v -0.04799645 0.04816438 0.03849624
v -0.04812763 0.04803885 0.03850000
v 0.04812761 0.04803887 0.03300999
v 0.04857568 0.04758574 0.03300999
v 0.05465965 0.04045148 0.03300999
v 0.05970442 0.03254815 0.03300999
v 0.06361408 0.02402601 0.03300999
v 0.06631429 0.01504708 0.03300999
v 0.06775372 0.00578207 0.03300999
v 0.06790502 -0.00359287 0.03300999
v 0.06676529 -0.01289949 0.03300999
v 0.06435619 -0.02196088 0.03300999
v 0.06072356 -0.03060473 0.03300999
v 0.05593643 -0.03866673 0.03300999
v 0.05008583 -0.04599358 0.03300999
v 0.04328299 -0.05244600 0.03300999
v 0.03565725 -0.05790130 0.03300999
v 0.02735358 -0.06225578 0.03300999
v 0.01852986 -0.06542663 0.03300999
v 0.00935385 -0.06735358 0.03300999
v 0.00000000 -0.06800000 0.03300999
v -0.00935385 -0.06735358 0.03300999
v -0.01852986 -0.06542663 0.03300999
v -0.02735358 -0.06225578 0.03300999
v -0.03565725 -0.05790130 0.03300999
v -0.04328299 -0.05244600 0.03300999
v -0.05008583 -0.04599358 0.03300999
v -0.05593643 -0.03866673 0.03300999
v -0.06072356 -0.03060473 0.03300999
v -0.06435619 -0.02196088 0.03300999
v -0.06676529 -0.01289949 0.03300999
v -0.06790502 -0.00359287 0.03300999
v -0.06775372 0.00578207 0.03300999
v -0.06631429 0.01504708 0.03300999
v -0.06361408 0.02402601 0.03300999
v -0.05970442 0.03254815 0.03300999
v -0.05465965 0.04045148 0.03300999
v -0.04857568 0.04758574 0.03300999
v 0.04806615 0.04809773 0.03850167
v 0.04812763 0.04803885 0.03850221
v 0.04799628 0.04816465 0.03850107
v 0.01644236 0.08941917 0.13521932
v 0.01104362 0.09071052 0.13477944
v 0.01096094 0.09334534 0.14648388
v -0.03958094 0.08813797 0.20695065
v -0.03692054 0.08947455 0.20829485
v -0.03616663 0.09001128 0.20225523
v 0.03190208 0.05940625 0.04305332
v -0.01320025 0.06576475 0.04288941
v -0.03190193 0.05940632 0.04305326
v -0.04274957 0.06291115 0.10265540
v -0.04216257 0.06452391 0.10642777
v -0.03881862 0.06766665 0.10554765
v -0.03943889 0.07233118 0.12484132
v -0.03907752 0.07363458 0.12814866
v -0.03663514 0.07577217 0.12745903
v -0.03829080 0.07695503 0.13704275
v -0.03820118 0.07763353 0.13911937
v -0.03605112 0.07940742 0.13854264
v -0.03765544 0.08871400 0.21431349
v -0.01981743 0.09421591 0.22169386
v 0.04289368 0.08613235 0.21099387
v 0.04136566 0.08711261 0.20004044
v 0.04298822 0.05244951 0.04325174
v 0.04777951 0.04872949 0.04938321
v 0.04782588 0.04852438 0.04651468
v 0.04785033 0.04840057 0.04337649
v 0.04784304 0.04844849 0.04545336
v 0.04755527 0.04953693 0.05715113
v 0.04761793 0.04932267 0.05535667
v 0.04286830 0.05339594 0.05495064
v 0.04764855 0.04921798 0.05447989
v 0.04773898 0.04890872 0.05188971
v 0.04724246 0.05046114 0.06270652
v 0.04726211 0.05040308 0.06235753
v 0.04268434 0.05427324 0.06075161
v 0.04732287 0.05022356 0.06127839
v 0.04206958 0.05672222 0.07221679
v 0.04666831 0.05208391 0.07010852
v 0.04681292 0.05167010 0.06844787
v 0.04116326 0.05991908 0.08348428
v 0.04529280 0.05605831 0.08434604
v 0.04554842 0.05534026 0.08215700
v 0.04597618 0.05408378 0.07775317
v 0.04623131 0.05333436 0.07512645
v 0.04642234 0.05278776 0.07293300
v 0.04391251 0.05982235 0.09498416
v 0.04422807 0.05897505 0.09269021
v 0.04004369 0.06364071 0.09457539
v 0.04482602 0.05736953 0.08834349
v 0.04518254 0.05636802 0.08529030
v 0.04277178 0.06285233 0.10251449
v 0.04315672 0.06182986 0.09997331
v 0.04383485 0.06002862 0.09549676
v 0.03881865 0.06766658 0.10554765
v 0.04216010 0.06452449 0.10642706
v 0.03988679 0.07097219 0.12161146
v 0.04048105 0.06915378 0.11727522
v 0.03762423 0.07178209 0.11648081
v 0.04060124 0.06878601 0.11639820
v 0.04091724 0.06792216 0.11437701
v 0.03605122 0.07940742 0.13854276
v 0.03829264 0.07694460 0.13701247
v 0.03834818 0.07668437 0.13629399
v 0.03873461 0.07487365 0.13129483
v 0.03899340 0.07393426 0.12890576
v 0.03663520 0.07577216 0.12745915
v 0.03907549 0.07363626 0.12814783
v 0.03939397 0.07248022 0.12520765
v 0.03804341 0.07910606 0.14376555
v 0.03805058 0.07878396 0.14264534
v 0.03820208 0.07763270 0.13911973
v 0.03655110 0.08486256 0.16100453
v 0.03818635 0.08164591 0.15337919
v 0.03812142 0.08112741 0.15127681
v 0.03601211 0.08248577 0.14973997
v 0.03808849 0.08086444 0.15021048
v 0.03801697 0.08029322 0.14789437
v 0.03759206 0.08646316 0.17226003
v 0.03825441 0.08696789 0.17786179
v 0.03898386 0.08728007 0.18344127
v 0.03975964 0.08740481 0.18899737
v 0.04056076 0.08734728 0.19453023
v 0.04215150 0.08670580 0.20552836
v 0.03765550 0.08871402 0.21431349
v 0.03203322 0.09093176 0.21723829
v 0.02606910 0.09276968 0.21971391
v 0.01981722 0.09421606 0.22169422
v 0.01334159 0.09525917 0.22314022
v 0.00671031 0.09588845 0.22401927
v -0.00671043 0.09588981 0.22402118
v -0.01334159 0.09525932 0.22314034
v -0.02606898 0.09276958 0.21971391
v -0.03203213 0.09093107 0.21723770
v -0.04462937 0.08518032 0.20403396
v -0.04301938 0.08570562 0.19362174
v -0.03898392 0.08728006 0.18344103
v -0.03825444 0.08696784 0.17786168
v -0.04138137 0.08560558 0.18306218
v -0.03759206 0.08646312 0.17225991
v -0.03655108 0.08486252 0.16100441
v -0.03881371 0.08317088 0.16133712
v -0.03808850 0.08086431 0.15021037
v -0.03812478 0.08112300 0.15127479
v -0.03601209 0.08248571 0.14973985
v -0.03821617 0.08177471 0.15395628
v -0.03855489 0.08273875 0.15874289
v -0.03805266 0.07875798 0.14256082
v -0.03804607 0.07910255 0.14376341
v -0.03802151 0.08038665 0.14824496
v -0.03899511 0.07393181 0.12890290
v -0.03873960 0.07485339 0.13124131
v -0.03834895 0.07668271 0.13629101
v -0.04092609 0.06792109 0.11437403
v -0.04047512 0.06916014 0.11727224
v -0.03762420 0.07178209 0.11648081
v -0.04041296 0.06933092 0.11767171
v -0.03987869 0.07097652 0.12160419
v -0.04562113 0.05512921 0.08146368
v -0.04529215 0.05605980 0.08434556
v -0.04116329 0.05991910 0.08348416
v -0.04518478 0.05636353 0.08528624
v -0.04492469 0.05709925 0.08756457
v -0.04423203 0.05896626 0.09268831
v -0.04404887 0.05945995 0.09404324
v -0.04004369 0.06364075 0.09457539
v -0.04383028 0.06004060 0.09549211
v -0.04315526 0.06183354 0.09996639
v -0.04632773 0.05305143 0.07404982
v -0.04597545 0.05408732 0.07774602
v -0.04206961 0.05672226 0.07221679
v -0.04735287 0.05014246 0.06095462
v -0.04733012 0.05020702 0.06128113
v -0.04268438 0.05427327 0.06075167
v -0.04725584 0.05041783 0.06234716
v -0.04694818 0.05129100 0.06676273
v -0.04666415 0.05209689 0.07009862
v -0.04642265 0.05278212 0.07293503
v -0.04777703 0.04875626 0.05019366
v -0.04765364 0.04920730 0.05447464
v -0.04286834 0.05339596 0.05495064
v -0.04762814 0.04930053 0.05535947
v -0.04762182 0.04932365 0.05557894
v -0.04782282 0.04853408 0.04650705
v -0.04778707 0.04870753 0.04938506
v -0.04296881 0.05278142 0.04911386
v -0.04298824 0.05244950 0.04325174
v -0.04785271 0.04838188 0.04337697
v -0.04785091 0.04839782 0.04424601
v -0.03761599 0.05617898 0.04314296
v -0.02589323 0.06209875 0.04298173
v -0.01964037 0.06422607 0.04292737
v -0.00663235 0.06669519 0.04286699
v 0.00000001 0.06700700 0.04285948
v 0.00663231 0.06669508 0.04286687
v 0.01320019 0.06576473 0.04288941
v 0.01964032 0.06422612 0.04292737
v 0.02589327 0.06209877 0.04298173
v 0.03761600 0.05617895 0.04314296
v -0.03748950 0.05803860 0.06028311
v -0.03190678 0.06132863 0.05989157
v -0.03699852 0.06052797 0.07154690
v -0.02597955 0.06409843 0.05957519
v -0.03152414 0.06385628 0.07098232
v -0.03622227 0.06373573 0.08265243
v -0.01975790 0.06630471 0.05933212
v -0.02569153 0.06666040 0.07052253
v -0.03087390 0.06706787 0.08194588
v -0.03523416 0.06741998 0.09362625
v -0.01330600 0.06791130 0.05916058
v -0.01955277 0.06889534 0.07016699
v -0.02516664 0.06987034 0.08136664
v -0.03002383 0.07070929 0.09281431
v -0.03413288 0.07135242 0.10452317
v -0.00669374 0.06888716 0.05905871
v -0.01317458 0.07052355 0.06991456
v -0.01915519 0.07210024 0.08091579
v -0.02446482 0.07346732 0.09214412
v -0.02906276 0.07454951 0.10364078
v -0.03304187 0.07532082 0.11541234
v -0.01933970 0.09538288 0.21442924
v -0.01300872 0.09650482 0.21562968
v -0.01887091 0.09619939 0.20715617
v -0.01268392 0.09737471 0.20811425
v -0.01841977 0.09669045 0.19991659
v -0.01237292 0.09789827 0.20064114
v -0.01799423 0.09688274 0.19274925
v -0.01208095 0.09810662 0.19325398
v -0.01760171 0.09680358 0.18568860
v -0.01181286 0.09803163 0.18599151
v -0.01724936 0.09648065 0.17876707
v -0.01157335 0.09770557 0.17889033
v -0.01694426 0.09594188 0.17201482
v -0.01136704 0.09716096 0.17198442
v -0.01650383 0.09432042 0.15908848
v -0.01107231 0.09553577 0.15883480
v -0.01633053 0.09210756 0.14686511
v -0.01096093 0.09334526 0.14648388
v -0.01644233 0.08941925 0.13521932
v -0.01104361 0.09071046 0.13477932
v -0.01681038 0.08633865 0.12401591
v -0.01129985 0.08770685 0.12356244
v -0.01167865 0.08439761 0.11266468
v -0.00587098 0.08527528 0.11239825
v -0.00609150 0.08178937 0.10166763
v -0.00000000 0.08209945 0.10158394
v 0.00000003 0.07503788 0.08033715
v -0.02547141 0.09382845 0.21278523
v -0.02487957 0.09457105 0.20584367
v -0.02430542 0.09501659 0.19892393
v -0.02375986 0.09518575 0.19205783
v -0.02325308 0.09509975 0.18527399
v -0.02279492 0.09478007 0.17859875
v -0.02239515 0.09424844 0.17205761
v -0.02180945 0.09263113 0.15943764
v -0.02156610 0.09038739 0.14738987
v -0.02169253 0.08762597 0.13582514
v -0.02215382 0.08444083 0.12464152
v -0.01736009 0.08294445 0.11310528
v -0.01211193 0.08086409 0.10191761
v -0.03975973 0.08740487 0.18899725
v 0.00000004 0.06921504 0.05902462
v -0.00662966 0.07151280 0.06976406
v -0.01290712 0.07372251 0.08059417
v -0.01861414 0.07565562 0.09161983
v -0.02366289 0.07722127 0.10290836
v -0.02810020 0.07838161 0.11448704
v -0.03211969 0.07913132 0.12637423
v -0.03154684 0.08259710 0.13749836
v -0.03145261 0.08555608 0.14883719
v -0.03187470 0.08788358 0.16040204
v -0.03275725 0.08949139 0.17218016
v -0.03333446 0.09000614 0.17814182
v -0.03398050 0.09032053 0.18414079
v -0.03467901 0.09042948 0.19016646
v -0.03541340 0.09032802 0.19620822
v -0.04056086 0.08734740 0.19453035
v -0.04136579 0.08711276 0.20004056
v -0.04215168 0.08670595 0.20552848
v 0.01129986 0.08770689 0.12356256
v 0.01681040 0.08633859 0.12401591
v 0.02215377 0.08444075 0.12464152
v 0.00555704 0.09626827 0.15868126
v 0.00550257 0.09409132 0.14625274
v 0.00554636 0.09148906 0.13451289
v 0.00567779 0.08853242 0.12328802
v -0.00000001 0.09814165 0.17196022
v -0.00000001 0.09651308 0.15862952
v -0.00000002 0.09434060 0.14617501
v -0.00000002 0.09174932 0.13442324
v -0.00000002 0.08880860 0.12319587
v 0.03692059 0.08947457 0.20829485
v 0.03616668 0.09001128 0.20225523
v 0.03541344 0.09032803 0.19620822
v 0.03467904 0.09042952 0.19016646
v 0.03398051 0.09032061 0.18414091
v 0.03333446 0.09000622 0.17814194
v 0.03275726 0.08949143 0.17218028
v 0.03134794 0.09185467 0.21072815
v 0.03065959 0.09250363 0.20420061
v 0.02998371 0.09289081 0.19768082
v 0.02933455 0.09302954 0.19119225
v 0.02872545 0.09293351 0.18475519
v 0.02816937 0.09261657 0.17838918
v 0.02767909 0.09209280 0.17211281
v 0.03187468 0.08788359 0.16040204
v 0.02547156 0.09382864 0.21278523
v 0.02487973 0.09457127 0.20584379
v 0.02430557 0.09501681 0.19892393
v 0.02375998 0.09518595 0.19205795
v 0.02325315 0.09509992 0.18527411
v 0.02279496 0.09478019 0.17859887
v 0.02239515 0.09424848 0.17205773
v 0.02694685 0.09047966 0.15987752
v 0.03145258 0.08555610 0.14883731
v 0.01933954 0.09538304 0.21442948
v 0.01887078 0.09619955 0.20715640
v 0.01841967 0.09669060 0.19991671
v 0.01799416 0.09688287 0.19274949
v 0.01760165 0.09680370 0.18568884
v 0.01724932 0.09648073 0.17876719
v 0.01694424 0.09594191 0.17201494
v 0.02180939 0.09263108 0.15943764
v 0.02662183 0.08819716 0.14805029
v 0.03154687 0.08259708 0.13749836
v 0.01300869 0.09650464 0.21562956
v 0.01268388 0.09737451 0.20811425
v 0.01237287 0.09789809 0.20064102
v 0.01208090 0.09810648 0.19325386
v 0.01181282 0.09803156 0.18599151
v 0.01157331 0.09770554 0.17889033
v 0.01136702 0.09716096 0.17198454
v 0.01650383 0.09432038 0.15908848
v 0.02156601 0.09038731 0.14738987
v 0.02674388 0.08534470 0.13658844
v 0.03211971 0.07913129 0.12637423
v 0.02727480 0.08203015 0.12543117
v 0.02169247 0.08762586 0.13582526
v 0.01633055 0.09210751 0.14686511
v 0.01107231 0.09553582 0.15883492
v 0.00570482 0.09789585 0.17196630
v 0.00580889 0.09844412 0.17896543
v 0.00593010 0.09877224 0.18617557
v 0.00606614 0.09884484 0.19356047
v 0.00621468 0.09862689 0.20108114
v 0.00637332 0.09808375 0.20869623
v 0.00653948 0.09718157 0.21635900
v -0.00000001 0.09869131 0.17899083
v -0.00000001 0.09902029 0.18623768
v -0.00000001 0.09909227 0.19366382
v -0.00000001 0.09887127 0.20122956
v -0.00000001 0.09832165 0.20889257
v -0.00000001 0.09740870 0.21660493
v -0.00000001 0.09609954 0.22431575
v 0.01799121 0.07933451 0.10233234
v 0.02285397 0.08093227 0.11371504
v 0.02366294 0.07722127 0.10290824
v 0.02810018 0.07838160 0.11448704
v 0.02906292 0.07454950 0.10364078
v 0.03304189 0.07532082 0.11541234
v 0.03413292 0.07135236 0.10452317
v -0.03761399 0.05714006 0.05459498
v -0.03765571 0.05651135 0.04887812
v -0.03198399 0.06040532 0.05429910
v -0.03198228 0.05975398 0.04868292
v -0.02602193 0.06314943 0.05406092
v -0.02599332 0.06247102 0.04852645
v -0.01977745 0.06533189 0.05387865
v -0.01973856 0.06462626 0.04840713
v -0.01331276 0.06691912 0.05375038
v -0.01327780 0.06619027 0.04832350
v -0.00669518 0.06788240 0.05367445
v -0.00667489 0.06713810 0.04827409
v 0.00000003 0.06820591 0.05364906
v 0.00000002 0.06745615 0.04825752
v 0.00669511 0.06788208 0.05367415
v 0.00667483 0.06713787 0.04827385
v 0.01331263 0.06691903 0.05375038
v 0.01327770 0.06619021 0.04832344
v 0.01977736 0.06533200 0.05387865
v 0.01973849 0.06462635 0.04840713
v 0.02602207 0.06314949 0.05406092
v 0.02599342 0.06247107 0.04852645
v 0.03198440 0.06040516 0.05429922
v 0.03198259 0.05975386 0.04868298
v 0.03761402 0.05713998 0.05459498
v 0.03765573 0.05651129 0.04887812
v 0.04296878 0.05278142 0.04911386
v -0.03134697 0.09185395 0.21072756
v -0.03065876 0.09250296 0.20420013
v -0.02998304 0.09289023 0.19768046
v -0.02933406 0.09302905 0.19119190
v -0.02872514 0.09293314 0.18475495
v -0.02816922 0.09261636 0.17838894
v -0.02767907 0.09209275 0.17211269
v -0.02694703 0.09047979 0.15987752
v -0.02662209 0.08819732 0.14805041
v -0.02674409 0.08534488 0.13658856
v -0.02727494 0.08203027 0.12543117
v -0.02285398 0.08093228 0.11371504
v -0.01799123 0.07933449 0.10233234
v -0.01253847 0.07724378 0.09124397
v -0.00649513 0.07470722 0.08040164
v 0.00000004 0.07184520 0.06971364
v 0.00662957 0.07151237 0.06976365
v 0.00669366 0.06888678 0.05905836
v 0.01317443 0.07052343 0.06991456
v 0.01330585 0.06791121 0.05916052
v 0.01955266 0.06889547 0.07016705
v 0.01975780 0.06630484 0.05933212
v 0.02569170 0.06666048 0.07052253
v 0.02597971 0.06409848 0.05957519
v 0.03152466 0.06385612 0.07098244
v 0.03190726 0.06132844 0.05989175
v 0.03699856 0.06052786 0.07154696
v 0.03748954 0.05803849 0.06028317
v 0.03523421 0.06741993 0.09362637
v 0.03002414 0.07070928 0.09281443
v 0.02446492 0.07346738 0.09214412
v 0.01861409 0.07565570 0.09161983
v 0.03622231 0.06373567 0.08265243
v 0.03087435 0.06706781 0.08194612
v 0.02516678 0.06987043 0.08136664
v 0.01915511 0.07210037 0.08091591
v 0.01290700 0.07372241 0.08059417
v -0.00653960 0.09718292 0.21636055
v -0.00637344 0.09808499 0.20869754
v -0.00621478 0.09862794 0.20108210
v -0.00606622 0.09884564 0.19356118
v -0.00593016 0.09877276 0.18617605
v -0.00580893 0.09844438 0.17896555
v -0.00570484 0.09789588 0.17196630
v -0.00555704 0.09626801 0.15868102
v -0.00550256 0.09409094 0.14625250
v -0.00554635 0.09148872 0.13451253
v -0.00567779 0.08853221 0.12328790
v -0.00000001 0.08556926 0.11230908
v 0.00587096 0.08527531 0.11239837
v 0.00609146 0.08178920 0.10166751
v 0.01167864 0.08439761 0.11266468
v 0.01211189 0.08086403 0.10191761
v 0.01736009 0.08294445 0.11310528
v 0.00649505 0.07470682 0.08040129
v -0.03931977 0.07869744 0.15938304
v -0.03873675 0.08256444 0.15875624
v -0.03885638 0.08244978 0.15876506
v -0.03892350 0.08238545 0.15877007
v -0.03894031 0.08236323 0.15877233
v -0.03905394 0.08221298 0.15878807
v -0.03911762 0.08212879 0.15879677
v -0.03923991 0.08196711 0.15881358
v -0.03928554 0.08188094 0.15882443
v -0.03939543 0.08167344 0.15885054
v -0.03942864 0.08161075 0.15885840
v -0.03954437 0.08132498 0.15889774
v -0.03947986 0.08151403 0.15887056
v -0.03952753 0.08137435 0.15889071
v -0.03964160 0.08104006 0.15893875
v -0.03964350 0.08102924 0.15894042
v -0.03969523 0.08073431 0.15898751
v -0.03969753 0.08072119 0.15898965
v -0.03973541 0.08008768 0.15909766
v -0.03973513 0.08010111 0.15909527
v -0.03972870 0.08040518 0.15904234
v -0.03972856 0.08041151 0.15904127
v -0.03972537 0.08056241 0.15901493
v -0.03969787 0.07979670 0.15915261
v -0.03955507 0.07921691 0.15926848
v -0.03962084 0.07944169 0.15922259
v -0.03963835 0.07950152 0.15921031
v -0.03967668 0.07963254 0.15918349
v -0.03969219 0.07975269 0.15916084
v -0.03940065 0.07886580 0.15934537
v -0.03944181 0.07895149 0.15932630
v -0.03953287 0.07914107 0.15928398
v -0.03926110 0.07860501 0.15940510
v -0.03918009 0.07847895 0.15943538
v -0.03931764 0.07869300 0.15938400
v 0.00000000 0.06509404 0.15810429
v 0.00000000 0.06521913 0.15906011
v -0.00315901 0.06529704 0.15916871
v -0.00000000 0.06444795 0.15578042
v -0.00000000 0.06444796 0.15578042
v -0.00316210 0.06458711 0.15587781
v -0.02548672 0.06621798 0.16932069
v -0.02547639 0.06645435 0.16899477
v -0.02411054 0.06635594 0.16816936
v -0.02676466 0.06735279 0.16851793
v -0.02673497 0.06765866 0.16780280
v -0.02540175 0.06745055 0.16688691
v -0.03061374 0.06790411 0.17149876
v -0.03065074 0.06742290 0.17213784
v -0.03187934 0.06757764 0.17320000
v -0.03179655 0.06857153 0.17191456
v -0.03571680 0.07360059 0.16820501
v -0.03557145 0.07387362 0.16622637
v -0.03730166 0.07569981 0.16647600
v -0.03541361 0.07400032 0.16421221
v -0.03713691 0.07576352 0.16436885
v -0.03633600 0.07485273 0.15617119
v -0.03623496 0.07473246 0.15605997
v -0.03670204 0.07544485 0.16009222
v -0.02871826 0.06826755 0.14957951
v -0.02808902 0.06786325 0.14916502
v -0.02837577 0.06870366 0.15256821
v -0.02324221 0.06495646 0.14624999
v -0.02342037 0.06595006 0.14943574
v -0.02595316 0.06728534 0.15093683
v 0.00000000 0.06273990 0.16400360
v -0.01547569 0.06293638 0.16638802
v -0.02950899 0.06350234 0.17330621
v -0.02688345 0.06348118 0.17157911
v -0.02134073 0.06343882 0.16862284
v -0.02415729 0.06346007 0.17001604
v -0.01245129 0.06292872 0.16553460
v -0.00627309 0.06291665 0.16438948
v -0.00937991 0.06292196 0.16486774
v -0.00314250 0.06291326 0.16410135
v 0.00000000 0.06291165 0.16399573
v -0.00000000 0.05774695 0.14050005
v -0.00000000 0.06075130 0.14636849
v -0.00077873 0.05775649 0.14050613
v -0.00317023 0.06093189 0.14645217
v -0.00317156 0.05792385 0.14061545
v -0.00376437 0.05796531 0.14064251
v -0.00970244 0.05916160 0.14145027
v -0.00936457 0.05907844 0.14139353
v -0.00938635 0.06189433 0.14731537
v -0.00685745 0.05846128 0.14097248
v -0.00630873 0.06130302 0.14677928
v -0.00630378 0.05837250 0.14091347
v -0.00544248 0.05823439 0.14082156
v -0.01520166 0.06110561 0.14288400
v -0.01314834 0.06030346 0.14227353
v -0.01238966 0.06266610 0.14805232
v -0.01268631 0.06012296 0.14213620
v -0.01233331 0.06000923 0.14205514
v -0.01073852 0.05949541 0.14168845
v -0.01796681 0.06232155 0.14387642
v -0.01585168 0.06136238 0.14308082
v -0.01531195 0.06357381 0.14898060
v -0.01580646 0.06134187 0.14306389
v -0.02091056 0.06566772 0.15137850
v -0.02064815 0.06360842 0.14499901
v -0.01815188 0.06458306 0.15009199
v -0.01936630 0.06295620 0.14440273
v -0.02277451 0.06469032 0.14598797
v -0.02137187 0.06397665 0.14533554
v -0.02088505 0.06372895 0.14510916
v -0.02606459 0.06656247 0.14783131
v -0.02604782 0.06655292 0.14782189
v -0.02572842 0.06637118 0.14764296
v -0.02731724 0.06736735 0.14865647
v -0.03153157 0.07032102 0.15169595
v -0.03143167 0.07024743 0.15162002
v -0.03067413 0.07021977 0.15431534
v -0.03032941 0.06943543 0.15078293
v -0.02892023 0.06839733 0.14971255
v -0.03441238 0.07286018 0.15424739
v -0.03412112 0.07256833 0.15396260
v -0.03283519 0.07184505 0.15616296
v -0.03390546 0.07235224 0.15375160
v -0.03243991 0.07109825 0.15248249
v -0.03221470 0.07090554 0.15228747
v -0.03484780 0.07358521 0.15809451
v -0.03599064 0.07444161 0.15579103
v -0.03838965 0.07742780 0.16213642
v -0.03917570 0.07847163 0.15942954
v -0.03913439 0.07841022 0.15937768
v -0.03900974 0.07823684 0.15922652
v -0.03800587 0.07684054 0.15800951
v -0.03790491 0.07672036 0.15789841
v -0.03667451 0.07525570 0.15654384
v -0.03359760 0.07221716 0.16586302
v -0.03371469 0.07191695 0.16772316
v -0.03480281 0.07253207 0.16890942
v -0.03382595 0.07146774 0.16951989
v -0.03279266 0.07041258 0.17003880
v -0.03269280 0.07094634 0.16834603
v -0.03289095 0.06970870 0.17161821
v -0.03175273 0.06899268 0.17121063
v -0.03068503 0.06687563 0.17273699
v -0.03071590 0.06623809 0.17328869
v -0.03072983 0.06587376 0.17353939
v -0.03074265 0.06547161 0.17376409
v -0.02947562 0.06542570 0.17281149
v -0.02948591 0.06499358 0.17301105
v -0.02949496 0.06452172 0.17316185
v -0.03258997 0.07132517 0.16657184
v -0.03053441 0.06870781 0.17010866
v -0.03049325 0.06904057 0.16936241
v -0.02924805 0.06872608 0.16829775
v -0.03040968 0.06957988 0.16778348
v -0.02917124 0.06918844 0.16671811
v -0.03032484 0.06996455 0.16611408
v -0.02909330 0.06950331 0.16505848
v -0.03023750 0.07021100 0.16437970
v -0.02901316 0.06968763 0.16334163
v -0.02667253 0.06813308 0.16630076
v -0.02660841 0.06845147 0.16471802
v -0.02534528 0.06785303 0.16537093
v -0.02528726 0.06810406 0.16378556
v -0.02399372 0.06758292 0.16448818
v -0.02647694 0.06870310 0.16138826
v -0.02383571 0.06779275 0.15960740
v -0.02654348 0.06863558 0.16307448
v -0.02388924 0.06783324 0.16126858
v -0.02394172 0.06776938 0.16289996
v -0.02783228 0.06906067 0.16404484
v -0.02790361 0.06881259 0.16569589
v -0.02797397 0.06842382 0.16727684
v -0.02928588 0.06843399 0.16904925
v -0.03057474 0.06833012 0.17082165
v -0.03183898 0.06810179 0.17257832
v -0.02945167 0.06616331 0.17231236
v -0.02943816 0.06647851 0.17203151
v -0.02942374 0.06676551 0.17173730
v -0.02939251 0.06727359 0.17111753
v -0.02935867 0.06771369 0.17046140
v -0.02807518 0.06753007 0.16946743
v -0.02804251 0.06787422 0.16876470
v -0.02810600 0.06712934 0.17014001
v -0.02681809 0.06655520 0.16986512
v -0.02682974 0.06630263 0.17018102
v -0.02684055 0.06601953 0.17048429
v -0.02813431 0.06665881 0.17077969
v -0.02814732 0.06638937 0.17108499
v -0.02815945 0.06609053 0.17137729
v -0.02685044 0.06569974 0.17076980
v -0.02687385 0.06447188 0.17141460
v -0.02687931 0.06398571 0.17152368
v -0.02950269 0.06402047 0.17325877
v -0.02818980 0.06495953 0.17210887
v -0.02415514 0.06395116 0.16995321
v -0.02552481 0.06444722 0.17060266
v -0.02686716 0.06492594 0.17124747
v -0.02818077 0.06538074 0.17189907
v -0.02946418 0.06581440 0.17257510
v -0.02551258 0.06529298 0.17019914
v -0.02550489 0.06564402 0.16993056
v -0.02549625 0.06595001 0.16963457
v -0.02411958 0.06613515 0.16850494
v -0.02272190 0.06625981 0.16738974
v -0.02401932 0.06743650 0.16526113
v -0.02800862 0.06817061 0.16803370
v -0.02932291 0.06809786 0.16977130
v -0.02110168 0.06694739 0.15800832
v -0.01828547 0.06615928 0.15659939
v -0.02114260 0.06708837 0.15964936
v -0.01834275 0.06654470 0.15984176
v -0.02118294 0.06713558 0.16127215
v -0.02122306 0.06707044 0.16286717
v -0.02124281 0.06698792 0.16365062
v -0.02126198 0.06686601 0.16442321
v -0.02266391 0.06705458 0.16519628
v -0.02404428 0.06724931 0.16601776
v -0.02542853 0.06718131 0.16761385
v -0.02679258 0.06698974 0.16920625
v -0.01546354 0.06617137 0.16182898
v -0.01839876 0.06650599 0.16302501
v -0.01838525 0.06656786 0.16223775
v -0.00316521 0.06354454 0.15267216
v -0.00000000 0.06340493 0.15257488
v -0.00000000 0.06389441 0.15378939
v -0.00630559 0.06380806 0.15301977
v -0.00630271 0.06478418 0.15622662
v -0.00939808 0.06422896 0.15359245
v -0.00940169 0.06509902 0.15680264
v -0.01243023 0.06478012 0.15438448
v -0.01244679 0.06551148 0.15760086
v -0.01539410 0.06543123 0.15538906
v -0.01542913 0.06599910 0.15861593
v -0.00629986 0.06541973 0.15950643
v -0.00630143 0.06515983 0.15785657
v -0.00940527 0.06561530 0.16006504
v -0.00940370 0.06541632 0.15842710
v -0.01246313 0.06587072 0.16084062
v -0.01245526 0.06575208 0.15921853
v -0.01544673 0.06614857 0.16022621
v -0.01837124 0.06659157 0.16144429
v -0.01841145 0.06639819 0.16380464
v -0.01985529 0.06654580 0.16446935
v -0.02128022 0.06669770 0.16518329
v -0.02268496 0.06685405 0.16594587
v -0.02406818 0.06701516 0.16675626
v -0.02545361 0.06685437 0.16831754
v -0.02414730 0.06485957 0.16965102
v -0.02414177 0.06524982 0.16941331
v -0.02413526 0.06558909 0.16913508
v -0.02412784 0.06588177 0.16882883
v -0.02272965 0.06605400 0.16773449
v -0.02131180 0.06616580 0.16665636
v -0.01547105 0.06611867 0.16262589
v -0.01547747 0.06600553 0.16341732
v -0.01695857 0.06611584 0.16397117
v -0.01842287 0.06623058 0.16457473
v -0.01986937 0.06634892 0.16522764
v -0.02129700 0.06647031 0.16592894
v -0.02270447 0.06659486 0.16667818
v -0.02409046 0.06672281 0.16747461
v -0.01548241 0.06581115 0.16419874
v -0.01696580 0.06589587 0.16474055
v -0.01843254 0.06598364 0.16533111
v -0.01988158 0.06607377 0.16596995
v -0.01398339 0.06573020 0.16370653
v -0.01246978 0.06553680 0.16365884
v -0.01548420 0.06567200 0.16458176
v -0.02817063 0.06575646 0.17165159
v -0.02685934 0.06533656 0.17102800
v -0.02551924 0.06489266 0.17042790
v -0.02415178 0.06442261 0.16983305
v -0.02275608 0.06439801 0.16910623
v -0.02133989 0.06414854 0.16849600
v -0.02132913 0.06548131 0.16767703
v -0.02132409 0.06574865 0.16735218
v -0.01989532 0.06542830 0.16701578
v -0.01989144 0.06568359 0.16668235
v -0.01844276 0.06537583 0.16640054
v -0.01844001 0.06561945 0.16605912
v -0.01697267 0.06532425 0.16583191
v -0.01697098 0.06555661 0.16548310
v -0.01548616 0.06527402 0.16531049
v -0.01548547 0.06549563 0.16495477
v -0.01398439 0.06522565 0.16483675
v -0.01548567 0.06466412 0.16591750
v -0.01548511 0.06447583 0.16603540
v -0.01844637 0.06453197 0.16709362
v -0.01548604 0.06483871 0.16578375
v -0.01844605 0.06472828 0.16698132
v -0.01844553 0.06491144 0.16685365
v -0.01990071 0.06476100 0.16758178
v -0.01989967 0.06494861 0.16745757
v -0.02133668 0.06479378 0.16822730
v -0.02133513 0.06498593 0.16810666
v -0.01246402 0.06442309 0.16516314
v -0.01246519 0.06460395 0.16504060
v -0.01246622 0.06477070 0.16490172
v -0.01246786 0.06505843 0.16458486
v -0.01548625 0.06499859 0.16563652
v -0.01548629 0.06514356 0.16547798
v -0.01697368 0.06503904 0.16615139
v -0.01697326 0.06518877 0.16599618
v -0.01844480 0.06508044 0.16671287
v -0.01844388 0.06523512 0.16656111
v -0.01989843 0.06512239 0.16732036
v -0.01989697 0.06528217 0.16717242
v -0.02133335 0.06516459 0.16797338
v -0.02133135 0.06532960 0.16782950
v -0.00629492 0.06541370 0.16200553
v -0.00940374 0.06551834 0.16253220
v -0.00940453 0.06558541 0.16212355
v -0.01246978 0.06565376 0.16326426
v -0.01246938 0.06574011 0.16286443
v -0.00315681 0.06540847 0.16084765
v -0.00629712 0.06549296 0.16117345
v -0.00629871 0.06548721 0.16033874
v -0.00940507 0.06562718 0.16171251
v -0.00940550 0.06565195 0.16088854
v -0.01246865 0.06580161 0.16246162
v -0.01246633 0.06586665 0.16165219
v -0.01398051 0.06590047 0.16291390
v -0.00940265 0.06542004 0.16293584
v -0.00629354 0.06532957 0.16241597
v -0.00315530 0.06534766 0.16168748
v -0.00315440 0.06527239 0.16210209
v 0.00000000 0.06531110 0.16157912
v 0.00000000 0.06526280 0.16194902
v 0.00000000 0.06536415 0.16117273
v 0.00000000 0.06536686 0.16018914
v 0.00000000 0.06536535 0.16073845
v -0.00629194 0.06520567 0.16281734
v -0.00940041 0.06519651 0.16352187
v -0.00940124 0.06528257 0.16333018
v -0.01246899 0.06528696 0.16423045
v -0.01246937 0.06538152 0.16404365
v -0.01398456 0.06543706 0.16447471
v -0.01246849 0.06517964 0.16441141
v -0.00939337 0.06437664 0.16448079
v -0.00939480 0.06455106 0.16435443
v -0.00939613 0.06471102 0.16421150
v -0.00939735 0.06485542 0.16405438
v -0.00629106 0.06512612 0.16301237
v -0.00629011 0.06503329 0.16320156
v -0.00939948 0.06509741 0.16370748
v -0.00939847 0.06498408 0.16388570
v -0.01246711 0.06492225 0.16474901
v -0.00628439 0.06434017 0.16399072
v -0.00628567 0.06450957 0.16386162
v -0.00628689 0.06466427 0.16371559
v -0.00628803 0.06480315 0.16355525
v -0.00628910 0.06492601 0.16338311
v -0.00314888 0.06431691 0.16369508
v -0.00314963 0.06448314 0.16356419
v -0.00315034 0.06463451 0.16341649
v -0.00315102 0.06476989 0.16325413
v -0.00315166 0.06488912 0.16307996
v -0.00315227 0.06499261 0.16289626
v -0.00315339 0.06515697 0.16250764
v 0.00000000 0.06513330 0.16240202
v 0.00000000 0.06510324 0.16250716
v -0.02133907 0.06437340 0.16842292
v -0.01844648 0.06432410 0.16718887
v -0.01844636 0.06410661 0.16726695
v -0.01548437 0.06427554 0.16613565
v -0.01548344 0.06406523 0.16621791
v -0.01246269 0.06422983 0.16526757
v -0.01246122 0.06402624 0.16535352
v -0.00939182 0.06418952 0.16458867
v -0.00939015 0.06399183 0.16467761
v -0.00628302 0.06415784 0.16410099
v -0.00628158 0.06396477 0.16419218
v -0.00314810 0.06413763 0.16380702
v -0.00314727 0.06394749 0.16389953
v 0.00000000 0.06412753 0.16370295
v 0.00000000 0.06396801 0.16378997
v -0.00314640 0.06374889 0.16397344
v 0.00000000 0.06374220 0.16387139
v 0.00000000 0.06365429 0.16390310
v -0.01245958 0.06381460 0.16542171
v -0.00938837 0.06378590 0.16474830
v -0.00938645 0.06357407 0.16480170
v -0.00628006 0.06376331 0.16426490
v -0.00627845 0.06355586 0.16431998
v -0.00314549 0.06354424 0.16402958
v 0.00000000 0.06353898 0.16392659
v -0.02134045 0.06391648 0.16855322
v -0.01844600 0.06388159 0.16732822
v -0.01548232 0.06384712 0.16628288
v -0.01844457 0.06341739 0.16740404
v -0.01547945 0.06339622 0.16636418
v -0.01245579 0.06337623 0.16550778
v -0.00938441 0.06335859 0.16483842
v -0.00627676 0.06334471 0.16435800
v -0.00314454 0.06333584 0.16406856
v 0.00000000 0.06328283 0.16397868
v 0.00000000 0.06497278 0.16279136
v 0.00000000 0.06492656 0.16289209
v 0.00000000 0.06487166 0.16297542
v 0.00000000 0.06472910 0.16319166
v 0.00000000 0.06461947 0.16331206
v 0.00000000 0.06451283 0.16342913
v 0.00000000 0.06430577 0.16359232
v 0.00000000 0.06425016 0.16363619
v -0.01696868 0.06574454 0.16511689
v -0.01843658 0.06581950 0.16570042
v -0.01988684 0.06589627 0.16633151
v -0.02131829 0.06597442 0.16700982
v -0.02273667 0.06581468 0.16806780
v -0.02274289 0.06553488 0.16838358
v -0.02274824 0.06520705 0.16867124
v -0.02275057 0.06502339 0.16880046
v -0.02275266 0.06482662 0.16891728
v -0.02133800 0.06458910 0.16833328
v -0.01535667 0.06460237 0.15217267
v -0.01822406 0.06548360 0.15334116
v -0.02101382 0.06643461 0.15469788
v -0.02371996 0.06745143 0.15623330
v -0.03692718 0.07567374 0.16222881
v -0.03863151 0.07762524 0.16438220
v -0.03505221 0.07384620 0.16013406
v -0.02862849 0.06937288 0.15619002
v -0.03110450 0.07094776 0.15994905
v -0.03097421 0.07079660 0.15807281
v -0.03333414 0.07241654 0.16202413
v -0.03318278 0.07233381 0.16007327
v -0.03524102 0.07398853 0.16217707
v -0.03347171 0.07238024 0.16395806
v -0.03170804 0.06936797 0.17046963
v -0.03161734 0.06998777 0.16889082
v -0.03152521 0.07044536 0.16721033
v -0.03143033 0.07075661 0.16545688
v -0.03133035 0.07093658 0.16365241
v -0.02892880 0.06975636 0.16158532
v -0.02640714 0.06866870 0.15967296
v -0.02358316 0.06682134 0.15283071
v -0.02615986 0.06805254 0.15443824
v -0.02633214 0.06854312 0.15793787
v -0.02883793 0.06972075 0.15980147
v -0.03122258 0.07099693 0.16181217
v -0.00000000 0.06075131 0.14636849
v -0.00000000 0.06146697 0.14776646
v 0.00316980 0.06093185 0.14645217
v 0.03504871 0.07384304 0.16013037
v 0.03484434 0.07358199 0.15809093
v 0.03669862 0.07544114 0.16008829
v 0.02090795 0.06566664 0.15137719
v 0.02358027 0.06682003 0.15282892
v 0.02371703 0.06745027 0.15623139
v 0.01987901 0.06607361 0.16596876
v 0.02130907 0.06616563 0.16665493
v 0.02131556 0.06597427 0.16700839
v 0.01985272 0.06654553 0.16446815
v 0.02127749 0.06669740 0.16518186
v 0.02129427 0.06647008 0.16592751
v 0.01838286 0.06656753 0.16223668
v 0.01839637 0.06650571 0.16302393
v 0.01546150 0.06617115 0.16182815
v 0.03258635 0.07132334 0.16656826
v 0.03371103 0.07191496 0.16771923
v 0.03382227 0.07146599 0.16951583
v 0.01244962 0.06292872 0.16553412
v 0.01547363 0.06293637 0.16638742
v 0.01198004 0.05987610 0.14195643
v 0.01233093 0.06000789 0.14205514
v 0.01238803 0.06266563 0.14805184
v 0.02341753 0.06594862 0.14943419
v 0.03862817 0.07762109 0.16437767
v 0.03713342 0.07575998 0.16436444
v 0.02949916 0.06402043 0.17325626
v 0.02948238 0.06499349 0.17300855
v 0.02949143 0.06452165 0.17315935
v 0.02947210 0.06542557 0.17280887
v 0.03073903 0.06547149 0.17376123
v 0.03072622 0.06587359 0.17353652
v 0.03071229 0.06623787 0.17328583
v 0.03068143 0.06687531 0.17273401
v 0.03187567 0.06757716 0.17319666
v 0.03183532 0.06810119 0.17257498
v 0.03179290 0.06857079 0.17191122
v 0.03288726 0.06970760 0.17161451
v 0.03278899 0.07041122 0.17003511
v 0.03479913 0.07252993 0.16890524
v 0.03571315 0.07359803 0.16820072
v 0.03556784 0.07387085 0.16622220
v 0.03788718 0.07672741 0.15789352
v 0.03891964 0.07809582 0.15910982
v 0.03838634 0.07742357 0.16213213
v 0.03901406 0.07823438 0.15922759
v 0.03917364 0.07846855 0.15942691
v 0.03632224 0.07485984 0.15617178
v 0.03667743 0.07525536 0.15654586
v 0.03729747 0.07594582 0.15719889
v 0.03411223 0.07258163 0.15397106
v 0.03440612 0.07285915 0.15424608
v 0.03519213 0.07360139 0.15498172
v 0.03621551 0.07474099 0.15605949
v 0.03221211 0.07090506 0.15228771
v 0.03244150 0.07109195 0.15247832
v 0.03283174 0.07184227 0.15615986
v 0.03312072 0.07164534 0.15304302
v 0.03033734 0.06942516 0.15077387
v 0.03077954 0.06973788 0.15109669
v 0.03067075 0.07021739 0.15431260
v 0.03142367 0.07026268 0.15163217
v 0.02837252 0.06870163 0.15256582
v 0.02815904 0.06788468 0.14918350
v 0.02871438 0.06827742 0.14958893
v 0.02572323 0.06637077 0.14764164
v 0.02604428 0.06657031 0.14784478
v 0.02595008 0.06728363 0.15093480
v 0.02732607 0.06736697 0.14865623
v 0.01863304 0.06260671 0.14410137
v 0.02064832 0.06360579 0.14499496
v 0.02088554 0.06372339 0.14510010
v 0.02141187 0.06398430 0.14533351
v 0.02186792 0.06421039 0.14553569
v 0.02322783 0.06496201 0.14626370
v 0.02529367 0.06610379 0.14736973
v 0.01797167 0.06231513 0.14386438
v 0.01814957 0.06458218 0.15009092
v 0.01584973 0.06137959 0.14310382
v 0.01530997 0.06357314 0.14897989
v 0.01311065 0.06030075 0.14227436
v 0.01508271 0.06104143 0.14282881
v 0.01520595 0.06109576 0.14287303
v 0.00938510 0.06189404 0.14731513
v 0.00936245 0.05907749 0.14139365
v 0.01073832 0.05949726 0.14168940
v 0.00630787 0.06130287 0.14677905
v 0.00630679 0.05835482 0.14090131
v 0.00902773 0.05897537 0.14132164
v 0.00321957 0.05790720 0.14060436
v 0.00544335 0.05822585 0.14081560
v 0.00624489 0.05834071 0.14089166
v 0.00002460 0.05774697 0.14050005
v 0.00061476 0.05775291 0.14050387
v 0.00317309 0.05790444 0.14060257
v 0.00314207 0.06291326 0.16410123
v 0.00627223 0.06291665 0.16438936
v 0.00937864 0.06292196 0.16486751
v 0.01844215 0.06341738 0.16740309
v 0.02133798 0.06343880 0.16862153
v 0.02415424 0.06346004 0.17001437
v 0.02688014 0.06348115 0.17157708
v 0.02950546 0.06350231 0.17330371
v 0.03142677 0.07075493 0.16545354
v 0.03268917 0.07094473 0.16834234
v 0.03174909 0.06899181 0.17120729
v 0.03152163 0.07044388 0.16720699
v 0.03161374 0.06998651 0.16888736
v 0.03170441 0.06936696 0.17046617
v 0.03053085 0.06870701 0.17010544
v 0.03048969 0.06903964 0.16935919
v 0.02928241 0.06843325 0.16904639
v 0.02800525 0.06816994 0.16803108
v 0.02797060 0.06842305 0.16727422
v 0.02924458 0.06872523 0.16829477
v 0.02790026 0.06881163 0.16569327
v 0.02916779 0.06918738 0.16671525
v 0.02782895 0.06905954 0.16404222
v 0.02908987 0.06950207 0.16505562
v 0.02900975 0.06968623 0.16333877
v 0.02892541 0.06975480 0.16158246
v 0.02647374 0.06870193 0.16138588
v 0.02654026 0.06863454 0.16307209
v 0.02660517 0.06845059 0.16471563
v 0.02542538 0.06718092 0.16761182
v 0.02539861 0.06745007 0.16688477
v 0.02673170 0.06765814 0.16780053
v 0.02534215 0.06785239 0.16536878
v 0.02666928 0.06813237 0.16629849
v 0.02528414 0.06810326 0.16378354
v 0.03064715 0.06742246 0.17213486
v 0.03061016 0.06790356 0.17149566
v 0.03057116 0.06832944 0.17081855
v 0.02931943 0.06809723 0.16976844
v 0.02935518 0.06771317 0.17045854
v 0.02938901 0.06727319 0.17111479
v 0.02946066 0.06581424 0.17257248
v 0.02944815 0.06616311 0.17230974
v 0.02408743 0.06672253 0.16747282
v 0.02406516 0.06701481 0.16675447
v 0.02942023 0.06676521 0.17173456
v 0.02943465 0.06647827 0.17202888
v 0.02814391 0.06638915 0.17108248
v 0.02815604 0.06609035 0.17137490
v 0.02683726 0.06601936 0.17048214
v 0.02816721 0.06575631 0.17164920
v 0.02684714 0.06569961 0.17076765
v 0.02817735 0.06538063 0.17189680
v 0.02685603 0.06533645 0.17102598
v 0.02687600 0.06398568 0.17152153
v 0.02810260 0.06712897 0.17013751
v 0.02813091 0.06665853 0.17077719
v 0.02682645 0.06630243 0.17017876
v 0.02549307 0.06594985 0.16963266
v 0.02550172 0.06564389 0.16992866
v 0.02550940 0.06529287 0.17019723
v 0.02807179 0.06752960 0.16946493
v 0.02678929 0.06698941 0.16920398
v 0.02681480 0.06655496 0.16986297
v 0.02548355 0.06621779 0.16931878
v 0.02412480 0.06588162 0.16882716
v 0.02413222 0.06558897 0.16913329
v 0.02413872 0.06524973 0.16941164
v 0.02414873 0.06442256 0.16983138
v 0.02414425 0.06485950 0.16964935
v 0.02552163 0.06444716 0.17060088
v 0.02551606 0.06489258 0.17042612
v 0.02687054 0.06447182 0.17141257
v 0.02686386 0.06492586 0.17124544
v 0.02818638 0.06495944 0.17210661
v 0.02404127 0.06724887 0.16601597
v 0.01834038 0.06654422 0.15984069
v 0.01828311 0.06615865 0.15659831
v 0.02113992 0.06708767 0.15964793
v 0.02109901 0.06694660 0.15800689
v 0.02383275 0.06779179 0.15960549
v 0.02124009 0.06698750 0.16364919
v 0.02122035 0.06706996 0.16286562
v 0.02399072 0.06758234 0.16448627
v 0.02118025 0.06713499 0.16127072
v 0.02393874 0.06776866 0.16289805
v 0.02388627 0.06783240 0.16126667
v 0.01836886 0.06659119 0.16144322
v 0.01544469 0.06614828 0.16022538
v 0.00630185 0.06478411 0.15622650
v 0.00316166 0.06458709 0.15587769
v 0.00316477 0.06354450 0.15267204
v 0.02125927 0.06686566 0.16442178
v 0.02272676 0.06605384 0.16773294
v 0.02271901 0.06625962 0.16738819
v 0.02410751 0.06635573 0.16816758
v 0.02270159 0.06659461 0.16667663
v 0.02268208 0.06685372 0.16594420
v 0.02266104 0.06705418 0.16519462
v 0.02401632 0.06743599 0.16525923
v 0.02273378 0.06581455 0.16806637
v 0.02411654 0.06613497 0.16850327
v 0.02547322 0.06645412 0.16899274
v 0.02545045 0.06685405 0.16831551
v 0.02676138 0.06735236 0.16851555
v 0.02803913 0.06787365 0.16876207
v 0.01986680 0.06634871 0.16522633
v 0.01842047 0.06623039 0.16457377
v 0.01840905 0.06639795 0.16380356
v 0.01546900 0.06611848 0.16262506
v 0.01695635 0.06611568 0.16397022
v 0.01843014 0.06598349 0.16533004
v 0.01988426 0.06589613 0.16633032
v 0.02132135 0.06574854 0.16735087
v 0.01548036 0.06581104 0.16419803
v 0.01548215 0.06567191 0.16458105
v 0.01398152 0.06573010 0.16370593
v 0.01246811 0.06553673 0.16365837
v 0.01547542 0.06600538 0.16341661
v 0.01696357 0.06589574 0.16473971
v 0.01696644 0.06574443 0.16511606
v 0.01696875 0.06555651 0.16548227
v 0.01246466 0.06586652 0.16165172
v 0.02274000 0.06553477 0.16838215
v 0.02133394 0.06479372 0.16822599
v 0.02274767 0.06502332 0.16879891
v 0.02274976 0.06482656 0.16891573
v 0.02132639 0.06548122 0.16767572
v 0.02132860 0.06532951 0.16782819
v 0.01989439 0.06528208 0.16717134
v 0.01989585 0.06512231 0.16731916
v 0.01844238 0.06508037 0.16671191
v 0.01844311 0.06491138 0.16685270
v 0.02275318 0.06439796 0.16910480
v 0.02133632 0.06437336 0.16842161
v 0.02133525 0.06458905 0.16833197
v 0.01844406 0.06432406 0.16718803
v 0.01697043 0.06532417 0.16583107
v 0.01548341 0.06549554 0.16495405
v 0.01548411 0.06527396 0.16530977
v 0.01398270 0.06543700 0.16447411
v 0.01246681 0.06517959 0.16441093
v 0.01398253 0.06522559 0.16483615
v 0.01246619 0.06505839 0.16458438
v 0.01548423 0.06514350 0.16547726
v 0.01246543 0.06492221 0.16474853
v 0.02133714 0.06414849 0.16849469
v 0.01844394 0.06410657 0.16726600
v 0.01548139 0.06406521 0.16621719
v 0.01245790 0.06381459 0.16542123
v 0.01548026 0.06384709 0.16628228
v 0.01844359 0.06388156 0.16732739
v 0.02133770 0.06391645 0.16855191
v 0.02415209 0.06395113 0.16995154
v 0.01246146 0.06587056 0.16084014
v 0.00940423 0.06565186 0.16088830
v 0.00940380 0.06562712 0.16171227
v 0.00629626 0.06549292 0.16117333
v 0.00315638 0.06540846 0.16084765
v 0.01246698 0.06580151 0.16246115
v 0.01246771 0.06574002 0.16286395
v 0.00940326 0.06558535 0.16212331
v 0.00940246 0.06551829 0.16253184
v 0.00629406 0.06541368 0.16200541
v 0.00629268 0.06532956 0.16241585
v 0.00315397 0.06527238 0.16210197
v 0.00315296 0.06515697 0.16250764
v 0.00000000 0.06521912 0.15906011
v 0.00315858 0.06529703 0.15916871
v 0.01397864 0.06590035 0.16291331
v 0.01246810 0.06565367 0.16326390
v 0.00940137 0.06541999 0.16293560
v 0.00629108 0.06520566 0.16281722
v 0.01246731 0.06528690 0.16422997
v 0.01246769 0.06538146 0.16404329
v 0.00939913 0.06519648 0.16352151
v 0.00939821 0.06509738 0.16370724
v 0.00939719 0.06498405 0.16388534
v 0.00939607 0.06485540 0.16405414
v 0.00939485 0.06471100 0.16421126
v 0.00939997 0.06528253 0.16332994
v 0.00629020 0.06512611 0.16301225
v 0.00628925 0.06503328 0.16320144
v 0.00628824 0.06492600 0.16338311
v 0.00628717 0.06480313 0.16355513
v 0.00628603 0.06466426 0.16371559
v 0.00628481 0.06450956 0.16386150
v 0.00627590 0.06334471 0.16435800
v 0.00938518 0.06357406 0.16480146
v 0.00938314 0.06335858 0.16483818
v 0.01245412 0.06337623 0.16550730
v 0.01547739 0.06339620 0.16636358
v 0.00315184 0.06499260 0.16289626
v 0.00315123 0.06488912 0.16307996
v 0.00315059 0.06476989 0.16325413
v 0.00314991 0.06463451 0.16341637
v 0.00314920 0.06448314 0.16356419
v 0.00314845 0.06431690 0.16369508
v 0.01988886 0.06568348 0.16668127
v 0.01989274 0.06542821 0.16701470
v 0.01844146 0.06523504 0.16656016
v 0.01697144 0.06503898 0.16615056
v 0.01548399 0.06483867 0.16578315
v 0.01548361 0.06466408 0.16591679
v 0.01246351 0.06460392 0.16504012
v 0.01246234 0.06442306 0.16516267
v 0.00939209 0.06437662 0.16448055
v 0.00939054 0.06418951 0.16458844
v 0.00628216 0.06415784 0.16410099
v 0.00628072 0.06396476 0.16419207
v 0.00314684 0.06394749 0.16389953
v 0.00314597 0.06374889 0.16397344
v 0.02274534 0.06520696 0.16866969
v 0.02133060 0.06516451 0.16797207
v 0.02133239 0.06498586 0.16810535
v 0.01989709 0.06494855 0.16745649
v 0.01989812 0.06476094 0.16758071
v 0.01844364 0.06472823 0.16698037
v 0.01844396 0.06453192 0.16709267
v 0.01548305 0.06447580 0.16603468
v 0.01548231 0.06427551 0.16613494
v 0.01246102 0.06422981 0.16526709
v 0.01245954 0.06402622 0.16535304
v 0.00938888 0.06399182 0.16467737
v 0.00938709 0.06378589 0.16474806
v 0.00627920 0.06376331 0.16426478
v 0.00627759 0.06355586 0.16431986
v 0.00314506 0.06354424 0.16402946
v 0.00314411 0.06333584 0.16406856
v 0.01843417 0.06581938 0.16569935
v 0.01843760 0.06561934 0.16605817
v 0.01844035 0.06537575 0.16639958
v 0.01697102 0.06518870 0.16599534
v 0.01548419 0.06499854 0.16563581
v 0.01246454 0.06477067 0.16490136
v 0.00939353 0.06455105 0.16435419
v 0.00628353 0.06434016 0.16399060
v 0.00314766 0.06413763 0.16380702
v 0.00315486 0.06534766 0.16168736
v 0.02101117 0.06643365 0.15469645
v 0.00629785 0.06548718 0.16033863
v 0.00629900 0.06541969 0.15950631
v 0.00940400 0.06561521 0.16006480
v 0.00940243 0.06541619 0.15842687
v 0.01245360 0.06575188 0.15921806
v 0.01244514 0.06551123 0.15760027
v 0.01542710 0.06599874 0.15861510
v 0.01242858 0.06477978 0.15438388
v 0.01539208 0.06543075 0.15538834
v 0.01535468 0.06460179 0.15217195
v 0.01822172 0.06548283 0.15334021
v 0.00939682 0.06422875 0.15359209
v 0.00940043 0.06509886 0.15680228
v 0.00630057 0.06515977 0.15785645
v 0.00630473 0.06380796 0.15301953
v 0.03692373 0.07567009 0.16222475
v 0.03317926 0.07233118 0.16006993
v 0.03728424 0.07569852 0.16646133
v 0.03541004 0.07399739 0.16420816
v 0.03359398 0.07221496 0.16585921
v 0.02883456 0.06971907 0.15979873
v 0.02862518 0.06937100 0.15618740
v 0.03097077 0.07079437 0.15806983
v 0.03110102 0.07094562 0.15994595
v 0.03346811 0.07237787 0.16395436
v 0.03132681 0.07093473 0.16364919
v 0.02640394 0.06866740 0.15967058
v 0.03121907 0.07099491 0.16180907
v 0.03333058 0.07241403 0.16202055
v 0.03523747 0.07398546 0.16217326
v 0.03040615 0.06957874 0.16778038
v 0.03032132 0.06996319 0.16611098
v 0.03023401 0.07020946 0.16437660
v 0.02632897 0.06854172 0.15793560
v 0.02615673 0.06805095 0.15443610
v 0.04442857 0.05872967 0.09280942
v 0.04534648 0.05617400 0.08537565
v 0.04526128 0.05627341 0.08533154
v 0.04521890 0.05673520 0.08939217
v 0.04565474 0.05560061 0.08560739
v 0.04561031 0.05572287 0.08556066
v 0.04696150 0.05175179 0.07022373
v 0.04701827 0.05168094 0.07024781
v 0.04746803 0.05019369 0.06241362
v 0.04778708 0.04906813 0.05450462
v 0.04774360 0.04911060 0.05449729
v 0.04206923 0.06473294 0.11154471
v 0.04153104 0.06610037 0.11521147
v 0.04149168 0.06590864 0.11528514
v 0.04316228 0.06203245 0.10419236
v 0.04369579 0.06071387 0.10049938
v 0.04367924 0.06083341 0.10044907
v 0.04313424 0.06230787 0.10407506
v 0.04260488 0.06368823 0.10773908
v 0.04261736 0.06353120 0.10780619
v 0.03920609 0.07911187 0.15168510
v 0.04623837 0.05402688 0.08042465
v 0.04646752 0.05339644 0.07801448
v 0.04644166 0.05344593 0.07799564
v 0.04740165 0.05026241 0.06239520
v 0.04006537 0.07077668 0.12170802
v 0.03921033 0.07370995 0.12900506
v 0.03831597 0.07884176 0.14383887
v 0.03839766 0.08086748 0.15132199
v 0.03860389 0.07642935 0.13638781
v 0.04327403 0.06169227 0.10004579
v 0.04108200 0.06773196 0.11447762
v 0.04431761 0.05886842 0.09274231
v 0.04611796 0.05391574 0.07781874
v 0.04678044 0.05195564 0.07015274
v 0.04793765 0.04840441 0.04652422
v 0.04799372 0.04835020 0.04652833
v 0.04812590 0.04804399 0.03959810
v 0.04810129 0.04811961 0.04196303
v 0.04798478 0.04849115 0.04888802
v 0.04803761 0.04832021 0.04653047
v 0.04806235 0.04824018 0.04542683
v 0.04806778 0.04822262 0.04518466
v 0.04753194 0.05012662 0.06243168
v 0.04765077 0.04967832 0.05930095
v 0.04776599 0.04924367 0.05626558
v 0.04777994 0.04919519 0.05582188
v 0.04782124 0.04905166 0.05450862
v 0.04788909 0.04881584 0.05235093
v 0.04710371 0.05157051 0.07028590
v 0.04713800 0.05146894 0.06982599
v 0.04707317 0.05160876 0.07027201
v 0.04717770 0.05135133 0.06929348
v 0.04733300 0.05081518 0.06630240
v 0.04752639 0.05014754 0.06257777
v 0.04657533 0.05309980 0.07688044
v 0.04674546 0.05263173 0.07509093
v 0.04678214 0.05247845 0.07415031
v 0.04681421 0.05242810 0.07416897
v 0.04687534 0.05224700 0.07334892
v 0.04618551 0.05417232 0.08098076
v 0.04606325 0.05449508 0.08181201
v 0.04566262 0.05552718 0.08563410
v 0.04584843 0.05504574 0.08398055
v 0.04604848 0.05452738 0.08220015
v 0.04608913 0.05442206 0.08183847
v 0.04523597 0.05663269 0.08943115
v 0.04524182 0.05661754 0.08937906
v 0.04544514 0.05609072 0.08756970
v 0.04564732 0.05556682 0.08577023
v 0.04474744 0.05790650 0.09316097
v 0.04475526 0.05774324 0.09300874
v 0.04500306 0.05717559 0.09118949
v 0.04520485 0.05671333 0.08970807
v 0.04472937 0.05780255 0.09319876
v 0.04473086 0.05783517 0.09321128
v 0.04450592 0.05831441 0.09483920
v 0.04422295 0.05901595 0.09694801
v 0.04421667 0.05897701 0.09696268
v 0.04400239 0.05946790 0.09853576
v 0.04368295 0.06023807 0.10068785
v 0.04398765 0.05950166 0.09864400
v 0.04342064 0.06070584 0.10225450
v 0.04308215 0.06149855 0.10440241
v 0.04363774 0.06025178 0.10093378
v 0.04367192 0.06017851 0.10071014
v 0.04217508 0.06331091 0.10983168
v 0.04245580 0.06272378 0.10812400
v 0.04247948 0.06277680 0.10810457
v 0.04280272 0.06199820 0.10601352
v 0.04306464 0.06145040 0.10442017
v 0.04154909 0.06466465 0.11370645
v 0.04184884 0.06399690 0.11182187
v 0.04188210 0.06406727 0.11179696
v 0.04187578 0.06393688 0.11165248
v 0.04092358 0.06605810 0.11763905
v 0.04126301 0.06530195 0.11550497
v 0.04127984 0.06537565 0.11547612
v 0.04009909 0.06790338 0.12285076
v 0.04016088 0.06799219 0.12282251
v 0.03973798 0.06888372 0.12569509
v 0.03924983 0.07053619 0.13017415
v 0.03883451 0.07167474 0.13400696
v 0.03917012 0.07043565 0.13020454
v 0.03918064 0.07039680 0.13008521
v 0.03882175 0.07768635 0.15580414
v 0.03854829 0.07686111 0.15223311
v 0.03864000 0.07698312 0.15220080
v 0.03854154 0.07684074 0.15214501
v 0.03851170 0.07663824 0.15134715
v 0.03835201 0.07555459 0.14707778
v 0.03836344 0.07495631 0.14493082
v 0.03843156 0.07508563 0.14489411
v 0.03837603 0.07429730 0.14256583
v 0.03860320 0.07532350 0.14482675
v 0.03838034 0.07407144 0.14175533
v 0.03881472 0.07314456 0.13747345
v 0.03858111 0.07280315 0.13757525
v 0.03865457 0.07233908 0.13604568
v 0.03889194 0.07789818 0.15672074
v 0.03880530 0.07723413 0.15213512
v 0.03894888 0.07750856 0.15206526
v 0.03906631 0.07780392 0.15199183
v 0.03915359 0.07811670 0.15191589
v 0.03920737 0.07844250 0.15183853
v 0.03922528 0.07877612 0.15176116
v 0.03914987 0.07944385 0.15161179
v 0.03893289 0.08007396 0.15147792
v 0.03877824 0.08036227 0.15141927
v 0.03859825 0.08062763 0.15136717
v 0.03850687 0.07860714 0.14390431
v 0.03916506 0.07542249 0.13674162
v 0.03970651 0.07280131 0.12937973
v 0.03961698 0.07305304 0.12927996
v 0.04041775 0.07020375 0.12197493
v 0.04031789 0.07040954 0.12188207
v 0.04129567 0.06742324 0.11463402
v 0.04119508 0.06758367 0.11455415
v 0.04341634 0.06150237 0.10014270
v 0.04334806 0.06159998 0.10009359
v 0.04019952 0.07060108 0.12179278
v 0.03936553 0.07350983 0.12909137
v 0.03950227 0.07329016 0.12918328
v 0.03893325 0.07596584 0.13655375
v 0.03906330 0.07570259 0.13664554
v 0.03882095 0.07806640 0.14405547
v 0.03893524 0.07776648 0.14413951
v 0.03905795 0.07976631 0.15154229
v 0.03877869 0.07620890 0.13646744
v 0.03867676 0.07834783 0.14397679
v 0.04155263 0.06629597 0.11513375
v 0.04208012 0.06490944 0.11147271
v 0.04370428 0.06059388 0.10054861
v 0.04316077 0.06189463 0.10424887
v 0.04260347 0.06321818 0.10793518
v 0.04155567 0.06649319 0.11505280
v 0.04011668 0.06785563 0.12271212
v 0.04070118 0.06668757 0.11914979
v 0.04080364 0.06686673 0.11908983
v 0.04136451 0.06554464 0.11541794
v 0.04143568 0.06572279 0.11535417
v 0.04200246 0.06438897 0.11167906
v 0.04204309 0.06455889 0.11161374
v 0.04261680 0.06337406 0.10787176
v 0.04315348 0.06217054 0.10413419
v 0.04365462 0.06095178 0.10039805
v 0.03939635 0.07074229 0.13011049
v 0.04027983 0.06818077 0.12276112
v 0.04089146 0.06705745 0.11902343
v 0.03952547 0.07096665 0.13003872
v 0.04038314 0.06838328 0.12269257
v 0.03963363 0.07120728 0.12995933
v 0.04046815 0.06859794 0.12261711
v 0.03971759 0.07146147 0.12987290
v 0.04053250 0.06882242 0.12253533
v 0.03977462 0.07172582 0.12978040
v 0.04057422 0.06905398 0.12244831
v 0.03980268 0.07199635 0.12968336
v 0.04059190 0.06928949 0.12235688
v 0.03927464 0.07452587 0.13704024
v 0.03924272 0.07422537 0.13713728
v 0.03917792 0.07393272 0.13723050
v 0.03908269 0.07365257 0.13731824
v 0.03896032 0.07338882 0.13739954
v 0.03906960 0.07680457 0.14440940
v 0.03904102 0.07648199 0.14450012
v 0.03897706 0.07616794 0.14458857
v 0.03888031 0.07586748 0.14467321
v 0.03875430 0.07558489 0.14475296
v 0.04795201 0.04859719 0.05035030
v 0.04460692 0.05842006 0.09294973
v 0.04464136 0.05833738 0.09298538
v 0.04552697 0.05590045 0.08549045
v 0.04512880 0.05702391 0.08927749
v 0.04555693 0.05584218 0.08551382
v 0.04515610 0.05695296 0.08930646
v 0.04558473 0.05578294 0.08553730
v 0.04518023 0.05688107 0.08933519
v 0.04467146 0.05825313 0.09302102
v 0.04469716 0.05816762 0.09305654
v 0.04471840 0.05808114 0.09309171
v 0.04690291 0.05182123 0.07019989
v 0.04638613 0.05354540 0.07795964
v 0.04422525 0.05932069 0.09682904
v 0.04423523 0.05921772 0.09687041
v 0.04473515 0.05799400 0.09312664
v 0.04194839 0.06422467 0.11174022
v 0.04257787 0.06306488 0.10799585
v 0.04314920 0.06175806 0.10430358
v 0.04370483 0.06047414 0.10059665
v 0.03901619 0.07745260 0.14422749
v 0.03906136 0.07713006 0.14431797
v 0.03923542 0.07512971 0.13684057
v 0.03927228 0.07482909 0.13694070
v 0.03976832 0.07253853 0.12948142
v 0.03980064 0.07226875 0.12958311
v 0.04055284 0.06975888 0.12216650
v 0.04058480 0.06952560 0.12226258
v 0.04150512 0.06688315 0.11488520
v 0.04153980 0.06668970 0.11496960
v 0.04254081 0.06399638 0.10760222
v 0.04257931 0.06384375 0.10767089
v 0.04358156 0.06118224 0.10029505
v 0.04362200 0.06106829 0.10034667
v 0.04415879 0.05962563 0.09670101
v 0.04418702 0.05952512 0.09674405
v 0.04420918 0.05942332 0.09678684
v 0.04601297 0.05460399 0.08177148
v 0.04254067 0.06291535 0.10805355
v 0.04312798 0.06162364 0.10435615
v 0.04369763 0.06035532 0.10064314
v 0.04423922 0.05911486 0.09691106
v 0.04619152 0.05382787 0.07785331
v 0.04632581 0.05364242 0.07792388
v 0.04595615 0.05471013 0.08173107
v 0.04626088 0.05373667 0.07788835
v 0.04549488 0.05595767 0.08546709
v 0.04542455 0.05606853 0.08542095
v 0.04452555 0.05857961 0.09287892
v 0.04049671 0.06998596 0.12207018
v 0.04145217 0.06707125 0.11480044
v 0.04138191 0.06725191 0.11471640
v 0.04248980 0.06414478 0.10753380
v 0.04347834 0.06139987 0.10019277
v 0.04353356 0.06129298 0.10024367
v 0.04456828 0.05850089 0.09291421
v 0.05849260 0.03467876 0.03850066
v 0.05967560 0.03253226 0.03850060
v 0.06238440 0.02705893 0.03850036
v 0.06359136 0.02401699 0.03850024
v 0.06549235 0.01821986 0.03850012
v 0.06630796 0.01504545 0.03850012
v 0.06743967 0.00840333 0.03850000
v 0.06774145 0.00578066 0.03850000
v 0.06452808 -0.02145057 0.03850000
v 0.06434147 -0.02195543 0.03850000
v 0.05666170 -0.03759590 0.03850000
v 0.05591159 -0.03864903 0.03850000
v 0.05120397 -0.04474543 0.03850000
v 0.05006041 -0.04596984 0.03850000
v 0.04485313 -0.05110965 0.03850000
v 0.04325957 -0.05241746 0.03850000
v 0.01974297 -0.06503270 0.03850000
v 0.01852135 -0.06539819 0.03850000
v 0.00997978 -0.06723067 0.03850000
v 0.00935030 -0.06733140 0.03850000
v -0.01812151 -0.06554091 0.03850000
v -0.01852610 -0.06541458 0.03850000
v -0.02656394 -0.06259678 0.03850000
v -0.02734397 -0.06223506 0.03850000
v -0.03453888 -0.05857530 0.03850000
v -0.03564099 -0.05787570 0.03850000
v -0.04190936 -0.05355003 0.03850000
v -0.04326057 -0.05241920 0.03850000
v -0.04925738 -0.04684174 0.03850000
v -0.05005900 -0.04596894 0.03850000
v -0.05559358 -0.03909503 0.03850000
v -0.05590819 -0.03864690 0.03850000
v -0.06305239 -0.02546363 0.03850000
v -0.06433855 -0.02195441 0.03850000
v -0.06787832 -0.00406615 0.03850000
v -0.06789142 -0.00359249 0.03850000
v -0.06783948 0.00466951 0.03850000
v -0.06772733 0.00577940 0.03850000
v -0.06667353 0.01335207 0.03850000
v -0.06628184 0.01503954 0.03850000
v -0.06396415 0.02298792 0.03850000
v -0.06358449 0.02401507 0.03850000
v -0.05990021 0.03213442 0.03850000
v -0.05968986 0.03254061 0.03850000
v -0.05506288 0.03990088 0.03850000
v -0.05464469 0.04043987 0.03850000
v -0.04857095 0.04758115 0.03850000
v -0.04955029 0.04657004 0.03850000
v -0.05453432 0.04058211 0.03850000
v -0.05233051 0.04342255 0.03850000
v -0.05139397 0.04448280 0.03850000
v -0.05939905 0.03310215 0.03850000
v -0.05738883 0.03646741 0.03850000
v -0.05730378 0.03660980 0.03850000
v -0.06301420 0.02555798 0.03850000
v -0.06209633 0.02763402 0.03850000
v -0.06131126 0.02940968 0.03850000
v -0.06571853 0.01746639 0.03850000
v -0.06549283 0.01821923 0.03850000
v -0.06448833 0.02156978 0.03850000
v -0.06746191 0.00840619 0.03850000
v -0.06740230 0.00899606 0.03850000
v -0.06669296 0.01326839 0.03850000
v -0.06794678 -0.00159066 0.03850000
v -0.06799930 0.00030879 0.03850000
v -0.06788541 0.00341633 0.03850000
v -0.06596089 -0.01645456 0.03850000
v -0.06676152 -0.01289865 0.03850000
v -0.06678841 -0.01277925 0.03850000
v -0.06698231 -0.01155208 0.03850000
v -0.06747476 -0.00843542 0.03850000
v -0.06764532 -0.00658881 0.03850000
v -0.06457380 -0.02131254 0.03850000
v -0.06458615 -0.02127061 0.03850000
v -0.06582051 -0.01707807 0.03850000
v -0.06069804 -0.03059140 0.03850000
v -0.06073974 -0.03051161 0.03850000
v -0.06126173 -0.02951271 0.03850000
v -0.06283206 -0.02596183 0.03850000
v -0.05690103 -0.03723268 0.03850000
v -0.05832272 -0.03489701 0.03850000
v -0.05920861 -0.03344161 0.03850000
v -0.05156067 -0.04433393 0.03850000
v -0.05256655 -0.04308360 0.03850000
v -0.05434826 -0.04086890 0.03850000
v -0.04532818 -0.05068882 0.03850000
v -0.04568335 -0.05034963 0.03850000
v -0.04854979 -0.04761216 0.03850000
v -0.03779398 -0.05650901 0.03850000
v -0.03830782 -0.05618284 0.03850000
v -0.04186067 -0.05358562 0.03850000
v -0.02907913 -0.06143044 0.03850000
v -0.03061864 -0.06071654 0.03850000
v -0.03352598 -0.05912855 0.03850000
v -0.01974309 -0.06503458 0.03850000
v -0.02239222 -0.06420738 0.03850000
v -0.02447677 -0.06340259 0.03850000
v -0.00500571 -0.06781214 0.03850000
v -0.00935384 -0.06735346 0.03850000
v -0.00935741 -0.06735309 0.03850000
v -0.00998190 -0.06724526 0.03850000
v -0.01377028 -0.06659114 0.03850000
v -0.01490299 -0.06631774 0.03850000
v -0.00000034 -0.06798735 0.03850000
v -0.00042371 -0.06799868 0.03850000
v -0.00490208 -0.06782307 0.03850000
v 0.00852403 -0.06746363 0.03850000
v 0.00500377 -0.06779089 0.03850000
v 0.00405819 -0.06787880 0.03850000
v 0.01732951 -0.06575476 0.03850000
v 0.01490149 -0.06630966 0.03850000
v 0.01295427 -0.06675468 0.03850000
v 0.02733944 -0.06222436 0.03850000
v 0.02583854 -0.06289968 0.03850000
v 0.02447868 -0.06340649 0.03850000
v 0.02163056 -0.06446797 0.03850000
v 0.03772151 -0.05657816 0.03850000
v 0.03563784 -0.05787000 0.03850000
v 0.03390177 -0.05894633 0.03850000
v 0.03353359 -0.05914219 0.03850000
v 0.02993495 -0.06105652 0.03850000
v 0.02908366 -0.06143956 0.03850000
v 0.04185073 -0.05357367 0.03850000
v 0.04137734 -0.05396217 0.03850000
v 0.03780138 -0.05652101 0.03850000
v 0.04925149 -0.04683594 0.03850000
v 0.04813351 -0.04803296 0.03850000
v 0.04567415 -0.05033962 0.03850000
v 0.05559395 -0.03909499 0.03850000
v 0.05405091 -0.04126136 0.03850000
v 0.05256392 -0.04308113 0.03850000
v 0.06074431 -0.03051390 0.03850000
v 0.06070223 -0.03059345 0.03850000
v 0.05902476 -0.03376504 0.03850000
v 0.05832556 -0.03489854 0.03850000
v 0.06296674 -0.02567468 0.03850000
v 0.06283737 -0.02596416 0.03850000
v 0.06112957 -0.02978550 0.03850000
v 0.06595917 -0.01645422 0.03850000
v 0.06580658 -0.01713166 0.03850000
v 0.06458173 -0.02126933 0.03850000
v 0.06698197 -0.01155212 0.03850000
v 0.06749325 -0.00828626 0.03850000
v 0.06764239 -0.00658877 0.03850000
v 0.06679650 -0.01273689 0.03850000
v 0.06676013 -0.01289833 0.03850000
v 0.06799683 0.00065697 0.03850000
v 0.06787378 0.00341551 0.03850000
v 0.06778526 0.00539985 0.03850000
v 0.06794797 -0.00159097 0.03850000
v 0.06790446 -0.00359285 0.03850000
v 0.06790408 -0.00361047 0.03850000
v 0.06636221 0.01483433 0.03850006
v 0.06664040 0.01334592 0.03850006
v 0.06724019 0.01013687 0.03850006
v 0.06396584 0.02307316 0.03850024
v 0.06399041 0.02299768 0.03850024
v 0.06529379 0.01899267 0.03850018
v 0.05989642 0.03213159 0.03850054
v 0.06055692 0.03093314 0.03850048
v 0.06211043 0.02763976 0.03850036
v 0.05452865 0.04057887 0.03850113
v 0.05463462 0.04043326 0.03850113
v 0.05620321 0.03827792 0.03850089
v 0.05736471 0.03645192 0.03850077
v 0.05103037 0.04494331 0.03850161
v 0.05140369 0.04449209 0.03850155
v 0.05370544 0.04171002 0.03850125
v 0.04856336 0.04757418 0.03850209
v -0.04200271 0.06438634 0.11167525
v -0.04143585 0.06572003 0.11535059
v -0.04149188 0.06590558 0.11528169
v -0.03863906 0.07698140 0.15219854
v -0.03880427 0.07723199 0.15213297
v -0.03860227 0.07532124 0.14482437
v -0.04733416 0.05032891 0.06237041
v -0.04769992 0.04915188 0.05448316
v -0.04774376 0.04910986 0.05449044
v -0.03894783 0.07750595 0.15206324
v -0.03906535 0.07780080 0.15198992
v -0.03915280 0.07811308 0.15191399
v -0.03920687 0.07843839 0.15183674
v -0.03922517 0.07877155 0.15175949
v -0.03905950 0.07976084 0.15154074
v -0.04765076 0.04967194 0.05930065
v -0.04751870 0.05016124 0.06241869
v -0.04740174 0.05026153 0.06238865
v -0.04687589 0.05224738 0.07334839
v -0.04680667 0.05244320 0.07415794
v -0.04672478 0.05256495 0.07411371
v -0.04585218 0.05504669 0.08397995
v -0.04567755 0.05551275 0.08563434
v -0.04565549 0.05559857 0.08560215
v -0.03857674 0.07684452 0.15223275
v -0.03877198 0.07759906 0.15538226
v -0.03881436 0.07769043 0.15580319
v -0.03833548 0.07497798 0.14495014
v -0.03843086 0.07628072 0.14987932
v -0.03852188 0.07663249 0.15134762
v -0.03833611 0.07497032 0.14492367
v -0.03843075 0.07508378 0.14489149
v -0.03839159 0.07428914 0.14256905
v -0.03846826 0.07334784 0.13931535
v -0.03924949 0.07053412 0.13017093
v -0.03919844 0.07042243 0.13020812
v -0.03885916 0.07149404 0.13340496
v -0.03954016 0.06934307 0.12698804
v -0.03972716 0.06888822 0.12569259
v -0.04016085 0.06799001 0.12281905
v -0.04013664 0.06789222 0.12285577
v -0.04070130 0.06668535 0.11914609
v -0.04088509 0.06607171 0.11767076
v -0.04128008 0.06537343 0.11547230
v -0.04124529 0.06530953 0.11549495
v -0.04154247 0.06468070 0.11369990
v -0.04188240 0.06406514 0.11179291
v -0.04185523 0.06401890 0.11181067
v -0.04218343 0.06332441 0.10982810
v -0.04249304 0.06276864 0.10810386
v -0.04246622 0.06272605 0.10812007
v -0.04317875 0.06121832 0.10381602
v -0.04307810 0.06143129 0.10442398
v -0.04309800 0.06149030 0.10440205
v -0.04281422 0.06198967 0.10601793
v -0.04369733 0.06009826 0.10038231
v -0.04365019 0.06020008 0.10069440
v -0.04366378 0.06024384 0.10067855
v -0.04341477 0.06070856 0.10225330
v -0.04422146 0.05901535 0.09694229
v -0.04421491 0.05898036 0.09695517
v -0.04397787 0.05949235 0.09852479
v -0.04425646 0.05889063 0.09668015
v -0.04499536 0.05718079 0.09118830
v -0.04474320 0.05779029 0.09319924
v -0.04475599 0.05781693 0.09318982
v -0.04455252 0.05825119 0.09471987
v -0.04453317 0.05829297 0.09484790
v -0.04521715 0.05664468 0.08941947
v -0.04521968 0.05673308 0.08938716
v -0.04544899 0.05608431 0.08757065
v -0.04560171 0.05571517 0.08635281
v -0.04601376 0.05460192 0.08176599
v -0.04622800 0.05404370 0.08041988
v -0.04606397 0.05449315 0.08180653
v -0.04607952 0.05443997 0.08182643
v -0.04657388 0.05310166 0.07687996
v -0.04647685 0.05337610 0.07801460
v -0.04638690 0.05354346 0.07795404
v -0.04645528 0.05343712 0.07826684
v -0.04700965 0.05186902 0.07178430
v -0.04710150 0.05157333 0.07027952
v -0.04701893 0.05167934 0.07024173
v -0.04712934 0.05148369 0.06982337
v -0.04734405 0.05079245 0.06630568
v -0.04696225 0.05175008 0.07021777
v -0.04690374 0.05181943 0.07019393
v -0.04737676 0.05068712 0.06576966
v -0.04769950 0.04949135 0.05814992
v -0.04794341 0.04862528 0.05065452
v -0.04788822 0.04882124 0.05235039
v -0.04793800 0.04840375 0.04651694
v -0.04807574 0.04819769 0.04470484
v -0.04805969 0.04824953 0.04542624
v -0.04803531 0.04832832 0.04652255
v -0.04788141 0.04845734 0.04651271
v -0.04671783 0.05201842 0.07012372
v -0.04604175 0.05399762 0.07777952
v -0.04678148 0.05195365 0.07014690
v -0.04526281 0.05627065 0.08532666
v -0.04327619 0.06168868 0.10004221
v -0.04431946 0.05886523 0.09273802
v -0.04006872 0.07077174 0.12170599
v -0.04108498 0.06772739 0.11447524
v -0.03921397 0.07370479 0.12900327
v -0.03860778 0.07642402 0.13638614
v -0.03832002 0.07883643 0.14383720
v -0.03840175 0.08086230 0.15132020
v -0.03860175 0.08062222 0.15136550
v -0.03878110 0.08035672 0.15141772
v -0.03893510 0.08006840 0.15147625
v -0.03915080 0.07943858 0.15161024
v -0.03920646 0.07910690 0.15168355
v -0.04347990 0.06139642 0.10018907
v -0.04341810 0.06149885 0.10013901
v -0.04443015 0.05872656 0.09280513
v -0.04335001 0.06159642 0.10008989
v -0.04353493 0.06128960 0.10023998
v -0.04452688 0.05857663 0.09287451
v -0.04542575 0.05606594 0.08541594
v -0.04534783 0.05617131 0.08537076
v -0.04611915 0.05391340 0.07781337
v -0.04619260 0.05382561 0.07784782
v -0.04684347 0.05188730 0.07017027
v -0.04781829 0.04906953 0.05449932
v -0.04415979 0.05962275 0.09669672
v -0.04362305 0.06106515 0.10034274
v -0.04460803 0.05841725 0.09294520
v -0.04549593 0.05595519 0.08546208
v -0.04595703 0.05470793 0.08172570
v -0.04552795 0.05589804 0.08548532
v -0.04555786 0.05583983 0.08550869
v -0.04561114 0.05572067 0.08555542
v -0.04518110 0.05687875 0.08933018
v -0.04515702 0.05695055 0.08930145
v -0.04474815 0.05790437 0.09315608
v -0.04473590 0.05799175 0.09312187
v -0.04423990 0.05911267 0.09690641
v -0.04558560 0.05578068 0.08553205
v -0.04512978 0.05702139 0.08927260
v -0.04632668 0.05364036 0.07791828
v -0.04626185 0.05373450 0.07788287
v -0.03906948 0.07679991 0.14440762
v -0.03906173 0.07712501 0.14431630
v -0.03927464 0.07452125 0.13703822
v -0.03927270 0.07482409 0.13693880
v -0.03980285 0.07199191 0.12968110
v -0.03980118 0.07226397 0.12958096
v -0.04059232 0.06928527 0.12235425
v -0.04058552 0.06952109 0.12226008
v -0.04155630 0.06648929 0.11504970
v -0.04154068 0.06668557 0.11496674
v -0.04260558 0.06368490 0.10773562
v -0.04261338 0.06360658 0.10776924
v -0.04315410 0.06216761 0.10413049
v -0.04261791 0.06352807 0.10780261
v -0.04208062 0.06490605 0.11146937
v -0.04155307 0.06629234 0.11513053
v -0.04057439 0.06905009 0.12244545
v -0.03977449 0.07172175 0.12977801
v -0.03924238 0.07422118 0.13713513
v -0.03904054 0.07647779 0.14449821
v -0.03897631 0.07616423 0.14458643
v -0.03917734 0.07392900 0.13722812
v -0.03971726 0.07145783 0.12987028
v -0.04053249 0.06881887 0.12253247
v -0.04153134 0.06609703 0.11520813
v -0.04206961 0.06472979 0.11154126
v -0.04261722 0.06337115 0.10786806
v -0.04316280 0.06202972 0.10418843
v -0.04369649 0.06071118 0.10049520
v -0.03875333 0.07558218 0.14475058
v -0.03887940 0.07586427 0.14467107
v -0.03895957 0.07338603 0.13739692
v -0.03908197 0.07364931 0.13731574
v -0.03952499 0.07096383 0.13003586
v -0.03881960 0.07168162 0.13400303
v -0.03858349 0.07280134 0.13757299
v -0.03881401 0.07314219 0.13747059
v -0.03939591 0.07073986 0.13010751
v -0.04033348 0.06827773 0.12272452
v -0.04046804 0.06859475 0.12261401
v -0.04038300 0.06838045 0.12268935
v -0.03963318 0.07120405 0.12995647
v -0.04370492 0.06059135 0.10054444
v -0.04314960 0.06175572 0.10429965
v -0.04316121 0.06189210 0.10424493
v -0.04257817 0.06306243 0.10799204
v -0.04260382 0.06321550 0.10793136
v -0.04204338 0.06455601 0.11161004
v -0.04254097 0.06291311 0.10804962
v -0.04140206 0.06563003 0.11538313
v -0.04194864 0.06422229 0.11173640
v -0.04136469 0.06554215 0.11541425
v -0.04080369 0.06686422 0.11908637
v -0.04027972 0.06817828 0.12275778
v -0.04464237 0.05833467 0.09298085
v -0.04467239 0.05825053 0.09301637
v -0.04418792 0.05952237 0.09673975
v -0.04469801 0.05816513 0.09305190
v -0.04421000 0.05942070 0.09678243
v -0.04471919 0.05807877 0.09308706
v -0.04422600 0.05931821 0.09682451
v -0.04423594 0.05921538 0.09686588
v -0.04370541 0.06047178 0.10059236
v -0.04369819 0.06035314 0.10063885
v -0.04312836 0.06162150 0.10435210
v -0.03851032 0.07860159 0.14390276
v -0.03878201 0.07620338 0.13646589
v -0.03936864 0.07350452 0.12908958
v -0.04020241 0.07059605 0.12179075
v -0.04119768 0.06757905 0.11455177
v -0.03867957 0.07834216 0.14397524
v -0.03882312 0.07806072 0.14405392
v -0.03893597 0.07596023 0.13655208
v -0.03906541 0.07569698 0.13664387
v -0.03950484 0.07328478 0.12918161
v -0.03961901 0.07304768 0.12927805
v -0.04032032 0.07040447 0.12187992
v -0.04041972 0.07019872 0.12197278
v -0.04129790 0.06741861 0.11463152
v -0.04138377 0.06724733 0.11471377
v -0.03893676 0.07776091 0.14413784
v -0.03916656 0.07541699 0.13673995
v -0.03970800 0.07279607 0.12937783
v -0.04049823 0.06998103 0.12206791
v -0.04145367 0.06706678 0.11479770
v -0.04456948 0.05849800 0.09290980
v -0.04358276 0.06117897 0.10029124
v -0.04254191 0.06399271 0.10759889
v -0.04249115 0.06414098 0.10753058
v -0.04242850 0.06428380 0.10746299
v -0.04235480 0.06442005 0.10739671
v -0.03901710 0.07744724 0.14422582
v -0.03923636 0.07512441 0.13683878
v -0.03976930 0.07253348 0.12947939
v -0.04055394 0.06975412 0.12216412
v -0.04150629 0.06687883 0.11488234
v -0.04258019 0.06384023 0.10766743
v -0.04365553 0.06094878 0.10039411
v -0.04366879 0.06088985 0.10041963
v -0.04368004 0.06083055 0.10044502
v -0.02535669 -0.02314350 0.08681820
v -0.02677469 -0.02910836 0.08342217
v -0.02010541 -0.03172994 0.08386408
v -0.03290082 -0.05933464 0.04217260
v -0.05858303 0.01914706 0.07640098
v -0.05842886 0.02337484 0.07549225
v -0.06047948 0.02117617 0.07195108
v -0.06076437 0.01668656 0.07284836
v -0.06223754 0.01910014 0.06812988
v -0.06420723 0.01229494 0.06479137
v -0.06429932 0.00734118 0.06550638
v -0.06264120 0.00961935 0.06976674
v -0.06730930 -0.00218728 0.05063700
v -0.06739903 0.00301587 0.05032026
v -0.06781086 0.00281869 0.04452043
v -0.06184822 0.02811868 0.04813449
v -0.06372125 0.02335817 0.04864918
v -0.06322633 0.02416762 0.05342572
v -0.03355745 0.06985080 0.14348052
v -0.03592256 0.07180798 0.14305757
v -0.03621163 0.06901600 0.13463627
v -0.02316895 0.05349109 0.12592338
v -0.02409160 0.05061441 0.12227510
v -0.01844216 0.04796388 0.12309192
v -0.03207192 0.03919475 0.10837589
v -0.02913165 0.03646733 0.10897921
v -0.02767762 0.04036932 0.11207853
v 0.04939530 0.04196723 0.08528017
v 0.04898525 0.04473557 0.08429705
v 0.04767719 0.04638044 0.08751653
v 0.04225445 0.03629888 0.09790753
v 0.04038931 0.03938122 0.10081063
v 0.03819504 0.03536083 0.10173009
v 0.05033749 0.04316367 0.08106457
v 0.05491971 0.04025007 0.06273006
v 0.05698694 0.03648729 0.06391995
v 0.05791155 0.03532315 0.06010263
v 0.05874852 -0.01640143 0.06809895
v 0.06060831 -0.01193620 0.06768821
v 0.05871972 -0.00887482 0.07215439
v 0.04180847 -0.03806583 0.06993268
v 0.04516541 -0.03513958 0.06967936
v 0.04337665 -0.03089559 0.07435749
v 0.04835017 -0.03192749 0.06940953
v 0.05133215 -0.02843578 0.06912063
v 0.04944499 -0.02457648 0.07373796
v 0.03469157 -0.04305826 0.07039438
v 0.03830806 -0.04070505 0.07017080
v 0.03668491 -0.03610190 0.07490151
v 0.02595078 -0.04186291 0.07558964
v 0.02959063 -0.04020705 0.07537816
v 0.02818781 -0.03482826 0.07963060
v 0.05135483 0.04460796 0.04221861
v 0.04924460 0.04838215 0.06737731
v 0.04753922 0.05113234 0.07777379
v 0.01589740 0.06088683 0.14201282
v 0.00549901 0.05706239 0.13885508
v -0.00549901 0.05706239 0.13885508
v -0.01589741 0.06088682 0.14201270
v -0.03119761 0.06938060 0.14811264
v -0.03394590 0.07213736 0.15205775
v -0.04078690 0.06336680 0.11410056
v -0.04512727 0.05590909 0.09169804
v -0.04634622 0.05337841 0.08470272
v -0.04694688 0.05221708 0.08123372
v -0.04812185 0.05012937 0.07431547
v -0.05016099 0.04689334 0.06035923
v -0.05123682 0.04484790 0.04591816
v -0.05082295 0.04568288 0.05321519
v -0.04869378 0.04921358 0.07085232
v -0.04924448 0.04838225 0.06737719
v -0.04753923 0.05113232 0.07777379
v -0.04573892 0.05461097 0.08818816
v -0.04325921 0.05775244 0.10121356
v -0.04364341 0.05697386 0.09943829
v -0.04403345 0.05620455 0.09767710
v -0.04451387 0.05726694 0.09524058
v -0.04288139 0.05853918 0.10300384
v -0.04214752 0.06013247 0.10663258
v -0.04144718 0.06174479 0.11032997
v -0.04017419 0.06498903 0.11794816
v -0.03913267 0.06819054 0.12587534
v -0.03841988 0.07124965 0.13410269
v -0.03813751 0.07405259 0.14261232
v -0.03836357 0.07648495 0.15136932
v -0.03868141 0.07752884 0.15582381
v -0.03624725 0.07416420 0.15172301
v -0.03665294 0.07515071 0.15612958
v -0.03366143 0.07106429 0.14774249
v -0.02865989 0.06797978 0.14847551
v -0.02855480 0.06678184 0.14429627
v -0.02599748 0.06561469 0.14468752
v -0.02610372 0.06419055 0.14060019
v -0.02100740 0.06228974 0.14138006
v -0.01615373 0.05892709 0.13808762
v -0.01089623 0.05777989 0.13857220
v -0.00000000 0.05681707 0.13894711
v 0.01089623 0.05777990 0.13857220
v 0.01615373 0.05892710 0.13808762
v 0.02100739 0.06228976 0.14138006
v 0.02610371 0.06419058 0.14060019
v 0.02599747 0.06561471 0.14468764
v 0.02865989 0.06797980 0.14847551
v 0.03119761 0.06938062 0.14811264
v 0.03394590 0.07213739 0.15205775
v 0.03665295 0.07515073 0.15612970
v 0.03624725 0.07416423 0.15172301
v 0.03868141 0.07752886 0.15582393
v 0.03836357 0.07648497 0.15136944
v 0.03813750 0.07405262 0.14261244
v 0.03913267 0.06819055 0.12587534
v 0.03841987 0.07124969 0.13410281
v 0.04017417 0.06498905 0.11794804
v 0.04078690 0.06336682 0.11410068
v 0.04144717 0.06174482 0.11033009
v 0.04329602 0.06013593 0.10245334
v 0.04214757 0.06013246 0.10663269
v 0.04390214 0.05867809 0.09882329
v 0.04451390 0.05726693 0.09524058
v 0.04564287 0.05324093 0.09075056
v 0.04605555 0.05253366 0.08904205
v 0.04647171 0.05184184 0.08733962
v 0.04689104 0.05116646 0.08564208
v 0.04731328 0.05050850 0.08394764
v 0.04773819 0.04986890 0.08225487
v 0.04694688 0.05221709 0.08123384
v 0.04812182 0.05012940 0.07431547
v 0.04869375 0.04921362 0.07085232
v 0.05052364 0.04624799 0.05680554
v 0.05016128 0.04689308 0.06035953
v 0.05082295 0.04568287 0.05321513
v 0.05106029 0.04521099 0.04958575
v 0.05123703 0.04484766 0.04591810
v 0.05447270 0.04073580 0.04250501
v 0.05731697 0.03661140 0.04280047
v 0.05986372 0.03225591 0.04309480
v 0.06209021 0.02769259 0.04337953
v 0.06397629 0.02294948 0.04364919
v 0.06550364 0.01805661 0.04389964
v 0.06665847 0.01304732 0.04412888
v 0.06742951 0.00795609 0.04433565
v 0.06781092 0.00281861 0.04452043
v 0.06779958 -0.00232941 0.04468410
v 0.06757627 -0.00714571 0.04168396
v 0.06684607 -0.01217049 0.04174768
v 0.06428065 -0.02196005 0.04185318
v 0.06574480 -0.01711819 0.04180365
v 0.06246473 -0.02666911 0.04189735
v 0.06030948 -0.03121933 0.04193722
v 0.05782975 -0.03558670 0.04197364
v 0.05504146 -0.03974827 0.04200732
v 0.05196245 -0.04368320 0.04203885
v -0.00000000 -0.06782174 0.04226147
v 0.00488821 -0.06764583 0.04225944
v 0.00975293 -0.06711897 0.04225336
v 0.01457066 -0.06624286 0.04224347
v 0.01931783 -0.06502103 0.04223006
v 0.02397090 -0.06345794 0.04221355
v 0.02850637 -0.06156000 0.04219424
v 0.03290082 -0.05933465 0.04217260
v 0.03713114 -0.05679146 0.04214900
v 0.04117445 -0.05394112 0.04212372
v 0.04500848 -0.05079653 0.04209690
v 0.04861141 -0.04737178 0.04206865
v -0.00000000 -0.05512917 0.06884210
v -0.00000000 -0.05756710 0.06602804
v 0.00411531 -0.05744512 0.06601427
v 0.00822613 -0.05707768 0.06597333
v 0.01232743 -0.05646198 0.06590633
v 0.00802174 -0.05466520 0.06878297
v 0.00782075 -0.05209576 0.07143532
v -0.00000000 -0.05253589 0.07149814
v -0.00000000 -0.04981109 0.07400177
v 0.01524197 -0.04811719 0.07374458
v 0.00762315 -0.04939311 0.07393579
v 0.01172752 -0.05154075 0.07135831
v 0.01562702 -0.05075473 0.07125334
v 0.01951339 -0.04972995 0.07112275
v 0.02282358 -0.04592380 0.07344560
v 0.02337686 -0.04845722 0.07096915
v 0.02720557 -0.04692700 0.07079504
v -0.00000000 -0.04697657 0.07635938
v 0.00742893 -0.04657895 0.07629083
v 0.01486186 -0.04536322 0.07609199
v 0.02227353 -0.04326706 0.07578073
v 0.00000000 -0.04104921 0.08066820
v 0.00705064 -0.04068670 0.08059607
v 0.01411643 -0.03957577 0.08038662
v 0.02118308 -0.03765201 0.08005773
v 0.03098327 -0.04513017 0.07060282
v 0.03317587 -0.03828936 0.07514839
v 0.04009419 -0.03363822 0.07463805
v 0.02469943 -0.03635832 0.07985519
v 0.02677470 -0.02910839 0.08342217
v 0.02010541 -0.03172996 0.08386408
v 0.06730939 -0.00218744 0.05063694
v 0.06714363 -0.00751921 0.04791253
v 0.06739763 -0.00745325 0.04482846
v 0.06494222 -0.01144440 0.05698900
v 0.06367379 -0.00967330 0.06234996
v 0.06293034 -0.01551477 0.06008731
v 0.06222434 -0.01447982 0.06274520
v 0.06114931 -0.02021505 0.06040757
v 0.06041115 -0.01911153 0.06309943
v 0.05902597 -0.02471580 0.06069623
v 0.05826021 -0.02353845 0.06341909
v 0.05658662 -0.02899032 0.06095885
v 0.05579913 -0.02773405 0.06371014
v 0.05385955 -0.03301815 0.06119989
v 0.05305745 -0.03167848 0.06397747
v 0.05087363 -0.03678176 0.06142341
v 0.05006522 -0.03535502 0.06422536
v 0.04765784 -0.04026908 0.06163215
v 0.04685239 -0.03875271 0.06445687
v 0.04424094 -0.04347052 0.06182836
v 0.04344859 -0.04186319 0.06467442
v 0.04065050 -0.04638103 0.06201326
v 0.03988194 -0.04468289 0.06487916
v 0.03691323 -0.04899757 0.06218718
v 0.03617955 -0.04721031 0.06507175
v 0.03305356 -0.05132059 0.06234984
v 0.03236591 -0.04944754 0.06525163
v 0.02909458 -0.05335200 0.06250022
v 0.02846397 -0.05139816 0.06541775
v 0.02505630 -0.05509603 0.06263672
v 0.02449320 -0.05306805 0.06556843
v 0.02095711 -0.05655769 0.06275754
v 0.02047127 -0.05446381 0.06570171
v 0.01681196 -0.05774279 0.06286041
v 0.01641200 -0.05559274 0.06581508
v 0.01263416 -0.05865718 0.06294326
v 0.00843392 -0.05930595 0.06300412
v 0.00422021 -0.05969352 0.06304125
v 0.05656269 -0.02065583 0.06847040
v 0.05683703 -0.01314012 0.07260726
v 0.06211431 -0.00728980 0.06723104
v 0.06026313 -0.00442713 0.07165174
v 0.05567292 0.03926355 0.05899983
v 0.05866042 0.03426583 0.05611162
v 0.05628811 0.03836656 0.05514209
v 0.05923453 0.03336402 0.05193936
v 0.05676627 0.03759640 0.05115085
v 0.05963513 0.03267496 0.04759150
v 0.05710870 0.03699678 0.04703026
v 0.05263009 0.04372342 0.06153135
v 0.05319608 0.04291037 0.05788945
v 0.05366215 0.04217790 0.05416637
v 0.05402934 0.04155150 0.05035781
v 0.05429898 0.04106094 0.04646622
v 0.05793122 0.02751720 0.07450126
v 0.06047966 0.02117596 0.07195131
v 0.05982483 0.02557128 0.07096951
v 0.06223771 0.01909993 0.06813012
v 0.06144681 0.02371789 0.06718735
v 0.06370345 0.01720085 0.06399910
v 0.06279751 0.02200541 0.06312828
v 0.06487744 0.01554925 0.05953299
v 0.06387756 0.02049677 0.05876969
v 0.06576051 0.01423540 0.05471842
v 0.06468780 0.01927245 0.05409943
v 0.06635375 0.01336582 0.04956685
v 0.06522938 0.01842735 0.04912781
v 0.05588591 0.03772003 0.06757759
v 0.05402775 0.04129675 0.06634383
v 0.05460804 0.03899175 0.07109211
v 0.03501227 -0.03101792 0.07912229
v 0.03163224 -0.03305104 0.07938586
v 0.03329001 -0.02556345 0.08289312
v 0.03006055 -0.02745588 0.08316790
v 0.03152767 -0.01983401 0.08627735
v 0.02535669 -0.02314350 0.08681820
v 0.03830549 -0.02872161 0.07884048
v 0.03644221 -0.02342384 0.08259855
v 0.03451638 -0.01783957 0.08597468
v 0.02981847 -0.01400217 0.08934794
v 0.02398651 -0.01708275 0.08988844
v 0.01904299 -0.02559647 0.08726655
v 0.01801988 -0.01937347 0.09033357
v 0.01268532 -0.02726841 0.08760737
v 0.01200799 -0.02093996 0.09066986
v 0.00633460 -0.02823463 0.08782230
v 0.00599793 -0.02184784 0.09088098
v 0.00000000 -0.02855020 0.08789597
v 0.00000000 -0.02214491 0.09095322
v -0.00599793 -0.02184784 0.09088098
v 0.04148584 -0.02615840 0.07853983
v 0.03949281 -0.02103314 0.08228372
v 0.03741222 -0.01561314 0.08565019
v 0.03538681 -0.01008487 0.08871792
v 0.04650380 -0.02787348 0.07405840
v 0.04739566 -0.02023015 0.07787536
v 0.04452582 -0.02332675 0.07821904
v 0.04518396 -0.01549580 0.08158658
v 0.04241604 -0.01838950 0.08194719
v 0.04283008 -0.01046244 0.08493052
v 0.04019188 -0.01315318 0.08530293
v 0.04053038 -0.00531639 0.08799289
v 0.03802275 -0.00780615 0.08836816
v 0.03624300 0.00503338 0.09352122
v 0.03161035 0.00100765 0.09421085
v 0.04038772 0.00973302 0.09272598
v 0.04288660 -0.00262044 0.08758973
v 0.04506769 0.00027214 0.08715485
v 0.04530090 -0.00754612 0.08453010
v 0.04757771 -0.00441473 0.08409737
v 0.04776787 -0.01235764 0.08119832
v 0.05013832 -0.00898652 0.08077799
v 0.05006482 -0.01687495 0.07750522
v 0.05250205 -0.01327378 0.07710360
v 0.05216885 -0.02101210 0.07339273
v 0.05464343 -0.01719419 0.07301770
v 0.05408017 -0.02467348 0.06880914
v 0.03616552 0.01908262 0.09793805
v 0.03237548 0.01521621 0.09864734
v 0.03838550 0.00730240 0.09313808
v 0.05467629 -0.00944271 0.07666503
v 0.05226606 -0.00539723 0.08032022
v 0.04963408 -0.00108176 0.08362757
v 0.04705013 0.00334912 0.08668409
v 0.04223149 0.01231544 0.09228192
v 0.05655817 -0.00540537 0.07618259
v 0.05412339 -0.00161174 0.07981847
v 0.05144507 0.00243282 0.08311509
v 0.04881179 0.00659250 0.08617245
v 0.04389983 0.01503535 0.09180211
v 0.05382252 0.02804803 0.08193682
v 0.05611484 0.02565970 0.07879053
v 0.05842893 0.02337476 0.07549237
v 0.06184838 0.02811847 0.04813443
v 0.06372140 0.02335797 0.04864912
v 0.06139873 0.02887689 0.05270212
v 0.06322643 0.02416748 0.05342566
v 0.06073982 0.02989749 0.05704968
v 0.06249001 0.02529501 0.05793982
v 0.05987042 0.03111001 0.06116967
v 0.06151095 0.02665776 0.06218289
v 0.05878961 0.03245476 0.06507139
v 0.06028836 0.02818543 0.06616537
v 0.05749672 0.03388497 0.06877171
v 0.05882160 0.02982303 0.06990723
v 0.05599136 0.03536452 0.07229076
v 0.05711028 0.03152819 0.07343177
v 0.05517834 0.03327638 0.07676838
v 0.05367171 0.03163382 0.08099698
v 0.05183868 0.04349180 0.07327603
v 0.05119565 0.04551469 0.06860439
v 0.05033489 0.04647037 0.07205532
v 0.05173265 0.04167674 0.07779966
v 0.05067518 0.04469245 0.07664298
v 0.04946125 0.04751301 0.07547258
v 0.04963382 0.03908524 0.08622096
v 0.05325861 0.03512226 0.07998942
v 0.05260337 0.03847900 0.07891999
v 0.05429393 0.03687432 0.07565342
v 0.05316985 0.04028815 0.07448392
v 0.05299661 0.04238069 0.06985395
v 0.05097021 0.04018192 0.08212148
v 0.04859538 0.04864856 0.07886885
v 0.04953710 0.04598970 0.07997380
v 0.05811980 -0.00118925 0.07564877
v 0.05568405 0.00234431 0.07926570
v 0.05298705 0.00610567 0.08255349
v 0.05033176 0.00998129 0.08561443
v 0.04537675 0.01787615 0.09128259
v 0.03946555 0.02343394 0.09712015
v 0.06707943 0.00821435 0.04996412
v 0.06739914 0.00301570 0.05032020
v 0.06642651 0.00910219 0.05527960
v 0.06667738 0.00392091 0.05578404
v 0.06546947 0.01050158 0.06022637
v 0.06564447 0.00540549 0.06085085
v 0.06420729 0.01229488 0.06479143
v 0.06429937 0.00734113 0.06550650
v 0.06263916 0.01438242 0.06898956
v 0.06264135 0.00961916 0.06976692
v 0.06076454 0.01668636 0.07284854
v 0.06066988 0.01215476 0.07366244
v 0.05858309 0.01914698 0.07640110
v 0.05838464 0.01488291 0.07722853
v 0.05612586 0.02172123 0.07968770
v 0.05581773 0.01775405 0.08050893
v 0.05369477 0.02440162 0.08280586
v 0.05328111 0.02073390 0.08360492
v 0.04914091 0.02998865 0.08872293
v 0.04853626 0.02690013 0.08944272
v 0.04500438 0.03572429 0.09445678
v 0.04423519 0.03317641 0.09507130
v 0.04309615 0.03859499 0.09734784
v 0.04129711 0.04143999 0.10030328
v 0.04012586 0.03180278 0.09891580
v 0.04329259 0.03065343 0.09564231
v 0.04770420 0.02383346 0.09010695
v 0.05257855 0.01708407 0.08433615
v 0.05518710 0.01380224 0.08125661
v 0.05782996 0.01063138 0.07797776
v 0.06019186 0.00763324 0.07439618
v 0.06224034 0.00486375 0.07046549
v 0.06397573 0.00239301 0.06614731
v 0.06539851 0.00031251 0.06140922
v 0.06650941 -0.00126047 0.05623399
v 0.03551826 0.03156071 0.10253321
v 0.04217951 0.02817597 0.09617232
v 0.04664876 0.02081660 0.09071897
v 0.05159242 0.01348840 0.08500431
v 0.05424013 0.00990657 0.08193623
v 0.05692595 0.00643760 0.07865463
v 0.05933778 0.00317002 0.07505600
v 0.06144351 0.00016594 0.07109140
v 0.06324343 -0.00249973 0.06671993
v 0.06473801 -0.00472909 0.06190686
v 0.06592792 -0.00639669 0.05663394
v 0.06640891 -0.00697398 0.05382811
v 0.06681410 -0.00735434 0.05091761
v 0.04560180 0.03827485 0.09379779
v 0.04952050 0.03306881 0.08794580
v 0.04968067 0.03611036 0.08711098
v 0.04781269 0.03843967 0.09010373
v 0.04842534 0.04737278 0.08328293
v 0.04734121 0.04883184 0.08658598
v 0.04704016 0.04722652 0.08912753
v 0.04642526 0.04572873 0.09156166
v 0.04787983 0.04382080 0.08841906
v 0.04793073 0.04116794 0.08928393
v 0.04603146 0.04080588 0.09309410
v 0.04433888 0.04319160 0.09611307
v 0.04378987 0.04089876 0.09674977
v 0.04273706 0.04557944 0.09919010
v 0.04207886 0.04351113 0.09976314
v 0.04503366 0.04767725 0.09473179
v 0.04641480 0.04808639 0.09074257
v 0.04680995 0.04958681 0.08824001
v 0.04630229 0.04329687 0.09234761
v 0.04475047 0.04545641 0.09543942
v 0.04327748 0.04763090 0.09858571
v 0.04580138 0.04895856 0.09236442
v 0.04520021 0.04984156 0.09399532
v 0.04370728 0.04965253 0.09795223
v -0.00000000 0.04809842 0.12772988
v -0.00000000 0.04445639 0.12416516
v 0.00315597 0.04455587 0.12413500
v 0.00603878 0.04845121 0.12761675
v 0.00629737 0.04485295 0.12404476
v 0.00940997 0.04534531 0.12389491
v 0.01196415 0.04949207 0.12727629
v 0.03070972 0.03235972 0.10603569
v 0.03240936 0.02807382 0.10323451
v 0.02737820 0.02960130 0.10660492
v 0.02893504 0.02496772 0.10384737
v 0.02379832 0.02721137 0.10710166
v 0.02517087 0.02228322 0.10438143
v 0.02003092 0.02520694 0.10752974
v 0.02119132 0.02003958 0.10484217
v 0.01613186 0.02359140 0.10788892
v 0.01706422 0.01823874 0.10523008
v 0.01214825 0.02235814 0.10817657
v 0.01284608 0.01687001 0.10554181
v 0.00811683 0.02149274 0.10838781
v 0.00857978 0.01591359 0.10577188
v 0.00406254 0.02098014 0.10851775
v 0.00429297 0.01534901 0.10591374
v -0.00000000 0.02081012 0.10856162
v -0.00000000 0.01516213 0.10596178
v -0.00429297 0.01534901 0.10591374
v 0.01248004 0.04603036 0.12368570
v 0.01549467 0.04690495 0.12341760
v 0.01769097 0.05118466 0.12670814
v 0.01844215 0.04796388 0.12309192
v 0.02131142 0.04920188 0.12271045
v 0.02316894 0.05349110 0.12592338
v 0.03207196 0.03919470 0.10837589
v 0.03638919 0.03882483 0.10464858
v 0.03471089 0.04217075 0.10769425
v 0.03864212 0.04240102 0.10381030
v 0.03701572 0.04533683 0.10692702
v 0.04047131 0.04609267 0.10286342
v 0.02409159 0.05061442 0.12227510
v 0.02677211 0.05219732 0.12178789
v 0.02836203 0.05640664 0.12494574
v 0.02934331 0.05394532 0.12125193
v 0.03179512 0.05585357 0.12067054
v 0.03321920 0.05996351 0.12381171
v 0.04240795 0.05692022 0.10355125
v 0.04186999 0.05528176 0.10408936
v 0.04292450 0.05345147 0.10065483
v 0.04244899 0.05164041 0.10124157
v 0.04188606 0.04980442 0.10180734
v 0.04057961 0.05196145 0.10511933
v 0.04122864 0.04795172 0.10234855
v 0.03981688 0.05029137 0.10560487
v 0.03897034 0.04862476 0.10606860
v 0.04087641 0.05711277 0.10760604
v 0.03936197 0.05408681 0.10853086
v 0.04126231 0.05362703 0.10461317
v 0.04523398 0.05396267 0.09246694
v 0.04482919 0.05469788 0.09419261
v 0.04461155 0.05073390 0.09563790
v 0.04427294 0.05356671 0.09661685
v 0.04403579 0.05163402 0.09729408
v 0.04332010 0.05523067 0.10005139
v 0.04288150 0.05853910 0.10300396
v 0.04364341 0.05697386 0.09943829
v 0.04442888 0.05544553 0.09592889
v 0.03762988 0.06421388 0.12255083
v 0.03831764 0.06249356 0.11868320
v 0.03548961 0.06200021 0.12319623
v 0.03629431 0.06013349 0.11938332
v 0.03411622 0.05791779 0.12004672
v 0.02130456 0.06049079 0.13740991
v 0.02640094 0.06255575 0.13657390
v 0.03142847 0.06531919 0.13563643
v 0.03116634 0.06682543 0.13973163
v 0.03386785 0.06704023 0.13514434
v 0.03355744 0.06985082 0.14348052
v 0.03108690 0.06818157 0.14389275
v 0.03704163 0.06588133 0.12650131
v 0.03480953 0.06377871 0.12709759
v 0.03621161 0.06901604 0.13463639
v 0.03592255 0.07180801 0.14305757
v 0.03366142 0.07106431 0.14774249
v 0.02855480 0.06678186 0.14429627
v -0.04087637 0.05711278 0.10760604
v -0.03994893 0.05893260 0.11120950
v -0.03823794 0.05616601 0.11204599
v -0.03909369 0.06072983 0.11490200
v -0.03864212 0.04240103 0.10381030
v -0.04047131 0.04609267 0.10286342
v -0.04126196 0.04480695 0.10130118
v -0.03701567 0.04533688 0.10692690
v -0.03897027 0.04862482 0.10606860
v -0.03970727 0.04736606 0.10445212
v -0.03551825 0.03156072 0.10253309
v -0.03240935 0.02807382 0.10323451
v -0.03070972 0.03235973 0.10603569
v -0.03819503 0.03536084 0.10172997
v -0.03638919 0.03882483 0.10464858
v -0.03721325 0.05818564 0.11566482
v -0.03629433 0.06013347 0.11938344
v -0.03831766 0.06249355 0.11868320
v -0.03548962 0.06200020 0.12319623
v -0.03762989 0.06421387 0.12255083
v -0.03480954 0.06377871 0.12709759
v -0.03704163 0.06588132 0.12650131
v -0.02836203 0.05640663 0.12494574
v -0.03179514 0.05585356 0.12067054
v -0.02934332 0.05394531 0.12125193
v -0.03289796 0.05344211 0.11705075
v -0.03630326 0.05346959 0.11282741
v -0.03514685 0.05575023 0.11638246
v -0.03411624 0.05791777 0.12004672
v -0.03413920 0.05087537 0.11354779
v -0.03174960 0.04841803 0.11420535
v -0.03047467 0.05127985 0.11766718
v -0.02788858 0.04928107 0.11823057
v -0.01613186 0.02359141 0.10788892
v -0.02003092 0.02520695 0.10752974
v -0.02119131 0.02003958 0.10484217
v -0.02338387 0.04217428 0.11580931
v -0.02460027 0.03823199 0.11257838
v -0.02593255 0.03403240 0.10951065
v -0.02737820 0.02960130 0.10660492
v -0.02893503 0.02496772 0.10384725
v -0.01446473 0.03351818 0.11370419
v -0.01795775 0.03479768 0.11339115
v -0.01895255 0.03013689 0.11037444
v -0.01930448 0.04441499 0.11959039
v -0.02027406 0.04054432 0.11622451
v -0.02134790 0.03637069 0.11301564
v -0.02252338 0.03191736 0.10997497
v -0.02379832 0.02721137 0.10710166
v -0.02517087 0.02228322 0.10438143
v -0.00857978 0.01591359 0.10577188
v -0.00406254 0.02098014 0.10851775
v -0.00000000 0.02619366 0.11132906
v 0.00384801 0.02634761 0.11128889
v 0.00768596 0.02681079 0.11116956
v 0.01149908 0.02758997 0.11097477
v 0.01526497 0.02869545 0.11070858
v 0.01895257 0.03013686 0.11037444
v 0.02252339 0.03191733 0.10997497
v 0.02593257 0.03403237 0.10951065
v 0.02913168 0.03646729 0.10897921
v -0.01706422 0.01823874 0.10523008
v -0.01284608 0.01687001 0.10554181
v -0.01214825 0.02235814 0.10817657
v -0.00811683 0.02149274 0.10838781
v -0.00768596 0.02681080 0.11116956
v -0.00384801 0.02634761 0.11128889
v -0.00364969 0.03141697 0.11424302
v -0.00000000 0.03127820 0.11428021
v -0.00000000 0.03603322 0.11741470
v 0.00364969 0.03141697 0.11424302
v 0.00346794 0.03615781 0.11738025
v 0.00728778 0.03183364 0.11413299
v 0.00692302 0.03653116 0.11727773
v 0.01089946 0.03253199 0.11395226
v 0.01035049 0.03715454 0.11710905
v 0.01446473 0.03351817 0.11370419
v 0.01373262 0.03803056 0.11687599
v 0.01795776 0.03479767 0.11339115
v 0.01704833 0.03916122 0.11658047
v 0.02134791 0.03637069 0.11301564
v 0.02027406 0.04054433 0.11622451
v 0.02460028 0.03823198 0.11257838
v 0.02338387 0.04217429 0.11580931
v 0.02767763 0.04036931 0.11207853
v 0.02635051 0.04404135 0.11533497
v 0.03054271 0.04276152 0.11151324
v 0.02914693 0.04613030 0.11480068
v 0.03316314 0.04537550 0.11087905
v 0.03174959 0.04841806 0.11420535
v 0.03551340 0.04816796 0.11017190
v 0.03413920 0.05087540 0.11354791
v 0.03757952 0.05108935 0.10938881
v 0.03630326 0.05346962 0.11282752
v 0.03823794 0.05616605 0.11204611
v 0.03994892 0.05893264 0.11120962
v -0.02228643 0.04583696 0.11919318
v -0.02635052 0.04404133 0.11533485
v -0.03054270 0.04276152 0.11151324
v -0.03471084 0.04217080 0.10769425
v -0.01248004 0.04603035 0.12368570
v -0.01196415 0.04949207 0.12727629
v -0.01769098 0.05118466 0.12670814
v -0.01704833 0.03916121 0.11658047
v -0.01307040 0.04220788 0.12021111
v -0.01622647 0.04320342 0.11993013
v -0.01373262 0.03803056 0.11687599
v -0.01035049 0.03715453 0.11710905
v -0.00985350 0.04143235 0.12043153
v -0.00659255 0.04087772 0.12059020
v -0.00629737 0.04485295 0.12404476
v -0.01526496 0.02869547 0.11070858
v -0.01149907 0.02758998 0.11097477
v -0.01089946 0.03253199 0.11395226
v -0.00728778 0.03183364 0.11413287
v -0.00692302 0.03653116 0.11727773
v -0.00346794 0.03615781 0.11738025
v -0.00330320 0.04054429 0.12068616
v -0.00000000 0.04043281 0.12071835
v 0.00330320 0.04054429 0.12068616
v 0.00659255 0.04087773 0.12059020
v 0.00985350 0.04143235 0.12043153
v 0.01307040 0.04220789 0.12021111
v 0.01622647 0.04320342 0.11993025
v 0.01930448 0.04441499 0.11959039
v 0.02228643 0.04583697 0.11919318
v 0.02515385 0.04746218 0.11873971
v 0.02788858 0.04928108 0.11823069
v 0.03047467 0.05127986 0.11766730
v 0.03289796 0.05344212 0.11705075
v 0.03514685 0.05575024 0.11638246
v 0.03721325 0.05818566 0.11566482
v 0.03909369 0.06072984 0.11490212
v -0.00603878 0.04845121 0.12761675
v -0.02753882 0.05866269 0.12873743
v -0.03321921 0.05996351 0.12381171
v -0.03246537 0.06188245 0.12766980
v -0.03386787 0.06704020 0.13514422
v -0.02640094 0.06255573 0.13657378
v -0.02688213 0.06071267 0.13261662
v -0.02176847 0.05842641 0.13350306
v -0.03186487 0.06366953 0.13161348
v -0.03142848 0.06531916 0.13563631
v -0.03116635 0.06682540 0.13973163
v -0.03600508 0.07304628 0.14736305
v -0.03108691 0.06818154 0.14389263
v -0.02130457 0.06049077 0.13740991
v 0.03186486 0.06366955 0.13161360
v 0.03246537 0.06188246 0.12766980
v 0.02688213 0.06071269 0.13261662
v 0.02753882 0.05866270 0.12873743
v 0.02176846 0.05842643 0.13350306
v 0.02239232 0.05609421 0.12967037
v 0.01654153 0.05666055 0.13422011
v 0.01705574 0.05408175 0.13042258
v 0.01116876 0.05535907 0.13473497
v 0.01152593 0.05259920 0.13096486
v 0.00563786 0.05454693 0.13503812
v 0.00581838 0.05167970 0.13128696
v -0.00000000 0.05426934 0.13513730
v -0.00000000 0.05136644 0.13139306
v -0.00563786 0.05454693 0.13503812
v -0.00581838 0.05167970 0.13128696
v -0.01116876 0.05535907 0.13473497
v -0.01152593 0.05259920 0.13096486
v -0.01654153 0.05666054 0.13422011
v -0.01705575 0.05408175 0.13042258
v -0.02239232 0.05609420 0.12967037
v -0.05447260 0.04073591 0.04250501
v -0.05731688 0.03661150 0.04280047
v -0.05986364 0.03225601 0.04309480
v -0.05402920 0.04155168 0.05035787
v -0.05429879 0.04106116 0.04646628
v -0.05676614 0.03759656 0.05115091
v -0.05710852 0.03699701 0.04703032
v -0.05923441 0.03336418 0.05193942
v -0.05963496 0.03267518 0.04759156
v -0.06139862 0.02887705 0.05270224
v -0.06209013 0.02769269 0.04337953
v -0.06397621 0.02294958 0.04364925
v -0.06550357 0.01805670 0.04389970
v -0.06665841 0.01304741 0.04412888
v -0.06073981 0.02989751 0.05704968
v -0.06249001 0.02529503 0.05793988
v -0.06151088 0.02665782 0.06218277
v -0.06279745 0.02200547 0.06312822
v -0.06144662 0.02371810 0.06718712
v -0.05866041 0.03426584 0.05611168
v -0.05987035 0.03111008 0.06116955
v -0.06028815 0.02818565 0.06616513
v -0.05982463 0.02557150 0.07096927
v -0.05628810 0.03836657 0.05514209
v -0.05791147 0.03532322 0.06010251
v -0.05878939 0.03245499 0.06507115
v -0.05882138 0.02982326 0.06990699
v -0.05793114 0.02751728 0.07450120
v -0.06742945 0.00795618 0.04433565
v -0.06779954 -0.00232933 0.04468410
v -0.06707932 0.00821453 0.04996418
v -0.06635363 0.01336600 0.04956691
v -0.06522924 0.01842754 0.04912787
v -0.06468771 0.01927259 0.05409949
v -0.06576043 0.01423554 0.05471848
v -0.06642643 0.00910232 0.05527966
v -0.06667731 0.00392104 0.05578410
v -0.06650934 -0.00126035 0.05623399
v -0.06592786 -0.00639658 0.05663400
v -0.06684605 -0.01217047 0.04174768
v -0.06757627 -0.00714569 0.04168396
v -0.06574479 -0.01711817 0.04180365
v -0.06428064 -0.02196003 0.04185318
v -0.06246472 -0.02666909 0.04189735
v -0.05866212 -0.03138158 0.05191790
v -0.06039190 -0.02643096 0.05485927
v -0.06099232 -0.02692141 0.05175822
v -0.06243975 -0.02181217 0.05464273
v -0.06299230 -0.02226046 0.05158215
v -0.06413871 -0.01700917 0.05440186
v -0.06464137 -0.01742547 0.05138605
v -0.06546748 -0.01205144 0.05413197
v -0.06592040 -0.01244549 0.05116593
v -0.06681401 -0.00735418 0.05091761
v -0.06494217 -0.01144429 0.05698906
v -0.06356840 -0.01636492 0.05730497
v -0.06182545 -0.02112265 0.05758731
v -0.06564446 0.00540550 0.06085085
v -0.06546947 0.01050160 0.06022637
v -0.06487744 0.01554926 0.05953305
v -0.06019172 0.00763343 0.07439600
v -0.06224021 0.00486393 0.07046531
v -0.06397568 0.00239306 0.06614725
v -0.06539851 0.00031252 0.06140922
v -0.05692590 0.00643766 0.07865451
v -0.05933766 0.00317020 0.07505582
v -0.06144339 0.00016611 0.07109122
v -0.06324339 -0.00249968 0.06671987
v -0.06473801 -0.00472908 0.06190692
v -0.05299651 0.04238079 0.06985389
v -0.05460794 0.03899184 0.07109205
v -0.05183870 0.04349176 0.07327609
v -0.05316988 0.04028812 0.07448392
v -0.05429395 0.03687429 0.07565342
v -0.05599127 0.03536461 0.07229070
v -0.05588566 0.03772028 0.06757735
v -0.05491946 0.04025032 0.06272982
v -0.05262982 0.04372368 0.06153112
v -0.05319599 0.04291045 0.05788933
v -0.05517836 0.03327635 0.07676838
v -0.05711020 0.03152827 0.07343172
v -0.05749649 0.03388521 0.06877147
v -0.05698670 0.03648753 0.06391965
v -0.05567284 0.03926362 0.05899971
v -0.05366214 0.04217792 0.05416643
v -0.05367173 0.03163379 0.08099686
v -0.04968066 0.03611036 0.08711098
v -0.04963382 0.03908523 0.08622096
v -0.05325863 0.03512223 0.07998942
v -0.05097022 0.04018190 0.08212148
v -0.05260339 0.03847897 0.07891999
v -0.05033750 0.04316365 0.08106457
v -0.05173267 0.04167672 0.07779966
v -0.05067519 0.04469242 0.07664298
v -0.04523402 0.05396263 0.09246694
v -0.04442886 0.05544554 0.09592889
v -0.04427292 0.05356672 0.09661673
v -0.04347327 0.05254040 0.09896587
v -0.04689105 0.05116645 0.08564208
v -0.04605559 0.05253362 0.08904193
v -0.04628628 0.05035708 0.08989845
v -0.04526271 0.05193870 0.09323679
v -0.04520024 0.04984153 0.09399532
v -0.04403577 0.05163404 0.09729408
v -0.04370726 0.04965254 0.09795223
v -0.04257136 0.04871878 0.10018598
v -0.03936193 0.05408682 0.10853074
v -0.04186989 0.05528183 0.10408936
v -0.04238987 0.05436580 0.10236226
v -0.04292450 0.05345148 0.10065483
v -0.04859538 0.04864854 0.07886885
v -0.04773819 0.04986889 0.08225487
v -0.04842534 0.04737277 0.08328293
v -0.04734121 0.04883182 0.08658586
v -0.04767719 0.04638042 0.08751653
v -0.04641483 0.04808635 0.09074257
v -0.04642530 0.04572870 0.09156166
v -0.04503369 0.04767722 0.09473179
v -0.04475050 0.04545638 0.09543942
v -0.04327746 0.04763091 0.09858571
v -0.04273704 0.04557945 0.09919010
v -0.04630231 0.04329684 0.09234761
v -0.04603149 0.04080585 0.09309410
v -0.04433890 0.04319157 0.09611295
v -0.04378990 0.04089873 0.09674977
v -0.04207885 0.04351114 0.09976314
v -0.04129710 0.04144000 0.10030328
v -0.02515385 0.04746217 0.11873959
v -0.02914693 0.04613028 0.11480056
v -0.03316312 0.04537550 0.11087905
v -0.03551338 0.04816797 0.11017190
v -0.03757949 0.05108936 0.10938881
v -0.04057952 0.05196152 0.10511921
v -0.04122195 0.05088598 0.10345124
v -0.04188606 0.04980442 0.10180734
v -0.04952050 0.03306879 0.08794580
v -0.04329260 0.03065340 0.09564231
v -0.04423521 0.03317638 0.09507118
v -0.04853626 0.02690013 0.08944272
v -0.04914091 0.02998864 0.08872293
v -0.05369478 0.02440160 0.08280586
v -0.05382254 0.02804800 0.08193682
v -0.05611486 0.02565967 0.07879053
v -0.05298706 0.00610565 0.08255349
v -0.05568400 0.00234437 0.07926570
v -0.05811968 -0.00118909 0.07564865
v -0.06026302 -0.00442698 0.07165156
v -0.06211427 -0.00728975 0.06723098
v -0.06367379 -0.00967330 0.06234996
v -0.04881180 0.00659248 0.08617245
v -0.05144508 0.00243280 0.08311509
v -0.05412335 -0.00161168 0.07981835
v -0.05655807 -0.00540521 0.07618235
v -0.05871962 -0.00887467 0.07215421
v -0.06060827 -0.01193615 0.06768815
v -0.06222434 -0.01447981 0.06274520
v -0.06387755 0.02049679 0.05876969
v -0.06370339 0.01720091 0.06399904
v -0.06263901 0.01438261 0.06898938
v -0.06066973 0.01215496 0.07366227
v -0.05782991 0.01063145 0.07797776
v -0.05424014 0.00990655 0.08193623
v -0.05033177 0.00998127 0.08561443
v -0.04389983 0.01503534 0.09180211
v -0.04223149 0.01231543 0.09228192
v -0.05612588 0.02172120 0.07968770
v -0.05581774 0.01775403 0.08050893
v -0.05328112 0.02073388 0.08360492
v -0.05257856 0.01708405 0.08433615
v -0.04770420 0.02383345 0.09010695
v -0.04664876 0.02081659 0.09071897
v -0.04217953 0.02817594 0.09617232
v -0.04898525 0.04473556 0.08429705
v -0.04939529 0.04196722 0.08528017
v -0.04787983 0.04382079 0.08841906
v -0.04793073 0.04116793 0.08928393
v -0.04781269 0.03843966 0.09010373
v -0.04560183 0.03827482 0.09379779
v -0.04309617 0.03859496 0.09734784
v -0.04038930 0.03938123 0.10081051
v -0.05838458 0.01488298 0.07722841
v -0.05518712 0.01380221 0.08125661
v -0.05159244 0.01348838 0.08500431
v -0.04537675 0.01787614 0.09128259
v -0.04500441 0.03572427 0.09445678
v -0.04225447 0.03629886 0.09790753
v -0.04012588 0.03180277 0.09891580
v -0.03946556 0.02343391 0.09712015
v -0.04953710 0.04598968 0.07997368
v -0.04946128 0.04751299 0.07547258
v -0.05033492 0.04647034 0.07205532
v -0.05119554 0.04551479 0.06860428
v -0.06030947 -0.03121931 0.04193722
v -0.05782974 -0.03558669 0.04197364
v -0.05442761 -0.04003622 0.04547827
v -0.05666613 -0.03592839 0.04878198
v -0.05726782 -0.03592248 0.04541020
v -0.05925867 -0.03163809 0.04867147
v -0.05980775 -0.03158860 0.04533665
v -0.06153785 -0.02713625 0.04855077
v -0.06202861 -0.02705655 0.04525619
v -0.06348321 -0.02244569 0.04841756
v -0.06391262 -0.02234978 0.04516726
v -0.06507652 -0.01759303 0.04826884
v -0.06544428 -0.01749462 0.04506778
v -0.06630103 -0.01260674 0.04810159
v -0.06660954 -0.01251888 0.04495560
v -0.06714355 -0.00751908 0.04791253
v -0.06739759 -0.00745317 0.04482846
v -0.05504146 -0.03974825 0.04200732
v -0.05196245 -0.04368319 0.04203885
v -0.04861140 -0.04737177 0.04206865
v -0.05130745 -0.04391070 0.04554199
v -0.05378158 -0.03998611 0.04888432
v -0.05602455 -0.03561870 0.05206423
v -0.05801800 -0.03083872 0.05505596
v -0.05973648 -0.02568769 0.05784159
v -0.06114929 -0.02021500 0.06040763
v -0.04705013 0.00334910 0.08668409
v -0.04963409 -0.00108178 0.08362757
v -0.05226602 -0.00539718 0.08032022
v -0.05467620 -0.00944256 0.07666491
v -0.05683694 -0.01313998 0.07260709
v -0.05874849 -0.01640139 0.06809889
v -0.06041115 -0.01911152 0.06309949
v -0.05902595 -0.02471575 0.06069629
v -0.05732619 -0.03003325 0.05807262
v -0.05534299 -0.03501379 0.05523627
v -0.05310325 -0.03961268 0.05219977
v -0.05062759 -0.04379375 0.04897999
v -0.04792827 -0.04752821 0.04560207
v -0.04500847 -0.05079652 0.04209690
v -0.04117444 -0.05394110 0.04212372
v -0.04431195 -0.05087376 0.04565899
v -0.04722713 -0.04733545 0.04907011
v -0.04992278 -0.04334750 0.05232643
v -0.05239254 -0.03893696 0.05540334
v -0.05462135 -0.03413825 0.05828463
v -0.05658660 -0.02899027 0.06095885
v -0.05826021 -0.02353844 0.06341909
v -0.05656266 -0.02065579 0.06847034
v -0.05464335 -0.01719406 0.07301758
v -0.05250197 -0.01327364 0.07710348
v -0.05013829 -0.00898646 0.08077799
v -0.04757772 -0.00441475 0.08409737
v -0.04506770 0.00027212 0.08715473
v -0.04038772 0.00973301 0.09272598
v -0.03713114 -0.05679145 0.04214900
v -0.02850636 -0.06155999 0.04219424
v -0.02397090 -0.06345793 0.04221355
v -0.01931783 -0.06502102 0.04223006
v -0.01457066 -0.06624285 0.04224347
v -0.00975293 -0.06711896 0.04225336
v -0.00488821 -0.06764583 0.04225944
v -0.00477225 -0.06711912 0.04598360
v -0.00952443 -0.06661724 0.04597162
v -0.00929941 -0.06576538 0.04962056
v -0.01390671 -0.06496961 0.04959159
v -0.01358169 -0.06382384 0.05313181
v -0.01804198 -0.06276235 0.05308025
v -0.01762692 -0.06135872 0.05648439
v -0.02194276 -0.06005435 0.05640637
v -0.02144760 -0.05843129 0.05965720
v -0.02562273 -0.05690125 0.05955039
v -0.02505630 -0.05509601 0.06263678
v -0.02909457 -0.05335198 0.06250022
v -0.02846396 -0.05139815 0.06541775
v -0.03236591 -0.04944754 0.06525163
v -0.02720557 -0.04692698 0.07079504
v -0.03098326 -0.04513015 0.07060282
v -0.02595076 -0.04186285 0.07558952
v -0.02959061 -0.04020698 0.07537811
v 0.06660958 -0.01251895 0.04495560
v 0.06544432 -0.01749469 0.04506772
v 0.06391265 -0.02234984 0.04516720
v 0.06202864 -0.02705661 0.04525619
v 0.05980777 -0.03158865 0.04533659
v 0.05726784 -0.03592253 0.04541020
v 0.05442763 -0.04003627 0.04547827
v 0.05130746 -0.04391075 0.04554199
v 0.04792828 -0.04752825 0.04560207
v 0.04431196 -0.05087380 0.04565899
v 0.04048070 -0.05393376 0.04571288
v 0.03645701 -0.05669703 0.04576360
v 0.03226351 -0.05915375 0.04581087
v 0.02792264 -0.06129631 0.04585402
v 0.02345667 -0.06311816 0.04589247
v 0.01888741 -0.06461461 0.04592537
v 0.01423636 -0.06578179 0.04595201
v 0.00952443 -0.06661725 0.04597162
v 0.00477225 -0.06711912 0.04598360
v -0.00000000 -0.06728654 0.04598765
v -0.00465814 -0.06624288 0.04963832
v -0.00907786 -0.06458096 0.05316978
v -0.01326127 -0.06236945 0.05654733
v -0.01721692 -0.05967497 0.05974834
v -0.02095711 -0.05655767 0.06275754
v -0.02449320 -0.05306804 0.06556843
v -0.02337686 -0.04845720 0.07096909
v -0.02227352 -0.04326701 0.07578073
v 0.06630110 -0.01260686 0.04810159
v 0.06507658 -0.01759314 0.04826878
v 0.06348326 -0.02244580 0.04841750
v 0.06153790 -0.02713635 0.04855077
v 0.05925871 -0.03163819 0.04867147
v 0.05666617 -0.03592848 0.04878192
v 0.05378161 -0.03998620 0.04888426
v 0.05062761 -0.04379382 0.04897993
v 0.04722715 -0.04733552 0.04907011
v 0.04360363 -0.05059865 0.04915534
v 0.03978045 -0.05357207 0.04923599
v 0.03578078 -0.05624745 0.04931169
v 0.03162745 -0.05861773 0.04938208
v 0.02734246 -0.06067815 0.04944627
v 0.02294727 -0.06242494 0.04950337
v 0.01846214 -0.06385594 0.04955213
v 0.01390671 -0.06496963 0.04959159
v 0.00929941 -0.06576540 0.04962056
v 0.00465814 -0.06624289 0.04963832
v -0.00000000 -0.06640206 0.04964434
v -0.00454590 -0.06503477 0.05319296
v -0.00885978 -0.06308909 0.05659365
v -0.01294543 -0.06063659 0.05982171
v -0.01681196 -0.05774278 0.06286041
v -0.02047127 -0.05446381 0.06570171
v -0.01951339 -0.04972994 0.07112275
v -0.01857382 -0.04443016 0.07594906
v -0.02118307 -0.03765196 0.08005773
v -0.02469941 -0.03635825 0.07985519
v -0.02818779 -0.03482819 0.07963048
v -0.00000000 -0.05982229 0.06305383
v -0.00411531 -0.05744511 0.06601427
v -0.00391097 -0.05242630 0.07148229
v 0.06592047 -0.01244563 0.05116587
v 0.06546756 -0.01205158 0.05413191
v 0.06464145 -0.01742560 0.05138599
v 0.06413877 -0.01700930 0.05440180
v 0.06299236 -0.02226059 0.05158215
v 0.06243981 -0.02181229 0.05464267
v 0.06099238 -0.02692153 0.05175822
v 0.06039195 -0.02643107 0.05485927
v 0.05866216 -0.03138169 0.05191790
v 0.05801804 -0.03083883 0.05505591
v 0.05602459 -0.03561881 0.05206417
v 0.05534303 -0.03501389 0.05523621
v 0.05310329 -0.03961278 0.05219977
v 0.05239258 -0.03893705 0.05540328
v 0.04992281 -0.04334759 0.05232643
v 0.04919297 -0.04259371 0.05555945
v 0.04650793 -0.04680917 0.05244576
v 0.04577054 -0.04597140 0.05570637
v 0.04288338 -0.04998702 0.05255841
v 0.04215116 -0.04906164 0.05584495
v 0.03907365 -0.05287232 0.05266475
v 0.03836022 -0.05185771 0.05597566
v 0.03510237 -0.05545927 0.05276452
v 0.03442173 -0.05435611 0.05609809
v 0.03099257 -0.05774340 0.05285715
v 0.03035884 -0.05655474 0.05621158
v 0.02676578 -0.05972254 0.05294149
v 0.02619255 -0.05845380 0.05631481
v 0.02244265 -0.06139548 0.05301629
v 0.02194277 -0.06005438 0.05640631
v 0.01804199 -0.06276238 0.05308025
v 0.01762692 -0.06135875 0.05648439
v 0.01358169 -0.06382386 0.05313181
v 0.01326127 -0.06236947 0.05654733
v 0.00907786 -0.06458098 0.05316978
v 0.00885978 -0.06308910 0.05659365
v 0.00454590 -0.06503478 0.05319296
v 0.00443550 -0.06351995 0.05662190
v -0.00000000 -0.06518591 0.05320083
v -0.00000000 -0.06366333 0.05663149
v -0.00443550 -0.06351995 0.05662190
v -0.00432694 -0.06172882 0.05990862
v -0.00864513 -0.06132006 0.05987566
v -0.00843392 -0.05930594 0.06300412
v -0.01263416 -0.05865717 0.06294326
v -0.01232743 -0.05646198 0.06590633
v -0.01641200 -0.05559274 0.06581508
v -0.01172752 -0.05154074 0.07135831
v -0.01562702 -0.05075471 0.07125334
v -0.01114563 -0.04607655 0.07620667
v -0.01486186 -0.04536318 0.07609199
v -0.01411642 -0.03957573 0.08038662
v -0.00371389 -0.04687766 0.07634209
v -0.00705064 -0.04068669 0.08059607
v -0.00742893 -0.04657894 0.07629083
v -0.00782075 -0.05209575 0.07143532
v -0.00822613 -0.05707768 0.06597333
v -0.00422021 -0.05969352 0.06304125
v -0.00000000 -0.06186474 0.05991976
v 0.00432694 -0.06172882 0.05990862
v 0.00864513 -0.06132007 0.05987566
v 0.01294543 -0.06063661 0.05982171
v 0.01721692 -0.05967500 0.05974834
v 0.02144760 -0.05843132 0.05965720
v 0.02562274 -0.05690128 0.05955033
v 0.02972619 -0.05508073 0.05942969
v 0.03373881 -0.05296649 0.05929689
v 0.03764010 -0.05055624 0.05915343
v 0.04140688 -0.04784996 0.05900012
v 0.04501490 -0.04484906 0.05883734
v 0.04843801 -0.04155832 0.05866467
v 0.05164939 -0.03798442 0.05848109
v 0.05462138 -0.03413833 0.05828463
v 0.05732622 -0.03003334 0.05807262
v 0.05973652 -0.02568778 0.05784153
v 0.06182550 -0.02112274 0.05758731
v 0.06356844 -0.01636502 0.05730491
v -0.03152767 -0.01983402 0.08627735
v -0.03329000 -0.02556342 0.08289312
v -0.03006054 -0.02745585 0.08316790
v -0.03501225 -0.03101783 0.07912217
v -0.03163221 -0.03305096 0.07938574
v -0.03668488 -0.03610181 0.07490139
v -0.03317584 -0.03828928 0.07514833
v -0.03830805 -0.04070503 0.07017075
v -0.03469156 -0.04305824 0.07039432
v -0.03988194 -0.04468289 0.06487922
v -0.03617955 -0.04721031 0.06507175
v -0.03691322 -0.04899754 0.06218724
v -0.03305355 -0.05132056 0.06234984
v -0.03373881 -0.05296645 0.05929689
v -0.02972618 -0.05508069 0.05942969
v -0.03035883 -0.05655469 0.05621164
v -0.02619254 -0.05845376 0.05631481
v -0.02676577 -0.05972250 0.05294149
v -0.02244264 -0.06139544 0.05301629
v -0.02294726 -0.06242491 0.04950337
v -0.01846213 -0.06385591 0.04955219
v -0.01888741 -0.06461459 0.04592543
v -0.01423636 -0.06578179 0.04595201
v -0.03538681 -0.01008488 0.08871792
v -0.03741223 -0.01561315 0.08565019
v -0.03451638 -0.01783958 0.08597468
v -0.03949279 -0.02103310 0.08228372
v -0.03644220 -0.02342380 0.08259855
v -0.04148579 -0.02615829 0.07853983
v -0.03830545 -0.02872151 0.07884048
v -0.04337661 -0.03089549 0.07435738
v -0.04009416 -0.03363813 0.07463799
v -0.04516539 -0.03513955 0.06967930
v -0.04180846 -0.03806580 0.06993262
v -0.04685239 -0.03875270 0.06445687
v -0.04344859 -0.04186319 0.06467442
v -0.04424093 -0.04347049 0.06182842
v -0.04065049 -0.04638100 0.06201326
v -0.04140687 -0.04784991 0.05900012
v -0.03764009 -0.05055619 0.05915343
v -0.03836020 -0.05185764 0.05597572
v -0.03442172 -0.05435605 0.05609815
v -0.03510236 -0.05545921 0.05276458
v -0.03099257 -0.05774334 0.05285715
v -0.03162744 -0.05861769 0.04938208
v -0.02734245 -0.06067811 0.04944633
v -0.02792264 -0.06129629 0.04585408
v -0.02345667 -0.06311814 0.04589247
v -0.02981847 -0.01400218 0.08934794
v -0.03624300 0.00503337 0.09352122
v -0.04053038 -0.00531640 0.08799289
v -0.03802275 -0.00780616 0.08836816
v -0.04283009 -0.01046246 0.08493052
v -0.04019189 -0.01315319 0.08530293
v -0.04518394 -0.01549575 0.08158647
v -0.04241602 -0.01838945 0.08194719
v -0.04739560 -0.02023003 0.07787524
v -0.04452577 -0.02332663 0.07821892
v -0.04944493 -0.02457636 0.07373784
v -0.04650375 -0.02787337 0.07405828
v -0.05133212 -0.02843574 0.06912057
v -0.04835015 -0.03192746 0.06940953
v -0.05305745 -0.03167848 0.06397747
v -0.05006522 -0.03535502 0.06422536
v -0.05087361 -0.03678172 0.06142341
v -0.04765783 -0.04026904 0.06163215
v -0.04843798 -0.04155825 0.05866473
v -0.04501488 -0.04484900 0.05883740
v -0.04577051 -0.04597133 0.05570637
v -0.04215113 -0.04906157 0.05584501
v -0.04288336 -0.04998694 0.05255841
v -0.03907363 -0.05287226 0.05266481
v -0.03978044 -0.05357202 0.04923599
v -0.03578077 -0.05624741 0.04931169
v -0.03645701 -0.05669701 0.04576360
v -0.03226351 -0.05915373 0.04581087
v -0.03616553 0.01908260 0.09793793
v -0.03838550 0.00730239 0.09313796
v -0.04288661 -0.00262045 0.08758973
v -0.04530091 -0.00754614 0.08453010
v -0.04776785 -0.01235759 0.08119832
v -0.05006475 -0.01687482 0.07750498
v -0.05216878 -0.02101197 0.07339261
v -0.05408015 -0.02467344 0.06880908
v -0.05579912 -0.02773404 0.06371014
v -0.05385954 -0.03301810 0.06119995
v -0.05164936 -0.03798435 0.05848115
v -0.04919294 -0.04259362 0.05555945
v -0.04650791 -0.04680908 0.05244576
v -0.04360361 -0.05059859 0.04915540
v -0.04048068 -0.05393372 0.04571288
v -0.03237548 0.01521620 0.09864722
v -0.03161035 0.00100764 0.09421085
v -0.02820298 0.01189012 0.09926389
v -0.02663074 -0.00231668 0.09480821
v -0.02375330 0.00912790 0.09979688
v -0.01339066 -0.03351261 0.08420251
v -0.01904299 -0.02559648 0.08726655
v -0.02398651 -0.01708276 0.08988844
v -0.02143017 -0.00494715 0.09531675
v -0.01912137 0.00692747 0.10024808
v 0.01339066 -0.03351263 0.08420251
v 0.00668583 -0.03454067 0.08441697
v 0.00000000 -0.03487593 0.08449076
v -0.00668583 -0.03454066 0.08441697
v -0.00633460 -0.02823463 0.08782230
v -0.01268533 -0.02726841 0.08760737
v -0.01200799 -0.02093996 0.09066986
v -0.01801988 -0.01937348 0.09033357
v -0.01438473 0.00526833 0.10061334
v -0.01611037 -0.00691630 0.09573148
v -0.00959995 0.00411795 0.10088478
v -0.01074338 -0.00827196 0.09604202
v -0.00480056 0.00344327 0.10105310
v -0.00536923 -0.00906223 0.09623562
v -0.00000000 0.00322083 0.10111032
v -0.00000000 -0.00932178 0.09630154
v 0.00480056 0.00344327 0.10105310
v 0.00536923 -0.00906223 0.09623562
v 0.00959995 0.00411796 0.10088478
v 0.01074338 -0.00827196 0.09604202
v 0.01438473 0.00526834 0.10061334
v 0.01611037 -0.00691630 0.09573148
v 0.01912136 0.00692748 0.10024808
v 0.02143017 -0.00494714 0.09531675
v 0.02375330 0.00912792 0.09979688
v 0.02663074 -0.00231668 0.09480821
v 0.02820297 0.01189013 0.09926389
vn 0.62887337 -0.40325790 0.66475661
vn -0.21661284 -0.71401648 0.66577724
vn 0.87736635 -0.44191692 0.18691638
vn -0.36195937 -0.87288472 0.32719670
vn 0.80170614 -0.29091667 -0.52214438
vn -0.46509695 -0.77773621 -0.42286074
vn 0.46509707 0.77773611 -0.42286080
vn -0.80170617 0.29091654 -0.52214441
vn -0.87736644 0.44191669 0.18691651
vn 0.36195959 0.87288459 0.32719681
vn -0.62887340 0.40325755 0.66475679
vn 0.21661310 0.71401624 0.66577742
vn 0.68193994 0.24820574 -0.68800569
vn 0.71467962 0.12601696 -0.68800637
vn 0.00000000 0.00000000 -1.00000000
vn 0.72570513 -0.00000000 -0.68800586
vn 0.71467962 -0.12601696 -0.68800637
vn 0.46647399 0.55592246 -0.68800599
vn 0.55592246 0.46647399 -0.68800599
vn 0.62847854 0.36285264 -0.68800632
vn 0.12601696 0.71467962 -0.68800637
vn 0.24820574 0.68193994 -0.68800569
vn 0.36285264 0.62847854 -0.68800632
vn -0.24820574 0.68193994 -0.68800569
vn -0.12601696 0.71467962 -0.68800637
vn 0.00000000 0.72570513 -0.68800586
vn -0.55592246 0.46647399 -0.68800599
vn -0.46647399 0.55592246 -0.68800599
vn -0.36285264 0.62847854 -0.68800632
vn -0.71467962 0.12601696 -0.68800637
vn -0.68193994 0.24820574 -0.68800569
vn -0.62847854 0.36285264 -0.68800632
vn -0.68193994 -0.24820574 -0.68800569
vn -0.71467962 -0.12601696 -0.68800637
vn -0.72570513 0.00000000 -0.68800586
vn -0.46647399 -0.55592246 -0.68800599
vn -0.55592246 -0.46647399 -0.68800599
vn -0.62847854 -0.36285264 -0.68800632
vn -0.12601696 -0.71467962 -0.68800637
vn -0.24820574 -0.68193994 -0.68800569
vn -0.36285264 -0.62847854 -0.68800632
vn 0.24820574 -0.68193994 -0.68800569
vn 0.12601696 -0.71467962 -0.68800637
vn -0.00000000 -0.72570513 -0.68800586
vn 0.55592246 -0.46647399 -0.68800599
vn 0.46647399 -0.55592246 -0.68800599
vn 0.36285264 -0.62847854 -0.68800632
vn 0.68193994 -0.24820574 -0.68800569
vn 0.62847854 -0.36285264 -0.68800632
vn 0.72957918 -0.67649103 -0.10036980
vn 0.22857431 -0.92173177 -0.31331187
vn 0.23205245 -0.78952381 0.56815826
vn -0.37942951 -0.86372851 0.33167199
vn 0.74100432 -0.59996479 0.30158720
vn 0.88488770 -0.42354338 0.19386791
vn -0.74100432 0.59996479 0.30158720
vn -0.23205245 0.78952381 0.56815826
vn -0.88488770 0.42354338 0.19386791
vn -0.72957918 0.67649103 -0.10036980
vn -0.22857431 0.92173177 -0.31331187
vn 0.37942951 0.86372851 0.33167199
vn 0.67593473 -0.11918521 -0.72726001
vn 0.64496864 -0.23474930 -0.72726077
vn 0.59440677 -0.34318127 -0.72726007
vn 0.52578366 -0.44118455 -0.72726044
vn 0.44118455 -0.52578366 -0.72726044
vn 0.34318127 -0.59440677 -0.72726007
vn 0.23474930 -0.64496864 -0.72726077
vn 0.11918521 -0.67593473 -0.72726001
vn 0.00000000 -0.68636146 -0.72726058
vn -0.11918521 -0.67593473 -0.72726001
vn -0.23474930 -0.64496864 -0.72726077
vn -0.34318127 -0.59440677 -0.72726007
vn -0.44118455 -0.52578366 -0.72726044
vn -0.52578366 -0.44118455 -0.72726044
vn -0.59440677 -0.34318127 -0.72726007
vn -0.64496864 -0.23474930 -0.72726077
vn -0.67593473 -0.11918521 -0.72726001
vn -0.68636146 0.00000000 -0.72726058
vn -0.67593473 0.11918521 -0.72726001
vn -0.64496864 0.23474930 -0.72726077
vn -0.59440677 0.34318127 -0.72726007
vn -0.52578366 0.44118455 -0.72726044
vn -0.44118455 0.52578366 -0.72726044
vn -0.34318127 0.59440677 -0.72726007
vn -0.23474930 0.64496864 -0.72726077
vn -0.11918521 0.67593473 -0.72726001
vn 0.00000000 0.68636146 -0.72726058
vn 0.11918521 0.67593473 -0.72726001
vn 0.23474930 0.64496864 -0.72726077
vn 0.34318127 0.59440677 -0.72726007
vn 0.44118455 0.52578366 -0.72726044
vn 0.52578366 0.44118455 -0.72726044
vn 0.59440677 0.34318127 -0.72726007
vn 0.64496864 0.23474930 -0.72726077
vn 0.67593473 0.11918521 -0.72726001
vn 0.68636146 0.00000000 -0.72726058
vn -0.31899768 -0.88263676 -0.34524314
vn -0.20106629 -0.71461603 -0.66999722
vn 0.78688337 -0.55380259 0.27224484
vn 0.42283980 -0.56054699 -0.71203481
vn 0.41825565 -0.56203921 0.71356439
vn -0.40079747 -0.81672356 0.41511927
vn 0.90573375 -0.37622716 0.19519092
vn 0.64850730 -0.34112991 0.68049149
vn 0.37561896 -0.59137080 0.71357619
vn 0.36916426 -0.59527978 -0.71369442
vn 0.60648955 -0.42169839 -0.67404814
vn 0.84507481 -0.48756798 -0.21937644
vn 0.17491560 -0.82074384 0.54386035
vn -0.41992900 -0.84904535 0.32059575
vn 0.79383570 -0.34851454 0.49835980
vn -0.27084369 -0.68695680 0.67433972
vn -0.36916440 0.59527978 -0.71369435
vn -0.60648988 0.42169842 -0.67404782
vn -0.84507456 0.48756818 -0.21937697
vn 0.31903328 0.88262148 -0.34524932
vn 0.20106526 0.71461572 -0.66999786
vn -0.78688328 0.55380280 0.27224468
vn -0.42283980 0.56054699 -0.71203481
vn -0.41825565 0.56203921 0.71356439
vn 0.40079715 0.81672356 0.41511958
vn -0.90573375 0.37622716 0.19519092
vn -0.64850730 0.34112991 0.68049149
vn -0.37561896 0.59137080 0.71357619
vn -0.17491280 0.82075147 0.54384974
vn 0.41992256 0.84904578 0.32060302
vn -0.79383562 0.34851469 0.49835983
vn 0.27084369 0.68695680 0.67433972
vn 0.64466817 0.72012462 -0.25656087
vn -0.22213059 0.66550878 -0.71257004
vn 0.24928051 0.75813807 0.60256610
vn 0.26171513 0.76469744 0.58884889
vn -0.61100959 0.62107694 0.49084693
vn -0.40986359 0.55418786 0.72449131
vn -0.21799242 0.66485987 0.71445129
vn -0.40667791 0.56364421 -0.71897029
vn -0.61114996 0.60641921 -0.50867619
vn 0.19863528 0.98005945 0.00524381
vn -0.37160835 0.72509855 -0.57977524
vn -0.13956407 0.68763147 -0.71252005
vn -0.38937475 0.74153001 0.54637034
vn 0.27525107 0.76700489 -0.57960361
vn 0.26320541 0.76129707 -0.59257884
vn 0.64184477 0.71973127 0.26461707
vn -0.62912563 0.51715824 0.58030019
vn 0.51975612 0.63228992 0.57451112
vn -0.62912563 0.51715824 -0.58030019
vn 0.17430236 0.92881154 0.32699819
vn 0.51975612 0.63228992 -0.57451112
vn 0.17430236 0.92881154 -0.32699819
vn -0.13157747 0.69281015 0.70901444
vn 0.11721853 0.69277725 0.71156131
vn 0.28241152 0.68610297 -0.67045242
vn 0.11778825 0.68774251 0.71633523
vn 0.34487434 0.69804457 -0.62753124
vn 0.65769174 0.66885659 -0.34651470
vn -0.37990201 0.71518959 0.58666712
vn 0.59789717 0.67553217 -0.43148031
vn -0.27297351 0.70376708 0.65589432
vn 0.52526568 0.68186277 -0.50907674
vn -0.16669172 0.69362801 0.70078103
vn 0.44033042 0.68920324 -0.57541986
vn -0.06054716 0.68411807 0.72685384
vn 0.04582968 0.67728233 0.73429441
vn 0.70248488 0.66336415 -0.25780419
vn -0.50979955 0.74134975 0.43646875
vn -0.46025441 0.72984586 0.50546108
vn 0.73314778 0.66034968 -0.16258115
vn -0.61175220 0.74883800 0.25495271
vn -0.56001414 0.74468501 0.36308182
vn 0.61786512 0.51234866 -0.59644073
vn -0.52791893 0.63664264 -0.56212788
vn 0.76554544 0.64325074 -0.01298744
vn -0.64438902 0.76428763 0.02504412
vn 0.75129442 0.65623324 -0.07010435
vn -0.63689993 0.76932884 0.04991602
vn -0.64670019 0.75298753 0.12160853
vn 0.13242159 0.69672180 -0.70501295
vn 0.07052813 0.69990681 -0.71074344
vn 0.07481996 0.69862507 0.71156517
vn 0.16654158 0.69332691 -0.70111461
vn 0.23488228 0.70687671 -0.66719985
vn 0.69386613 0.71989019 0.01754721
vn 0.55997608 0.58953892 -0.58212598
vn -0.59433051 0.56445759 -0.57285153
vn -0.72264428 0.69116883 -0.00841921
vn -0.71051128 0.70133677 -0.05744959
vn 0.69962814 0.70843465 0.09295597
vn -0.68638436 0.70941340 -0.16002854
vn 0.67670117 0.70676932 0.20628296
vn -0.64526207 0.71067532 -0.28031670
vn 0.63656820 0.70490516 0.31287322
vn -0.58464097 0.71257828 -0.38784937
vn 0.58256102 0.70229599 0.40914911
vn 0.51698513 0.69899429 0.49409854
vn -0.51724792 0.71261074 -0.47396257
vn 0.44020615 0.69571974 0.56762012
vn 0.35661664 0.69300743 0.62655030
vn -0.44166483 0.71614690 -0.54043113
vn 0.26662336 0.68980196 0.67311606
vn -0.34624511 0.72176971 -0.59930193
vn 0.16778905 0.68623944 0.70775862
vn -0.23771990 0.72275456 -0.64893381
vn 0.08898682 0.69265090 0.71576258
vn -0.12146843 0.72392370 -0.67910227
vn 0.06096615 0.70217660 0.70938787
vn -0.07234711 0.70541578 -0.70509182
vn -0.00916103 0.72057113 -0.69332050
vn 0.71098696 0.68447774 -0.16120721
vn 0.68107314 0.38710648 -0.62152068
vn -0.41273021 0.72615187 -0.54987020
vn 0.23673548 0.69412656 -0.67981220
vn 0.35562385 0.60485219 -0.71252054
vn 0.65256112 0.75773336 0.00203335
vn -0.24249930 0.74224249 0.62471607
vn -0.11409857 0.63610129 0.76312297
vn 0.28206954 0.64031508 0.71444620
vn 0.23596609 0.72115652 0.65134728
vn 0.68015224 0.58441640 -0.44254988
vn -0.23414376 0.74022012 -0.63027841
vn 0.67216815 0.58576665 0.45284369
vn -0.10424815 0.64316928 -0.75859449
vn -0.41272826 0.72615287 0.54987033
vn 0.68107314 0.38710648 0.62152068
vn 0.71098696 0.68447774 0.16120721
vn 0.36503580 0.60336509 0.70901299
vn 0.27949730 0.64347126 -0.71261911
vn 0.65550643 0.59326839 0.46727287
vn 0.85288781 0.40744577 -0.32645111
vn 0.80567390 0.37654869 0.45727525
vn 0.71445802 0.61560874 -0.33252912
vn 0.66410346 0.59225888 -0.45628501
vn -0.64466674 -0.72012475 -0.25656409
vn 0.22213046 -0.66550893 -0.71256994
vn -0.24927633 -0.75813762 0.60256839
vn -0.26176875 -0.76464861 0.58888846
vn 0.61648530 -0.60568493 0.50308213
vn 0.40986359 -0.55418786 0.72449131
vn 0.21799233 -0.66485999 0.71445121
vn 0.40690751 -0.56353276 -0.71892775
vn 0.60426828 -0.62110538 -0.49908712
vn -0.19863528 -0.98005945 0.00524381
vn 0.37160877 -0.72509873 -0.57977474
vn 0.13956407 -0.68763147 -0.71252005
vn 0.38950250 -0.74158168 0.54620914
vn -0.27527297 -0.76698555 -0.57961881
vn -0.26318080 -0.76131772 -0.59256324
vn -0.64184393 -0.71973138 0.26461882
vn 0.62912563 -0.51715824 0.58030019
vn -0.51975612 -0.63228992 0.57451112
vn 0.62912563 -0.51715824 -0.58030019
vn -0.17430236 -0.92881154 0.32699819
vn -0.51975612 -0.63228992 -0.57451112
vn -0.17430236 -0.92881154 -0.32699819
vn 0.13157747 -0.69281015 0.70901444
vn -0.11721767 -0.69277857 0.71156016
vn -0.28097424 -0.68622710 -0.67092909
vn -0.11783936 -0.68775326 0.71631651
vn -0.34269989 -0.69787981 -0.62890425
vn -0.65672189 -0.66898646 -0.34809981
vn 0.37938545 -0.71519052 0.58700017
vn -0.59662854 -0.67559369 -0.43313687
vn 0.27269593 -0.70370454 0.65607686
vn -0.52359841 -0.68203772 -0.51055778
vn 0.16636334 -0.69357730 0.70090925
vn -0.43798664 -0.68945529 -0.57690477
vn 0.06012984 -0.68402813 0.72697312
vn -0.04620790 -0.67731455 0.73424099
vn -0.70187379 -0.66339911 -0.25937385
vn 0.50981830 -0.74128554 0.43655589
vn 0.46000556 -0.72972443 0.50586277
vn -0.73276545 -0.66036208 -0.16424594
vn 0.61186633 -0.74877541 0.25486266
vn 0.56000437 -0.74466393 0.36314011
vn -0.61786512 -0.51234866 -0.59644073
vn 0.52791893 -0.63664264 -0.56212788
vn -0.76535716 -0.64346353 -0.01353162
vn 0.64437363 -0.76430293 0.02497314
vn -0.75104797 -0.65636643 -0.07148467
vn 0.63691790 -0.76932371 0.04976565
vn 0.64672352 -0.75299736 0.12142350
vn -0.13152727 -0.69652535 -0.70537438
vn -0.06946839 -0.70030366 -0.71045684
vn -0.07481892 -0.69862398 0.71156635
vn -0.16517768 -0.69343609 -0.70132926
vn -0.23350784 -0.70692983 -0.66762587
vn -0.69388918 -0.71986603 0.01762680
vn -0.55997608 -0.58953892 -0.58212598
vn 0.59433051 -0.56445759 -0.57285153
vn 0.72266744 -0.69114550 -0.00834732
vn 0.71027519 -0.70153738 -0.05791771
vn -0.69959998 -0.70844518 0.09308756
vn 0.68639562 -0.70923988 -0.16074780
vn -0.67670416 -0.70683262 0.20605615
vn 0.64531751 -0.71057009 -0.28045579
vn -0.63680545 -0.70492884 0.31233659
vn 0.58457793 -0.71261661 -0.38787397
vn -0.58306881 -0.70246015 0.40814274
vn -0.51778060 -0.69881400 0.49352025
vn 0.51787763 -0.71128535 -0.47526404
vn -0.44422187 -0.68317921 0.57959735
vn -0.39622439 -0.71512724 0.57584657
vn 0.44586835 -0.71498870 -0.53850958
vn -0.34869795 -0.69203648 0.63205637
vn -0.25707923 -0.68962929 0.67699462
vn 0.34884892 -0.72196539 -0.59755368
vn -0.15845685 -0.68629311 0.70985435
vn 0.24080792 -0.72283676 -0.64770252
vn -0.08363194 -0.69372174 0.71537113
vn 0.12525287 -0.72391115 -0.67842787
vn -0.05981305 -0.70286622 0.70880285
vn 0.07632033 -0.70563267 -0.70445563
vn 0.01226691 -0.72084657 -0.69298611
vn -0.23673780 -0.69412336 -0.67981466
vn -0.35562385 -0.60485219 -0.71252054
vn -0.65256289 -0.75773185 0.00203037
vn -0.71098696 -0.68447774 -0.16120721
vn -0.71098696 -0.68447774 0.16120721
vn -0.68107314 -0.38710648 -0.62152068
vn 0.41273021 -0.72615187 -0.54987020
vn 0.41272826 -0.72615287 0.54987033
vn -0.68107314 -0.38710648 0.62152068
vn 0.24250214 -0.74224036 0.62471750
vn 0.11409987 -0.63610178 0.76312237
vn -0.28206982 -0.64031518 0.71444600
vn -0.36503580 -0.60336509 0.70901299
vn -0.23596784 -0.72115449 0.65134889
vn -0.68017402 -0.58431448 -0.44265099
vn 0.23414809 -0.74021981 -0.63027716
vn -0.67216459 -0.58581161 0.45279082
vn 0.10424597 -0.64316894 -0.75859508
vn -0.27949763 -0.64347129 -0.71261895
vn -0.65550868 -0.59327096 0.46726645
vn -0.85289253 -0.40744451 -0.32644035
vn -0.80567390 -0.37654869 0.45727525
vn -0.71446192 -0.61561036 -0.33251775
vn -0.66409266 -0.59228133 -0.45627159
vn -0.58423039 0.42446831 -0.69173803
vn -0.51990269 0.49908112 -0.69326707
vn -0.44163646 0.56918019 -0.69353526
vn -0.36290323 0.62222855 -0.69363742
vn 0.40505308 0.59569452 -0.69359934
vn 0.48338838 0.53482426 -0.69303584
vn 0.55319786 0.46418810 -0.69173805
vn -0.26654699 0.66881299 -0.69400424
vn -0.17628047 0.69680758 -0.69525851
vn -0.07114421 0.71625324 -0.69420443
vn 0.02218940 0.71801407 -0.69567480
vn 0.12438739 0.70706899 -0.69611868
vn 0.22522054 0.68298458 -0.69484371
vn 0.31493533 0.64758880 -0.69386201
vn -0.07941488 -0.71517383 -0.69442039
vn -0.17579656 -0.69869355 -0.69348604
vn -0.27125434 -0.66768340 -0.69326759
vn -0.35727568 -0.62318022 -0.69570145
vn 0.61241671 0.38268036 -0.69173804
vn 0.65971534 0.29372439 -0.69173814
vn 0.69417377 0.19905123 -0.69173795
vn 0.71512061 0.10050347 -0.69173808
vn 0.72214848 0.00000000 -0.69173808
vn 0.71512061 -0.10050347 -0.69173808
vn -0.72038931 -0.05037418 -0.69173816
vn -0.72038931 0.05037418 -0.69173816
vn -0.70636801 0.15014290 -0.69173792
vn -0.67859757 0.24698930 -0.69173812
vn -0.63761937 0.33902809 -0.69173802
vn 0.40412756 -0.59454463 -0.69512416
vn 0.31187133 -0.64870010 -0.69420778
vn 0.22157472 -0.68611940 -0.69292483
vn 0.12516155 -0.70897003 -0.69404329
vn 0.02711937 -0.71737256 -0.69616172
vn 0.69417377 -0.19905123 -0.69173795
vn 0.65971534 -0.29372439 -0.69173814
vn 0.61241671 -0.38268036 -0.69173804
vn 0.55408710 -0.46020609 -0.69368425
vn 0.47867652 -0.53755482 -0.69419277
vn -0.44610479 -0.56519459 -0.69393487
vn -0.51947002 -0.50164669 -0.69173803
vn -0.58423039 -0.42446831 -0.69173803
vn -0.63761937 -0.33902809 -0.69173802
vn -0.67859757 -0.24698930 -0.69173812
vn -0.70636801 -0.15014290 -0.69173792
vn 0.59861751 -0.79559176 0.09322460
vn 0.81853792 -0.52905875 -0.22381356
vn 0.83203854 -0.50895850 -0.22061984
vn 0.68187891 -0.66404257 -0.30673869
vn 0.31824040 -0.76627756 -0.55815925
vn 0.40819451 -0.59091700 -0.69584075
vn 0.43331716 -0.81944644 0.37515833
vn -0.27978787 -0.89419663 -0.34947266
vn -0.28909677 -0.89008023 -0.35239217
vn 0.47384185 -0.53755167 0.69750420
vn 0.78592160 -0.56936001 0.24115641
vn 0.63785658 -0.39188992 0.66299417
vn 0.88821339 -0.42192944 0.18180351
vn -0.22972454 -0.71124103 0.66435144
vn 0.40317915 -0.59224627 0.69763237
vn 0.18036551 -0.82942530 0.52869835
vn -0.38413562 -0.86300798 0.32811134
vn 0.30841216 -0.64702680 0.69730787
vn -0.79101857 0.55556053 0.25620718
vn -0.89458380 0.40669903 0.18524505
vn -0.64185762 0.37503535 0.66885520
vn -0.42390968 0.57717747 0.69797331
vn 0.21418696 0.71948077 0.66065980
vn 0.36757829 0.86844809 0.33269223
vn 0.40099843 0.85595536 0.32640569
vn -0.16051953 0.83427057 0.52747142
vn -0.60143395 0.79080698 0.11358487
vn -0.82729207 0.51765180 -0.21823027
vn -0.66440718 0.67739472 -0.31575226
vn -0.34104096 0.76394544 -0.54779415
vn -0.43608010 0.57438123 -0.69276283
vn -0.37851577 0.60648416 -0.69921583
vn 0.28731337 0.89151022 -0.35022929
vn -0.40589761 0.83740563 0.36605866
vn -0.36643374 0.59828382 -0.71258880
vn -0.58411685 0.63103435 -0.51049306
vn -0.59486309 0.62539658 -0.50499211
vn -0.45783282 0.72178062 -0.51905862
vn -0.25793250 0.66479638 -0.70108245
vn -0.22024583 0.97054925 -0.09760089
vn 0.69367649 0.72023574 0.00856760
vn 0.22060734 0.77279162 0.59508446
vn 0.20558189 0.77149492 0.60210603
vn -0.19158860 0.97597966 0.10371843
vn 0.23110537 0.77100147 -0.59341979
vn 0.23389666 0.77578639 -0.58604422
vn -0.46562833 0.72445851 0.50828154
vn -0.25365805 0.66922452 0.69842403
vn -0.59727522 0.64113591 0.48187868
vn -0.59608884 0.63284314 0.49415347
vn -0.36676960 0.60875609 0.70348851
vn -0.61069875 0.62538474 0.48573755
vn 0.49957496 0.65231114 0.57001319
vn 0.14191807 0.93718681 0.31865366
vn -0.07041092 0.71334762 0.69726428
vn -0.36823046 0.89121895 0.26483033
vn -0.35920542 0.88625787 -0.29243537
vn -0.08968410 0.70938001 -0.69909711
vn 0.15135782 0.94091378 -0.30293906
vn 0.50305243 0.64811678 -0.57173674
vn 0.12486022 0.70277308 0.70037128
vn 0.11058030 0.70452969 0.70100636
vn 0.07802334 0.71408532 0.69569715
vn -0.61206504 0.79041348 0.02495820
vn -0.61970447 0.78328120 0.04936534
vn -0.58951668 0.79872078 0.12047904
vn -0.55717601 0.79115388 0.25225074
vn -0.51359935 0.77994274 0.35763814
vn -0.47287783 0.76917240 0.42983761
vn -0.41134770 0.76562601 0.49458052
vn -0.31854927 0.75861733 0.56835386
vn -0.21702400 0.74570694 0.62993788
vn -0.11694941 0.73585874 0.66695933
vn -0.01602421 0.73043783 0.68279119
vn 0.08670518 0.72011924 0.68841157
vn -0.05164672 0.91948822 -0.38971019
vn 0.47115040 0.85443120 -0.21900828
vn 0.75756493 0.65264315 -0.01234108
vn 0.14076039 0.68957461 -0.71040366
vn 0.16739156 0.69386272 -0.70038175
vn 0.21442002 0.67560066 -0.70539904
vn 0.32903774 0.66660507 -0.66885861
vn 0.43311842 0.65942590 -0.61446392
vn 0.52509786 0.65323576 -0.54548629
vn 0.60405992 0.64798140 -0.46393073
vn 0.66766401 0.64457857 -0.37248254
vn 0.71515126 0.64205015 -0.27627937
vn 0.74885096 0.63918482 -0.17511428
vn 0.76482458 0.63993339 -0.07435474
vn 0.10504369 0.70580483 -0.70057503
vn 0.07427928 0.71534524 -0.69481204
vn -0.14339223 0.68933785 -0.71010703
vn -0.26106774 0.68984365 -0.67524764
vn -0.37217024 0.68931892 -0.62155349
vn -0.46196027 0.69256263 -0.55403043
vn -0.53419581 0.69291148 -0.48426079
vn -0.60605231 0.68938429 -0.39679956
vn -0.66660634 0.68864245 -0.28532010
vn -0.70703332 0.68811882 -0.16308392
vn -0.71741027 0.69422345 -0.05810599
vn -0.69633936 0.71771265 -0.00023803
vn -0.02472312 0.69184173 -0.72162580
vn -0.22597886 0.91476017 -0.33488415
vn 0.01889183 0.71110003 -0.70283700
vn 0.26583749 0.92362542 -0.27612770
vn 0.65606846 0.75451188 0.01691129
vn 0.16959945 0.72868387 0.66351778
vn 0.09581067 0.71994804 0.68738281
vn 0.21764528 0.70939051 0.67036977
vn 0.25840960 0.73045927 0.63218172
vn 0.33974132 0.73459972 0.58731516
vn 0.40029233 0.74978760 0.52686299
vn 0.47304541 0.75970588 0.44617823
vn 0.53339023 0.75980959 0.37173141
vn 0.58190218 0.76151835 0.28544641
vn 0.61696096 0.76415017 0.18823838
vn 0.63747134 0.76573800 0.08529714
vn -0.05848903 0.64867724 -0.75881280
vn -0.19291968 0.75168620 -0.63067413
vn -0.22899765 0.74463669 -0.62695796
vn 0.16262014 0.76117968 -0.62782177
vn 0.44916818 0.89288758 -0.03161830
vn 0.64165174 0.61288507 0.46114525
vn 0.66931782 0.58786414 0.45434503
vn 0.91381347 0.40601649 0.00977520
vn 0.67721685 0.58693931 -0.44371114
vn 0.64975836 0.61197321 -0.45089118
vn 0.67286338 0.62021119 -0.40322817
vn 0.47750902 0.87704809 0.05264772
vn 0.15932313 0.76469928 0.62438061
vn -0.21336288 0.75118192 0.62466152
vn -0.20052071 0.76479834 0.61227031
vn -0.05606355 0.66253125 0.74693321
vn 0.67073194 0.41500979 0.61472396
vn 0.68201713 0.71490755 0.15414221
vn 0.41073801 0.58570386 0.69874550
vn 0.29567190 0.82142086 0.48769448
vn 0.30181684 0.80908742 -0.50426595
vn 0.39515661 0.59765100 -0.69761346
vn 0.69391367 0.70835771 -0.12927942
vn 0.67269696 0.40824045 -0.61710497
vn 0.36791189 -0.59595375 -0.71377865
vn 0.58501493 -0.64107533 -0.49676951
vn 0.60144575 -0.61852549 -0.50565722
vn 0.44861673 -0.72141689 -0.52754213
vn 0.23918987 -0.67385178 -0.69907939
vn 0.19081253 -0.97800807 -0.08420689
vn -0.69367603 -0.72023618 0.00856782
vn -0.25828276 -0.76437137 0.59078458
vn -0.21362898 -0.77518871 0.59451251
vn -0.27157282 -0.76700457 -0.58133656
vn -0.22396694 -0.77840822 -0.58644646
vn 0.18658346 -0.97859260 0.08685119
vn 0.22473473 -0.68274963 0.69523179
vn 0.45815912 -0.73810719 0.49526559
vn 0.59763173 -0.63034287 0.49548378
vn 0.36952198 -0.60790734 0.70278174
vn 0.13141283 -0.69937886 0.70256664
vn -0.50671094 -0.64473684 0.57232721
vn -0.16966288 -0.93430715 0.31350384
vn 0.38048188 -0.88094896 0.28135825
vn 0.37634469 -0.88092875 -0.28693069
vn -0.16611841 -0.93370513 -0.31717410
vn -0.50671094 -0.64473684 -0.57232721
vn 0.12534129 -0.69794251 -0.70509986
vn -0.10840029 -0.71653869 0.68907306
vn -0.09137924 -0.70969854 0.69855409
vn -0.06377295 -0.70833461 0.70299011
vn -0.07847126 -0.71694521 0.69269894
vn 0.01793914 -0.72215599 0.69149759
vn 0.06875068 -0.71507050 0.69566337
vn 0.10402455 -0.76291560 0.63807420
vn 0.20930901 -0.75882205 0.61674860
vn 0.31348207 -0.76533859 0.56212617
vn 0.40723783 -0.76960359 0.49180043
vn 0.46951906 -0.77209387 0.42827901
vn 0.49749861 -0.78692927 0.36501705
vn 0.53748515 -0.80664624 0.24582829
vn 0.57188031 -0.81186508 0.11759254
vn 0.60342788 -0.79594077 0.04850863
vn 0.59675180 -0.80205067 0.02453620
vn 0.50553329 -0.65969500 0.55609226
vn -0.17158858 -0.69704796 -0.69619071
vn -0.45482292 -0.86643215 -0.20598892
vn -0.75349391 -0.65740331 -0.00823556
vn -0.76476397 -0.63982973 -0.07585503
vn -0.74840019 -0.63922698 -0.17687854
vn -0.71447131 -0.64209424 -0.27793116
vn -0.66666861 -0.64458044 -0.37425795
vn -0.60264787 -0.64809031 -0.46561196
vn -0.52327903 -0.65328810 -0.54716882
vn -0.43054482 -0.65949914 -0.61619156
vn -0.32687740 -0.66705042 -0.66947361
vn -0.21303632 -0.67573433 -0.70569019
vn -0.16474783 -0.69660891 -0.69827945
vn -0.13073623 -0.69737670 -0.70467991
vn -0.08279416 -0.70819486 -0.70114561
vn -0.05281078 -0.70385168 -0.70838113
vn 0.14722946 -0.68941171 -0.70924958
vn 0.02817949 -0.69160972 -0.72172149
vn 0.26427385 -0.68989339 -0.67394840
vn 0.37498271 -0.68933525 -0.61984263
vn 0.46379717 -0.69275438 -0.55225317
vn 0.53452317 -0.69319237 -0.48349697
vn 0.60606325 -0.68934533 -0.39685054
vn 0.66654422 -0.68867678 -0.28538236
vn 0.70680262 -0.68819234 -0.16377227
vn 0.71755030 -0.69403625 -0.05861099
vn 0.70620578 -0.70797609 -0.00657680
vn 0.25619772 -0.91059513 -0.32431349
vn -0.28784042 -0.91584912 -0.27994335
vn -0.66577794 -0.74595575 0.01702238
vn -0.64798267 -0.75674893 0.08631056
vn -0.62747637 -0.75482279 0.19109149
vn -0.59226998 -0.75159360 0.29038480
vn -0.54434471 -0.74801535 0.37968656
vn -0.48419743 -0.74480032 0.45915720
vn -0.45332578 -0.72082213 0.52431975
vn -0.40457912 -0.75192868 0.52049880
vn -0.33211449 -0.73769802 0.58779384
vn -0.24961104 -0.73597267 0.62931594
vn -0.15730224 -0.73429714 0.66035121
vn -0.08795016 -0.71955722 0.68884118
vn -0.45079813 -0.89089040 0.05563577
vn -0.27403980 -0.66294427 0.69671162
vn -0.17209906 -0.77007009 0.61430771
vn 0.05605592 -0.66253155 0.74693351
vn 0.19416233 -0.74888765 0.63361525
vn 0.20936124 -0.75280370 0.62406287
vn -0.67162859 -0.41118985 0.61630994
vn -0.69949054 -0.69884162 0.14944356
vn -0.27500978 -0.82193229 0.49879548
vn -0.27310839 -0.82406365 -0.49631734
vn -0.70156081 -0.69745648 -0.14617421
vn -0.67269696 -0.40824045 -0.61710497
vn 0.05847495 -0.64867432 -0.75881638
vn 0.19592935 -0.74742229 -0.63480045
vn 0.20173685 -0.75072820 -0.62905437
vn -0.18143400 -0.75455753 -0.63065413
vn -0.26391953 -0.66244215 -0.70108265
vn -0.42598226 -0.90310738 -0.05418647
vn -0.62668089 -0.62119047 0.47052467
vn -0.64164765 -0.61288711 0.46114822
vn -0.91381373 -0.40601624 0.00976068
vn -0.65949240 -0.64230040 -0.39053806
vn -0.63536587 -0.62037142 -0.45983640
vn -0.64974894 -0.61199681 -0.45087273
vn 0.24820136 -0.68800565 0.68194158
vn 0.12601369 -0.68800683 0.71467975
vn 0.00000000 -1.00000000 0.00000000
vn 0.00000000 -0.68800635 0.72570467
vn -0.12601369 -0.68800683 0.71467975
vn 0.55592419 -0.68800591 0.46647203
vn 0.46647750 -0.68800684 0.55591845
vn 0.36285510 -0.68800446 0.62847915
vn 0.71467980 -0.68800616 0.12601713
vn 0.68193942 -0.68800489 0.24820938
vn 0.62847656 -0.68800766 0.36285350
vn 0.68193974 -0.68800602 -0.24820538
vn 0.71467983 -0.68800614 -0.12601706
vn 0.72570495 -0.68800605 0.00000007
vn 0.46647750 -0.68800684 -0.55591845
vn 0.55591929 -0.68800759 -0.46647540
vn 0.62847794 -0.68800485 -0.36285645
vn 0.12601369 -0.68800683 -0.71467975
vn 0.24820214 -0.68800543 -0.68194152
vn 0.36285565 -0.68800468 -0.62847859
vn -0.24820214 -0.68800543 -0.68194152
vn -0.12601369 -0.68800683 -0.71467975
vn -0.00000000 -0.68800635 -0.72570467
vn -0.55591929 -0.68800759 -0.46647540
vn -0.46647750 -0.68800684 -0.55591845
vn -0.36285565 -0.68800468 -0.62847859
vn -0.71467983 -0.68800614 -0.12601706
vn -0.68193974 -0.68800602 -0.24820538
vn -0.62847794 -0.68800485 -0.36285645
vn -0.68193942 -0.68800489 0.24820938
vn -0.71467980 -0.68800616 0.12601713
vn -0.72570495 -0.68800605 0.00000007
vn -0.46647750 -0.68800684 0.55591845
vn -0.55592419 -0.68800591 0.46647203
vn -0.62847656 -0.68800766 0.36285350
vn -0.24820136 -0.68800565 0.68194158
vn -0.36285510 -0.68800446 0.62847915
vn 0.55304929 -0.46383109 0.69209623
vn 0.48321446 -0.53466778 0.69327783
vn 0.31223394 -0.64697438 0.69565374
vn 0.40596501 -0.59451729 0.69407607
vn 0.22556904 -0.68385389 0.69387496
vn -0.51940756 0.50001542 0.69296491
vn -0.44459894 0.56906074 0.69173814
vn -0.36247513 0.62324805 0.69294563
vn -0.27014475 0.66554104 0.69575638
vn -0.17116563 0.69772857 0.69561280
vn -0.07736447 0.71658297 0.69319809
vn 0.02530081 0.71825613 0.69531863
vn 0.10768729 0.99350384 0.03679094
vn 0.12419917 0.70856037 0.69463427
vn 0.22223434 0.68414399 0.69466460
vn 0.19454914 0.98089186 0.00133633
vn 0.31656543 0.64576187 0.69482224
vn 0.39918892 0.59894455 0.69420000
vn 0.48465230 0.53283107 0.69368812
vn 0.12542287 -0.70710852 0.69589269
vn 0.02474325 -0.71720645 0.69642134
vn -0.07802312 -0.71456043 0.69520917
vn -0.12554196 -0.99047820 0.05649908
vn -0.19027281 -0.98171108 0.00629380
vn -0.17025239 -0.69955122 0.69400448
vn -0.26913100 -0.66510668 0.69656414
vn -0.36004692 -0.62141934 0.69584784
vn -0.44538802 -0.56657063 0.69327285
vn -0.51947002 -0.50164669 0.69173803
vn -0.58423039 -0.42446831 0.69173803
vn -0.63761937 -0.33902809 0.69173802
vn -0.67859757 -0.24698930 0.69173812
vn -0.70636801 -0.15014290 0.69173792
vn -0.72038931 -0.05037418 0.69173816
vn -0.72038931 0.05037418 0.69173816
vn -0.70636801 0.15014290 0.69173792
vn -0.67859757 0.24698930 0.69173812
vn -0.63761937 0.33902809 0.69173802
vn -0.58423039 0.42446831 0.69173803
vn 0.55319786 0.46418810 0.69173805
vn 0.61241671 0.38268036 0.69173804
vn 0.65971534 0.29372439 0.69173814
vn 0.69417377 0.19905123 0.69173795
vn 0.71512061 0.10050347 0.69173808
vn 0.72214848 0.00000000 0.69173808
vn 0.71512061 -0.10050347 0.69173808
vn 0.69417377 -0.19905123 0.69173795
vn 0.65971534 -0.29372439 0.69173814
vn 0.61241671 -0.38268036 0.69173804
vn -0.00000000 -0.72726004 0.68636203
vn 0.11918228 -0.72725950 0.67593580
vn 0.23474512 -0.72726082 0.64497010
vn 0.34318167 -0.72726214 0.59440400
vn 0.44118901 -0.72725949 0.52578122
vn 0.52578518 -0.72726052 0.44118260
vn 0.59440732 -0.72725857 0.34318349
vn 0.64496658 -0.72726166 0.23475217
vn 0.67593446 -0.72726025 0.11918529
vn 0.68636168 -0.72726037 0.00000007
vn 0.67593445 -0.72726027 -0.11918522
vn 0.64496909 -0.72726040 -0.23474919
vn 0.59440357 -0.72726170 -0.34318335
vn 0.52578321 -0.72725865 -0.44118802
vn 0.44118901 -0.72725949 -0.52578122
vn 0.34318242 -0.72726190 -0.59440387
vn 0.23474570 -0.72726106 -0.64496961
vn 0.11918228 -0.72725950 -0.67593580
vn 0.00000000 -0.72726004 -0.68636203
vn -0.11918228 -0.72725950 -0.67593580
vn -0.23474570 -0.72726106 -0.64496961
vn -0.34318242 -0.72726190 -0.59440387
vn -0.44118901 -0.72725949 -0.52578122
vn -0.52578321 -0.72725865 -0.44118802
vn -0.59440357 -0.72726170 -0.34318335
vn -0.64496909 -0.72726040 -0.23474919
vn -0.67593445 -0.72726027 -0.11918522
vn -0.68636168 -0.72726037 0.00000007
vn -0.67593446 -0.72726025 0.11918529
vn -0.64496658 -0.72726166 0.23475217
vn -0.59440732 -0.72725857 0.34318349
vn -0.52578518 -0.72726052 0.44118260
vn -0.44118901 -0.72725949 0.52578122
vn -0.34318167 -0.72726214 0.59440400
vn -0.23474512 -0.72726082 0.64497010
vn -0.11918228 -0.72725950 0.67593580
vn 0.63097772 -0.28092920 0.72314998
vn 0.66393491 -0.19038044 0.72314986
vn 0.68396913 -0.09612572 0.72315010
vn 0.69069113 0.00000000 0.72314989
vn 0.68396913 0.09612572 0.72315010
vn 0.66393491 0.19038044 0.72314986
vn 0.63097772 0.28092920 0.72314998
vn 0.58573940 0.36601028 0.72314993
vn 0.52909975 0.44396765 0.72315018
vn 0.46216255 0.51328374 0.72314976
vn 0.38622976 0.57260860 0.72315003
vn 0.30277895 0.62078894 0.72315005
vn 0.21343523 0.65688630 0.72314991
vn 0.11993716 0.68019783 0.72315004
vn 0.02410441 0.69027027 0.72315001
vn -0.07219670 0.68690761 0.72314976
vn -0.16709288 0.67017449 0.72315013
vn -0.25873757 0.64039749 0.72315000
vn -0.34534553 0.59815610 0.72314988
vn -0.42523178 0.54427189 0.72315008
vn -0.49684171 0.47979420 0.72314994
vn -0.55878087 0.40597784 0.72315001
vn -0.60984408 0.32425989 0.72314987
vn -0.64903715 0.23623057 0.72314998
vn -0.67559768 0.14360274 0.72315008
vn -0.68900861 0.04818004 0.72314993
vn -0.68900861 -0.04818004 0.72314993
vn -0.67559768 -0.14360274 0.72315008
vn -0.64903715 -0.23623057 0.72314998
vn -0.60984408 -0.32425989 0.72314987
vn -0.55878087 -0.40597784 0.72315001
vn -0.49684171 -0.47979420 0.72314994
vn -0.42523178 -0.54427189 0.72315008
vn -0.34534553 -0.59815610 0.72314988
vn -0.25873757 -0.64039749 0.72315000
vn -0.16709288 -0.67017449 0.72315013
vn -0.07219670 -0.68690761 0.72314976
vn 0.02410441 -0.69027027 0.72315001
vn 0.11993716 -0.68019783 0.72315004
vn 0.21343523 -0.65688630 0.72314991
vn 0.30277895 -0.62078894 0.72315005
vn 0.38622976 -0.57260860 0.72315003
vn 0.46216255 -0.51328374 0.72314976
vn 0.52909975 -0.44396765 0.72315018
vn 0.58573940 -0.36601028 0.72314993
vn 0.55794901 0.82947334 0.02582391
vn 0.54902017 0.83519878 0.03193504
vn 0.59514769 0.80357433 0.00821738
vn 0.58832019 0.80806230 0.03024356
vn 0.59498047 0.80372096 0.00555529
vn 0.58772495 0.80830966 0.03485508
vn 0.66437845 0.74734548 0.00871830
vn 0.64193294 0.76624236 0.02819113
vn 0.77646445 0.62955609 -0.02760586
vn 0.69675404 0.71702508 0.02022002
vn 0.69810827 0.71575482 0.01843578
vn 0.77654063 0.62945171 -0.02784239
vn 0.71568947 0.69814609 -0.01950914
vn 0.69627099 0.71760239 0.01592256
vn 0.66050001 0.75054279 0.02062187
vn 0.71633899 0.69742519 -0.02136719
vn 0.71995564 0.69382914 0.01627880
vn 0.77037233 0.63680075 -0.03180062
vn 0.80599089 0.59191831 0.00337526
vn 0.81816769 0.57340031 -0.04258782
vn 0.81727923 0.57456447 -0.04393546
vn 0.80323890 0.59564599 -0.00362395
vn 0.85005132 0.52663282 -0.00840437
vn 0.86453084 0.50089603 -0.04110465
vn 0.89056206 0.45459907 -0.01545676
vn 0.89525319 0.44087341 -0.06443877
vn 0.88914418 0.45720859 -0.01956858
vn 0.88939745 0.45661945 -0.02169927
vn 0.89557966 0.43995035 -0.06618732
vn 0.88959035 0.45618839 -0.02282886
vn 0.92668774 0.37096202 -0.06030763
vn 0.92298605 0.38358914 -0.03092118
vn 0.94858382 0.30493694 -0.08486581
vn 0.95052276 0.30832582 -0.03796935
vn 0.94870668 0.30419933 -0.08613014
vn 0.94959206 0.31068525 -0.04182817
vn 0.96045967 0.26241458 -0.09303654
vn 0.96489109 0.25743609 -0.05207542
vn 0.60647198 0.79104476 0.08024919
vn 0.75373314 0.65335754 0.07078336
vn 0.52799859 0.84576903 0.07676096
vn 0.53166999 0.84356393 0.07567633
vn -0.89835660 0.43818315 -0.03083743
vn -0.89882881 0.43728538 -0.02980384
vn -0.91213037 0.40835324 0.03557837
vn 0.95132345 0.30819171 -0.00124863
vn 0.95290200 0.30271029 -0.01855395
vn 0.95169923 0.30425009 0.04123670
vn 0.97181901 0.20849718 0.10998520
vn 0.97181925 0.20849808 0.10998135
vn 0.94558115 0.29768337 0.13138077
vn 0.95056382 0.30024806 0.07924345
vn 0.97794536 0.20464133 0.04177083
vn 0.92484016 0.29362943 0.24176937
vn 0.94580242 0.19852391 0.25699425
vn 0.94236619 0.26211517 0.20794615
vn 0.95012873 0.26539221 0.16377534
vn 0.91468494 0.28939201 0.28214131
vn 0.90488415 0.27023210 0.32887580
vn 0.92788752 0.18354225 0.32455662
vn 0.87258998 0.22551526 0.43327773
vn 0.89426956 0.21670015 0.39156480
vn 0.85680596 0.30233836 0.41770213
vn 0.88483791 0.28245605 0.37051377
vn 0.92788609 0.18355100 0.32455574
vn 0.83961802 0.26603159 0.47357023
vn 0.81588407 0.26738067 0.51267999
vn 0.83296207 0.18407257 0.52181556
vn 0.74424371 0.26088795 0.61484857
vn 0.79490367 0.17738361 0.58022686
vn 0.76429137 0.26818185 0.58646159
vn 0.78456620 0.28256429 0.55191784
vn 0.83296838 0.18404219 0.52181621
vn 0.69294410 0.19766470 0.69336653
vn 0.69296671 0.19761787 0.69335728
vn 0.68934186 0.27485416 0.67027083
vn 0.72805856 0.22187079 0.64861706
vn 0.72392672 0.26898980 0.63527521
vn 0.65108905 0.27303380 0.70819177
vn 0.62884504 0.24527767 0.73782978
vn 0.64457249 0.16027207 0.74755547
vn 0.58765989 0.27448168 0.76112789
vn 0.55174006 0.26660291 0.79025679
vn 0.58689807 0.15288863 0.79509479
vn 0.45758999 0.25837762 0.85079516
vn 0.48468613 0.22353887 0.84564161
vn 0.50672933 0.26049251 0.82180839
vn 0.54677379 0.21003951 0.81050714
vn 0.38848161 0.14327854 0.91024903
vn 0.40898095 0.34738217 0.84383661
vn 0.37888390 0.24328402 0.89289410
vn 0.42920269 0.28675297 0.85647988
vn 0.46511199 0.15783915 0.87106695
vn 0.26623783 0.15749930 0.95095289
vn 0.29269660 0.19104073 0.93692697
vn 0.27461444 0.26321608 0.92482658
vn 0.32314444 0.26117369 0.90959660
vn 0.35067110 0.24588796 0.90364202
vn 0.22842577 0.26606265 0.93650004
vn 0.18684453 0.23254248 0.95447007
vn 0.18869270 0.15664159 0.96946298
vn 0.11290635 0.18938413 0.97539008
vn 0.11286628 0.18939417 0.97539277
vn 0.09621252 0.24875821 0.96377513
vn 0.16053084 0.21256102 0.96387118
vn 0.18080904 0.13913138 0.97362752
vn -0.01527604 0.26023788 0.96542368
vn -0.04165348 0.17457344 0.98376273
vn 0.01338611 0.22356297 0.97459756
vn 0.05461119 0.21289764 0.97554713
vn -0.05218753 0.21857544 0.97442354
vn -0.10809237 0.23074035 0.96699273
vn -0.11085322 0.17131669 0.97895973
vn -0.18506609 0.17762289 0.96654056
vn -0.18534976 0.17788969 0.96643713
vn -0.19774164 0.25408788 0.94675107
vn -0.15462064 0.24428774 0.95729617
vn -0.11088299 0.17127142 0.97896428
vn -0.30728968 0.25786943 0.91601114
vn -0.33135134 0.19313271 0.92352913
vn -0.27083984 0.20761778 0.93996842
vn -0.23731376 0.22917704 0.94401274
vn -0.40334798 0.16438900 0.90015925
vn -0.40333141 0.16420814 0.90019968
vn -0.39443995 0.24089831 0.88678359
vn -0.35625369 0.25332613 0.89939378
vn -0.33140040 0.19312045 0.92351409
vn -0.43335061 0.26688081 0.86080305
vn -0.47300360 0.27022809 0.83859667
vn -0.46858060 0.16741590 0.86741232
vn -0.56933283 0.25815339 0.78052351
vn -0.53852141 0.20474243 0.81735869
vn -0.53091342 0.24373406 0.81161853
vn -0.49669069 0.20675822 0.84294092
vn -0.66041880 0.15302725 0.73513922
vn -0.58424978 0.33668991 0.73843896
vn -0.64353187 0.24482503 0.72520855
vn -0.58883353 0.26784852 0.76258261
vn -0.59549270 0.18255897 0.78234306
vn -0.70137114 0.28072738 0.65518751
vn -0.71236922 0.16606402 0.68187450
vn -0.68712116 0.27178670 0.67379262
vn -0.65618779 0.32983553 0.67869442
vn -0.80467980 0.16317402 0.57084557
vn -0.75011278 0.27854262 0.59978732
vn -0.77865951 0.25636317 0.57268429
vn -0.73677153 0.27512870 0.61763412
vn -0.72868732 0.20720949 0.65274728
vn -0.79520794 0.28882223 0.53312855
vn -0.83009722 0.25454694 0.49612948
vn -0.84791359 0.16937919 0.50234773
vn -0.87993748 0.19976419 0.43105023
vn -0.87994793 0.19970942 0.43105428
vn -0.86594488 0.28390225 0.41175111
vn -0.84225740 0.27420308 0.46412838
vn -0.85253384 0.16082027 0.49731568
vn -0.93907893 0.18779888 0.28785821
vn -0.93764022 0.19083110 0.29054141
vn -0.90983668 0.28086742 0.30546801
vn -0.90262239 0.26582406 0.33854157
vn -0.89015938 0.24667427 0.38310323
vn -0.91883530 0.29398260 0.26327918
vn -0.93334834 0.28504370 0.21819938
vn -0.95631101 0.19551444 0.21735537
vn -0.94020079 0.31846026 0.12085339
vn -0.93959416 0.29237804 0.17798285
vn -0.95631301 0.19550599 0.21735418
vn -0.95630677 0.29191746 0.01617299
vn -0.95849469 0.28014636 0.05297115
vn -0.96605203 0.23505706 0.10719916
vn -0.96052591 0.27734015 -0.02173516
vn -0.98060607 0.19563225 -0.01182196
vn -0.97950709 0.20133124 -0.00562071
vn -0.96485082 0.25540616 -0.06189174
vn -0.94991233 0.30811221 -0.05228219
vn -0.95143575 0.30412488 -0.04772904
vn -0.92776074 0.37114041 -0.03892054
vn -0.86155911 0.50717060 -0.02222340
vn -0.71825162 0.69564010 0.01412299
vn -0.71691389 0.69691028 0.01872254
vn -0.81462037 0.57764725 0.05212790
vn -0.77218409 0.63538460 0.00425958
vn -0.82082005 0.57109955 -0.00998768
vn -0.82034886 0.57179846 -0.00861736
vn -0.59856422 0.80036864 0.03362898
vn -0.59810223 0.80066036 0.03488151
vn -0.68600396 0.72453278 0.06671446
vn -0.66269440 0.74876866 0.01347681
vn -0.71557850 0.69851863 -0.00437372
vn -0.61308076 0.78647581 0.07475155
vn -0.54484245 0.83563684 0.06969776
vn -0.55658101 0.82902416 0.05418970
vn -0.53648643 0.83215780 0.14034140
vn -0.51968614 0.84375816 0.13415843
vn -0.59736621 0.79012845 0.13729763
vn -0.57038424 0.81330253 0.11489478
vn -0.54002047 0.83605162 0.09693077
vn -0.58585963 0.79226804 0.17052814
vn -0.58856965 0.78462858 0.19479158
vn -0.51118971 0.83996450 0.18205689
vn -0.51953818 0.81760697 0.24819130
vn -0.51805452 0.82527876 0.22479876
vn -0.58524145 0.76878168 0.25781227
vn -0.55926737 0.80057398 0.21517739
vn -0.50941254 0.84135211 0.18062528
vn -0.47675079 0.82598654 0.30075726
vn -0.52682257 0.80256185 0.27991509
vn -0.55025665 0.77157145 0.31921014
vn -0.53416319 0.79423604 0.28958384
vn -0.54206901 0.79364153 0.27621425
vn -0.52643596 0.77870037 0.34130766
vn -0.51967935 0.77021718 0.36972810
vn -0.45572829 0.82360464 0.33761979
vn -0.49690151 0.75650273 0.42519703
vn -0.43644493 0.81802687 0.37463030
vn -0.49120769 0.77963676 0.38843470
vn -0.45570604 0.82362856 0.33759147
vn -0.45167088 0.75212487 0.47989748
vn -0.38257531 0.81093026 0.44275078
vn -0.42977146 0.78582901 0.44471256
vn -0.45644476 0.77345088 0.43980896
vn -0.45517497 0.77455774 0.43917655
vn -0.44224706 0.79782765 0.40974209
vn -0.41354009 0.77224506 0.48230919
vn -0.40297910 0.75575586 0.51617916
vn -0.35701749 0.80556990 0.47285901
vn -0.36111967 0.74792205 0.55696068
vn -0.31580733 0.81254017 0.48994306
vn -0.37583809 0.75665209 0.53499845
vn -0.35700969 0.80558664 0.47283639
vn -0.25434339 0.79300976 0.55357471
vn -0.28804040 0.78242924 0.55212065
vn -0.30746262 0.73736600 0.60146331
vn -0.30999363 0.77587080 0.54948016
vn -0.32432528 0.77487933 0.54256349
vn -0.26414239 0.76597122 0.58610313
vn -0.24649164 0.74571490 0.61899205
vn -0.21521322 0.79744046 0.56371268
vn -0.19306516 0.74187465 0.64214316
vn -0.17564740 0.79626794 0.57888286
vn -0.21975338 0.74327376 0.63186436
vn -0.21522197 0.79742804 0.56372690
vn -0.11453067 0.77639825 0.61974872
vn -0.13462209 0.72885911 0.67129821
vn -0.15596423 0.73240920 0.66276084
vn -0.16238911 0.75054688 0.64055379
vn -0.05282278 0.80262160 0.59414503
vn -0.09114477 0.75206804 0.65275286
vn -0.06562866 0.73899863 0.67050273
vn -0.09681191 0.76068841 0.64185714
vn -0.09420058 0.77859157 0.62042035
vn -0.00763766 0.74039332 0.67213049
vn -0.03776560 0.74606099 0.66480580
vn -0.05145012 0.80051327 0.59710249
vn 0.05652702 0.77555477 0.62874438
vn 0.03246154 0.78639822 0.61686635
vn 0.05450494 0.72908220 0.68225241
vn 0.01873998 0.75437755 0.65617324
vn -0.01028476 0.79774103 0.60291249
vn 0.11318516 0.80004511 0.58916630
vn 0.11168884 0.80095698 0.58821214
vn 0.12232999 0.73860383 0.66294778
vn 0.09844815 0.76573959 0.63557127
vn 0.07839658 0.76655665 0.63737342
vn 0.14657085 0.75042441 0.64449995
vn 0.17740348 0.74412954 0.64404910
vn 0.15444024 0.79862561 0.58167460
vn 0.19370946 0.79986740 0.56805703
vn 0.20115132 0.79554477 0.57153011
vn 0.23769500 0.73620950 0.63363764
vn 0.19979144 0.74892859 0.63181433
vn 0.15438721 0.79861673 0.58170087
vn 0.28077559 0.78735258 0.54885425
vn 0.26789926 0.80071866 0.53579810
vn 0.30075730 0.74059183 0.60089000
vn 0.26018746 0.77806546 0.57176624
vn 0.22858307 0.78270930 0.57889198
vn 0.31804232 0.74100722 0.59140289
vn 0.34522115 0.75193158 0.56162376
vn 0.34358169 0.71142673 0.61304456
vn 0.39530426 0.75022983 0.52999032
vn 0.36067534 0.75945355 0.54142738
vn 0.30016088 0.81047391 0.50302633
vn 0.39238542 0.77846011 0.48993218
vn 0.39572586 0.79392964 0.46160239
vn 0.45067646 0.74904710 0.48561216
vn 0.34234157 0.80281254 0.48815395
vn 0.34230639 0.80282650 0.48815566
vn 0.41584820 0.82316310 0.38661711
vn 0.46728610 0.75447034 0.46088850
vn 0.48012052 0.76351577 0.43188882
vn 0.43255525 0.78447579 0.44440262
vn 0.40485466 0.80681296 0.43028542
vn 0.48600066 0.77524019 0.40349227
vn 0.51479112 0.76609383 0.38482509
vn 0.44333029 0.82310338 0.35490714
vn 0.50107085 0.81628413 0.28741644
vn 0.49137816 0.81456276 0.30827751
vn 0.55848693 0.76033154 0.33164484
vn 0.49982413 0.79225285 0.35001609
vn 0.44332694 0.82311166 0.35489213
vn 0.53170260 0.79964782 0.27902636
vn 0.56980697 0.77738958 0.26643097
vn 0.49257620 0.83553271 0.24342098
vn 0.58361974 0.78436142 0.21015508
vn 0.56589268 0.78979688 0.23661436
vn 0.49716231 0.83323085 0.24198343
vn 0.53657644 0.82806033 0.16248632
vn 0.53659896 0.82804816 0.16247400
vn 0.60690648 0.78030951 0.15093573
vn 0.56887492 0.80170297 0.18344938
vn 0.50830138 0.83718674 0.20186149
vn 0.52399298 0.84763897 0.08330384
vn 0.55065275 0.82879252 0.09942089
vn 0.55326196 0.82201353 0.13488867
vn 0.59143190 0.80452629 0.05427485
vn 0.81447202 0.57667627 0.06387338
vn 0.80774762 0.57026818 0.14945901
vn 0.74755796 0.64699312 0.15018986
vn 0.79220367 0.56409333 0.23283485
vn 0.73328481 0.64077309 0.22738344
vn 0.76811430 0.55807634 0.31392868
vn 0.71113455 0.63465559 0.30248957
vn 0.73585643 0.55220349 0.39190129
vn 0.68135424 0.62876313 0.37471766
vn 0.69567839 0.54668105 0.46601653
vn 0.64428416 0.62312208 0.44341492
vn 0.64804216 0.54147047 0.53558481
vn 0.60023895 0.61786295 0.50789622
vn 0.59357986 0.53658322 0.59978445
vn 0.54984141 0.61296464 0.56740530
vn 0.53274065 0.53222006 0.65797356
vn 0.49357047 0.60849931 0.62138296
vn 0.46630289 0.52824580 0.70959002
vn 0.43204765 0.60450429 0.66926033
vn 0.39509053 0.52479674 0.75398398
vn 0.36610231 0.60101288 0.71045944
vn 0.31966512 0.52204200 0.79075051
vn 0.29623166 0.59821073 0.74457419
vn 0.24074319 0.51976709 0.81968585
vn 0.22308112 0.59600692 0.77136928
vn 0.15925192 0.51828962 0.84024680
vn 0.14760358 0.59437078 0.79052929
vn 0.07616050 0.51723470 0.85244815
vn 0.07058437 0.59337365 0.80182639
vn -0.00778136 0.51704349 0.85592376
vn -0.00721612 0.59323769 0.80499502
vn -0.09160296 0.51739621 0.85082904
vn -0.08488472 0.59360730 0.80026555
vn -0.17479285 0.51838613 0.83709216
vn -0.16197735 0.59463036 0.78751386
vn -0.25621032 0.52020352 0.81470520
vn -0.23743426 0.59639320 0.76677254
vn -0.33460335 0.52256463 0.78419819
vn -0.31005926 0.59876133 0.73847690
vn -0.40939392 0.52545017 0.74585437
vn -0.37931293 0.60175820 0.70285758
vn -0.47984641 0.52897783 0.69994991
vn -0.44460561 0.60519511 0.66035198
vn -0.54513241 0.53301894 0.64708690
vn -0.50502700 0.60933211 0.61127907
vn -0.60469747 0.53745966 0.58777383
vn -0.56012710 0.61385891 0.55626871
vn -0.65791024 0.54240682 0.52244518
vn -0.60934404 0.61885134 0.49570440
vn -0.70408919 0.54773768 0.45193125
vn -0.65203898 0.62422088 0.43034110
vn -0.74279813 0.55334510 0.37690866
vn -0.68778844 0.62987022 0.36084700
vn -0.77354352 0.55921339 0.29817916
vn -0.71610819 0.63584817 0.28789958
vn -0.79592801 0.56526059 0.21674656
vn -0.73672831 0.64193516 0.21248681
vn -0.80974941 0.57143984 0.13327571
vn -0.74939831 0.64816776 0.13520628
vn -0.75387262 0.65431812 0.05953049
vn -0.71314457 0.70098161 0.00704367
vn 0.68613428 0.72334276 0.07742737
vn 0.68059100 0.71724808 0.14950277
vn 0.66782385 0.71111389 0.21983709
vn 0.64786879 0.70508061 0.28831816
vn 0.62092430 0.69927562 0.35421269
vn 0.58728206 0.69374150 0.41692028
vn 0.54731581 0.68850189 0.47582617
vn 0.50149121 0.68365436 0.53021060
vn 0.45029683 0.67919619 0.57959063
vn 0.39421706 0.67530687 0.62334063
vn 0.33408026 0.67191214 0.66100261
vn 0.27034354 0.66916072 0.69219817
vn 0.20365062 0.66685702 0.71681806
vn 0.13474146 0.66530940 0.73430793
vn 0.06443002 0.66436111 0.74462950
vn -0.00658585 0.66407064 0.74764083
vn -0.07749724 0.66445357 0.74330050
vn -0.14785595 0.66560559 0.73151064
vn -0.21674033 0.66721590 0.71263355
vn -0.28300854 0.66957725 0.68671135
vn -0.34614618 0.67257778 0.65408099
vn -0.40563919 0.67603714 0.61516716
vn -0.46074263 0.67999632 0.57036939
vn -0.51083243 0.68456440 0.52002097
vn -0.55561017 0.68945657 0.46470096
vn -0.59437145 0.69475656 0.40501345
vn -0.62670572 0.70042336 0.34153631
vn -0.65235023 0.70626532 0.27500630
vn -0.67092477 0.71225940 0.20626804
vn -0.68222854 0.71840391 0.13586774
vn -0.55898520 0.82865456 0.02944776
vn 0.91193371 0.40751468 0.04804888
vn 0.86749386 0.49424607 0.05634914
vn 0.90435856 0.40183019 0.14376405
vn 0.86024132 0.48814840 0.14729565
vn 0.88703080 0.39614840 0.23715565
vn 0.84367199 0.48215769 0.23609645
vn 0.86014986 0.39058227 0.32800565
vn 0.81800572 0.47631569 0.32247482
vn 0.82404257 0.38526219 0.41536357
vn 0.78361206 0.47066492 0.40549558
vn 0.77914353 0.38013097 0.49843334
vn 0.74082626 0.46529687 0.48443294
vn 0.72588758 0.37526664 0.57642187
vn 0.69012256 0.46018262 0.55853631
vn 0.66489659 0.37082308 0.64838474
vn 0.63207532 0.45553021 0.62687560
vn 0.59682657 0.36674520 0.71364977
vn 0.56733464 0.45121136 0.68886843
vn 0.52241702 0.36306249 0.77153489
vn 0.49651559 0.44749409 0.74378849
vn 0.44263167 0.35992243 0.82129961
vn 0.42067182 0.44417381 0.79104036
vn 0.35816824 0.35736073 0.86255946
vn 0.34039051 0.44140471 0.83023863
vn 0.26971439 0.35539955 0.89495548
vn 0.25633651 0.43926211 0.86101126
vn 0.17847039 0.35374847 0.91815594
vn 0.16958370 0.43775945 0.88295415
vn 0.08532187 0.35297824 0.93173308
vn 0.08107499 0.43687591 0.89586064
vn -0.00871914 0.35280138 0.93565761
vn -0.00827928 0.43642177 0.89970412
vn -0.10263096 0.35317785 0.92990983
vn -0.09753868 0.43694335 0.89418494
vn -0.19583976 0.35416205 0.91444848
vn -0.18611117 0.43802316 0.87948755
vn -0.28707945 0.35570188 0.88941642
vn -0.27283780 0.43952875 0.85578853
vn -0.37491278 0.35780521 0.85522853
vn -0.35631883 0.44183939 0.82329511
vn -0.45866197 0.36057352 0.81216743
vn -0.43594914 0.44467554 0.78243978
vn -0.53759008 0.36369993 0.76073600
vn -0.51094378 0.44819324 0.73352523
vn -0.61070546 0.36743474 0.70144889
vn -0.58051927 0.45198880 0.67727653
vn -0.67733446 0.37162958 0.63490903
vn -0.64390935 0.45640431 0.61406503
vn -0.73686962 0.37625083 0.56165691
vn -0.70060774 0.46113006 0.54452536
vn -0.78855803 0.38109889 0.48263844
vn -0.74982074 0.46625711 0.46943920
vn -0.83183396 0.38625484 0.39857179
vn -0.79100708 0.47176935 0.38954009
vn -0.86617545 0.39168995 0.31035314
vn -0.82376415 0.47745840 0.30568955
vn -0.89117598 0.39722370 0.21913169
vn -0.84763275 0.48329465 0.21896350
vn -0.90658201 0.40289539 0.12563582
vn -0.86238200 0.48926733 0.13005675
vn -0.86777893 0.49498506 0.04415330
vn -0.82172123 0.56980098 -0.01005247
vn -0.55347055 0.83256369 0.02254007
vn -0.55595506 0.83076072 0.02739685
vn -0.59618169 0.80275066 0.01260023
vn -0.55598904 0.83079745 0.02553015
vn -0.55293716 0.83291640 0.02260005
vn -0.60040609 0.79956232 0.01458134
vn -0.70352687 0.71055595 -0.01265642
vn -0.70309152 0.71101946 -0.01066044
vn -0.64892308 0.76084237 0.00421026
vn -0.70454968 0.70955983 -0.01160130
vn -0.75445570 0.65578599 -0.02722745
vn -0.80400347 0.59326539 -0.04018199
vn -0.95790053 0.27177576 -0.09254462
vn -0.94757430 0.30737488 -0.08731336
vn -0.94743272 0.30814279 -0.08613513
vn -0.92018879 0.38430382 -0.07458663
vn -0.88832353 0.45478352 -0.06366509
vn -0.88821349 0.45495791 -0.06395392
vn -0.88809774 0.45497534 -0.06542052
vn -0.88754999 0.45591660 -0.06629538
vn -0.84771625 0.52790048 -0.05194456
vn -0.80363503 0.59386747 -0.03862862
vn 0.04488246 -0.77798425 0.62667861
vn -0.00000000 -0.74320972 0.66905853
vn -0.04488761 -0.77798264 0.62668024
vn 0.17795524 -0.77526426 0.60605054
vn 0.10771142 -0.77525508 0.62239683
vn -0.37126156 -0.77527862 0.51098719
vn -0.42712482 -0.77522740 0.46538894
vn -0.10770578 -0.77525379 0.62239942
vn -0.17795720 -0.77526423 0.60605001
vn -0.24588293 -0.77525557 0.58182505
vn -0.31060575 -0.77523961 0.55002511
vn 0.37125344 -0.77527904 0.51099246
vn 0.31061132 -0.77523882 0.55002308
vn 0.24588196 -0.77525644 0.58182430
vn 0.27870507 -0.77522811 -0.56687287
vn 0.34148698 -0.77527066 -0.53135868
vn -0.27871200 -0.77522788 -0.56686978
vn -0.21225954 -0.77526288 -0.59490618
vn 0.07199781 -0.77530629 -0.62746831
vn 0.14306380 -0.77525974 -0.61522766
vn 0.21226327 -0.77526182 -0.59490622
vn 0.62932004 -0.77526410 -0.05405421
vn 0.63138012 -0.77526365 0.01803947
vn -0.14306802 -0.77526120 -0.61522485
vn -0.07199215 -0.77530749 -0.62746747
vn -0.00000086 -0.77529877 -0.63159466
vn -0.45297606 -0.77525411 -0.44022011
vn -0.39981173 -0.77529310 -0.48894907
vn -0.34148710 -0.77526852 -0.53136173
vn 0.62521486 -0.77525848 0.08989256
vn 0.61087755 -0.77527158 0.16056961
vn 0.58858978 -0.77527389 0.22915599
vn 0.57455813 -0.77526398 -0.26239039
vn 0.60073218 -0.77525512 -0.19519310
vn 0.61906044 -0.77526092 -0.12543792
vn 0.39981715 -0.77529267 -0.48894532
vn 0.45297279 -0.77525338 -0.44022476
vn 0.50018994 -0.77526852 -0.38570553
vn 0.54089218 -0.77527563 -0.32616459
vn 0.55862857 -0.77527541 0.29475780
vn 0.52141281 -0.77525003 0.35653342
vn 0.47735442 -0.77526803 0.41363299
vn 0.42713139 -0.77522788 0.46538211
vn -0.61087822 -0.77527127 0.16056856
vn -0.62521497 -0.77525823 0.08989397
vn -0.47735764 -0.77526869 0.41362803
vn -0.52141002 -0.77525026 0.35653698
vn -0.55862883 -0.77527626 0.29475506
vn -0.58858971 -0.77527394 0.22915599
vn -0.63138001 -0.77526374 0.01803918
vn -0.62932008 -0.77526406 -0.05405438
vn -0.61906060 -0.77526075 -0.12543818
vn -0.60073237 -0.77525532 -0.19519173
vn -0.57455744 -0.77526465 -0.26238993
vn -0.54089106 -0.77527571 -0.32616627
vn -0.50019025 -0.77526771 -0.38570674
vn 0.05704145 0.03634667 0.99770997
vn 0.11393651 0.03288364 0.99294367
vn 0.11093589 0.11610556 0.98702215
vn 0.17036976 0.03634603 0.98470966
vn 0.22637327 0.03291164 0.97348445
vn 0.22046918 0.11608944 0.96846093
vn 0.28146868 0.03631714 0.95888292
vn 0.33586380 0.03294952 0.94133407
vn 0.32724716 0.11606996 0.93778305
vn 0.38891578 0.03638653 0.92055447
vn 0.44098291 0.03304756 0.89690687
vn 0.42993802 0.11604400 0.89536980
vn 0.49129065 0.03642840 0.87023357
vn 0.54034609 0.03313524 0.84079020
vn 0.52724884 0.11600616 0.84175486
vn 0.58726393 0.03647725 0.80857311
vn 0.63265982 0.03324642 0.77371586
vn 0.61796056 0.11596225 0.77761012
vn 0.67558781 0.03652293 0.73637436
vn 0.71672959 0.03338435 0.69655164
vn 0.70093837 0.11590888 0.70374038
vn 0.75512115 0.03656990 0.65456451
vn 0.79145784 0.03359903 0.61029959
vn 0.77514881 0.11584542 0.62106695
vn 0.82479468 0.03667973 0.56424138
vn 0.85585626 0.03380796 0.51610762
vn 0.83965849 0.11577322 0.53063186
vn 0.88373242 0.03673391 0.46654864
vn 0.90910685 0.03401077 0.41517225
vn 0.89366934 0.11569010 0.43355613
vn 0.93114536 0.03684284 0.36278219
vn 0.95049934 0.03423331 0.30883505
vn 0.93650221 0.11559866 0.33105977
vn 0.96642371 0.03695478 0.25428243
vn 0.97949976 0.03448182 0.19847222
vn 0.96762186 0.11549576 0.22442963
vn 0.98910652 0.03707523 0.14245605
vn 0.99572888 0.03477762 0.08552496
vn 0.98664270 0.11538204 0.11499203
vn 0.99889353 0.03719806 0.02877550
vn 0.99897694 0.03507949 -0.02853939
vn 0.99332713 0.11525726 0.00411931
vn 0.00000222 0.11611195 0.99323613
vn -0.00232530 0.15786768 0.98745754
vn -0.10926882 0.16790954 0.97972788
vn -0.97556760 0.19004269 -0.11023443
vn -0.97705244 0.15979971 -0.14082820
vn -0.98221291 0.16624252 -0.08729962
vn 0.95967208 0.16956590 0.22422512
vn 0.21670511 0.15863112 0.96326272
vn -0.97886892 0.17079648 0.11244641
vn -0.98462859 0.17464003 0.00272034
vn -0.95998173 0.16817463 0.22394726
vn -0.88689007 0.16540876 0.43135363
vn -0.93007030 0.16779707 0.32682318
vn -0.83415380 0.16527932 0.52618455
vn -0.76988129 0.16277184 0.61708033
vn -0.69877757 0.16530323 0.69597755
vn -0.61301714 0.16139502 0.77340910
vn -0.52910442 0.16748675 0.83186339
vn -0.42808834 0.15934569 0.88957817
vn -0.32544407 0.16350268 0.93131790
vn -0.22023088 0.15924617 0.96236117
vn 0.11147302 0.16713535 0.97961193
vn 0.42780074 0.15828561 0.88990572
vn 0.32599875 0.15980477 0.93176566
vn 0.52477314 0.16156755 0.83576855
vn 0.61147916 0.16267353 0.77435816
vn 0.69769760 0.16192820 0.69785193
vn 0.76860816 0.16600680 0.61780517
vn 0.83421601 0.16449210 0.52633259
vn 0.92955880 0.16779604 0.32827569
vn 0.98512098 0.17179638 0.00476026
vn 0.97895683 0.16979783 0.11319107
vn 0.96934746 0.17600786 -0.17142560
vn 0.96967554 0.17856286 -0.16686717
vn 0.97792716 0.17473191 -0.11457410
vn 0.97906753 0.19613766 -0.05437640
vn 0.97532671 0.20431335 -0.08362931
vn 0.98224786 0.14897439 -0.11399898
vn 0.98937695 0.11558658 -0.08816455
vn 0.98037143 0.12552999 -0.15203319
vn 0.99675681 0.03855687 -0.07063443
vn 0.99304908 0.03816812 -0.11134058
vn 0.99069440 -0.02488579 -0.13381067
vn 0.98882690 0.07578904 -0.12836425
vn 0.98645082 0.09272432 -0.13534025
vn 0.97995340 0.12395062 -0.15597298
vn -0.98384564 0.14864012 -0.09976907
vn -0.98007568 0.12334026 -0.15568831
vn -0.98936832 0.11612755 -0.08754843
vn -0.98647250 0.09255465 -0.13529838
vn -0.98790556 0.07796072 -0.13403258
vn -0.97263633 0.21341101 -0.09183855
vn -0.97466666 0.20201637 -0.09599113
vn -0.97378571 0.20421252 -0.10019298
vn -0.99332714 0.11525724 0.00411942
vn 0.88653216 0.16913594 0.43064342
vn 0.00000000 0.03286742 0.99945972
vn -0.11093705 0.11610213 0.98702242
vn -0.11393651 0.03288364 0.99294367
vn -0.05704145 0.03634667 0.99770997
vn -0.22047095 0.11608905 0.96846058
vn -0.22637327 0.03291164 0.97348445
vn -0.17036976 0.03634603 0.98470966
vn -0.32724844 0.11607296 0.93778224
vn -0.33586380 0.03294952 0.94133407
vn -0.28146868 0.03631714 0.95888292
vn -0.42993535 0.11604554 0.89537089
vn -0.44098291 0.03304756 0.89690687
vn -0.38891578 0.03638653 0.92055447
vn -0.52724970 0.11600574 0.84175437
vn -0.54034609 0.03313524 0.84079020
vn -0.49129065 0.03642840 0.87023357
vn -0.61795964 0.11596158 0.77761096
vn -0.63265982 0.03324642 0.77371586
vn -0.58726393 0.03647725 0.80857311
vn -0.70093936 0.11590830 0.70373950
vn -0.71672959 0.03338435 0.69655164
vn -0.67558781 0.03652293 0.73637436
vn -0.77514842 0.11584559 0.62106741
vn -0.79145784 0.03359903 0.61029959
vn -0.75512115 0.03656990 0.65456451
vn -0.83965851 0.11577269 0.53063195
vn -0.85585900 0.03379232 0.51610410
vn -0.82479468 0.03667973 0.56424138
vn -0.89366952 0.11568987 0.43355582
vn -0.90910812 0.03400263 0.41517013
vn -0.88373133 0.03673225 0.46655083
vn -0.93650219 0.11559881 0.33105975
vn -0.95049925 0.03423395 0.30883524
vn -0.93114490 0.03684192 0.36278347
vn -0.96762183 0.11549582 0.22442973
vn -0.97949922 0.03448714 0.19847398
vn -0.96642374 0.03695486 0.25428232
vn -0.98664270 0.11538207 0.11499196
vn -0.99572898 0.03477611 0.08552441
vn -0.98910664 0.03707593 0.14245502
vn -0.99897692 0.03508038 -0.02853903
vn -0.99889352 0.03719785 0.02877582
vn -0.99675679 0.03855701 -0.07063463
vn -0.99320190 0.03689619 -0.11040225
vn -0.98945750 -0.02101771 -0.14329034
vn 0.68396913 -0.09612572 -0.72315010
vn 0.66393491 -0.19038044 -0.72314986
vn 0.63097772 -0.28092920 -0.72314998
vn 0.58573940 -0.36601028 -0.72314993
vn 0.52909975 -0.44396765 -0.72315018
vn 0.46216255 -0.51328374 -0.72314976
vn 0.38622976 -0.57260860 -0.72315003
vn 0.30277895 -0.62078894 -0.72315005
vn 0.21343523 -0.65688630 -0.72314991
vn 0.11993716 -0.68019783 -0.72315004
vn 0.02410441 -0.69027027 -0.72315001
vn -0.07219670 -0.68690761 -0.72314976
vn -0.16709288 -0.67017449 -0.72315013
vn -0.25873757 -0.64039749 -0.72315000
vn -0.34534553 -0.59815610 -0.72314988
vn -0.42523178 -0.54427189 -0.72315008
vn -0.49684171 -0.47979420 -0.72314994
vn -0.55878087 -0.40597784 -0.72315001
vn -0.60984408 -0.32425989 -0.72314987
vn -0.64903715 -0.23623057 -0.72314998
vn -0.67559768 -0.14360274 -0.72315008
vn -0.68900861 -0.04818004 -0.72314993
vn -0.68900861 0.04818004 -0.72314993
vn -0.67559768 0.14360274 -0.72315008
vn -0.64903715 0.23623057 -0.72314998
vn -0.60984408 0.32425989 -0.72314987
vn -0.55878087 0.40597784 -0.72315001
vn -0.49684171 0.47979420 -0.72314994
vn -0.42523178 0.54427189 -0.72315008
vn -0.34534553 0.59815610 -0.72314988
vn -0.25873757 0.64039749 -0.72315000
vn -0.16709288 0.67017449 -0.72315013
vn -0.07219670 0.68690761 -0.72314976
vn 0.02410441 0.69027027 -0.72315001
vn 0.11993716 0.68019783 -0.72315004
vn 0.21343523 0.65688630 -0.72314991
vn 0.30277895 0.62078894 -0.72315005
vn 0.38622976 0.57260860 -0.72315003
vn 0.46216255 0.51328374 -0.72314976
vn 0.52909975 0.44396765 -0.72315018
vn 0.58573940 0.36601028 -0.72314993
vn 0.63097772 0.28092920 -0.72314998
vn 0.66393491 0.19038044 -0.72314986
vn 0.68396913 0.09612572 -0.72315010
vn 0.69069113 0.00000000 -0.72314989
vn 0.82775088 0.53651430 -0.16425858
vn 0.84834670 0.50005753 -0.17392624
vn 0.81111618 0.56047268 -0.16721520
vn 0.88025074 0.43918807 -0.17964539
vn 0.96185590 0.20936742 -0.17606393
vn 0.96784171 0.17302081 -0.18260948
vn 0.93982946 0.29470140 -0.17283423
vn 0.85642765 0.49210218 -0.15609971
vn 0.86156818 0.48703947 -0.14315317
vn 0.90270715 0.40057336 -0.15703751
vn 0.56440103 0.82512595 -0.02487252
vn 0.54142312 0.84060254 -0.01575999
vn 0.61143845 0.79086427 -0.02601391
vn 0.94584137 0.30270468 -0.11727736
vn 0.87334236 -0.48066757 -0.07894182
vn 0.87681638 -0.47750432 -0.05641499
vn 0.90599745 -0.41511457 -0.08275578
vn 0.87459195 -0.48150497 -0.05693757
vn 0.86088560 -0.50802962 -0.02796233
vn 0.88424437 -0.46539477 -0.03898199
vn 0.63490396 0.75073441 -0.18246866
vn 0.61844928 0.76650978 -0.17315667
vn 0.66799071 0.72128586 -0.18312594
vn 0.65872360 0.73287482 -0.17022841
vn 0.66842582 0.72064624 -0.18405413
vn 0.76596055 0.61694532 -0.18078415
vn 0.76603399 0.61673324 -0.18119613
vn 0.72287655 0.66828290 -0.17563443
vn 0.71726417 0.67213595 -0.18375359
vn 0.77591462 0.60535066 -0.17750235
vn 0.76395790 0.61929221 -0.18123323
vn 0.82490185 0.53644322 -0.17822908
vn 0.81323557 0.55391577 -0.17839627
vn 0.76366163 0.61949965 -0.18177209
vn 0.86832414 0.46272801 -0.17859447
vn 0.85454745 0.48932043 -0.17410963
vn 0.85454510 0.48931299 -0.17414209
vn 0.89439464 0.41424575 -0.16869701
vn 0.85778572 0.48318244 -0.17532367
vn 0.85816042 0.48273548 -0.17472022
vn 0.91671526 0.36435298 -0.16395134
vn 0.90554112 0.38560726 -0.17692463
vn 0.91686238 0.36403859 -0.16382700
vn 0.93684412 0.30350364 -0.17380632
vn 0.95313314 0.26081735 -0.15333469
vn 0.97088536 0.19037424 -0.14539348
vn 0.97732775 0.16002949 -0.13863990
vn 0.97674322 0.16161437 -0.14090235
vn 0.97062630 0.19099268 -0.14630920
vn 0.96050371 0.22056709 -0.16965487
vn 0.98583005 0.09941144 -0.13511656
vn 0.97732079 0.13286774 -0.16489465
vn 0.99246102 0.01342699 -0.12182295
vn 0.99238135 0.01160617 -0.12265624
vn 0.99054982 -0.02784511 -0.13429710
vn 0.99127708 0.02949015 -0.12845264
vn 0.98349303 -0.15244883 -0.09747213
vn 0.98354801 -0.15318801 -0.09574310
vn 0.98777552 -0.08614733 -0.12991598
vn 0.99153087 -0.06627949 -0.11168510
vn 0.99100250 0.03119560 -0.13015714
vn 0.98348234 -0.15200540 -0.09826928
vn 0.97745221 -0.17365423 -0.12013070
vn 0.96834331 -0.23620298 -0.08074270
vn 0.94682131 -0.31508604 -0.06519352
vn 0.96006392 -0.25803511 -0.10814413
vn 0.94595861 -0.31716706 -0.06758226
vn 0.94542129 -0.31849700 -0.06883485
vn 0.93557799 -0.34009576 -0.09501943
vn 0.91772890 -0.39383363 -0.05165977
vn 0.88388670 -0.46648574 -0.03369504
vn 0.94127219 -0.31428935 -0.12340533
vn 0.91641835 -0.38096962 -0.12263587
vn 0.90892294 -0.40421755 -0.10230964
vn 0.94356361 -0.29804519 -0.14441877
vn 0.92188270 -0.36169820 -0.13894858
vn 0.92413712 -0.36282838 -0.11969187
vn 0.96370965 -0.20489835 -0.17111509
vn 0.94795654 -0.26573300 -0.17539772
vn 0.94317434 -0.29298783 -0.15678104
vn 0.96916241 -0.16369783 -0.18419352
vn 0.95710629 -0.21985169 -0.18871348
vn 0.95753726 -0.23202328 -0.17113620
vn 0.98016755 -0.02993391 -0.19589675
vn 0.97895582 -0.03039406 -0.20179619
vn 0.97659897 -0.08874699 -0.19590412
vn 0.96889231 -0.14023661 -0.20391512
vn 0.96779772 -0.16463241 -0.19043041
vn 0.97868722 -0.04299332 -0.20080565
vn 0.97528657 -0.06987321 -0.20960400
vn 0.97548938 -0.08985309 -0.20086534
vn 0.97037962 0.17045919 -0.17119307
vn 0.97271383 0.13810004 -0.18643010
vn 0.97642068 0.09309418 -0.19477201
vn 0.97841686 0.08566425 -0.18804809
vn 0.97696011 0.08651798 -0.19509892
vn 0.95745048 0.24515152 -0.15228036
vn 0.97453646 0.15846969 -0.15863810
vn 0.97453549 0.15847258 -0.15864114
vn 0.96456529 0.22229330 -0.14212490
vn 0.96895599 0.21856779 -0.11555261
vn 0.96799415 0.22199644 -0.11706793
vn 0.81938646 0.56814556 -0.07626559
vn 0.85852315 0.50824031 -0.06804255
vn 0.86973118 0.48479299 -0.09243065
vn 0.91130848 0.39748993 -0.10732482
vn 0.92219489 0.37591527 -0.09079811
vn 0.76071750 0.64640005 -0.05895644
vn 0.69537325 0.71739519 -0.04242865
vn 0.65726747 0.75350927 -0.01494165
vn 0.57912662 0.81523730 -0.00071073
vn 0.57005026 0.82159431 0.00504829
vn 0.55931926 0.82880247 0.01576189
vn 0.55637336 0.82920139 -0.05360721
vn 0.54401931 0.83767815 -0.04835599
vn 0.61592726 0.78555899 -0.05941960
vn 0.59816133 0.80064781 -0.03414820
vn 0.57950581 0.81019460 -0.08807799
vn 0.56438340 0.82098129 -0.08637771
vn 0.64092474 0.76184219 -0.09387199
vn 0.56438258 0.82098163 -0.08637983
vn 0.58616607 0.80737677 -0.06746919
vn 0.66430547 0.73463919 -0.13785316
vn 0.59100335 0.79763338 -0.12039952
vn 0.59269609 0.79644616 -0.11993691
vn 0.65902884 0.74328686 -0.11491577
vn 0.59384393 0.79715357 -0.10906681
vn 0.58082123 0.80907522 -0.08968823
vn 0.63199052 0.76025686 -0.15032461
vn 0.58007935 0.80239841 -0.14023099
vn 0.61015113 0.78039440 -0.13674857
vn 0.60128112 0.78211494 -0.16357640
vn 0.61289633 0.77308980 -0.16337148
vn 0.61947359 0.76902262 -0.15765999
vn 0.77500684 0.62463536 -0.09589087
vn 0.78702799 0.60395218 -0.12581220
vn 0.72567461 0.67915637 -0.11019523
vn 0.70825157 0.70162156 -0.07814663
vn 0.94913858 0.25541423 -0.18411827
vn 0.94397634 0.27058159 -0.18892927
vn 0.91432210 0.36657394 -0.17215879
vn 0.92635452 0.32878793 -0.18375475
vn 0.90513733 0.38674695 -0.17650272
vn 0.97156258 0.13442710 -0.19492436
vn 0.96894725 0.15136684 -0.19552315
vn 0.95843657 0.21012144 -0.19299827
vn 0.97732757 0.06157288 -0.20258231
vn 0.92416415 0.34838527 -0.15667909
vn 0.87993047 0.44393873 -0.16923584
vn 0.92363718 0.35697830 -0.13950216
vn 0.88305245 0.45162803 -0.12747744
vn 0.83406070 0.53995784 -0.11308526
vn 0.82542736 0.54804521 -0.13533709
vn 0.85124490 0.49945616 -0.16101448
vn 0.89404802 0.41107975 -0.17802128
vn 0.95707024 0.22274905 -0.18547078
vn 0.93677428 0.29716794 -0.18478409
vn 0.92316255 0.33573623 -0.18722205
vn 0.93279687 0.30826341 -0.18671817
vn 0.95140940 0.24263261 -0.18960369
vn 0.96304314 0.19181835 -0.18908630
vn 0.96598905 0.17413876 -0.19115662
vn 0.97415652 0.12141127 -0.19046881
vn 0.97519561 0.10656174 -0.19400546
vn 0.98058025 0.04858949 -0.19000380
vn 0.98595910 0.04825348 -0.15986322
vn 0.98774890 -0.03836049 -0.15126329
vn 0.98206470 -0.12317555 -0.14274702
vn 0.96943410 -0.20591647 -0.13340141
vn 0.95033763 -0.28572098 -0.12337712
vn 0.97143276 0.15994022 -0.17532120
vn 0.98013834 0.09512071 -0.17401403
vn 0.98545101 0.01315847 -0.16944958
vn 0.98412892 -0.06803162 -0.16389620
vn 0.97641096 -0.14776727 -0.15743722
vn 0.96265959 -0.22522964 -0.15019360
vn 0.97214264 0.14464856 -0.18443286
vn 0.98089002 0.06727868 -0.18256052
vn 0.98366988 -0.00987703 -0.17971094
vn 0.98063470 -0.08601380 -0.17594664
vn 0.97205014 -0.16049729 -0.17134513
vn 0.98175922 -0.02361947 -0.18865565
vn 0.97788182 -0.09476288 -0.18645951
vn 0.97703754 -0.03090182 -0.21081442
vn 0.97964053 0.01516257 -0.20018625
vn 0.97929299 0.03235065 -0.19984664
vn 0.97989604 0.03759575 -0.19593443
vn 0.97469946 0.10487364 -0.19738915
vn 0.97616268 0.08947613 -0.19773835
vn 0.90863429 0.37496252 -0.18381194
vn 0.70280402 0.69238789 -0.16329577
vn 0.89549596 0.40563045 -0.18316914
vn 0.91011644 0.37151443 -0.18348051
vn 0.85708816 0.48344998 -0.17797753
vn 0.87802613 0.44257259 -0.18220764
vn 0.84020677 0.51195164 -0.17876830
vn 0.79870391 0.57609883 -0.17373023
vn 0.77212522 0.61501717 -0.15992663
vn 0.82000239 0.55178397 -0.15208725
vn 0.78428234 0.60309365 -0.14553094
vn 0.73766438 0.66139913 -0.13565566
vn 0.72865490 0.66771949 -0.15235724
vn 0.75253771 0.63655486 -0.16877473
vn 0.29488455 0.93915612 0.17615020
vn 0.27251266 0.94273854 0.19230417
vn 0.30672777 0.92680285 0.21669000
vn 0.06138326 0.97041023 0.23352961
vn 0.03951525 0.96878571 0.24473003
vn 0.07836532 0.95643722 0.28122361
vn -0.39391204 0.90679420 0.15019182
vn -0.40912147 0.90524852 0.11465055
vn -0.43239349 0.88798109 0.15660605
vn -0.51578234 0.85584747 0.03864816
vn -0.50878255 0.84769510 0.15017770
vn -0.39428802 0.81932050 0.41623416
vn -0.25888683 0.82323477 0.50523472
vn -0.11836183 0.80810223 0.57702796
vn 0.43012948 0.86106140 0.27122296
vn 0.51734237 0.85408284 0.05384588
vn 0.49701386 0.86470682 0.07252130
vn 0.48056151 0.87303853 0.08285141
vn 0.49448541 0.85755450 0.14171965
vn 0.46386868 0.86199318 0.20443486
vn 0.39307908 0.85572426 0.33648899
vn 0.35390011 0.84564373 0.39955150
vn 0.31244911 0.83117750 0.45991252
vn 0.27599740 0.81143307 0.51517163
vn 0.21276250 0.84006156 0.49902774
vn 0.17259358 0.81628016 0.55126958
vn 0.10247178 0.83935245 0.53384174
vn 0.06377832 0.81020112 0.58267184
vn -0.00805994 0.82778524 0.56098719
vn -0.08345402 0.84224959 0.53258900
vn -0.18783155 0.81845377 0.54300345
vn -0.32758436 0.82495039 0.46059238
vn -0.42825493 0.84890347 0.30977510
vn -0.36675158 0.85594560 0.36448649
vn -0.49030041 0.82735970 0.27400993
vn -0.45740330 0.86571672 0.20326528
vn -0.48989945 0.86536995 0.10551484
vn -0.46113212 0.88330373 0.08444928
vn -0.48172077 0.87427767 0.05986367
vn -0.49557885 0.86612439 0.06503955
vn -0.51149509 0.85490104 0.08670059
vn -0.43913586 0.89097656 0.11541433
vn -0.45815064 0.88163394 0.11322364
vn -0.45738492 0.88367613 0.09957673
vn -0.37971346 0.91243731 0.15256422
vn -0.36605515 0.90821845 0.20283708
vn -0.35307389 0.92258289 0.15549803
vn -0.26621699 0.94384481 0.19566679
vn -0.28688887 0.93996334 0.18483421
vn -0.29477069 0.92307541 0.24706684
vn -0.30891307 0.93357042 0.18171128
vn -0.33000718 0.92924055 0.16615436
vn -0.19948655 0.95560825 0.21683630
vn -0.22465332 0.95033776 0.21538112
vn -0.22128307 0.93206926 0.28684613
vn -0.24634418 0.94568386 0.21212397
vn -0.24690848 0.94657438 0.20744433
vn -0.17579293 0.95716495 0.23006980
vn -0.14918037 0.93351044 0.32604214
vn -0.15429788 0.95874920 0.23873024
vn -0.11236963 0.95539759 0.27310899
vn -0.15405521 0.95898895 0.23792265
vn -0.13527907 0.96302077 0.23300337
vn -0.03286154 0.97002461 0.24077455
vn -0.03608887 0.95162844 0.30512442
vn -0.00057629 0.97102419 0.23898052
vn -0.00652201 0.97524380 0.22103617
vn -0.05729282 0.96906294 0.24007199
vn -0.07781258 0.96847831 0.23663254
vn -0.10463843 0.96957811 0.22128960
vn 0.01401325 0.97245755 0.23265844
vn 0.03807784 0.94053663 0.33755137
vn 0.08973101 0.96939845 0.22850601
vn 0.17957584 0.95866623 0.22070701
vn 0.16400093 0.95856128 0.23294627
vn 0.15251975 0.93930344 0.30732194
vn 0.13809624 0.96254988 0.23329628
vn 0.11790821 0.96500749 0.23421829
vn 0.08974178 0.96939745 0.22850602
vn 0.25797685 0.94425164 0.20454041
vn 0.26398088 0.92477654 0.27404827
vn 0.23267558 0.94897468 0.21285943
vn 0.20810734 0.95588471 0.20730596
vn 0.19446355 0.94861522 0.24962590
vn 0.17891776 0.96448522 0.19431080
vn 0.31976264 0.93212541 0.16998255
vn 0.37109698 0.89702233 0.24007910
vn 0.34812071 0.92212614 0.16880569
vn 0.31975505 0.93212743 0.16998577
vn 0.43175273 0.89301037 0.12697269
vn 0.38199964 0.91258809 0.14580556
vn 0.41656876 0.89142467 0.17841673
vn 0.36525005 0.91689928 0.16089783
vn 0.36768232 0.91565606 0.16243056
vn 0.46532554 0.87894989 0.10449514
vn 0.44972051 0.88457817 0.12358368
vn 0.46130647 0.87443855 0.15017844
vn 0.44962031 0.88450875 0.12444219
vn 0.45074238 0.88377236 0.12560941
vn 0.33088006 0.89298654 0.30511216
vn 0.22224530 0.91416158 0.33899208
vn 0.29154530 0.88113328 0.37229757
vn 0.11019412 0.92134034 0.37281259
vn 0.18199113 0.89515664 0.40690763
vn 0.25250694 0.86270388 0.43815781
vn -0.07676318 0.92732956 0.36628856
vn -0.00358725 0.91441384 0.40476469
vn 0.06961191 0.89509536 0.44040717
vn 0.14232720 0.86950783 0.47296840
vn -0.30072609 0.86011103 0.41203499
vn -0.22958092 0.85981390 0.45608404
vn -0.15683035 0.85349568 0.49694001
vn -0.39822365 0.88140206 0.25406364
vn -0.33100487 0.89389176 0.30231324
vn -0.26147016 0.90012198 0.34844479
vn -0.19010514 0.90004905 0.39213741
vn -0.11740876 0.89367450 0.43308321
vn -0.04389022 0.88104325 0.47099515
vn 0.02993918 0.86224166 0.50561147
vn -0.17919792 0.98361552 -0.01971327
vn -0.14303035 0.98970500 -0.00513212
vn -0.09801253 0.71014190 -0.69720300
vn 0.11736883 0.99300234 -0.01307334
vn 0.11736861 0.99300236 -0.01307337
vn 0.09806183 0.71028866 -0.69704655
vn 0.67128191 0.74116559 -0.00735990
vn 0.47967116 0.52762168 -0.70109268
vn 0.64875616 0.76099539 -0.00120760
vn 0.44765033 0.55807823 -0.69868295
vn 0.62589958 0.77989145 -0.00436449
vn 0.54459897 0.83863587 -0.01009161
vn 0.54460295 0.83863328 -0.01009190
vn 0.37441726 0.61054242 -0.69788944
vn 0.57311838 0.81935526 -0.01386625
vn 0.59827881 0.80116684 -0.01393416
vn 0.28531051 0.65745134 -0.69739203
vn 0.42711499 0.90415406 -0.00884476
vn 0.46186733 0.88679656 -0.01644481
vn 0.51457948 0.85740563 -0.00797134
vn 0.24379818 0.96978489 -0.00892854
vn 0.24602384 0.96919939 -0.01117186
vn 0.19852117 0.69059905 -0.69545833
vn 0.28363338 0.95877829 -0.01721337
vn 0.33147564 0.94297402 -0.03039556
vn 0.37044724 0.92872751 -0.01529901
vn 0.40593754 0.91389942 -0.00160036
vn 0.43047439 0.90258891 0.00500596
vn 0.15064873 0.98851014 -0.01235597
vn 0.18715008 0.98192306 -0.02831894
vn 0.21194309 0.97699048 -0.02386883
vn -0.00664625 0.99987692 -0.01421134
vn -0.00664740 0.99987695 -0.01420894
vn 0.00140850 0.71744769 -0.69661095
vn 0.02845160 0.99946190 -0.01632236
vn 0.07626314 0.99677412 -0.02500556
vn -0.11084856 0.99373249 -0.01443414
vn -0.07643982 0.99669037 -0.02766347
vn -0.05169587 0.99842208 -0.02192918
vn -0.19469624 0.68993610 -0.69719549
vn -0.27170212 0.96229593 -0.01282545
vn -0.22980332 0.97319534 -0.00901468
vn -0.21188664 0.97697334 -0.02504291
vn -0.42082881 0.90711416 -0.00685674
vn -0.39702695 0.91780297 -0.00270500
vn -0.28659225 0.65663398 -0.69763650
vn -0.36012825 0.93271892 -0.01852170
vn -0.33436824 0.94212861 -0.02432223
vn -0.30952926 0.95074492 -0.01660529
vn -0.27170366 0.96229550 -0.01282557
vn -0.37424753 0.61047640 -0.69803822
vn -0.50194532 0.86488684 -0.00465318
vn -0.47882224 0.87783652 -0.01150243
vn -0.44981345 0.89290009 -0.01993198
vn -0.48002807 0.52661796 -0.70160286
vn -0.67248138 0.74009245 -0.00565286
vn -0.44656335 0.55796192 -0.69947099
vn -0.65037575 0.75961263 0.00019032
vn -0.63145405 0.77541049 -0.00208575
vn -0.60518822 0.79599440 -0.01183764
vn -0.57728866 0.81648706 -0.00931039
vn -0.53334594 0.84587327 -0.00636576
vn -0.85089990 0.49935623 -0.16313405
vn -0.87991319 0.44397287 -0.16923616
vn -0.87315876 0.46097725 -0.15841007
vn -0.77493380 0.62475255 -0.09571756
vn -0.70820923 0.70166520 -0.07813857
vn -0.72544580 0.67951670 -0.10947808
vn -0.66405509 0.72780836 -0.17124789
vn -0.72267487 0.66824053 -0.17662284
vn -0.70171048 0.69420718 -0.16024605
vn -0.60762818 0.78493329 -0.12111033
vn -0.59573421 0.79369965 -0.12305126
vn -0.66649808 0.73270444 -0.13756641
vn -0.86308846 0.47479046 -0.17219850
vn -0.86308119 0.47458180 -0.17280907
vn -0.82466562 0.53640578 -0.17943092
vn -0.86310504 0.47419438 -0.17375091
vn -0.89717305 0.40863875 -0.16761531
vn -0.86794818 0.46295581 -0.17982733
vn -0.92653192 0.33996841 -0.16112132
vn -0.92657386 0.33930664 -0.16227102
vn -0.90531823 0.38565454 -0.17795920
vn -0.96931103 0.19598213 -0.14841538
vn -0.96934362 0.19596037 -0.14823118
vn -0.96078797 0.22007343 -0.16868363
vn -0.97934727 -0.18046402 -0.09116836
vn -0.96526230 -0.24889277 -0.07950518
vn -0.97810229 -0.17281618 -0.11597620
vn -0.91458811 -0.39002984 -0.10679565
vn -0.91459192 -0.39001802 -0.10680620
vn -0.94013062 -0.31866741 -0.12085317
vn -0.55310351 0.83281003 0.02244908
vn -0.55259782 0.83315831 0.02197457
vn -0.60377075 0.79693670 -0.01878260
vn -0.69513065 0.71761495 -0.04268669
vn -0.76104739 0.64601772 -0.05888947
vn -0.81923725 0.56842004 -0.07582205
vn -0.86975794 0.48474387 -0.09243650
vn -0.91126012 0.39778792 -0.10662906
vn -0.94717466 0.29891810 -0.11622447
vn -0.96489846 0.23715333 -0.11282404
vn -0.97072780 0.17749968 -0.16180670
vn -0.97866441 0.12722013 -0.16134131
vn -0.96431700 0.22253050 -0.14343255
vn -0.97619387 0.10844395 -0.18784419
vn -0.98062176 0.05637834 -0.18762313
vn -0.96782649 0.17051976 -0.18502675
vn -0.97865973 0.12724294 -0.16135170
vn -0.97953578 0.01852876 -0.20041544
vn -0.97879114 -0.03723142 -0.20144907
vn -0.97517780 0.07938435 -0.20670359
vn -0.98018636 0.05924114 -0.18901108
vn -0.97659031 -0.08629694 -0.19703860
vn -0.97571679 -0.08967467 -0.19983794
vn -0.97917016 -0.02864642 -0.20101039
vn -0.97617168 -0.05707912 -0.20935812
vn -0.97879133 -0.03724256 -0.20144607
vn -0.96948374 -0.16170063 -0.18426662
vn -0.96804275 -0.16283318 -0.19073171
vn -0.96881129 -0.13934420 -0.20490942
vn -0.96571412 -0.19441859 -0.17203968
vn -0.95862835 -0.22769865 -0.17083623
vn -0.95754844 -0.21846112 -0.18808436
vn -0.94850680 -0.27808246 -0.15167398
vn -0.94652643 -0.28139073 -0.15781943
vn -0.95030548 -0.25709191 -0.17556550
vn -0.91030091 -0.39338417 -0.12884547
vn -0.92610059 -0.34631378 -0.14968118
vn -0.92702614 -0.34025478 -0.15763633
vn -0.88135526 -0.46345435 -0.09177673
vn -0.89427919 -0.44564318 -0.04082743
vn -0.85043614 -0.52566024 -0.02096875
vn -0.86250154 -0.50201873 -0.06378316
vn -0.91754228 -0.39443539 -0.05036746
vn -0.91138657 -0.40205243 -0.08791110
vn -0.87944575 -0.46775815 -0.08819004
vn -0.91718894 -0.39508527 -0.05169206
vn -0.91768153 -0.39377690 -0.05291838
vn -0.93623119 -0.33912015 -0.09202547
vn -0.91794558 -0.39323198 -0.05238823
vn -0.96475337 -0.25102940 -0.07896309
vn -0.96484895 -0.25072051 -0.07877649
vn -0.94450685 -0.32165918 -0.06664977
vn -0.96495782 -0.25009205 -0.07943780
vn -0.96066386 -0.25778290 -0.10330986
vn -0.99114806 0.04398355 -0.12526360
vn -0.99304301 -0.03207064 -0.11330070
vn -0.98818251 -0.08540870 -0.12728193
vn -0.98817311 -0.11496440 -0.10147460
vn -0.98805962 -0.11499838 -0.10253569
vn -0.98311729 0.12016929 -0.13798455
vn -0.99113161 0.03986139 -0.12676438
vn -0.97734711 0.13282600 -0.16477218
vn -0.99123230 0.03943029 -0.12611021
vn -0.99068271 -0.02706251 -0.13347429
vn -0.99094739 0.04445897 -0.12667545
vn -0.96952660 0.19626396 -0.14662413
vn -0.93674559 0.30383788 -0.17375342
vn -0.96919656 0.19745041 -0.14721199
vn -0.95060816 0.26831146 -0.15605474
vn -0.82232035 0.54074028 -0.17716995
vn -0.77833216 0.60170308 -0.17931106
vn -0.77840081 0.60152671 -0.17960458
vn -0.77819509 0.60152047 -0.18051461
vn -0.72844066 0.66040219 -0.18232705
vn -0.67633715 0.71322323 -0.18406707
vn -0.60764672 0.77740355 -0.16250902
vn -0.60780338 0.77461817 -0.17476197
vn -0.67625421 0.71350634 -0.18327288
vn -0.63642407 0.75032589 -0.17881684
vn -0.60710389 0.78210405 -0.14049240
vn -0.58425136 0.79918603 -0.14125168
vn -0.63973229 0.75401440 -0.14901306
vn -0.60504678 0.78018520 -0.15883780
vn -0.61036128 0.77601657 -0.15892575
vn -0.57532402 0.81184899 -0.09951625
vn -0.66376127 0.73841615 -0.11900654
vn -0.62902357 0.77195867 -0.09170147
vn -0.57166751 0.81593444 -0.08629750
vn -0.57958866 0.81387345 -0.04107291
vn -0.52439048 0.85070905 -0.03617657
vn -0.59786543 0.79990308 -0.05207687
vn -0.58419693 0.80932921 -0.06082908
vn -0.56780294 0.81895457 -0.08314585
vn -0.55150688 0.83396884 0.01833381
vn -0.54894484 0.83584904 0.00399275
vn -0.53379211 0.84559668 0.00567819
vn -0.61158415 0.78993265 -0.04439857
vn -0.60074508 0.78757755 -0.13721133
vn -0.72869985 0.66785150 -0.15156154
vn -0.75239210 0.63674962 -0.16868919
vn -0.77549207 0.60556416 -0.17861720
vn -0.77821797 0.60130820 -0.18112215
vn -0.88033709 0.43919836 -0.17919654
vn -0.90828194 0.37545631 -0.18454398
vn -0.88524130 0.43043707 -0.17627186
vn -0.91017310 0.37105280 -0.18413241
vn -0.95263774 0.24626419 -0.17842448
vn -0.93627283 0.29800933 -0.18596673
vn -0.92117438 0.34203346 -0.18560947
vn -0.87796218 0.44327208 -0.18081003
vn -0.90553690 0.38694560 -0.17400006
vn -0.91863403 0.34995577 -0.18341886
vn -0.93226630 0.30916360 -0.18787605
vn -0.94531159 0.26609828 -0.18862052
vn -0.95734965 0.22169507 -0.18529150
vn -0.96806126 0.17704684 -0.17751565
vn -0.95033396 -0.28514295 -0.12473515
vn -0.84061719 0.51165465 -0.17768585
vn -0.84827171 0.50066448 -0.17254037
vn -0.88068078 0.44929197 -0.15012690
vn -0.84782799 0.51141929 -0.14013568
vn -0.98585654 0.04750558 -0.16071746
vn -0.98013818 0.09513528 -0.17400697
vn -0.97214383 0.14464834 -0.18442677
vn -0.96240557 0.19409142 -0.19001064
vn -0.95124578 0.24206692 -0.19114150
vn -0.93911075 0.28750499 -0.18818045
vn -0.92703832 0.32919743 -0.17952439
vn -0.90330051 0.39867898 -0.15844006
vn -0.96906162 -0.20618560 -0.13567267
vn -0.98171278 -0.12345882 -0.14490664
vn -0.97640726 -0.14780555 -0.15742423
vn -0.98412938 -0.06805146 -0.16388522
vn -0.98063108 -0.08606993 -0.17593932
vn -0.98367038 -0.00989115 -0.17970741
vn -0.98175919 -0.02365468 -0.18865138
vn -0.98057817 0.04862321 -0.19000589
vn -0.97989851 0.03754618 -0.19593163
vn -0.97505514 0.10572298 -0.19516694
vn -0.97547375 0.09606961 -0.19804444
vn -0.96753227 0.16019195 -0.19549898
vn -0.96949366 0.15017514 -0.19372527
vn -0.95906379 0.21030931 -0.18964873
vn -0.95409395 0.24099378 -0.17783908
vn -0.94009215 0.29434096 -0.17201791
vn -0.93944342 0.30837343 -0.14950545
vn -0.91891613 0.36856658 -0.14054119
vn -0.96264383 -0.22531095 -0.15017269
vn -0.97203635 -0.16059875 -0.17132828
vn -0.97787138 -0.09489097 -0.18644910
vn -0.98016534 -0.03004314 -0.19589110
vn -0.97929523 0.03227735 -0.19984751
vn -0.97623344 0.09002980 -0.19713678
vn -0.96506979 0.18734502 -0.18314516
vn -0.95295419 0.25956961 -0.15653090
vn -0.96877965 0.21752110 -0.11895616
vn -0.88348407 0.45074796 -0.12760166
vn -0.92305496 0.34739886 -0.16517738
vn -0.94491245 0.27008960 -0.18491099
vn -0.95542019 0.22411443 -0.19221080
vn -0.96551644 0.17409203 -0.19357161
vn -0.97415868 0.12139579 -0.19046763
vn -0.98089539 0.06722062 -0.18255308
vn -0.98545340 0.01313414 -0.16943754
vn -0.98742616 -0.03860708 -0.15329406
vn -0.81193903 0.55955811 -0.16628207
vn -0.81936179 0.55164818 -0.15598251
vn -0.78404258 0.60283496 -0.14787575
vn -0.79669992 0.58827448 -0.13857263
vn -0.79859573 0.57628075 -0.17362417
vn -0.77197048 0.61535473 -0.15937419
vn -0.73684984 0.66221821 -0.13608588
vn -0.79504924 0.59317712 -0.12663969
vn -0.83400008 0.54022907 -0.11223375
vn -0.73842871 -0.55023868 -0.38982102
vn -0.76297764 -0.55169586 -0.33689286
vn -0.71819129 -0.63225739 -0.29060603
vn -0.96182693 -0.00036266 -0.27365822
vn -0.96776067 0.00117085 -0.25186883
vn -0.96944584 0.09865432 -0.22459317
vn -0.96949030 0.17098478 -0.17564956
vn -0.96727425 0.12205157 -0.22244985
vn -0.95769553 0.08930614 -0.27357573
vn -0.73878555 -0.65827871 -0.14444741
vn -0.72055486 -0.67393197 -0.16314534
vn -0.75280782 -0.62595171 -0.20362917
vn -0.59693643 -0.40410566 -0.69308406
vn -0.60200478 -0.33288897 -0.72579279
vn -0.61993646 -0.34410944 -0.70517195
vn -0.62452114 -0.01224029 -0.78091198
vn -0.64834222 0.00588462 -0.76132630
vn -0.64876102 -0.06815271 -0.75793427
vn -0.60610451 -0.16560268 -0.77795441
vn -0.60428162 -0.16685816 -0.77910338
vn -0.60626809 -0.09102919 -0.79003335
vn -0.59920490 -0.01056543 -0.80052599
vn -0.59722905 -0.05359111 -0.80027836
vn -0.65117961 -0.17381514 -0.73875125
vn -0.64642342 -0.26885270 -0.71404130
vn -0.59371544 -0.32371619 -0.73668840
vn -0.59562017 -0.27817062 -0.75356334
vn -0.61072792 -0.19586626 -0.76723387
vn -0.61141071 -0.16996018 -0.77284570
vn -0.58383757 -0.47424400 -0.65895851
vn -0.58097646 -0.47646389 -0.65988523
vn -0.62007430 -0.39967259 -0.67510716
vn -0.62438405 -0.45413904 -0.63553308
vn -0.59690383 -0.48142611 -0.64182141
vn -0.55164336 -0.59708184 -0.58239409
vn -0.64755613 -0.51171050 -0.56464451
vn -0.64058948 -0.47212154 -0.60559588
vn -0.61367574 -0.49254392 -0.61709203
vn -0.60242696 -0.47707025 -0.63991072
vn -0.60081635 -0.59658999 -0.53207152
vn -0.58438563 -0.59883104 -0.54762654
vn -0.64860125 -0.50917066 -0.56573992
vn -0.56085963 -0.59162014 -0.57915636
vn -0.65383524 -0.54003047 -0.52996846
vn -0.62209618 -0.58935427 -0.51542010
vn -0.65811174 -0.57014512 -0.49175550
vn -0.60967788 -0.63606683 -0.47298189
vn -0.62476170 -0.58749545 -0.51431694
vn -0.67285728 -0.58733675 -0.44977619
vn -0.60223971 -0.67195521 -0.43102614
vn -0.59159338 -0.67847940 -0.43552609
vn -0.64007959 -0.68715894 -0.34367239
vn -0.64760431 -0.66408928 -0.37362292
vn -0.67211790 -0.61841899 -0.40720446
vn -0.60890549 -0.68240107 -0.40442908
vn -0.59697334 -0.67756041 -0.42957505
vn -0.64965490 -0.70448175 -0.28575160
vn -0.63449140 -0.71474190 -0.29421875
vn -0.68357094 -0.63832102 -0.35394498
vn -0.62650267 -0.72029360 -0.29777765
vn -0.62414142 -0.71872909 -0.30639188
vn -0.68532211 -0.68646204 -0.24311208
vn -0.66957163 -0.69921368 -0.25054752
vn -0.65989021 -0.70749010 -0.25298747
vn -0.71412219 -0.67963955 -0.16768894
vn -0.71340994 -0.67885536 -0.17378622
vn -0.69800872 -0.68959220 -0.19299332
vn -0.78859023 -0.60727510 -0.09665612
vn -0.76203278 -0.64038188 -0.09600564
vn -0.79680466 -0.58855441 -0.13676999
vn -0.75576507 -0.64710559 -0.10036691
vn -0.74841624 -0.65304532 -0.11577972
vn -0.83398345 -0.54369667 -0.09415701
vn -0.80405513 -0.59207496 -0.05424553
vn -0.79812941 -0.59557781 -0.09097532
vn -0.82591733 -0.56337039 -0.02178010
vn -0.82467836 -0.56370730 -0.04625666
vn -0.82133714 -0.56835724 -0.04873764
vn -0.86057618 -0.49544686 -0.11807220
vn -0.88641704 -0.43260074 -0.16468585
vn -0.90950963 -0.37077242 -0.18793631
vn -0.93261593 -0.29333413 -0.21019660
vn -0.96135795 -0.14269909 -0.23543122
vn -0.96748812 -0.06511869 -0.24438964
vn -0.98066875 0.05059175 -0.18902189
vn -0.96798452 0.04126811 -0.24759424
vn -0.96918378 0.13357778 -0.20697771
vn -0.98276553 0.05766204 -0.17563317
vn -0.97493024 0.01991092 -0.22161808
vn -0.91619562 -0.09656226 -0.38892328
vn -0.93868377 0.00839866 -0.34467701
vn -0.92837957 -0.10611285 -0.35616209
vn -0.95502309 0.02589673 -0.29539846
vn -0.94852238 -0.09165633 -0.30315741
vn -0.84615643 0.04912835 -0.53066533
vn -0.84617279 0.04909021 -0.53064279
vn -0.86813160 0.03408242 -0.49516251
vn -0.87505081 -0.00209968 -0.48402652
vn -0.91012705 0.06444441 -0.40928679
vn -0.89566300 0.01196261 -0.44457248
vn -0.91728081 0.04925826 -0.39518292
vn -0.92060550 0.04547812 -0.38783663
vn -0.94454813 0.05820100 -0.32317405
vn -0.94560132 0.08511823 -0.31399526
vn -0.91727963 0.04924566 -0.39518722
vn -0.93248652 -0.02024563 -0.36063695
vn -0.94454545 0.05818222 -0.32318526
vn -0.72018681 -0.52467423 -0.45392500
vn -0.71453377 -0.48203745 -0.50703193
vn -0.70651573 -0.41378344 -0.57412436
vn -0.71573416 -0.43869119 -0.54339180
vn -0.84808540 -0.14975857 -0.50825538
vn -0.88720579 -0.04510582 -0.45916376
vn -0.85673186 -0.18893282 -0.47991135
vn -0.90157444 -0.05511558 -0.42909883
vn -0.86573994 -0.22016208 -0.44946971
vn -0.91331926 -0.08365608 -0.39855940
vn -0.88344698 -0.23201921 -0.40704854
vn -0.75402474 -0.38550712 -0.53181853
vn -0.74385796 -0.32703813 -0.58285624
vn -0.70277727 -0.37046069 -0.60734091
vn -0.63703872 -0.42279785 -0.64453366
vn -0.69224217 -0.33243870 -0.64053516
vn -0.74089560 -0.25361737 -0.62189384
vn -0.78663400 -0.24279595 -0.56767691
vn -0.80432264 -0.29033722 -0.51842973
vn -0.77004768 -0.42846763 -0.47269658
vn -0.81445215 -0.33737917 -0.47206249
vn -0.77996220 -0.46435414 -0.41956429
vn -0.82411804 -0.37344945 -0.42586965
vn -0.80103444 -0.47097478 -0.36949504
vn -0.83562259 -0.39102868 -0.38578680
vn -0.85468660 -0.41122257 -0.31687033
vn -0.68200093 -0.12763883 -0.72012711
vn -0.68390571 -0.04047088 -0.72844704
vn -0.71653063 -0.02358759 -0.69715671
vn -0.76222612 -0.01500195 -0.64713699
vn -0.76191109 -0.09292886 -0.64098028
vn -0.72384458 -0.08465720 -0.68474973
vn -0.72750958 -0.14649085 -0.67027624
vn -0.68472152 -0.20667321 -0.69888671
vn -0.63826324 -0.35594894 -0.68258362
vn -0.68895938 -0.27563975 -0.67034148
vn -0.73287058 -0.19890120 -0.65064509
vn -0.77205722 -0.17129097 -0.61203517
vn -0.76132290 -0.02573707 -0.64786191
vn -0.80972229 0.03416049 -0.58581812
vn -0.76418205 0.04050988 -0.64372723
vn -0.87984550 -0.01065551 -0.47514035
vn -0.84100428 -0.10922508 -0.52988836
vn -0.83303505 -0.05767839 -0.55020524
vn -0.80209981 -0.11147293 -0.58669385
vn -0.79545287 -0.09396150 -0.59868687
vn -0.82073478 -0.02001423 -0.57095871
vn -0.73948826 -0.01754612 -0.67294075
vn -0.64833901 0.00588338 -0.76132904
vn -0.67713016 -0.05596785 -0.73373180
vn -0.70272096 0.02344537 -0.71107915
vn -0.70324720 0.02198917 -0.71060527
vn -0.82712859 -0.53172478 -0.18200837
vn -0.78725984 -0.56326824 -0.25090006
vn -0.85765803 -0.46542940 -0.21862793
vn -0.82268834 -0.49011110 -0.28805383
vn -0.88555781 -0.39224552 -0.24885905
vn -0.81364464 -0.16646913 -0.55701923
vn -0.82470940 -0.21636170 -0.52253423
vn -0.83480054 -0.26062470 -0.48495652
vn -0.84476562 -0.29544697 -0.44618621
vn -0.85769644 -0.31680831 -0.40495593
vn -0.88212365 -0.32962587 -0.33645900
vn -0.90947455 -0.31486901 -0.27150240
vn -0.92096397 -0.19842088 -0.33534239
vn -0.90449116 -0.24852810 -0.34659707
vn -0.94288434 -0.16001351 -0.29217256
vn -0.92863381 -0.23641730 -0.28591276
vn -0.94854827 -0.21873454 -0.22893531
vn -0.80340189 0.03642667 -0.59432188
vn -0.80336693 0.03647088 -0.59436643
vn -0.82730980 -0.02510519 -0.56118466
vn 0.76972072 -0.01652759 -0.63816680
vn 0.79040187 0.05890661 -0.60974986
vn 0.79176184 -0.04890209 -0.60886926
vn 0.97062929 -0.01297883 -0.24022976
vn 0.97977625 0.06290544 -0.18995107
vn 0.97903505 -0.05256780 -0.19679174
vn -0.94867060 -0.05272703 -0.31183964
vn -0.43615122 0.03088189 -0.89934333
vn -0.42151687 0.01258296 -0.90673326
vn -0.43832664 -0.06607303 -0.89638391
vn -0.11477978 -0.02863866 -0.99297806
vn -0.11476577 -0.02865263 -0.99297928
vn -0.11423676 -0.04772412 -0.99230659
vn 0.43272179 0.00155455 -0.90152617
vn 0.46389289 0.03741297 -0.88510093
vn 0.44424374 -0.06162106 -0.89378428
vn 0.06215693 -0.17348695 0.98287273
vn 0.16781119 -0.17766723 0.96967714
vn 0.27725034 -0.17767452 0.94422668
vn 0.38307642 -0.17773578 0.90645598
vn 0.48390746 -0.17769806 0.85688795
vn 0.57842364 -0.17770449 0.79614522
vn 0.66542380 -0.17768772 0.72500913
vn 0.74371507 -0.17773279 0.64443693
vn 0.81233329 -0.17771641 0.55545612
vn 0.87034978 -0.17773250 0.45924113
vn 0.91702661 -0.17773399 0.35703336
vn 0.95174747 -0.17773604 0.25017325
vn 0.97406495 -0.17771793 0.14004932
vn 0.98367891 -0.17772524 0.02809893
vn 0.98047066 -0.17772437 -0.08421006
vn 0.96448122 -0.17771647 -0.19542985
vn 0.93591933 -0.17770757 -0.30409707
vn 0.89515001 -0.17773228 -0.40880032
vn 0.84271852 -0.17771427 -0.50817628
vn 0.77929642 -0.17770412 -0.60093123
vn 0.70571143 -0.17772531 -0.68584626
vn 0.62293358 -0.17775598 -0.76181137
vn 0.53203593 -0.17772146 -0.82786041
vn 0.43419242 -0.17771794 -0.88311567
vn 0.33069802 -0.17773569 -0.92684888
vn 0.22289245 -0.17769690 -0.95851070
vn 0.11217966 -0.17774632 -0.97766148
vn -0.00000150 -0.17774793 -0.98407605
vn -0.11217366 -0.17774454 -0.97766249
vn -0.22289461 -0.17769690 -0.95851020
vn -0.33069602 -0.17773684 -0.92684937
vn -0.43420226 -0.17771730 -0.88311095
vn -0.53203204 -0.17772262 -0.82786266
vn -0.62292841 -0.17775637 -0.76181551
vn -0.70571769 -0.17772339 -0.68584031
vn -0.77929463 -0.17770340 -0.60093376
vn -0.84271637 -0.17771538 -0.50817946
vn -0.89515126 -0.17773208 -0.40879765
vn -0.93591954 -0.17770676 -0.30409689
vn -0.96448108 -0.17771690 -0.19543017
vn -0.98047060 -0.17772468 -0.08421013
vn -0.98367892 -0.17772516 0.02809889
vn -0.97406474 -0.17771830 0.14005033
vn -0.95174756 -0.17773630 0.25017270
vn -0.91702676 -0.17773362 0.35703316
vn -0.87035143 -0.17773197 0.45923820
vn -0.81233026 -0.17771654 0.55546051
vn -0.74371899 -0.17773187 0.64443266
vn -0.66541552 -0.17768670 0.72501698
vn -0.57843499 -0.17770506 0.79613684
vn -0.48390134 -0.17769960 0.85689109
vn -0.38307178 -0.17773462 0.90645817
vn -0.27725707 -0.17767186 0.94422520
vn -0.16780771 -0.17767089 0.96967707
vn -0.06215895 -0.17349067 0.98287194
vn 0.52891957 0.00578031 -0.84865227
vn 0.56571551 -0.02364358 -0.82426145
vn 0.53706364 -0.05362824 -0.84183529
vn 0.58460381 -0.05241629 -0.80962394
vn 0.63329226 -0.04839738 -0.77239796
vn 0.45990723 -0.00513475 -0.88795212
vn 0.49459424 -0.05196552 -0.86756909
vn 0.52895225 0.00581143 -0.84863169
vn 0.33404641 0.04156644 -0.94163965
vn 0.33288723 0.00726666 -0.94293864
vn 0.33511010 -0.05536085 -0.94055111
vn 0.37976627 -0.04823585 -0.92382405
vn 0.39599282 -0.03935564 -0.91740984
vn 0.21609457 0.05476082 -0.97483557
vn 0.26690765 -0.03231302 -0.96318024
vn 0.22458893 -0.06700051 -0.97214749
vn 0.27193004 -0.05194945 -0.96091379
vn 0.28966654 -0.05922647 -0.95529342
vn 0.11427697 -0.04811035 -0.99228331
vn 0.10590418 -0.01035125 -0.99432246
vn 0.11496257 -0.02839272 -0.99296398
vn 0.16771825 -0.04064163 -0.98499688
vn 0.18130127 -0.09206730 -0.97910850
vn 0.19985157 0.03918515 -0.97904233
vn -0.00000793 -0.06722314 -0.99773797
vn 0.04549766 -0.08549213 -0.99529948
vn 0.07669173 -0.00942142 -0.99701034
vn -0.06664716 -0.04570483 -0.99672926
vn -0.04520283 -0.08514288 -0.99534285
vn -0.00001662 0.01832566 -0.99983207
vn -0.21582039 0.05528880 -0.97486651
vn -0.19025003 0.07068682 -0.97918757
vn -0.22460289 -0.06686008 -0.97215393
vn -0.18629707 -0.08920370 -0.97843554
vn -0.16757689 -0.04061022 -0.98502223
vn -0.33842602 0.04890714 -0.93972119
vn -0.29128377 -0.05829473 -0.95485888
vn -0.33637212 -0.04814966 -0.94049743
vn -0.27341345 -0.05303032 -0.96043369
vn -0.26540104 -0.03338889 -0.96355979
vn -0.40972400 -0.02332637 -0.91191125
vn -0.38196943 -0.05629274 -0.92245893
vn -0.33697884 0.00539332 -0.94149677
vn -0.54626119 0.02394141 -0.83727267
vn -0.54469691 0.01996032 -0.83839541
vn -0.54112796 -0.04856965 -0.83953649
vn -0.49768511 -0.03560517 -0.86662668
vn -0.48247401 -0.02662709 -0.87550547
vn -0.63585813 -0.05895505 -0.76955100
vn -0.57513179 -0.05293693 -0.81634619
vn -0.54462243 0.03047044 -0.83812765
vn -0.71317393 -0.05528831 -0.69880337
vn -0.79320944 -0.05555115 -0.60640980
vn -0.85314548 -0.05390071 -0.51888100
vn -0.90987801 -0.05700777 -0.41094053
vn -0.97924488 -0.05856945 -0.19403372
vn -0.99469309 -0.06624751 -0.07872049
vn -0.99770647 -0.06139625 0.02850104
vn -0.98795435 -0.06139139 0.14204684
vn -0.96532176 -0.06139632 0.25374081
vn -0.93010661 -0.06139365 0.36212223
vn -0.88276643 -0.06140024 0.46578261
vn -0.82391300 -0.06139600 0.56338078
vn -0.75432728 -0.06142293 0.65361883
vn -0.67489605 -0.06142718 0.73535164
vn -0.58668083 -0.06135694 0.80749052
vn -0.49080249 -0.06140818 0.86910411
vn -0.38853268 -0.06143317 0.91938475
vn -0.28120284 -0.06139634 0.95768233
vn -0.17020675 -0.06135999 0.98349612
vn -0.05698349 -0.06137909 0.99648657
vn 0.05698518 -0.06138025 0.99648640
vn 0.17020568 -0.06136159 0.98349620
vn 0.28119785 -0.06139359 0.95768397
vn 0.38853778 -0.06143057 0.91938277
vn 0.49080453 -0.06141103 0.86910276
vn 0.58667539 -0.06135684 0.80749447
vn 0.67489923 -0.06142536 0.73534887
vn 0.75432638 -0.06142307 0.65361986
vn 0.82391384 -0.06139656 0.56337948
vn 0.88276663 -0.06140276 0.46578189
vn 0.93010697 -0.06139427 0.36212121
vn 0.96532188 -0.06139596 0.25374041
vn 0.98795424 -0.06139068 0.14204792
vn 0.99770646 -0.06139654 0.02850051
vn 0.98715526 -0.01348601 -0.15919363
vn 0.99469310 -0.06624761 -0.07872034
vn 0.94830535 -0.06228311 -0.31118768
vn 0.94071531 0.04614964 -0.33604303
vn 0.95738500 0.02382765 -0.28783016
vn 0.96446879 -0.02437165 -0.26307028
vn 0.91164161 0.05577848 -0.40718343
vn 0.91164254 0.05577333 -0.40718203
vn 0.90923560 -0.04950698 -0.41332756
vn 0.92988836 -0.01866840 -0.36736784
vn 0.94070521 0.04614596 -0.33607181
vn 0.85327755 -0.06388911 -0.51752836
vn 0.86277823 0.02192598 -0.50510690
vn 0.88108386 0.00505370 -0.47293307
vn 0.88977185 -0.02219235 -0.45586573
vn 0.79493195 0.04758921 -0.60482929
vn 0.82321946 -0.02395518 -0.56721765
vn 0.83930263 0.04006976 -0.54218587
vn 0.75044689 -0.03084425 -0.66021065
vn 0.71361934 -0.06545053 -0.69746947
vn 0.72509528 0.00536296 -0.68862767
vn 0.59845142 -0.06130619 -0.79881002
vn 0.63528969 0.01670025 -0.77209333
vn 0.63637818 0.01516752 -0.77122808
vn 0.67545930 -0.09595200 -0.73112786
vn 0.68531067 -0.05130389 -0.72644147
vn 0.69478665 0.01103583 -0.71913123
vn 0.83293913 -0.54519197 -0.09475295
vn 0.86619190 -0.48368620 -0.12553589
vn 0.82823641 -0.52985606 -0.18241983
vn 0.90809520 -0.08611299 -0.40981418
vn 0.92019046 -0.09931379 -0.37866382
vn 0.93344065 0.01639521 -0.35835702
vn 0.60976020 -0.08994785 -0.78746548
vn 0.60372252 -0.16934973 -0.77899922
vn 0.64461987 -0.07203057 -0.76110237
vn 0.93843305 -0.27450947 -0.20973305
vn 0.95277727 -0.20108481 -0.22755299
vn 0.96373991 -0.12707563 -0.23464264
vn 0.97042972 0.09497550 -0.22191397
vn 0.97144736 0.13191122 -0.19720410
vn 0.96977676 0.17522865 -0.16978797
vn 0.96769971 0.12139201 -0.22095532
vn 0.98000488 0.04043294 -0.19482199
vn 0.97040098 -0.06405461 -0.23284962
vn 0.89563293 -0.41611558 -0.15712884
vn 0.82856545 -0.55901340 -0.03135773
vn 0.80860506 -0.58471736 -0.06529521
vn 0.79674059 -0.60065175 -0.06649740
vn 0.78588729 -0.61560217 -0.05843916
vn 0.81950417 -0.57042699 -0.05500866
vn 0.81967722 -0.57026809 -0.05406998
vn 0.74277164 -0.65590416 -0.13446197
vn 0.74646456 -0.65462851 -0.11938248
vn 0.78389443 -0.60001049 -0.15967760
vn 0.75708848 -0.64387294 -0.11065565
vn 0.77792835 -0.62180388 -0.09048429
vn 0.66588283 -0.70199815 -0.25258397
vn 0.66582196 -0.70426158 -0.24636710
vn 0.70381390 -0.65159970 -0.28295553
vn 0.71571094 -0.67012880 -0.19668563
vn 0.73174091 -0.66220003 -0.16138885
vn 0.74425482 -0.62936093 -0.22358351
vn 0.71363359 -0.67715263 -0.17941966
vn 0.71563641 -0.67465163 -0.18085824
vn 0.69367016 -0.63505243 -0.33989722
vn 0.64803221 -0.70622795 -0.28512512
vn 0.65379163 -0.71042338 -0.26049015
vn 0.62312412 -0.72030898 -0.30474794
vn 0.62390122 -0.72172879 -0.29975794
vn 0.63245887 -0.71671524 -0.29379422
vn 0.60032248 -0.67155375 -0.43431380
vn 0.59847131 -0.67716894 -0.42810550
vn 0.67637286 -0.59182943 -0.43847198
vn 0.60508350 -0.67289353 -0.42554466
vn 0.68257140 -0.60811738 -0.40532646
vn 0.63738804 -0.67249717 -0.37614364
vn 0.64185337 -0.68943675 -0.33571003
vn 0.66260865 -0.53829596 -0.52075641
vn 0.62414811 -0.58840011 -0.51402767
vn 0.66966343 -0.56494674 -0.48206438
vn 0.60939212 -0.63690150 -0.47222635
vn 0.59166543 -0.67851911 -0.43536631
vn 0.56062841 -0.59235266 -0.57863124
vn 0.58379711 -0.59970048 -0.54730273
vn 0.65731436 -0.50770763 -0.55692979
vn 0.59550331 -0.59094116 -0.54420984
vn 0.61239948 -0.59786323 -0.51722958
vn 0.60199941 -0.48216751 -0.63648347
vn 0.61254690 -0.49822555 -0.61364289
vn 0.64910239 -0.47088310 -0.59744053
vn 0.64249093 -0.51644221 -0.56612089
vn 0.55134718 -0.59785401 -0.58188217
vn 0.59098151 -0.41057287 -0.69438517
vn 0.57576178 -0.48492069 -0.65829348
vn 0.61338298 -0.39882974 -0.68168626
vn 0.58195650 -0.48024015 -0.65627435
vn 0.62154389 -0.32979246 -0.71057732
vn 0.59994405 -0.34054308 -0.72394582
vn 0.60306895 -0.33854215 -0.72228599
vn 0.60506508 -0.17479312 -0.77675197
vn 0.61050635 -0.17934106 -0.77143942
vn 0.64475048 -0.17170903 -0.74485759
vn 0.61317874 -0.17720102 -0.76981272
vn 0.59637328 -0.33678357 -0.72863965
vn 0.60932753 -0.01703466 -0.79273563
vn 0.95899773 -0.08249441 -0.27114207
vn 0.96157374 0.03127627 -0.27275950
vn 0.94701659 0.07522985 -0.31224997
vn 0.91572182 0.03659211 -0.40014319
vn 0.90901013 0.06843886 -0.41111641
vn 0.86769414 0.04032034 -0.49546054
vn 0.72582976 -0.51929183 -0.45111768
vn 0.71627118 -0.47591105 -0.51035700
vn 0.71143937 -0.44541666 -0.54356050
vn 0.75855801 -0.37991298 -0.52939199
vn 0.74417309 -0.31500397 -0.58904916
vn 0.70539593 -0.40863450 -0.57916702
vn 0.69893226 -0.37641950 -0.60811352
vn 0.60674716 -0.25547941 -0.75272050
vn 0.64683796 -0.26975788 -0.71332414
vn 0.62102320 -0.44981169 -0.64187197
vn 0.64997493 -0.41748782 -0.63500907
vn 0.65178793 -0.35490989 -0.67023239
vn 0.69280248 -0.33012008 -0.64112826
vn 0.68825392 -0.27464318 -0.67147425
vn 0.72858690 -0.26227780 -0.63274915
vn 0.72975762 -0.20171466 -0.65327254
vn 0.68974524 -0.20005619 -0.69586567
vn 0.59502696 -0.48736686 -0.63907469
vn 0.68691546 -0.04318769 -0.72545294
vn 0.76724824 -0.18030332 -0.61548424
vn 0.72554042 -0.14336228 -0.67308124
vn 0.68913808 -0.12738099 -0.71334620
vn 0.81366608 0.03045278 -0.58053435
vn 0.75579867 -0.01098154 -0.65471198
vn 0.72120776 -0.08467818 -0.68752379
vn 0.71683119 -0.01788819 -0.69701726
vn 0.75698633 -0.09665992 -0.64624187
vn 0.78974951 -0.06925161 -0.60950794
vn 0.82988821 -0.01277551 -0.55778342
vn 0.87837840 -0.01212485 -0.47781207
vn 0.88942381 -0.03408526 -0.45581079
vn 0.90228905 -0.06473234 -0.42624429
vn 0.76892933 -0.42903291 -0.47400258
vn 0.77892556 -0.46516101 -0.42059506
vn 0.73715085 -0.55136649 -0.39064512
vn 0.78187387 -0.50562316 -0.36471699
vn 0.74015491 -0.58619655 -0.32946065
vn 0.78873652 -0.56103263 -0.25127095
vn 0.82384420 -0.48826916 -0.28787837
vn 0.85867126 -0.46359062 -0.21855753
vn 0.81767257 -0.41807245 -0.39576128
vn 0.85560756 -0.40980685 -0.31621835
vn 0.88647645 -0.39051266 -0.24831306
vn 0.91763318 -0.34991149 -0.18844441
vn 0.91029273 -0.31333114 -0.27053787
vn 0.88288420 -0.32864059 -0.33542636
vn 0.85554149 -0.32496832 -0.40304386
vn 0.84541314 -0.29538733 -0.44499769
vn 0.80602771 -0.38367423 -0.45068107
vn 0.83550098 -0.26080809 -0.48364993
vn 0.79610569 -0.34626608 -0.49630185
vn 0.82547807 -0.21683675 -0.52112165
vn 0.78622665 -0.29752015 -0.54159894
vn 0.81447856 -0.16732081 -0.55554336
vn 0.78122651 -0.23369613 -0.57885339
vn 0.80284839 -0.11320025 -0.58533765
vn 0.92936181 -0.23512853 -0.28460711
vn 0.94353523 -0.15901280 -0.29061347
vn 0.91666990 -0.18507562 -0.35420800
vn 0.94276158 -0.09310174 -0.32020724
vn 0.94976019 0.02310998 -0.31212420
vn 0.95658184 0.09306080 -0.27620800
vn 0.90649928 -0.25305117 -0.33797066
vn 0.88979905 -0.23507584 -0.39114831
vn 0.87858049 -0.21294064 -0.42749574
vn 0.86923124 -0.18286013 -0.45934651
vn 0.85983507 -0.14505393 -0.48953346
vn 0.84985440 -0.10333557 -0.51678743
vn 0.84058065 -0.06070508 -0.53827416
vn 0.63529538 0.74907609 -0.18784248
vn 0.63220418 0.75085746 -0.19113069
vn 0.70315372 0.68597241 -0.18712748
vn 0.74469370 0.64199743 -0.18240228
vn 0.74478151 0.64200147 -0.18202916
vn 0.74515555 0.64129306 -0.18299293
vn 0.79505893 0.58040388 -0.17610403
vn 0.84120022 0.51400151 -0.16788282
vn 0.84160055 0.51345923 -0.16753545
vn 0.84167492 0.51322237 -0.16788726
vn 0.91387737 0.37762439 -0.14909048
vn 0.91332839 0.37950525 -0.14767201
vn 0.88040823 0.44749179 -0.15694725
vn 0.91379631 0.37786970 -0.14896574
vn 0.94088919 0.30855822 -0.13971166
vn 0.96380827 0.23362562 -0.12842383
vn 0.96383937 0.23367155 -0.12810649
vn 0.99166374 0.07994325 -0.10105492
vn 0.98075198 0.15795121 -0.11479095
vn 0.99140851 0.08081260 -0.10285176
vn 0.98638147 -0.15429103 -0.05697252
vn 0.99435032 -0.07637232 -0.07372048
vn 0.99455926 -0.07494088 -0.07235838
vn 0.99621370 0.00206844 -0.08691369
vn 0.99155614 0.07827559 -0.10338929
vn 0.99154245 0.07859567 -0.10327776
vn 0.97257151 -0.22885679 -0.04158406
vn 0.97251175 -0.22853723 -0.04462774
vn 0.97203573 -0.23051081 -0.04484759
vn 0.89777780 -0.44044810 -0.00069492
vn 0.92751247 -0.37344204 -0.01617596
vn 0.92818450 -0.37185195 -0.01412992
vn 0.92802938 -0.37228476 -0.01286532
vn 0.95317038 -0.30107914 -0.02859344
vn 0.84754112 -0.53052189 0.01485188
vn 0.85981929 -0.51047750 0.01111386
vn 0.86200490 -0.50664403 0.01610523
vn -0.69094902 0.72286873 -0.00708888
vn -0.49844430 0.50610450 -0.70385476
vn -0.69191844 0.72193883 -0.00729368
vn -0.70510139 0.70907968 -0.00616728
vn 0.49895995 0.50601999 -0.70355009
vn 0.52102700 0.48668406 -0.70119148
vn 0.57611718 0.42604979 -0.69754611
vn 0.63001041 0.34237517 -0.69704097
vn 0.67215872 0.25193627 -0.69622609
vn 0.70049835 0.15751248 -0.69605451
vn 0.71522209 0.06062641 -0.69626274
vn 0.71829437 -0.04211159 -0.69446369
vn 0.70439909 -0.13339300 -0.69715725
vn 0.67798018 -0.23151701 -0.69766952
vn 0.63987560 -0.32228451 -0.69763307
vn 0.58939259 -0.40742031 -0.69758517
vn 0.52778417 -0.48476915 -0.69745448
vn 0.45608050 -0.55299009 -0.69727508
vn 0.37606994 -0.61022066 -0.69728197
vn 0.28764335 -0.65664940 -0.69718927
vn 0.19539088 -0.68985530 -0.69708111
vn 0.09890442 -0.70994462 -0.69727795
vn -0.00391083 -0.71855010 -0.69546421
vn -0.09633508 -0.71034051 -0.69723448
vn -0.19517959 -0.68922664 -0.69776183
vn -0.28815828 -0.65587673 -0.69770375
vn -0.37573688 -0.61006394 -0.69759858
vn -0.45634109 -0.55260514 -0.69740976
vn -0.52810508 -0.48470448 -0.69725647
vn -0.58962899 -0.40765463 -0.69724842
vn -0.64166181 -0.32127028 -0.69645928
vn -0.68056605 -0.23000968 -0.69564746
vn -0.70335396 -0.13800566 -0.69731460
vn -0.71528201 -0.03783151 -0.69781116
vn -0.71378172 0.06102621 -0.69770443
vn -0.69877903 0.15895487 -0.69745338
vn -0.67046920 0.25332998 -0.69734853
vn -0.62936446 0.34227625 -0.69767280
vn -0.57571046 0.42611837 -0.69783996
vn -0.52074173 0.48611891 -0.70179517
vn 0.69332213 0.72061183 -0.00479703
vn 0.71084931 0.70334349 -0.00109067
vn 0.69145266 0.72238071 -0.00770286
vn 0.29112655 0.92891107 -0.22884398
vn 0.19584115 0.95278373 -0.23205477
vn 0.18729888 0.96290726 -0.19423887
vn -0.48023444 0.87673403 0.02668922
vn -0.43562502 0.89898482 0.04535564
vn -0.44735590 0.89434911 0.00351855
vn 0.44978359 0.89228711 -0.03896698
vn -0.18888315 0.98059746 -0.05245744
vn -0.45187600 0.89126120 -0.03823038
vn -0.67681569 0.71051359 -0.19259012
vn -0.71950305 0.67247387 -0.17347697
vn -0.66663945 0.71938725 -0.19512517
vn -0.70944848 0.67885811 -0.18930011
vn -0.71231282 0.67604932 -0.18859417
vn -0.64592220 0.73486478 -0.20678074
vn -0.69040317 0.69561466 -0.19865473
vn -0.68826605 0.69767443 -0.19884727
vn -0.62377770 0.75289070 -0.20989754
vn -0.43546947 0.89733314 0.07183016
vn -0.22906584 0.96067319 0.15695818
vn 0.49574675 0.86761027 0.03856926
vn 0.51187350 0.85870587 -0.02469299
vn 0.60792650 0.79362931 -0.02403930
vn 0.69037439 0.72233886 -0.04012210
vn 0.69110839 0.72161966 -0.04042603
vn 0.63759144 0.77021960 -0.01545714
vn 0.61293937 0.78973129 -0.02509621
vn 0.56938626 0.81669236 -0.09387688
vn 0.70410405 0.70756612 -0.05989721
vn 0.61876033 0.78099106 -0.08478575
vn 0.70410871 0.70756151 -0.05989687
vn 0.53009451 0.84539207 -0.06566627
vn 0.68191923 0.72515240 -0.09560417
vn 0.68987448 0.71940158 -0.08083673
vn 0.62763777 0.77052189 -0.11120634
vn 0.68988074 0.71939580 -0.08083465
vn 0.64386289 0.75168208 -0.14287979
vn 0.72237563 0.68312199 -0.10732097
vn 0.68868693 0.71718111 -0.10659066
vn 0.65780184 0.73425559 -0.16782569
vn 0.74116540 0.65870999 -0.12951834
vn 0.69938737 0.70084702 -0.14025251
vn 0.73251278 0.67008728 -0.12003362
vn 0.67295674 0.72797926 -0.13105505
vn 0.72239940 0.68309824 -0.10731221
vn 0.70562318 0.68929523 -0.16421941
vn 0.74596334 0.65141709 -0.13854409
vn 0.66603085 0.72293166 -0.18377356
vn 0.65777862 0.73294041 -0.17356739
vn 0.74113387 0.65874307 -0.12953053
vn 0.68076708 0.70706335 -0.19135723
vn 0.74537030 0.64988250 -0.14857945
vn 0.74539309 0.64985797 -0.14857239
vn 0.66652071 0.71934143 -0.19569888
vn 0.71713367 0.67462224 -0.17494034
vn 0.73078982 0.65942209 -0.17637673
vn 0.72263616 0.66735847 -0.18008236
vn 0.66085686 0.72262909 -0.20267068
vn 0.71879254 0.67141289 -0.18039405
vn 0.74115167 0.65154252 -0.16182256
vn 0.62355289 0.75313645 -0.20968374
vn 0.69007877 0.69590555 -0.19876307
vn 0.69434909 0.69286626 -0.19446255
vn 0.70434494 0.68304808 -0.19324475
vn 0.71179743 0.67650735 -0.18889738
vn 0.64564360 0.73504855 -0.20699752
vn 0.71179504 0.67651087 -0.18889380
vn 0.71136190 0.67772409 -0.18615669
vn 0.68052041 0.70534319 -0.19845142
vn 0.68094870 0.70478717 -0.19895706
vn 0.68796055 0.69795164 -0.19893165
vn 0.57334367 0.79911129 -0.18082639
vn 0.66261048 0.72309334 -0.19514962
vn 0.66054385 0.72403945 -0.19861696
vn 0.59879344 0.77520574 -0.20125227
vn 0.66036993 0.72410046 -0.19897258
vn 0.66841429 0.71677741 -0.19862650
vn 0.55321590 0.81862128 -0.15430934
vn 0.54571785 0.82800414 -0.12884555
vn 0.53586519 0.83769241 -0.10545108
vn 0.52895399 0.84507760 -0.07779153
vn 0.51991407 0.85247347 -0.05457422
vn 0.50402865 0.86366233 0.00651970
vn 0.43814341 0.89580063 0.07464306
vn 0.37171890 0.92197062 0.10860586
vn 0.30214686 0.94333332 0.13722072
vn 0.22921146 0.96004440 0.16055172
vn 0.15616021 0.97175215 0.17695124
vn 0.07621916 0.97953622 0.18627784
vn -0.07782297 0.97972134 0.18463390
vn -0.15510019 0.97245543 0.17399531
vn -0.30121474 0.94414789 0.13362052
vn -0.37017747 0.92308646 0.10430739
vn -0.53419431 0.84530254 -0.01000319
vn -0.55472920 0.82911813 -0.06956031
vn -0.53247780 0.83983478 -0.10556960
vn -0.54505436 0.82870130 -0.12716095
vn -0.56722720 0.81395991 -0.12538962
vn -0.55365398 0.81890189 -0.15121827
vn -0.57401825 0.79877105 -0.18018839
vn -0.64365785 0.74181150 -0.18820274
vn -0.66044816 0.72415732 -0.19850543
vn -0.66044869 0.72415637 -0.19850713
vn -0.59909050 0.77493235 -0.20142101
vn -0.65626642 0.72957237 -0.19245399
vn -0.64404742 0.74042993 -0.19226658
vn -0.68123373 0.70455023 -0.19882047
vn -0.67596567 0.71008784 -0.19709306
vn -0.66577477 0.71847622 -0.20133524
vn -0.71230781 0.67605357 -0.18859787
vn -0.70183478 0.68599920 -0.19191937
vn -0.69145460 0.69470676 -0.19817428
vn -0.74804877 0.64430216 -0.15905273
vn -0.74806859 0.64428250 -0.15903916
vn -0.66085120 0.72272231 -0.20235651
vn -0.72072418 0.66961475 -0.17936760
vn -0.72586899 0.66459842 -0.17726575
vn -0.58980350 0.78843671 -0.17464073
vn -0.73953390 0.66066001 -0.12891064
vn -0.65728224 0.73478682 -0.16753620
vn -0.73952142 0.66067280 -0.12891668
vn -0.66853677 0.72425854 -0.16884358
vn -0.74223722 0.65565473 -0.13856688
vn -0.69547095 0.69811386 -0.17016812
vn -0.66573624 0.72316158 -0.18393638
vn -0.72489965 0.67053711 -0.15779884
vn -0.74928327 0.64575898 -0.14686702
vn -0.53869109 0.82590574 -0.16640801
vn -0.75536652 0.64564813 -0.11207096
vn -0.64341333 0.75197835 -0.14334521
vn -0.58005802 0.80853005 -0.09905476
vn -0.71150186 0.69711815 -0.08826879
vn -0.62837496 0.77016021 -0.10953615
vn -0.71154367 0.69707557 -0.08826813
vn -0.59704998 0.79203851 -0.12730404
vn -0.76054327 0.64293967 -0.09056775
vn -0.76058998 0.64288715 -0.09054834
vn 0.04906260 0.99488831 -0.08826160
vn -0.71456170 0.69756927 -0.05290271
vn -0.61968195 0.78023126 -0.08504979
vn -0.71454267 0.69758814 -0.05291085
vn -0.48550986 0.86817526 -0.10272242
vn -0.72522500 0.68774738 -0.03243822
vn -0.72519864 0.68777491 -0.03244372
vn -0.61330595 0.78775050 -0.05748874
vn -0.60738564 0.79399670 -0.02553273
vn -0.66812680 0.74397077 -0.01068030
vn -0.39355226 0.91885865 -0.02855535
vn -0.53292166 0.84543500 -0.03513070
vn -0.36670382 0.92934599 -0.04294587
vn -0.27638830 0.95989764 -0.04696839
vn -0.09450952 0.99422709 -0.05079802
vn 0.00114700 0.99868125 -0.05132683
vn 0.09283494 0.99437684 -0.05095462
vn 0.18816287 0.98093094 -0.04867475
vn 0.27645720 0.95988048 -0.04691362
vn 0.36781624 0.92896280 -0.04170525
vn 0.53193374 0.84624257 -0.03033159
vn -0.55142419 0.82334132 -0.13431466
vn -0.46878437 0.86937461 -0.15629782
vn -0.56659273 0.80565996 -0.17287195
vn -0.38108917 0.90779624 -0.17514861
vn -0.48197418 0.85322566 -0.19926580
vn -0.57944374 0.78996445 -0.20050219
vn -0.28936444 0.93809078 -0.19040461
vn -0.39195423 0.89287707 -0.22168090
vn -0.49293756 0.83918962 -0.22972451
vn -0.58783537 0.77961768 -0.21597652
vn -0.19459366 0.95991715 -0.20172353
vn -0.29769021 0.92410143 -0.23961862
vn -0.40083163 0.88010627 -0.25445423
vn -0.50007448 0.83054719 -0.24518744
vn -0.59015913 0.77589320 -0.22293930
vn -0.09779436 0.97304710 -0.20884348
vn -0.20026841 0.94659344 -0.25269237
vn -0.30436914 0.91223715 -0.27419484
vn -0.40664560 0.87282328 -0.26984972
vn -0.50201953 0.82812335 -0.24937545
vn -0.58542287 0.77904110 -0.22444383
vn -0.23402029 0.96519792 0.11673677
vn -0.15762921 0.97875929 0.13108506
vn -0.23630514 0.96897264 0.07246999
vn -0.15902048 0.98362932 0.08476939
vn -0.23894388 0.97052194 0.03151184
vn -0.16067173 0.98611373 0.04200358
vn -0.24202941 0.97024847 -0.00629828
vn -0.16264358 0.98668142 0.00261437
vn -0.24563907 0.96848795 -0.04114034
vn -0.16498803 0.98572305 -0.03360090
vn -0.24983821 0.96551994 -0.07315812
vn -0.16775101 0.98356257 -0.06681526
vn -0.25454804 0.96088366 -0.10912323
vn -0.17089253 0.97978641 -0.10399197
vn -0.26588933 0.95185816 -0.15254153
vn -0.17855544 0.97251618 -0.14943303
vn -0.27864333 0.94048090 -0.19455995
vn -0.18726729 0.96291295 -0.19424114
vn -0.29111102 0.92891563 -0.22884519
vn -0.19581372 0.95278957 -0.23205392
vn -0.30117622 0.91874051 -0.25536004
vn -0.20262388 0.94331116 -0.26288329
vn -0.20691445 0.93493136 -0.28825296
vn -0.10397436 0.94995120 -0.29458792
vn -0.10515042 0.94510542 -0.30938509
vn -0.00004358 0.95021508 -0.31159477
vn -0.00002926 0.95342717 -0.30162333
vn -0.30802216 0.94643414 0.09687503
vn -0.31133123 0.94868844 0.05534530
vn -0.31505593 0.94892436 0.01680227
vn -0.31933109 0.94745494 -0.01888897
vn -0.32425860 0.94454532 -0.05186996
vn -0.32991512 0.94042121 -0.08224338
vn -0.33617651 0.93456942 -0.11647043
vn -0.35102398 0.92310613 -0.15702623
vn -0.36749130 0.90932847 -0.19512014
vn -0.38349350 0.89583386 -0.22453159
vn -0.39650465 0.88466334 -0.24526484
vn -0.30760789 0.91005699 -0.27780147
vn -0.20862132 0.93006103 -0.30242954
vn -0.52627711 0.84640586 -0.08142192
vn 0.00014781 0.97738983 -0.21144525
vn -0.10076517 0.96016673 -0.26062661
vn -0.20469952 0.93532666 -0.28855182
vn -0.30878320 0.90599927 -0.28951384
vn -0.40827560 0.87148526 -0.27170658
vn -0.49789224 0.83174115 -0.24558091
vn -0.57373580 0.78942618 -0.21825111
vn -0.55609120 0.80332436 -0.21314911
vn -0.53447982 0.82179497 -0.19744453
vn -0.51180637 0.84195491 -0.17078105
vn -0.49057576 0.86027891 -0.13876461
vn -0.48124687 0.86969965 -0.10965386
vn -0.47256753 0.87730207 -0.08379144
vn -0.46480940 0.88365705 -0.05569962
vn -0.45789952 0.88863987 -0.02544016
vn -0.51322210 0.85681549 -0.04970203
vn -0.51094048 0.85915019 -0.02829785
vn -0.50865269 0.86090150 0.01100232
vn 0.20264134 0.94330658 -0.26288625
vn 0.30118444 0.91873842 -0.25535789
vn 0.39651406 0.88466083 -0.24525866
vn 0.08978573 0.98496597 -0.14758236
vn 0.09421594 0.97645105 -0.19407912
vn 0.09855300 0.96721592 -0.23405271
vn 0.10189769 0.95810807 -0.26766730
vn -0.00010569 0.99498748 -0.09999948
vn -0.00002143 0.98914048 -0.14697314
vn -0.00002893 0.98099510 -0.19403253
vn -0.00002141 0.97205887 -0.23473720
vn -0.00001511 0.96304346 -0.26934606
vn 0.44485240 0.89467079 0.04087200
vn 0.45084401 0.89257987 0.00639264
vn 0.45719939 0.88898733 -0.02588906
vn 0.46418491 0.88396554 -0.05601160
vn 0.47197764 0.87760106 -0.08398500
vn 0.48067040 0.87000607 -0.10975152
vn 0.49017023 0.85999129 -0.14194409
vn 0.37783898 0.92314380 0.07101569
vn 0.38253876 0.92335353 0.03289913
vn 0.38760849 0.92182040 -0.00260838
vn 0.39324781 0.91874276 -0.03560762
vn 0.39960476 0.91429465 -0.06619162
vn 0.40677465 0.90863828 -0.09439737
vn 0.41476725 0.90077072 -0.12876429
vn 0.51179095 0.84196319 -0.17078642
vn 0.30691663 0.94685966 0.09622352
vn 0.31043446 0.94901286 0.05481821
vn 0.31431430 0.94917737 0.01639666
vn 0.31869850 0.94766210 -0.01917854
vn 0.32369953 0.94472701 -0.05205268
vn 0.32940296 0.94059315 -0.08232986
vn 0.33589793 0.93442715 -0.11839966
vn 0.43322675 0.88641493 -0.16304342
vn 0.53445885 0.82180789 -0.19744753
vn 0.23300776 0.96550904 0.11618809
vn 0.23547268 0.96920792 0.07203216
vn 0.23824908 0.97070348 0.03117902
vn 0.24143592 0.97039478 -0.00653214
vn 0.24511591 0.96861435 -0.04128483
vn 0.24935573 0.96563979 -0.07322243
vn 0.25429798 0.96079078 -0.11051521
vn 0.35103577 0.92310098 -0.15703018
vn 0.45300535 0.86968631 -0.19604049
vn 0.55607187 0.80333668 -0.21315313
vn 0.15657428 0.97898040 0.13069762
vn 0.15814554 0.98379656 0.08446491
vn 0.15994408 0.98624164 0.04177697
vn 0.16203130 0.98678255 0.00246005
vn 0.16446036 0.98580813 -0.03369154
vn 0.16727886 0.98364060 -0.06685020
vn 0.17066232 0.97973090 -0.10488913
vn 0.26589701 0.95185585 -0.15254251
vn 0.36750548 0.90932257 -0.19512096
vn 0.47207118 0.85385940 -0.21925538
vn 0.57372387 0.78943492 -0.21825086
vn 0.48764332 0.84142811 -0.23281480
vn 0.38350638 0.89582910 -0.22452855
vn 0.27865903 0.94047630 -0.19455970
vn 0.17857645 0.97251330 -0.14942667
vn 0.08567643 0.99115397 -0.10135757
vn 0.08386504 0.99447960 -0.06306338
vn 0.08245570 0.99616818 -0.02915495
vn 0.08124059 0.99666349 0.00786417
vn 0.08019563 0.99561407 0.04817963
vn 0.07929244 0.99259596 0.09201074
vn 0.07850313 0.98710000 0.13953797
vn -0.00019528 0.99808784 -0.06181121
vn -0.00019009 0.99961792 -0.02764029
vn -0.00019603 0.99995311 0.00968232
vn -0.00021836 0.99873155 0.05035116
vn -0.00025901 0.99551665 0.09458613
vn -0.00032100 0.98978454 0.14257092
vn 0.00216439 0.98159211 0.19097705
vn 0.31052642 0.90560927 -0.28886881
vn 0.40495214 0.87555617 -0.26346756
vn 0.40827202 0.87148817 -0.27170264
vn 0.49788859 0.83174535 -0.24557408
vn 0.50202493 0.82812162 -0.24937031
vn 0.58542166 0.77904233 -0.22444269
vn 0.59016761 0.77588722 -0.22293767
vn -0.54353877 0.83297034 -0.10356648
vn -0.53726011 0.84045920 -0.07056840
vn -0.46183797 0.87877802 -0.12022849
vn -0.45616484 0.88610241 -0.08207412
vn -0.37532819 0.91708834 -0.13445346
vn -0.37053367 0.92426118 -0.09190248
vn -0.28493473 0.94738276 -0.14587021
vn -0.28120693 0.95444522 -0.09978469
vn -0.19154689 0.96929063 -0.15422536
vn -0.18900864 0.97628549 -0.10555749
vn -0.09614640 0.98253688 -0.15930206
vn -0.09487607 0.98949811 -0.10905053
vn 0.00026624 0.98695505 -0.16099581
vn 0.00024159 0.99390868 -0.11020656
vn 0.09663121 0.98249694 -0.15925503
vn 0.09531157 0.98946458 -0.10897504
vn 0.19198646 0.96921635 -0.15414559
vn 0.18940304 0.97622363 -0.10542259
vn 0.28534515 0.94727827 -0.14574647
vn 0.28155335 0.95436434 -0.09958118
vn 0.37571970 0.91695534 -0.13426696
vn 0.37084370 0.92416626 -0.09160606
vn 0.46217518 0.87863662 -0.11996578
vn 0.45640099 0.88601871 -0.08166386
vn 0.54379751 0.83284541 -0.10321234
vn 0.53740594 0.84041127 -0.07002672
vn 0.61209020 0.78874927 -0.05674661
vn -0.37891957 0.92264427 0.07174609
vn -0.38339535 0.92297669 0.03349679
vn -0.38831344 0.92152486 -0.00214619
vn -0.39385775 0.91849423 -0.03527634
vn -0.40016083 0.91406691 -0.06597718
vn -0.40730201 0.90841340 -0.09428765
vn -0.41509337 0.90097737 -0.12624293
vn -0.43323436 0.88641277 -0.16303496
vn -0.45301319 0.86968278 -0.19603806
vn -0.47208188 0.85385381 -0.21925411
vn -0.48765049 0.84142229 -0.23282079
vn -0.40495065 0.87555490 -0.26347408
vn -0.31007838 0.90554841 -0.28954012
vn -0.20938566 0.92945656 -0.30375674
vn -0.10338429 0.94889783 -0.29816874
vn 0.00002368 0.96471777 -0.26328619
vn 0.10077439 0.96016622 -0.26062492
vn 0.09803664 0.97292624 -0.20929249
vn 0.20023819 0.94659946 -0.25269376
vn 0.19476855 0.95969157 -0.20262600
vn 0.29766919 0.92410791 -0.23961975
vn 0.28950327 0.93777599 -0.19173951
vn 0.39195584 0.89287620 -0.22168155
vn 0.38119983 0.90741315 -0.17688430
vn 0.48199341 0.85321478 -0.19926587
vn 0.46885571 0.86895629 -0.15839600
vn 0.56660381 0.80565223 -0.17287166
vn 0.55144987 0.82292785 -0.13672162
vn 0.58784678 0.77961011 -0.21597278
vn 0.50008626 0.83054151 -0.24518266
vn 0.40664219 0.87282552 -0.26984763
vn 0.31234521 0.90467211 -0.28984280
vn 0.57945658 0.78995553 -0.20050018
vn 0.49295311 0.83918132 -0.22972145
vn 0.40082941 0.88010755 -0.25445331
vn 0.30434989 0.91224288 -0.27419713
vn 0.20528179 0.93481243 -0.28980185
vn -0.07937480 0.98700200 0.13973793
vn -0.08000814 0.99252473 0.09215941
vn -0.08079082 0.99556100 0.04828194
vn -0.08175007 0.99662135 0.00792481
vn -0.08291079 0.99613121 -0.02912755
vn -0.08429280 0.99444330 -0.06306537
vn -0.08588726 0.99117931 -0.10093041
vn -0.08978524 0.98496450 -0.14759251
vn -0.09422254 0.97645019 -0.19408025
vn -0.09855774 0.96721615 -0.23404978
vn -0.10189730 0.95810983 -0.26766115
vn -0.00000167 0.95497116 -0.29669865
vn 0.10397795 0.94994841 -0.29459567
vn 0.10471982 0.94535277 -0.30877484
vn 0.20691356 0.93493060 -0.28825605
vn 0.20867912 0.93054690 -0.30089116
vn 0.30760810 0.91005749 -0.27779960
vn 0.10278198 0.94870450 -0.29899104
vn -0.90108075 -0.43364857 -0.00154980
vn -0.68668155 0.70222697 -0.18800459
vn -0.68685695 0.70184126 -0.18880249
vn -0.74183865 0.64501427 -0.18339035
vn -0.79362972 0.58248691 -0.17567263
vn -0.79372416 0.58235091 -0.17569683
vn -0.79388190 0.58176651 -0.17691598
vn -0.83920406 0.51694675 -0.16882714
vn -0.88070009 0.44642575 -0.15833949
vn -0.88040114 0.44675197 -0.15908017
vn -0.88046715 0.44639162 -0.15972514
vn -0.94333289 0.30161714 -0.13838408
vn -0.91465106 0.37569317 -0.14922492
vn -0.94304901 0.30277913 -0.13778012
vn -0.96488193 0.23005602 -0.12679545
vn -0.98149901 0.15439793 -0.11322970
vn -0.98140739 0.15420470 -0.11428231
vn -0.98136191 0.15367553 -0.11538036
vn -0.99483166 -0.06630698 -0.07689831
vn -0.99592222 0.00447947 -0.09010478
vn -0.99601876 0.00677729 -0.08888589
vn -0.99605177 0.00655491 -0.08853199
vn -0.99148889 0.08023695 -0.10252709
vn -0.98826938 -0.13930680 -0.06258795
vn -0.95697720 -0.28832882 -0.03257512
vn -0.95737103 -0.28694504 -0.03321514
vn -0.95759070 -0.28627670 -0.03264506
vn -0.97598286 -0.21266795 -0.04722070
vn -0.98820115 -0.13979463 -0.06257756
vn -0.90117942 -0.43343886 -0.00253012
vn -0.90142517 -0.43293276 -0.00137361
vn -0.93295206 -0.35961271 -0.01670775
vn -0.84172350 -0.53958490 0.01869982
vn -0.84000967 -0.54213960 0.02164296
vn -0.87449416 -0.48492073 0.01057599
vn 0.01248236 -0.97867104 0.20505408
vn -0.00896065 -0.99272640 0.12005829
vn -0.02704046 -0.99012483 0.13755593
vn 0.00001185 -0.61228138 0.79063994
vn 0.00885405 -0.59440234 0.80411906
vn -0.03682882 -0.96491045 0.25998359
vn -0.39951386 -0.71441848 -0.57445183
vn -0.38587238 -0.76290209 -0.51873202
vn -0.34582757 -0.80103946 -0.48860933
vn -0.39424526 -0.82338842 -0.40816932
vn -0.38879327 -0.85560775 -0.34172383
vn -0.34380058 -0.88868489 -0.30338150
vn -0.53371995 -0.68178098 -0.50031761
vn -0.53531379 -0.63749085 -0.55411602
vn -0.55465164 -0.58897232 -0.58776965
vn -0.57231516 -0.66715902 -0.47681673
vn -0.68828468 -0.70621904 -0.16588816
vn -0.68916853 -0.71416020 -0.12256409
vn -0.74386616 -0.66146679 -0.09552400
vn -0.68589169 -0.72363787 -0.07681677
vn -0.75229261 -0.65549512 -0.06619645
vn -0.72163643 -0.68677301 0.08708439
vn -0.70793146 -0.70113980 0.08506478
vn -0.72842253 -0.68497597 0.01444079
vn -0.45738282 -0.87106229 0.17902918
vn -0.42470395 -0.88245171 0.20225118
vn -0.43585325 -0.88559494 0.16047910
vn -0.35363363 -0.89697202 0.26530067
vn -0.31557352 -0.91467034 0.25256984
vn -0.37664504 -0.90355029 0.20429241
vn -0.00059913 -0.00416819 -0.99999113
vn -0.29967979 -0.01615948 -0.95390298
vn -0.56681594 -0.02879972 -0.82334092
vn -0.52639534 -0.04799186 -0.84888440
vn -0.41415254 -0.08493114 -0.90623638
vn -0.47637434 -0.07228137 -0.87626645
vn -0.24977161 -0.05009113 -0.96700828
vn -0.11868671 -0.08553831 -0.98924045
vn -0.19043778 -0.08343758 -0.97814703
vn -0.05109631 -0.06693403 -0.99644819
vn -0.00154439 -0.04687446 -0.99889959
vn -0.00310646 -0.87445152 0.48510297
vn 0.00012272 -0.53778130 0.84308437
vn -0.02810449 -0.87690307 0.47984492
vn -0.04680212 -0.90309142 0.42689044
vn -0.04026735 -0.88215362 0.46923718
vn -0.05950958 -0.87769125 0.47551727
vn -0.15752685 -0.87816193 0.45168233
vn -0.14171456 -0.88215436 0.44913325
vn -0.12674552 -0.91232256 0.38936245
vn -0.11771762 -0.87784055 0.46426127
vn -0.08080473 -0.90731010 0.41262451
vn -0.08567313 -0.87202618 0.48190296
vn -0.08750679 -0.86937073 0.48635079
vn -0.22606548 -0.89245471 0.39040876
vn -0.22843685 -0.88814865 0.39875880
vn -0.16048573 -0.92085424 0.35534744
vn -0.20673018 -0.88741914 0.41200717
vn -0.19039840 -0.88234621 0.43036451
vn -0.17741467 -0.87377874 0.45280763
vn -0.27240002 -0.89570561 0.35143946
vn -0.25931703 -0.88733161 0.38130996
vn -0.19783119 -0.92642539 0.32031049
vn -0.24723117 -0.89044150 0.38208728
vn -0.26581473 -0.93262461 0.24403663
vn -0.29543794 -0.89732404 0.32791156
vn -0.23456308 -0.93021140 0.28228869
vn -0.28901480 -0.89652924 0.33571680
vn -0.34746119 -0.90108312 0.25946085
vn -0.33566105 -0.89351215 0.29827452
vn -0.30961180 -0.89695643 0.31561004
vn -0.40010172 -0.88879614 0.22351743
vn -0.38782436 -0.89235659 0.23085054
vn -0.37377810 -0.89534030 0.24218935
vn -0.42480710 -0.87980369 0.21327073
vn -0.54552770 -0.82627698 0.14023506
vn -0.52302545 -0.84040442 0.14200276
vn -0.50514670 -0.85468337 0.11976285
vn -0.49032316 -0.85499306 0.16902682
vn -0.47033279 -0.86683661 0.16547314
vn -0.64838964 -0.75547187 0.09409110
vn -0.64878526 -0.75256276 0.11281394
vn -0.57943250 -0.81104939 0.08035456
vn -0.62301195 -0.77429057 0.11104151
vn -0.57425788 -0.80968245 0.12100503
vn -0.57453940 -0.80738050 0.13431753
vn -0.65670621 -0.75269065 0.04683737
vn -0.69800598 -0.71092140 0.08589772
vn -0.79163493 -0.61092152 -0.00943617
vn -0.83511108 -0.54922532 0.03067625
vn -0.81018969 -0.58539998 0.02999212
vn -0.79862922 -0.60104671 0.03056498
vn -0.77145716 -0.63558041 0.02985637
vn -0.75254705 -0.65801332 0.02629469
vn -0.74851962 -0.65989275 0.06526816
vn -0.60636074 -0.78429951 -0.13115232
vn -0.62687398 -0.75362054 -0.19769951
vn -0.66632949 -0.70479652 -0.24344789
vn -0.62747381 -0.73089850 -0.26844740
vn -0.58461447 -0.74742733 -0.31556032
vn -0.58256503 -0.77630829 -0.24075594
vn -0.56429176 -0.71472383 -0.41321261
vn -0.56005918 -0.71170013 -0.42404791
vn -0.54628197 -0.56909586 -0.61457783
vn -0.55988745 -0.48841019 -0.66931423
vn -0.56907833 -0.41833204 -0.70791818
vn -0.57069625 -0.35936908 -0.73834928
vn -0.55140161 -0.38231004 -0.74148182
vn -0.56164529 -0.29174935 -0.77423310
vn -0.56745031 -0.19408223 -0.80020762
vn -0.57472498 -0.79699273 -0.18572504
vn -0.51937160 -0.75657351 -0.39730299
vn -0.51612291 -0.78383529 -0.34528161
vn -0.46831351 -0.82610713 -0.31341581
vn -0.50078114 -0.82541475 -0.26059307
vn -0.45350058 -0.86154201 -0.22821612
vn -0.49106781 -0.85177835 -0.18255422
vn -0.44512381 -0.88262871 -0.15110045
vn -0.48421689 -0.86505529 -0.13119964
vn -0.44295959 -0.89233534 -0.08674353
vn -0.37147798 -0.89524389 -0.24605381
vn -0.36326397 -0.91830252 -0.15735236
vn -0.32801344 -0.92156279 -0.20767572
vn -0.32181432 -0.93679147 -0.13732185
vn -0.28884304 -0.94386309 -0.16028777
vn -0.35820835 -0.93335688 -0.02305907
vn -0.29560588 -0.95444361 0.04067634
vn -0.36190298 -0.92842578 -0.08397503
vn -0.28633828 -0.95804792 -0.01243247
vn -0.28608107 -0.95478396 -0.08090250
vn -0.40066577 -0.90629857 -0.13449847
vn -0.40735266 -0.89252706 -0.19354393
vn -0.42097541 -0.86331476 -0.27832954
vn -0.47123367 -0.80248005 -0.36601174
vn -0.52633421 -0.72281558 -0.44778336
vn -0.55378235 -0.64265756 -0.52944912
vn -0.52589730 -0.52827830 -0.66659888
vn -0.52167057 -0.57535928 -0.62993771
vn -0.51270859 -0.62455328 -0.58912062
vn -0.49207781 -0.69090686 -0.52962925
vn -0.48722584 -0.73352779 -0.47386492
vn -0.44037595 -0.78099071 -0.44285724
vn -0.42946135 -0.81603383 -0.38684847
vn -0.44698682 -0.73988359 -0.50276740
vn -0.42731183 -0.72046434 -0.54620118
vn -0.43887261 -0.67214451 -0.59633262
vn -0.45236592 -0.61804894 -0.64294680
vn -0.46951390 -0.67394582 -0.57039787
vn -0.47870281 -0.62662827 -0.61496392
vn -0.48977019 -0.57446833 -0.65582872
vn -0.47241414 -0.54189533 -0.69510743
vn -0.52171873 -0.23615409 -0.81978096
vn -0.52514544 -0.13734995 -0.83985550
vn -0.57182519 -0.10816654 -0.81321335
vn -0.53383638 -0.36445561 -0.76301431
vn -0.46556195 -0.16468607 -0.86955768
vn -0.48711686 -0.27471270 -0.82900549
vn -0.50670436 -0.34595894 -0.78966012
vn -0.52248899 -0.41599689 -0.74427941
vn -0.53733733 -0.46177503 -0.70571412
vn -0.45855418 -0.48570793 -0.74418806
vn -0.43770380 -0.58067999 -0.68645912
vn -0.41515187 -0.65912758 -0.62705642
vn -0.36121044 -0.75311132 -0.54986394
vn -0.30779140 -0.83471784 -0.45662959
vn -0.28820985 -0.93309871 -0.21508577
vn -0.41669349 -0.84791601 -0.32772699
vn -0.47865317 -0.77197187 -0.41827094
vn -0.23829937 -0.96622412 0.09810380
vn -0.18798785 -0.96935524 0.15814860
vn -0.21342637 -0.97529626 0.05697715
vn -0.17731086 -0.98213910 0.06295749
vn -0.20673448 -0.97838716 -0.00440728
vn -0.22493980 -0.97069913 -0.08452980
vn -0.22161945 -0.96646997 -0.12969428
vn -0.22814358 -0.95574418 -0.18575134
vn -0.26538295 -0.92910625 -0.25755283
vn -0.28858227 -0.91945341 -0.26706870
vn -0.34979149 -0.86034375 -0.37074864
vn -0.40238453 -0.78439347 -0.47203133
vn -0.12488290 -0.99176546 -0.02838201
vn -0.16572970 -0.98020597 -0.10830476
vn -0.15704116 -0.98617202 -0.05294166
vn -0.03279057 -0.93780103 0.34562120
vn -0.00232687 -0.92648546 0.37632337
vn -0.00000039 -0.95094439 0.30936187
vn -0.05654001 -0.94221599 0.33020033
vn -0.04399217 -0.96671090 0.25206096
vn -0.08485602 -0.94937710 0.30246086
vn -0.06967366 -0.97345243 0.21802742
vn -0.11877890 -0.95735207 0.26337915
vn -0.09873251 -0.97995819 0.17301398
vn -0.13741274 -0.96653546 0.21662627
vn -0.13306633 -0.98398417 0.11861075
vn -0.03187108 -0.99253071 0.11775834
vn -0.03714752 -0.98068611 0.19202815
vn -0.05522833 -0.99493600 0.08397732
vn -0.05951228 -0.98596659 0.15597489
vn -0.08211328 -0.99599151 0.03547278
vn -0.08664853 -0.99020389 0.10949106
vn -0.12220400 -0.99100480 0.05454963
vn -0.17177455 -0.98511036 -0.00714782
vn -0.17678915 -0.96878992 -0.17375755
vn -0.20609796 -0.94860986 -0.24013115
vn -0.23412863 -0.93901309 -0.25186940
vn -0.26955782 -0.91772701 -0.29174599
vn -0.29874619 -0.89501192 -0.33121652
vn -0.35911769 -0.82400818 -0.43822939
vn -0.44674273 -0.40166729 -0.79942750
vn -0.42590010 -0.51924041 -0.74094433
vn -0.40331235 -0.61751827 -0.67528537
vn -0.37869473 -0.69744329 -0.60841036
vn -0.32453108 -0.78796372 -0.52325210
vn -0.26881751 -0.86557201 -0.42251893
vn -0.12351337 -0.98735391 -0.09938165
vn -0.14075869 -0.97142280 -0.19111443
vn -0.16375235 -0.95454859 -0.24904250
vn -0.18819578 -0.94730664 -0.25921511
vn -0.21740493 -0.93020333 -0.29573105
vn -0.24977520 -0.90925437 -0.33296973
vn -0.28543499 -0.88393538 -0.37038507
vn -0.31628745 -0.85799587 -0.40472872
vn -0.15743090 -0.94363046 -0.29116503
vn -0.17986145 -0.92965553 -0.32154386
vn -0.20727004 -0.91191089 -0.35420004
vn -0.23723854 -0.89075494 -0.38765126
vn -0.12905072 -0.95913566 -0.25180289
vn -0.12638315 -0.93643720 -0.32728072
vn -0.17388689 -0.90917377 -0.37837337
vn -0.50703624 -0.50144861 -0.70104461
vn -0.49066757 -0.45123438 -0.74540785
vn -0.47693030 -0.37410969 -0.79534862
vn -0.45739442 -0.28022320 -0.84395812
vn -0.42325399 -0.40000890 -0.81292616
vn -0.40620318 -0.25180441 -0.87840396
vn -0.33437031 -0.69543491 -0.63605564
vn -0.30846675 -0.76419115 -0.56644519
vn -0.30198845 -0.72514710 -0.61884138
vn -0.27955115 -0.79148455 -0.54351023
vn -0.27145552 -0.75262743 -0.59988654
vn -0.24909414 -0.81759580 -0.51912351
vn -0.24220873 -0.77763054 -0.58019452
vn -0.22038204 -0.84084278 -0.49438363
vn -0.21442817 -0.79997350 -0.56041321
vn -0.19344821 -0.86127938 -0.46986767
vn -0.18033429 -0.83839936 -0.51435986
vn -0.26829064 -0.55004766 -0.79086516
vn -0.27883772 -0.47138438 -0.83668769
vn -0.33448971 -0.43235997 -0.83736580
vn -0.25370591 -0.62414313 -0.73897135
vn -0.32082431 -0.50667028 -0.80022309
vn -0.31036917 -0.57765636 -0.75497292
vn -0.34872859 -0.51738945 -0.78147075
vn -0.34443812 -0.54932970 -0.76131417
vn -0.38668207 -0.45614263 -0.80150538
vn -0.37476417 -0.52205855 -0.76616362
vn -0.22100301 -0.50746683 -0.83284758
vn -0.21127981 -0.58889942 -0.78010148
vn -0.20023601 -0.66304762 -0.72129979
vn -0.17442330 -0.78449373 -0.59510176
vn -0.23791976 -0.68879190 -0.68480648
vn -0.22599044 -0.74556615 -0.62694453
vn -0.26350231 -0.69241963 -0.67165585
vn -0.25800389 -0.72070142 -0.64344654
vn -0.30119823 -0.63899887 -0.70778533
vn -0.28729833 -0.69537798 -0.65871780
vn -0.33130826 -0.61202649 -0.71809360
vn -0.31763366 -0.66782978 -0.67313613
vn -0.36213858 -0.58322839 -0.72711780
vn -0.35009448 -0.63738517 -0.68642116
vn -0.04946916 -0.98777280 -0.14784351
vn -0.07720060 -0.97698358 -0.19885462
vn -0.06937122 -0.98909045 -0.12995277
vn -0.11180024 -0.96310666 -0.24479843
vn -0.10300232 -0.97802916 -0.18124428
vn -0.02137961 -0.99976932 -0.00205489
vn -0.04062589 -0.99825222 -0.04291910
vn -0.03533239 -0.99835097 0.04524330
vn -0.06373942 -0.99589967 -0.06419599
vn -0.05926621 -0.99821327 0.00760151
vn -0.09954837 -0.98825733 -0.11592052
vn -0.09027718 -0.99511135 -0.04004280
vn -0.11720015 -0.97650401 -0.18084262
vn -0.08837190 -0.95558428 -0.28115670
vn -0.05546625 -0.96744470 -0.24692965
vn -0.02231259 -0.99177269 -0.12605190
vn -0.02774320 -0.97393106 -0.22514131
vn -0.00190275 -0.99175808 -0.12811043
vn 0.00158431 -0.97947341 -0.20156718
vn -0.00370135 -0.99767971 -0.06798156
vn 0.00791966 -0.99771737 0.06706212
vn -0.00000065 -0.99999620 -0.00275588
vn -0.06313252 -0.94014789 -0.33486749
vn -0.10932923 -0.89277517 -0.43703502
vn -0.09946729 -0.92506310 -0.36655766
vn -0.15008971 -0.86676480 -0.47559632
vn -0.13773125 -0.90264482 -0.40775291
vn -0.17167929 -0.87273575 -0.45701043
vn -0.16039014 -0.83034581 -0.53366735
vn -0.16420742 -0.53777887 -0.82694003
vn -0.15612626 -0.62082461 -0.76824566
vn -0.14700864 -0.69555398 -0.70327315
vn -0.13734977 -0.76010430 -0.63511927
vn -0.06959945 -0.91058893 -0.40741099
vn -0.07569952 -0.87779277 -0.47302159
vn -0.11811147 -0.85811567 -0.49968708
vn -0.12756680 -0.81421973 -0.56636821
vn -0.18844536 -0.72806674 -0.65909572
vn -0.10871054 -0.56025625 -0.82115464
vn -0.10284501 -0.64462568 -0.75754910
vn -0.09631339 -0.71948116 -0.68780127
vn -0.08946065 -0.78328261 -0.61519521
vn -0.08259232 -0.83588512 -0.54265512
vn -0.05413687 -0.57495888 -0.81638930
vn -0.05179032 -0.65917696 -0.75020230
vn -0.04797668 -0.73354379 -0.67794672
vn -0.04427570 -0.79738034 -0.60185069
vn -0.04072256 -0.84845730 -0.52769488
vn -0.03658718 -0.89707599 -0.44035901
vn -0.03175118 -0.94337816 -0.33019617
vn -0.00004079 -0.96148751 -0.27484864
vn -0.00093654 -0.93797627 -0.34669819
vn -0.39735704 -0.31721659 -0.86109292
vn -0.34567764 -0.35460298 -0.86877137
vn -0.35159624 -0.28192899 -0.89269039
vn -0.28727358 -0.39053101 -0.87461958
vn -0.29333641 -0.31235508 -0.90354195
vn -0.22882853 -0.42283796 -0.87683839
vn -0.23450853 -0.34023094 -0.91063091
vn -0.17081715 -0.45022227 -0.87642536
vn -0.17568372 -0.36371143 -0.91479463
vn -0.11348684 -0.47084923 -0.87488384
vn -0.11701097 -0.38208779 -0.91668825
vn -0.05690199 -0.48355600 -0.87346194
vn -0.05908607 -0.39359625 -0.91738260
vn -0.00024008 -0.47863691 -0.87801290
vn 0.00060872 -0.41079513 -0.91172747
vn -0.05971939 -0.30702564 -0.94982569
vn -0.00016638 -0.33935552 -0.94065818
vn -0.00111334 -0.26984465 -0.96290323
vn -0.23828394 -0.24538591 -0.93968426
vn -0.17919176 -0.28201409 -0.94252765
vn -0.18120684 -0.20451712 -0.96194430
vn -0.11942243 -0.29722667 -0.94730913
vn -0.12097071 -0.21653531 -0.96875103
vn -0.06088535 -0.22393102 -0.97270133
vn -0.00084355 -0.19997889 -0.97979984
vn -0.41328984 -0.17429561 -0.89376314
vn -0.35633847 -0.19916904 -0.91288257
vn -0.29821539 -0.22298747 -0.92808629
vn -0.35270110 -0.09467377 -0.93093437
vn -0.30144955 -0.11209749 -0.94686975
vn -0.24133356 -0.12470861 -0.96239590
vn -0.18235925 -0.11748385 -0.97618781
vn -0.12197832 -0.12554359 -0.98456086
vn -0.06135863 -0.13133403 -0.98943746
vn -0.00075732 -0.12281690 -0.99242906
vn -0.00096169 -0.90912034 -0.41653245
vn -0.00113036 -0.87465632 -0.48474224
vn -0.00087932 -0.83528183 -0.54982133
vn -0.00041259 -0.78994652 -0.61317560
vn 0.00019176 -0.73922792 -0.67345530
vn 0.00099396 -0.68236065 -0.73101502
vn 0.00000714 -0.61917177 -0.78525557
vn -0.00097166 -0.55092361 -0.83455511
vn -0.19930042 -0.89107908 -0.40774675
vn -0.22740927 -0.87028963 -0.43689928
vn -0.25768735 -0.84629844 -0.46623619
vn -0.28552162 -0.82030749 -0.49555325
vn -0.34341770 -0.73257433 -0.58770667
vn -0.36932202 -0.65228983 -0.66190576
vn -0.39213780 -0.56456601 -0.72628725
vn -0.40634684 -0.49281728 -0.76942405
vn -0.41775499 -0.41484818 -0.80832033
vn -0.39231647 -0.38814191 -0.83392664
vn -0.16836393 -0.94499822 0.28041388
vn -0.22157445 -0.94954937 0.22194767
vn -0.24744418 -0.95248892 0.17758445
vn -0.29725020 -0.94669917 0.12410886
vn -0.74067523 -0.67141636 -0.02450058
vn -0.81287652 -0.58168013 -0.02966461
vn -0.65993825 -0.75118834 0.01405630
vn -0.43322439 -0.89584433 0.09889170
vn -0.50794140 -0.86122332 0.01702740
vn -0.51603918 -0.85488145 0.05367751
vn -0.60091559 -0.79853731 -0.03519410
vn -0.59902470 -0.80065548 0.01096386
vn -0.67455321 -0.73749675 -0.03281023
vn -0.60711706 -0.79029098 -0.08275897
vn -0.56248971 -0.73700202 -0.37474438
vn -0.54812469 -0.78453768 -0.28993096
vn -0.53759465 -0.81617024 -0.21179736
vn -0.53820006 -0.83011265 -0.14578641
vn -0.51703080 -0.85216548 -0.08058009
vn -0.43946165 -0.89784335 -0.02740029
vn -0.34888688 -0.93653724 0.03429197
vn -0.30995685 -0.93095663 0.19299352
vn -0.36613726 -0.91893939 0.14660798
vn -0.36888201 -0.92677369 0.07082795
vn -0.44427254 -0.89567107 0.01988052
vn -0.51952571 -0.85368298 -0.03630978
vn -0.00000276 -0.50387140 0.86377868
vn -0.00416057 -0.91330555 0.40725380
vn 0.04543084 -0.90481562 0.42337304
vn 0.66479103 -0.74694105 0.01148731
vn 0.64954741 -0.75838772 0.05418698
vn 0.72118572 -0.69237943 0.02240291
vn 0.27728051 -0.93121137 0.23656057
vn 0.30867170 -0.93213751 0.18931836
vn 0.30055845 -0.94505896 0.12856197
vn 0.23473967 -0.89251959 -0.38510528
vn 0.26830405 -0.86826575 -0.41728591
vn 0.29439085 -0.81772668 -0.49462826
vn 0.20970999 -0.95270783 -0.21993070
vn 0.23177477 -0.93902422 -0.25399601
vn 0.24897520 -0.90955273 -0.33275393
vn 0.16610454 -0.98465886 -0.05344361
vn 0.16475600 -0.98004615 -0.11119805
vn 0.11872102 -0.99255675 -0.02713715
vn 0.58408699 -0.79185699 -0.17833927
vn 0.61978439 -0.76040676 -0.19403319
vn 0.62214883 -0.73605500 -0.26674683
vn 0.25208005 -0.05026298 -0.96640017
vn 0.29694589 -0.01618759 -0.95475709
vn 0.19472216 -0.87939406 0.43445295
vn 0.21523320 -0.88392645 0.41514900
vn 0.16912387 -0.92129611 0.35015797
vn 0.32726463 -0.91239809 0.24582023
vn 0.79959750 -0.59935974 -0.03757317
vn 0.74511290 -0.66424672 -0.05985867
vn 0.56821244 -0.10578311 -0.81605426
vn 0.56689649 -0.28826551 -0.77170679
vn 0.56884259 -0.19779642 -0.79830739
vn 0.55645457 -0.37926195 -0.73926902
vn 0.56866198 -0.35937570 -0.73991395
vn 0.56813455 -0.41623778 -0.70990791
vn 0.55877275 -0.49123177 -0.66817989
vn 0.54713667 -0.57125962 -0.61180382
vn 0.55292424 -0.58834321 -0.59002292
vn 0.56223246 -0.63182340 -0.53356710
vn 0.56630169 -0.67403069 -0.47432587
vn 0.58338731 -0.69808730 -0.41513055
vn 0.60412866 -0.73033813 -0.31880211
vn 0.65275718 -0.72178240 -0.23008308
vn 0.69692137 -0.69494707 -0.17705699
vn 0.69172188 -0.71119227 -0.12540492
vn 0.78526001 -0.61847486 0.02925000
vn 0.80281168 -0.59558936 0.02768962
vn 0.78838532 -0.61513840 -0.00730263
vn 0.81485240 -0.57896975 0.02845341
vn 0.83073529 -0.55601545 0.02693884
vn 0.70117887 -0.70931568 0.07224581
vn 0.69794445 -0.71064031 0.08867866
vn 0.75307075 -0.65703095 0.03456555
vn 0.62104034 -0.77605075 0.10979133
vn 0.64872663 -0.75656932 0.08219865
vn 0.66986847 -0.73850625 0.07671215
vn 0.71062839 -0.70047181 0.06592821
vn 0.56193377 -0.81598406 0.13564823
vn 0.57967727 -0.80919719 0.09578192
vn 0.58830396 -0.80525641 0.07389566
vn 0.59537303 -0.79654551 0.10510092
vn 0.49189861 -0.85588146 0.15969560
vn 0.51515726 -0.84235573 0.15827133
vn 0.51466077 -0.85007052 0.11182304
vn 0.54176186 -0.82564702 0.15748359
vn 0.43838735 -0.88514817 0.15597836
vn 0.44431461 -0.87539641 0.19043544
vn 0.46759415 -0.86323997 0.19019063
vn 0.39857855 -0.88528055 0.23961111
vn 0.39856968 -0.88528363 0.23961449
vn 0.38240195 -0.90349708 0.19355047
vn 0.41667063 -0.88216108 0.21949354
vn 0.28194415 -0.90115049 0.32929514
vn 0.30525006 -0.89831321 0.31599965
vn 0.30522349 -0.89832014 0.31600561
vn 0.33261440 -0.89484850 0.29768074
vn 0.34301171 -0.90549065 0.24985927
vn 0.35802958 -0.89743363 0.25773573
vn 0.36981417 -0.89448796 0.25125439
vn 0.28070719 -0.89726119 0.34077241
vn 0.21371872 -0.93037453 0.29787170
vn 0.25147031 -0.89071616 0.37866530
vn 0.18867414 -0.92351102 0.33396028
vn 0.21916136 -0.88347421 0.41405509
vn 0.23045098 -0.89223490 0.38834165
vn 0.25392565 -0.88796376 0.38346071
vn 0.12657377 -0.91683480 0.37867271
vn 0.16977428 -0.87544545 0.45251735
vn 0.16979535 -0.87543757 0.45252469
vn 0.08471704 -0.91099035 0.40363300
vn 0.12617437 -0.87337125 0.47042820
vn 0.14564146 -0.87700842 0.45786985
vn 0.05106130 -0.88092238 0.47049814
vn 0.07882008 -0.87114624 0.48465619
vn 0.10224901 -0.87291321 0.47704053
vn 0.00319916 -0.87447206 0.48506535
vn 0.02146785 -0.87491282 0.48380438
vn 0.03824434 -0.88088936 0.47177463
vn 0.05319108 -0.06715068 -0.99632399
vn 0.11711023 -0.08498547 -0.98947595
vn 0.18555428 -0.07856773 -0.97948799
vn 0.35622414 -0.08701215 -0.93034039
vn 0.41135611 -0.07895089 -0.90804896
vn 0.46494142 -0.07147318 -0.88245173
vn 0.52552183 -0.05263265 -0.84915052
vn 0.57020959 -0.03288312 -0.82084087
vn 0.52896722 -0.83593575 -0.14630481
vn 0.58481899 -0.77617724 -0.23566001
vn 0.56438727 -0.70659833 -0.42683229
vn 0.53766482 -0.81609550 -0.21190723
vn 0.54809478 -0.78454485 -0.28996809
vn 0.54777187 -0.75405961 -0.36240874
vn 0.51951545 -0.75654455 -0.39717004
vn 0.49959929 -0.79955745 -0.33332932
vn 0.47141704 -0.80243694 -0.36587010
vn 0.42439753 -0.84320922 -0.32997720
vn 0.40692151 -0.87422276 -0.26485740
vn 0.45116251 -0.84036591 -0.30039562
vn 0.40728174 -0.89250700 -0.19378554
vn 0.45345859 -0.86151435 -0.22840389
vn 0.41157443 -0.90252431 -0.12671367
vn 0.44397949 -0.88276036 -0.15367612
vn 0.42660940 -0.90052772 -0.08398953
vn 0.43694755 -0.89889754 -0.03255839
vn 0.35715582 -0.93368054 -0.02608399
vn 0.34478589 -0.93508609 -0.08207738
vn 0.36167877 -0.91841007 -0.16034776
vn 0.35033817 -0.86013977 -0.37070573
vn 0.32423570 -0.89956585 -0.29266446
vn 0.38587208 -0.85977365 -0.33450263
vn 0.31426288 -0.92796531 -0.20029782
vn 0.37352086 -0.89555061 -0.24180834
vn 0.33317691 -0.93399798 -0.12899971
vn 0.54758125 -0.62428544 -0.55715569
vn 0.53408502 -0.68153906 -0.50025764
vn 0.52656826 -0.72271091 -0.44767713
vn 0.47893664 -0.77184842 -0.41817426
vn 0.48765449 -0.73328460 -0.47380037
vn 0.50344078 -0.67744475 -0.53629842
vn 0.54459441 -0.45859264 -0.70221771
vn 0.53064301 -0.52408443 -0.66614826
vn 0.33107349 -0.85003295 -0.40967588
vn 0.31741471 -0.88829954 -0.33192142
vn 0.50352540 -0.63468700 -0.58620354
vn 0.51814826 -0.57805125 -0.63038015
vn 0.47900333 -0.62645761 -0.61490379
vn 0.49392929 -0.56825215 -0.65812107
vn 0.45654863 -0.61216036 -0.64561834
vn 0.50648380 -0.50209725 -0.70097968
vn 0.47183110 -0.54252709 -0.69501063
vn 0.52194122 -0.41672232 -0.74425793
vn 0.49015568 -0.45192205 -0.74532802
vn 0.52597301 -0.13740182 -0.83932898
vn 0.45875416 -0.72732860 -0.51042897
vn 0.46108926 -0.68397400 -0.56531077
vn 0.43918585 -0.67192097 -0.59635393
vn 0.41940771 -0.65350878 -0.63009797
vn 0.43717846 -0.58117483 -0.68637512
vn 0.45801660 -0.48637559 -0.74408305
vn 0.44087424 -0.78074071 -0.44280227
vn 0.41422654 -0.77300594 -0.48049787
vn 0.41877374 -0.72973033 -0.54048330
vn 0.39983030 -0.71426359 -0.57442428
vn 0.38287655 -0.69216325 -0.61181335
vn 0.40276196 -0.61800035 -0.67517285
vn 0.42377199 -0.52107112 -0.74087934
vn 0.45692988 -0.28197675 -0.84362563
vn 0.44554252 -0.40172879 -0.80006615
vn 0.48653720 -0.27647015 -0.82876161
vn 0.47647826 -0.37483831 -0.79527649
vn 0.52271455 -0.23736472 -0.81879637
vn 0.50705451 -0.34722907 -0.78887749
vn 0.53164852 -0.33737027 -0.77687267
vn 0.30236746 -0.91414139 -0.27003601
vn 0.16772712 -0.98335684 0.06983506
vn 0.18460712 -0.97068533 0.15391620
vn 0.22777894 -0.97217103 0.05477446
vn 0.22681334 -0.96703978 0.11571416
vn 0.29146438 -0.95524760 0.05050281
vn 0.21875256 -0.96640846 -0.13491479
vn 0.20815635 -0.97566134 -0.06896290
vn 0.27198798 -0.95100698 -0.14699749
vn 0.22931752 -0.97314080 -0.02025955
vn 0.27849548 -0.95656927 -0.08611332
vn 0.28326880 -0.95885706 -0.01875956
vn 0.15844198 -0.98736541 -0.00238451
vn 0.12098330 -0.99135637 0.05075025
vn 0.04271893 -0.96442544 0.26088054
vn 0.02689261 -0.96287478 0.26860556
vn 0.02985590 -0.93677793 0.34864844
vn 0.21487605 -0.95870796 -0.18629904
vn 0.32486130 -0.78784248 -0.52322974
vn 0.29998791 -0.84138414 -0.44953306
vn 0.33760639 -0.80864382 -0.48178532
vn 0.28456293 -0.88431527 -0.37014921
vn 0.26882701 -0.91799062 -0.29159091
vn 0.26845950 -0.93410308 -0.23533152
vn 0.28950325 -0.93277691 -0.21474429
vn 0.34741525 -0.72782313 -0.59124964
vn 0.36155036 -0.75296199 -0.54984506
vn 0.37739821 -0.77140561 -0.51235143
vn 0.37083312 -0.81380783 -0.44743672
vn 0.39477564 -0.82315361 -0.40813029
vn 0.43124868 -0.81623223 -0.38443403
vn 0.21664273 -0.93044745 -0.29552236
vn 0.18571504 -0.94724345 -0.26122744
vn 0.16492263 -0.97074036 -0.17453849
vn 0.12640620 -0.98619866 -0.10692836
vn 0.16775133 -0.95847385 -0.23062387
vn 0.20497451 -0.91339411 -0.35170535
vn 0.25723133 -0.84654012 -0.46604921
vn 0.31454418 -0.76078257 -0.56768992
vn 0.15309322 -0.94540332 -0.28770650
vn 0.17001870 -0.90990169 -0.37838150
vn 0.12457718 -0.96038978 -0.24926291
vn 0.12336898 -0.93681873 -0.32733890
vn 0.13591480 -0.97187613 -0.19231213
vn 0.17779247 -0.93089582 -0.31909688
vn 0.19889470 -0.89122058 -0.40763559
vn 0.21996396 -0.84102994 -0.49425145
vn 0.08752006 -0.99516058 -0.04467277
vn 0.36642822 -0.65423263 -0.66159657
vn 0.38703182 -0.45517261 -0.80188794
vn 0.40435115 -0.49297891 -0.77037130
vn 0.41627818 -0.41406148 -0.80948476
vn 0.33118165 -0.69862589 -0.63422440
vn 0.34817340 -0.63784502 -0.68697090
vn 0.31776686 -0.66761512 -0.67328618
vn 0.33140609 -0.61196085 -0.71810440
vn 0.30230878 -0.63830402 -0.70793882
vn 0.31100976 -0.57787999 -0.75453804
vn 0.42224023 -0.40135489 -0.81278991
vn 0.39501043 -0.31838229 -0.86174212
vn 0.39054665 -0.38805016 -0.83479961
vn 0.34577831 -0.35448632 -0.86877892
vn 0.24019858 -0.78025542 -0.57749989
vn 0.19194636 -0.86109469 -0.47082112
vn 0.21367514 -0.80181872 -0.55805884
vn 0.17081772 -0.87230873 -0.45814712
vn 0.15848777 -0.83076443 -0.53358419
vn 0.17825608 -0.83943960 -0.51338672
vn 0.17363614 -0.78491289 -0.59477916
vn 0.22670494 -0.74575067 -0.62646692
vn 0.18867698 -0.72813149 -0.65895792
vn 0.40514747 -0.25175924 -0.87890433
vn 0.35165377 -0.28183071 -0.89269876
vn 0.29341592 -0.31245584 -0.90348129
vn 0.23921282 -0.24499771 -0.93954954
vn 0.29828358 -0.22342974 -0.92795800
vn 0.35633767 -0.19952304 -0.91280558
vn 0.41263783 -0.17504180 -0.89391856
vn 0.46550714 -0.16558730 -0.86941587
vn 0.08588291 -0.99580473 0.03157637
vn 0.06073739 -0.99812517 0.00755795
vn 0.06697605 -0.99552244 -0.06670286
vn 0.04173417 -0.99818109 -0.04350594
vn 0.02072442 -0.99977030 -0.00546321
vn 0.08949535 -0.98947771 -0.11368572
vn 0.09982365 -0.97835465 -0.18126616
vn 0.07244176 -0.98886585 -0.12998663
vn 0.07888047 -0.97700090 -0.19810884
vn 0.04847233 -0.98786970 -0.14752587
vn 0.05632811 -0.96739257 -0.24693878
vn 0.02787768 -0.97371664 -0.22605031
vn 0.03324329 -0.94304327 -0.33100494
vn 0.01999242 -0.99134824 0.12972649
vn 0.01866082 -0.99047706 0.13640739
vn 0.11725216 -0.97969484 -0.16263441
vn 0.10862406 -0.96347850 -0.24476519
vn 0.08914501 -0.95551488 -0.28114850
vn 0.06430038 -0.93979013 -0.33564858
vn 0.14831607 -0.86681861 -0.47605446
vn 0.13569202 -0.90267899 -0.40836054
vn 0.10969841 -0.89274131 -0.43701168
vn 0.11846407 -0.85805802 -0.49970261
vn 0.12789795 -0.81418073 -0.56634958
vn 0.13763888 -0.76016312 -0.63498628
vn 0.14729620 -0.69548961 -0.70327664
vn 0.10035963 -0.92461889 -0.36743415
vn 0.07069544 -0.91051502 -0.40738747
vn 0.07639355 -0.87790791 -0.47269624
vn 0.08298024 -0.83582556 -0.54268767
vn 0.08983271 -0.78324363 -0.61519062
vn 0.09667330 -0.71942868 -0.68780568
vn 0.10317017 -0.64441840 -0.75768122
vn 0.12209115 -0.12571329 -0.98452523
vn 0.18000660 -0.20397521 -0.96228464
vn 0.18141453 -0.11824679 -0.97627172
vn 0.24225241 -0.12492875 -0.96213646
vn 0.30132178 -0.11157788 -0.94697179
vn 0.03808939 -0.89718180 -0.44001592
vn 0.04154034 -0.84873917 -0.52717760
vn 0.04510638 -0.79688632 -0.60244303
vn 0.04834061 -0.73408952 -0.67732987
vn 0.05161636 -0.65896436 -0.75040104
vn 0.05523773 -0.57456484 -0.81659294
vn 0.27906543 -0.79178994 -0.54331498
vn 0.29954331 -0.72833534 -0.61628033
vn 0.28743310 -0.69529972 -0.65874161
vn 0.26399061 -0.69161889 -0.67228883
vn 0.25287807 -0.62463514 -0.73883938
vn 0.26850512 -0.54977145 -0.79098442
vn 0.21151734 -0.58864627 -0.78022816
vn 0.22117403 -0.50737137 -0.83286034
vn 0.16444371 -0.53771410 -0.82693519
vn 0.17101019 -0.45014371 -0.87642806
vn 0.11371099 -0.47080143 -0.87488046
vn 0.11721830 -0.38180256 -0.91678060
vn 0.05898912 -0.39307017 -0.91761436
vn 0.06076715 -0.30648243 -0.94993467
vn 0.38853103 -0.56714240 -0.72621838
vn 0.36083045 -0.58407419 -0.72708922
vn 0.37481596 -0.52195698 -0.76620749
vn 0.34448840 -0.54942381 -0.76122350
vn 0.34910650 -0.51639826 -0.78195747
vn 0.32041375 -0.50625379 -0.80065107
vn 0.33374628 -0.43298920 -0.83733731
vn 0.27900428 -0.47127532 -0.83669360
vn 0.28740428 -0.39041241 -0.87462960
vn 0.22897312 -0.42272778 -0.87685377
vn 0.23463264 -0.34014264 -0.91063193
vn 0.17582551 -0.36361209 -0.91480688
vn 0.17905388 -0.28178355 -0.94262280
vn 0.11959254 -0.29715291 -0.94731081
vn 0.12108722 -0.21674842 -0.96868881
vn 0.06140951 -0.22449828 -0.97253761
vn 0.06211423 -0.13069754 -0.98947460
vn 0.22696712 -0.87049540 -0.43671923
vn 0.24865332 -0.81785327 -0.51892925
vn 0.26920437 -0.75554983 -0.59722145
vn 0.25812947 -0.72066016 -0.64344240
vn 0.23745618 -0.68859999 -0.68516028
vn 0.20048824 -0.66295982 -0.72131043
vn 0.15639626 -0.62074212 -0.76825740
vn 0.10895426 -0.56039880 -0.82102506
vn 0.05729141 -0.48427455 -0.87303829
vn 0.02457174 -0.99192232 -0.12444416
vn 0.24725623 -0.95269217 0.17675402
vn 0.03943129 -0.99820243 0.04513404
vn 0.03762151 -0.99250771 0.11624575
vn 0.05836922 -0.99501436 0.08086696
vn 0.06183710 -0.98583454 0.15590523
vn 0.08870772 -0.99002068 0.10949881
vn 0.08750821 -0.97742122 0.19232804
vn 0.11712432 -0.98302313 0.14123535
vn 0.12723380 -0.95821803 0.25618308
vn 0.15733367 -0.96803500 0.19533140
vn 0.17741822 -0.94508605 0.27447248
vn 0.19207732 -0.95376434 0.23117067
vn 0.08180992 -0.94881235 0.30506106
vn 0.06270256 -0.97039267 0.23325191
vn 0.04358837 -0.98049114 0.19166944
vn 0.05330767 -0.94175579 0.33204566
vn 0.73853096 -0.67375526 -0.02501723
vn 0.59280242 -0.80514872 0.01791159
vn 0.75187182 -0.65191915 -0.09843874
vn 0.68326874 -0.72632022 -0.07485157
vn 0.61823984 -0.77348459 -0.13964627
vn 0.43838156 -0.89835122 0.02804797
vn 0.43674859 -0.89388751 0.10107323
vn 0.50015643 -0.86309798 0.07003874
vn 0.51618040 -0.85639555 0.01201877
vn 0.60660770 -0.79071369 -0.08245577
vn 0.53003335 -0.84318027 -0.09006488
vn 0.35882220 -0.93298808 0.02792630
vn 0.52034459 -0.85327959 -0.03399180
vn 0.60021335 -0.79908379 -0.03477120
vn 0.67377799 -0.73826417 -0.03145227
vn 0.50074408 -0.82540034 -0.26070986
vn 0.49113132 -0.85170561 -0.18272267
vn 0.49420432 -0.86044740 -0.12406595
vn 0.34731309 -0.93318700 0.09238855
vn 0.36725080 -0.91869283 0.14536279
vn 0.82835781 0.55266190 -0.09158692
vn 0.79881778 0.59300316 -0.10118005
vn 0.78226543 0.61302076 -0.11075357
vn 0.97274996 0.22753395 0.04456255
vn 0.97008416 0.23988312 0.03732042
vn 0.93134075 0.36409567 -0.00622452
vn 0.78334098 0.61655578 -0.07896758
vn 0.79880779 0.59716522 -0.07279980
vn 0.73170878 0.67748912 -0.07490497
vn 0.58264292 0.80952060 -0.07213617
vn 0.72483818 0.68663396 -0.05606619
vn 0.98618781 -0.03982072 0.16077283
vn 0.98140700 -0.08803553 0.17055805
vn 0.96466927 -0.16878839 0.20229603
vn 0.99017702 0.07489366 0.11806952
vn 0.98600358 0.14022077 0.09019463
vn 0.97810574 0.19723657 0.06638449
vn 0.97664509 0.20552919 0.06262683
vn 0.98443531 0.15476243 0.08328093
vn 0.98992622 0.08508234 0.11316836
vn 0.99296228 0.09737056 -0.06741569
vn 0.92503910 0.37967858 -0.01211811
vn 0.90081428 0.43382166 -0.01823165
vn 0.88513122 0.46377760 -0.03811914
vn 0.72061537 0.68887109 -0.07855004
vn 0.79156968 0.59433793 -0.14205586
vn 0.77806353 0.60839715 -0.15642905
vn 0.74862752 0.63835743 -0.17904364
vn 0.73083787 0.65701444 -0.18495414
vn 0.76410173 0.62259541 -0.16888906
vn 0.79399729 0.59571286 -0.12122083
vn 0.80007574 0.58617336 -0.12759152
vn 0.79376880 0.59775800 -0.11232302
vn 0.77903687 0.61909213 -0.09912869
vn 0.75820979 0.64500336 -0.09533403
vn 0.71118420 0.70219376 -0.03377797
vn 0.63648655 0.77030338 -0.03895598
vn 0.75554153 0.65504056 -0.00888094
vn 0.75718810 0.65305329 -0.01369561
vn 0.77739452 0.62819657 -0.03204417
vn 0.65269657 0.75655568 -0.04013341
vn 0.76131594 0.64797950 -0.02281706
vn 0.83776748 0.54580541 -0.01555956
vn 0.74253668 0.66642278 -0.06723062
vn 0.74254686 0.66641044 -0.06724055
vn 0.85291022 0.52107510 -0.03201411
vn 0.76757306 0.63884853 -0.05200159
vn 0.59952446 0.79750179 -0.06753750
vn 0.76043156 0.64798370 -0.04313886
vn 0.81723190 0.57339239 -0.05790671
vn 0.81369757 0.57742994 -0.06686498
vn 0.79904994 0.59689092 -0.07239080
vn 0.82667681 0.55964687 -0.05831661
vn 0.79981837 0.59719441 -0.06041037
vn 0.75639264 0.65094490 -0.06435000
vn 0.89237149 0.45006351 -0.03340608
vn 0.87516399 0.48274211 -0.03237350
vn 0.85872027 0.50994022 -0.05060115
vn 0.86039276 0.50737484 -0.04790693
vn 0.85574447 0.51491756 -0.05060924
vn 0.93086967 0.36534914 -0.00129047
vn 0.92700554 0.37496059 -0.00807979
vn 0.97927907 0.19324395 0.06057458
vn 0.96569666 0.25690063 0.03784225
vn 0.94670852 0.32184208 0.01267468
vn 0.94324020 0.33174548 0.01558368
vn 0.98430560 0.16501261 0.06255653
vn 0.98206232 0.17635238 0.06673413
vn 0.98010926 0.18813424 0.06317707
vn 0.98150441 0.18273018 0.05708573
vn 0.99209258 0.02993617 0.12188574
vn 0.98908124 -0.01133878 0.14693444
vn 0.99055115 0.09325684 0.10055635
vn 0.98017505 0.18263995 0.07680836
vn 0.98922929 -0.02821877 0.14362842
vn 0.97976577 -0.10910781 0.16779311
vn 0.98947751 -0.02473122 0.14255746
vn 0.98140389 -0.09572503 0.16638247
vn 0.98573454 -0.04826702 0.16123806
vn 0.99123177 0.03005281 0.12867172
vn 0.98074314 -0.08402994 0.17630046
vn 0.98943865 0.09433695 0.11005319
vn 0.96906265 -0.13744907 0.20500080
vn 0.93718592 -0.25368625 0.23942817
vn 0.97364926 -0.11922437 0.19440337
vn 0.97457035 -0.11189704 0.19414348
vn 0.90624674 -0.33128012 0.26262203
vn 0.91618312 -0.29958805 0.26618695
vn 0.91471643 -0.31173197 0.25713234
vn 0.93274229 -0.26539284 0.24404602
vn 0.94009001 -0.23710619 0.24497231
vn 0.90679567 -0.32930849 0.26320624
vn 0.89378907 -0.35149019 0.27856012
vn 0.91317474 -0.31502476 0.25859485
vn 0.90423868 -0.33598555 0.26356428
vn 0.90625916 -0.33224052 0.26136292
vn 0.91899066 -0.29610784 0.26033885
vn 0.93831811 -0.25054289 0.23830103
vn 0.79345008 -0.53735788 0.28580321
vn 0.83823875 -0.47105030 0.27471332
vn 0.78047266 -0.55424157 0.28927273
vn 0.80542206 -0.53359503 0.25801483
vn 0.73485481 -0.62350311 0.26689378
vn 0.80162518 -0.53985903 0.25680596
vn 0.82330856 -0.50753989 0.25409896
vn 0.70161597 -0.70487868 0.10431243
vn 0.80999366 -0.58159942 0.07518238
vn 0.82093335 -0.56443341 0.08650639
vn 0.80968503 -0.58011351 0.08876070
vn 0.75881706 -0.63749117 0.13342294
vn 0.78127213 -0.60808604 0.14087307
vn 0.81538161 -0.55653925 0.15942677
vn 0.85517248 -0.50004073 0.13652582
vn 0.78795239 -0.59199590 0.16932776
vn 0.84718661 -0.51277080 0.13907176
vn 0.75852388 -0.61658281 0.21087241
vn 0.84745357 -0.49334045 0.19605521
vn 0.82344176 -0.53041877 0.20149342
vn 0.77986377 -0.58004090 0.23529781
vn 0.67799801 -0.72806785 0.10117262
vn 0.86745596 -0.49239224 0.07120413
vn 0.91255984 -0.40591693 0.04965873
vn 0.94949127 -0.31257795 0.02759257
vn 0.97657747 -0.21512633 0.00413684
vn 0.99348088 -0.11215306 -0.02043121
vn 0.99901164 -0.00719745 -0.04386277
vn 0.97508843 0.20242672 -0.09069716
vn 0.90683059 0.39981643 -0.13343580
vn 0.85807356 0.49047104 -0.15214439
vn 0.80145577 0.57377910 -0.16865999
vn 0.81681743 0.55568413 -0.15499817
vn 0.96040679 0.27532311 -0.04261436
vn 0.96062506 0.27740275 -0.01572284
vn 0.92833712 0.36803559 -0.05234490
vn 0.92617291 0.37525165 -0.03728184
vn 0.88761407 0.45461218 -0.07395287
vn 0.88274817 0.46512466 -0.06644338
vn 0.84089005 0.53182708 -0.10031889
vn 0.85327102 0.51510180 -0.08123238
vn 0.82078715 0.56152123 -0.10489218
vn 0.84192511 0.52837224 -0.10947547
vn 0.83767392 0.53228509 -0.12237234
vn 0.88697035 0.45335239 -0.08806368
vn 0.88163935 0.45940336 -0.10798431
vn 0.92581681 0.37027262 -0.07590406
vn 0.91866551 0.38099539 -0.10438484
vn 0.95575434 0.28400177 -0.07665922
vn 0.94622276 0.30330483 -0.11255520
vn 0.82911635 0.54166909 -0.13842209
vn 0.87189815 0.47194559 -0.13061768
vn 0.99021293 -0.00625730 0.13942454
vn 0.99064334 0.02471220 0.13422025
vn 0.99004963 0.08378102 0.11305958
vn 0.98958866 0.01160334 0.14345605
vn 0.98383734 -0.05545193 0.17026209
vn 0.99130970 0.07665660 0.10690582
vn 0.81344750 -0.49909323 0.29867895
vn 0.92186394 -0.29730040 0.24855450
vn 0.89117209 -0.36890169 0.26405272
vn 0.91198663 -0.31972588 0.25701312
vn 0.94148696 -0.24499338 0.23147471
vn 0.95753633 -0.18959581 0.21720405
vn 0.97499221 -0.11551515 0.18985902
vn 0.98975907 0.01427849 0.14203205
vn 0.98604701 0.13907099 0.09149077
vn 0.96638262 0.25354907 0.04263225
vn 0.84953882 -0.46833513 0.24278798
vn 0.87392924 -0.41126203 0.25905835
vn 0.91221796 -0.32569426 0.24855913
vn 0.89596199 -0.38668395 0.21846657
vn 0.91352634 -0.33231443 0.23459911
vn 0.93484907 -0.29919743 0.19114946
vn 0.94601042 -0.24828287 0.20837445
vn 0.96501797 -0.20687403 0.16106972
vn 0.97083970 -0.15982235 0.17868151
vn 0.98546135 -0.11103541 0.12859649
vn 0.98684655 -0.06978050 0.14582379
vn 0.99547131 -0.01311331 0.09415365
vn 0.99357674 0.02164448 0.11107102
vn 0.99781969 -0.02903285 0.05927019
vn 0.98709425 -0.13126244 0.09173395
vn 0.96521694 -0.23094673 0.12255554
vn 0.93300710 -0.32650490 0.15130201
vn 0.89158793 -0.41657180 0.17759194
vn 0.99955628 -0.02753318 0.01136534
vn 0.99039602 -0.13223048 0.04038343
vn 0.96976389 -0.23425755 0.06842073
vn 0.93849583 -0.33195337 0.09503969
vn 0.89771959 -0.42394737 0.11986726
vn 0.87906815 0.47631752 -0.01899504
vn 0.91645406 0.39954914 -0.02173577
vn 0.93327165 0.35915160 -0.00376144
vn 0.88758941 0.45851663 -0.04413092
vn 0.92224728 0.38628670 -0.01557361
vn 0.90203875 0.43044475 -0.03230183
vn 0.94050620 0.33975910 0.00343969
vn 0.91570701 0.40131881 -0.02058845
vn 0.95535743 0.29471104 0.02091826
vn 0.94831069 0.31703765 0.01392690
vn 0.96100617 0.27477124 0.03111119
vn 0.97153048 0.23202835 0.04786836
vn 0.76325059 0.63981886 -0.08989088
vn 0.86831385 0.49353278 -0.04956271
vn 0.98414026 0.15798129 0.08068372
vn 0.98913913 0.10700690 0.10076363
vn 0.97988185 0.18871692 0.06494221
vn 0.93431173 -0.26120639 0.24255475
vn 0.97233903 -0.12488400 0.19738492
vn 0.98431531 -0.05280327 0.16833061
vn 0.99040620 0.02585674 0.13574603
vn 0.98206004 0.18239486 -0.04785586
vn 0.99681675 0.07762341 -0.01819269
vn 0.98435639 0.17597617 -0.00865387
vn 0.99693984 0.07386666 0.02558656
vn 0.98295381 0.18261956 0.02125824
vn 0.99465393 0.08536929 0.05810026
vn 0.97838175 0.20336734 0.03756157
vn 0.99074140 0.11338081 0.07467444
vn 0.97013492 0.23962843 0.03763572
vn 0.98454284 0.15939668 0.07258159
vn 0.95564734 0.29373655 0.02137746
vn 0.97277457 0.22585910 0.05193551
vn 0.93162084 0.36337282 -0.00654331
vn 0.95074507 0.30944103 0.01816771
vn 0.94880084 0.31553514 0.01464699
vn 0.96555762 0.25711847 0.03985700
vn 0.97636374 0.20746597 0.06059465
vn 0.89988868 0.43486107 -0.03310914
vn 0.94344708 -0.23494532 0.23389806
vn 0.96278419 -0.17012033 0.21001350
vn 0.98709731 -0.03186063 0.15691970
vn 0.98998892 -0.00871163 0.14087599
vn 0.79543460 0.59928206 -0.09024864
vn 0.84576386 0.52980934 -0.06313127
vn 0.88164166 0.46951186 -0.04760875
vn 0.82183493 0.56454278 -0.07667327
vn 0.86788511 0.49330063 -0.05856562
vn 0.83729109 0.54116897 -0.07797292
vn 0.87055968 0.48820364 -0.06150645
vn 0.95667405 0.29116105 0.00005927
vn 0.94808610 0.31800424 0.00245939
vn 0.91883399 0.39334090 -0.03204750
vn 0.94657827 0.32238793 0.00745703
vn 0.88289078 0.46621407 -0.05610975
vn 0.90877270 0.41613089 -0.03110074
vn 0.89729831 0.43965448 -0.03949277
vn 0.86053462 0.50939184 -0.00034734
vn 0.87404530 0.48583324 0.00329814
vn 0.91574724 0.40166431 -0.00853029
vn 0.92949325 0.36879489 0.00571256
vn 0.96853664 0.24884851 0.00334459
vn 0.96931589 0.24562859 0.00965935
vn 0.99342447 0.11431207 0.00636909
vn 0.99342613 0.11429750 0.00637227
vn 0.94975883 -0.31278796 0.01103868
vn 0.93793174 -0.34668434 0.00969631
vn 0.83098110 -0.55585724 0.02220683
vn 0.81748189 -0.57560300 0.02011335
vn 0.75424732 -0.65645726 0.01322259
vn 0.73071060 -0.68246404 0.01745999
vn 0.66167077 -0.74965862 0.01427376
vn 0.63422314 -0.77279900 0.02329645
vn 0.28656873 -0.95783974 0.02052808
vn 0.28656673 -0.95784033 0.02052846
vn 0.15797573 -0.98720885 0.02150228
vn 0.15797988 -0.98720820 0.02150199
vn -0.26484821 -0.96404014 0.02195527
vn -0.29799334 -0.95436122 0.01986526
vn -0.38871142 -0.92113458 0.02035979
vn -0.42061566 -0.90704459 0.01877724
vn -0.50597864 -0.86235461 0.01816973
vn -0.53583183 -0.84411634 0.01875770
vn -0.61546237 -0.78797469 0.01737683
vn -0.64019753 -0.76785206 0.02345922
vn -0.73635731 -0.67630497 0.01973578
vn -0.73635731 -0.67630497 0.01973576
vn -0.81836458 -0.57452756 0.01405357
vn -0.81836397 -0.57452843 0.01405362
vn -0.92516580 -0.37955551 -0.00241961
vn -0.93888182 -0.34410771 0.00952974
vn -0.99820096 -0.05913713 0.00988116
vn -0.99955185 -0.02764351 0.01148671
vn -0.99776954 0.06629336 0.00781940
vn -0.99489291 0.10052887 0.00905818
vn -0.97404046 0.22613179 0.01046838
vn -0.97404963 0.22609266 0.01046043
vn -0.93797190 0.34669773 0.00306547
vn -0.93797276 0.34669541 0.00306518
vn -0.88799157 0.45985851 -0.00105734
vn -0.88798908 0.45986332 -0.00105713
vn -0.81031372 0.58599036 -0.00264092
vn -0.79006112 0.61301531 -0.00395745
vn -0.71920269 0.69479076 -0.00364412
vn -0.73375496 0.67938124 -0.00669314
vn -0.78922370 0.61410072 -0.00250264
vn -0.77023903 0.63766046 -0.01099844
vn -0.74940994 0.66196587 -0.01363533
vn -0.87212828 0.48927682 0.00067258
vn -0.85564482 0.51736086 -0.01448043
vn -0.84626247 0.53232238 -0.02174216
vn -0.92589104 0.37778886 -0.00116110
vn -0.91326165 0.40715105 -0.01346067
vn -0.90406086 0.42724256 -0.01173744
vn -0.96569530 0.25967713 -0.00061614
vn -0.95779327 0.28734063 -0.00821054
vn -0.95012910 0.31183737 -0.00348462
vn -0.99489233 0.10053475 0.00905679
vn -0.99079013 0.13540341 0.00091387
vn -0.98133482 0.19227406 0.00355732
vn -0.99955196 -0.02763967 0.01148622
vn -0.99997730 0.00556129 0.00380537
vn -0.99932142 0.03662524 0.00391026
vn -0.97552784 -0.21963926 0.01019907
vn -0.97561277 -0.21918467 0.01173923
vn -0.98181262 -0.18962737 0.00924361
vn -0.98773118 -0.15606720 0.00549135
vn -0.99214076 -0.12512576 0.00049894
vn -0.99576087 -0.09197185 0.00121131
vn -0.95059686 -0.31022525 0.01122085
vn -0.96058785 -0.27787211 0.00762093
vn -0.96594186 -0.25866260 -0.00706933
vn -0.88622481 -0.46313842 0.01041151
vn -0.88622695 -0.46313428 0.01041247
vn -0.90347645 -0.42858242 0.00688623
vn -0.91447892 -0.40442230 -0.01307348
vn -0.83797749 -0.54559202 0.01109365
vn -0.85547435 -0.51783848 -0.00263493
vn -0.86781265 -0.49688258 0.00298491
vn -0.76000152 -0.64982217 0.01135043
vn -0.77966444 -0.62619384 0.00215368
vn -0.79561548 -0.60575183 0.00779315
vn -0.67074461 -0.74160193 0.01132447
vn -0.69008813 -0.72368049 0.00805717
vn -0.71040319 -0.70367861 0.01279564
vn -0.53582713 -0.84411931 0.01875833
vn -0.56640515 -0.82402877 0.01271956
vn -0.59010870 -0.80727443 0.00892785
vn -0.42061291 -0.90704585 0.01877801
vn -0.45732148 -0.88899073 0.02350635
vn -0.47579180 -0.87944223 0.01426620
vn -0.29799879 -0.95435953 0.01986476
vn -0.32996561 -0.94387807 0.01472705
vn -0.36012752 -0.93279037 0.01450165
vn -0.10486721 -0.99420564 0.02362246
vn -0.10444016 -0.99421535 0.02506174
vn -0.13547133 -0.99049542 0.02379794
vn -0.17010876 -0.98518539 0.02174295
vn -0.20209739 -0.97923987 0.01568200
vn -0.23458687 -0.97191459 0.01873573
vn 0.02673707 -0.99937461 0.02314117
vn -0.01290610 -0.99974721 0.01841056
vn -0.06493157 -0.99788014 0.00437228
vn 0.12300766 -0.99216178 0.02200245
vn 0.08726134 -0.99615299 0.00804221
vn 0.06557461 -0.99782249 0.00708798
vn 0.25217133 -0.96746590 0.02047817
vn 0.21895588 -0.97570689 0.00737506
vn 0.19595255 -0.98056841 0.00939133
vn 0.41023693 -0.91175248 0.02032415
vn 0.37727820 -0.92591673 0.01842182
vn 0.34682269 -0.93790550 0.00687750
vn 0.32332057 -0.94622238 0.01127041
vn 0.55977234 -0.82851375 0.01482876
vn 0.52681079 -0.84971988 0.02113077
vn 0.49577396 -0.86830614 0.01589437
vn 0.46962981 -0.88282365 0.00838042
vn 0.44396988 -0.89592650 0.01436818
vn 0.41024091 -0.91175070 0.02032368
vn 0.63420958 -0.77280886 0.02333813
vn 0.60447053 -0.79649974 0.01426677
vn 0.58188062 -0.81318732 0.01188758
vn 0.73071004 -0.68246466 0.01745944
vn 0.70430603 -0.70981168 0.01097246
vn 0.68407668 -0.72936715 0.00791545
vn 0.81444332 -0.58009973 0.01289912
vn 0.79241120 -0.60992706 0.00857157
vn 0.77434623 -0.63274198 0.00505017
vn 0.88391437 -0.46753905 0.01013031
vn 0.88391398 -0.46753980 0.01012967
vn 0.86681955 -0.49858092 0.00639772
vn 0.85109547 -0.52499777 0.00371952
vn 0.92375792 -0.38295404 -0.00418501
vn 0.91500175 -0.40340825 -0.00579480
vn 0.89986327 -0.43602795 0.01121285
vn 0.97561317 -0.21924130 0.01059199
vn 0.96732204 -0.25352773 0.00343050
vn 0.95880114 -0.28382493 0.01199100
vn 0.98795229 -0.15466352 0.00542875
vn 0.99325212 -0.11513051 -0.01397103
vn 0.99581121 -0.08749536 -0.02654428
vn 0.98197571 -0.18878681 0.00912410
vn 0.97548167 -0.21974247 0.01219671
vn 0.99982222 0.01731561 -0.00746282
vn 0.99925253 0.03862416 -0.00159751
vn 0.99691536 0.07805667 0.00818095
vn 0.99970614 -0.02172869 0.01074678
vn 0.99926192 -0.03823462 -0.00370492
vn 0.99700891 -0.04212360 -0.06479846
vn 0.97562873 0.21921633 0.00963228
vn 0.98407240 0.17770986 -0.00455094
vn 0.98767239 0.15603870 -0.01245696
vn 0.94120641 0.33782553 0.00209869
vn 0.95218958 0.30546220 -0.00527704
vn 0.95826706 0.28562843 -0.01185923
vn 0.87579843 0.48267685 -0.00041662
vn 0.89344782 0.44912764 -0.00594545
vn 0.90430075 0.42655808 -0.01698119
vn 0.80854290 0.58842927 -0.00306285
vn 0.81075562 0.58538414 0.00085709
vn 0.82645619 0.56299568 -0.00245418
vn 0.84365362 0.53664071 -0.01628828
vn 0.75906142 0.64407781 0.09481316
vn 0.76066073 0.64908114 -0.00942980
vn 0.78775332 0.61596675 -0.00544637
vn 0.72912445 0.68438110 -0.00020257
vn -0.95737928 -0.19001425 0.21753047
vn -0.94465838 -0.23743247 0.22637662
vn -0.96483760 -0.16847462 0.20175408
vn -0.87500460 -0.47984113 0.06418290
vn -0.86747500 -0.49233345 0.07137857
vn -0.84785815 -0.51125703 0.14054470
vn -0.73421774 0.67428898 -0.07911175
vn -0.73113733 0.68014916 -0.05324785
vn -0.59780139 0.79831459 -0.07298840
vn -0.91221248 -0.40665880 0.04997006
vn -0.94910276 -0.31377760 0.02734165
vn -0.97646397 -0.21564342 0.00400295
vn -0.99332034 -0.11361957 -0.02013188
vn -0.99898341 -0.00866728 -0.04423818
vn -0.94680102 0.30179499 -0.11174801
vn -0.70889426 0.70076899 -0.07994845
vn -0.70893346 0.70073050 -0.07993819
vn -0.69118510 0.71764508 -0.08513933
vn -0.84889465 0.52657407 -0.04579979
vn -0.85820727 0.51160185 -0.04175913
vn -0.84842754 0.52623904 -0.05694896
vn -0.95687139 0.28917028 0.02788719
vn -0.96107428 0.27525436 0.02390120
vn -0.95346095 0.30114754 0.01491235
vn -0.82738754 -0.55629757 0.07721971
vn -0.62244815 -0.77257697 0.12523230
vn -0.69265305 -0.71534110 0.09229767
vn -0.43976876 -0.86767654 0.23182077
vn -0.70733782 -0.68704839 0.16624593
vn -0.81541127 -0.57237152 0.08657541
vn -0.72750921 -0.65833775 0.19318838
vn -0.80109657 -0.57783189 0.15605958
vn -0.73399709 -0.64758766 0.20464239
vn -0.79859852 -0.56687435 0.20222233
vn -0.86907055 -0.43492796 0.23569906
vn -0.85561913 -0.45552026 0.24579910
vn -0.72226388 -0.63436332 0.27553235
vn -0.60904096 -0.72342231 0.32516037
vn -0.75276400 -0.58355396 0.30464920
vn -0.91902044 -0.31325527 0.23931687
vn -0.89876574 -0.35193343 0.26146322
vn -0.90200670 -0.34754054 0.25612397
vn -0.83502147 -0.46177158 0.29917579
vn -0.88771518 -0.36964272 0.27445586
vn -0.87365442 -0.39561893 0.28322010
vn -0.87296111 -0.39239297 0.28977001
vn -0.89675297 -0.35035894 0.27033818
vn -0.88732258 -0.36925384 0.27624307
vn -0.88371538 -0.37626763 0.27833396
vn -0.90689973 -0.32919264 0.26299258
vn -0.88866291 -0.35931592 0.28490402
vn -0.97094555 -0.13532810 0.19736020
vn -0.94424174 -0.21941405 0.24548931
vn -0.95738344 -0.18722160 0.21992047
vn -0.92631340 -0.28160052 0.25028909
vn -0.96531745 -0.16735357 0.20038714
vn -0.96225825 -0.17322044 0.20988985
vn -0.95188836 -0.21857319 0.21478901
vn -0.96691943 -0.15944385 0.19910920
vn -0.97675078 -0.11499611 0.18092485
vn -0.98091250 -0.07455350 0.17958967
vn -0.97370209 -0.12108489 0.19298363
vn -0.98259954 -0.06209679 0.17504896
vn -0.99226317 0.04061794 0.11732005
vn -0.98079764 -0.11468214 0.15774659
vn -0.97968320 -0.11787835 0.16225144
vn -0.98357291 0.15086971 0.09910931
vn -0.98564933 -0.04344688 0.16311890
vn -0.98924864 0.11617122 0.08883347
vn -0.98669125 0.14340557 0.07665003
vn -0.97762021 0.20261415 0.05662364
vn -0.95486091 0.29465401 0.03767843
vn -0.89996301 0.43475403 -0.03248868
vn -0.91844092 0.39546364 -0.00864723
vn -0.93638555 0.35096726 -0.00202046
vn -0.94523075 0.32630843 0.00785164
vn -0.88922215 0.45604491 -0.03615270
vn -0.89417728 0.44659898 -0.03156498
vn -0.87228953 0.48673642 -0.04688965
vn -0.89449062 0.44598764 -0.03132973
vn -0.83244917 0.55068256 -0.06145801
vn -0.81675139 0.57355575 -0.06285679
vn -0.79534424 0.60187442 -0.07193552
vn -0.81675959 0.57354441 -0.06285363
vn -0.79652924 0.60130450 -0.06304017
vn -0.78355529 0.61624086 -0.07929886
vn -0.76844482 0.63410034 -0.08607736
vn -0.78793208 0.61270575 -0.06127563
vn -0.77250697 0.63250025 -0.05635964
vn -0.80869720 0.58724150 -0.03400395
vn -0.73389054 0.67754310 -0.04837375
vn -0.65556640 0.75422510 -0.03711061
vn -0.75005661 0.66115820 -0.01687946
vn -0.67544658 0.73643452 -0.03789617
vn -0.67489090 0.73690491 -0.03864475
vn -0.74111267 0.67073022 -0.02954620
vn -0.78182190 0.61785743 -0.08370606
vn -0.78407915 0.61310038 -0.09658060
vn -0.73529053 0.67040156 -0.09954693
vn -0.78023105 0.61574192 -0.11000633
vn -0.79716380 0.59193822 -0.11890763
vn -0.78970225 0.60279751 -0.11404177
vn -0.78992354 0.59623576 -0.14326100
vn -0.80788703 0.57645867 -0.12253141
vn -0.77911220 0.60721272 -0.15581044
vn -0.76507208 0.62152077 -0.16845367
vn -0.74956950 0.63733995 -0.17872704
vn -0.73158364 0.65611979 -0.18518155
vn -0.80278390 0.57201668 -0.16832982
vn -0.85907853 0.48898474 -0.15125478
vn -0.90752583 0.39851858 -0.13258887
vn -0.97546974 0.20102913 -0.08969992
vn -0.99305607 0.09653880 -0.06723017
vn -0.88294259 0.46621863 -0.05525011
vn -0.85364243 0.51480128 -0.07921016
vn -0.82872245 0.55224887 -0.09077603
vn -0.82154739 0.56069339 -0.10335769
vn -0.90920268 0.41517247 -0.03134177
vn -0.87109537 0.48735268 -0.06066477
vn -0.83775267 0.54047036 -0.07786050
vn -0.79952989 0.59223525 -0.10004676
vn -0.76790915 0.63224874 -0.10284488
vn -0.79556319 0.59910921 -0.09026279
vn -0.75211633 0.65258134 -0.09197077
vn -0.61914814 0.78228401 -0.06846397
vn -0.94877698 0.31560302 0.01473027
vn -0.95105876 0.30852668 0.01727799
vn -0.91658925 0.39925480 -0.02144176
vn -0.86806559 0.49306174 -0.05789866
vn -0.88158378 0.46968909 -0.04692770
vn -0.88758396 0.45856041 -0.04378424
vn -0.90223735 0.42998200 -0.03291282
vn -0.93143646 0.36382912 -0.00738164
vn -0.95535404 0.29467658 0.02154903
vn -0.94059225 0.33952259 0.00325876
vn -0.98586450 0.14475414 0.08436479
vn -0.97976704 0.18888157 0.06618379
vn -0.98918445 -0.01931945 0.14539905
vn -0.91580558 0.40103807 -0.02164748
vn -0.92212066 0.38658021 -0.01578725
vn -0.84574479 0.52977882 -0.06364089
vn -0.82195532 0.56437739 -0.07660040
vn -0.99951669 -0.02878680 0.01173473
vn -0.99693071 0.07624146 -0.01778759
vn -0.99776033 -0.03022455 0.05967243
vn -0.99702567 0.07253756 0.02604081
vn -0.99541563 -0.01424807 0.09457656
vn -0.99473148 0.08413167 0.05857601
vn -0.99355227 0.02058752 0.11149011
vn -0.99083643 0.11223223 0.07514719
vn -0.99133950 0.07571583 0.10729918
vn -0.98466133 0.15827791 0.07341775
vn -0.98349491 0.16291079 0.07872636
vn -0.98798483 0.11940931 0.09811929
vn -0.98505009 0.14821096 0.08780564
vn -0.99020630 0.07599644 0.11711542
vn -0.99016062 0.01293008 0.13933686
vn -0.99011309 -0.00651621 0.14011997
vn -0.98672792 -0.07070182 0.14618231
vn -0.98529677 -0.11206135 0.12896716
vn -0.98691616 -0.13234584 0.09209275
vn -0.99023629 -0.13332385 0.04070421
vn -0.96951732 -0.23519283 0.06870592
vn -0.96495743 -0.23186706 0.12286098
vn -0.96477127 -0.20777424 0.16138855
vn -0.97065422 -0.16061913 0.17897452
vn -0.98115786 -0.08828269 0.17185870
vn -0.98613115 -0.04047751 0.16095627
vn -0.98975400 0.01368237 0.14212604
vn -0.99021650 0.07435456 0.11807913
vn -0.98607655 0.13976598 0.09010279
vn -0.89740687 -0.42455403 0.12006156
vn -0.93819273 -0.33274280 0.09527132
vn -0.89126373 -0.41718128 0.17778850
vn -0.93271309 -0.32723341 0.15154071
vn -0.89567440 -0.38729785 0.21855831
vn -0.79106231 -0.56681030 0.23010109
vn -0.79106857 -0.56680296 0.23009766
vn -0.84847378 -0.48900446 0.20240279
vn -0.84915805 -0.46917687 0.24249467
vn -0.89367363 -0.37308755 0.24930529
vn -0.94587291 -0.24789254 0.20946058
vn -0.91746628 -0.32184241 0.23382277
vn -0.93458094 -0.29987860 0.19139302
vn -0.99013822 0.08181999 0.11371806
vn -0.98423609 -0.05308700 0.16870418
vn -0.98951332 0.00953791 0.14412636
vn -0.97266987 -0.12639400 0.19477649
vn -0.98390472 -0.05727178 0.16926739
vn -0.97489634 -0.11609805 0.18999572
vn -0.95614695 -0.19399941 0.21942477
vn -0.92715120 -0.28425866 0.24410583
vn -0.93422864 -0.26129879 0.24277519
vn -0.90779392 -0.32878583 0.26040370
vn -0.84975283 -0.44346621 0.28505761
vn -0.86794390 -0.42078482 0.26384375
vn -0.93336989 0.35888947 -0.00435961
vn -0.94843240 0.31669347 0.01346167
vn -0.96563530 0.25681753 0.03991530
vn -0.96112247 0.27438170 0.03095607
vn -0.97647120 0.20699398 0.06047718
vn -0.97172970 0.23102747 0.04865904
vn -0.98436450 0.15628679 0.08124632
vn -0.98911142 0.10686237 0.10118809
vn -0.99035073 0.02561283 0.13619622
vn -0.97684095 -0.11211396 0.18224221
vn -0.97448819 -0.11570287 0.19231644
vn -0.81794474 0.55414994 -0.15454533
vn -0.83017761 0.54018511 -0.13785930
vn -0.83869551 0.53082432 -0.12171847
vn -0.84284295 0.52704308 -0.10881797
vn -0.84205598 0.52999830 -0.10021743
vn -0.87279609 0.47040851 -0.13016457
vn -0.91935128 0.37946120 -0.10393473
vn -0.88248474 0.45790802 -0.10742866
vn -0.92647577 0.36873496 -0.07534701
vn -0.88777094 0.45190359 -0.08744081
vn -0.92893562 0.36660771 -0.05174361
vn -0.88835040 0.45327518 -0.07331560
vn -0.92674347 0.37390137 -0.03666483
vn -0.88363260 0.46333044 -0.06721847
vn -0.91936163 0.39206594 -0.03253456
vn -0.95624136 0.28247926 -0.07620973
vn -0.96085833 0.27382518 -0.04208367
vn -0.96105057 0.27595766 -0.01513845
vn -0.95707619 0.28983574 0.00064468
vn -0.94837758 0.31712986 0.00293609
vn -0.89743595 0.43942743 -0.03888760
vn -0.93207066 0.36219867 -0.00751031
vn -0.95592287 0.29281738 0.02166673
vn -0.93305719 0.35960935 -0.00924150
vn -0.90516786 0.42319208 -0.03974430
vn -0.89780499 0.43785088 -0.04725253
vn -0.98235004 0.18093919 -0.04742789
vn -0.98461574 0.17454326 -0.00815444
vn -0.98319444 0.18125569 0.02179613
vn -0.97862361 0.20209915 0.03810204
vn -0.97029759 0.23880257 0.03867711
vn -0.97309497 0.22438684 0.05231374
vn -0.96489738 0.25962664 0.03958605
vn -0.97273818 0.22535746 0.05472152
vn -0.97931657 0.19001639 0.06951848
vn -0.25596193 -0.40979185 0.87553077
vn -0.26664950 -0.45649063 0.84883117
vn -0.20409722 -0.47437326 0.85633775
vn -0.47897240 -0.87414745 0.08032233
vn -0.85582394 0.09951928 0.50760349
vn -0.87712749 0.17020023 0.44908713
vn -0.91176066 0.17448254 0.37181763
vn -0.89805858 0.09984313 0.42839484
vn -0.93929117 0.17582951 0.29464570
vn -0.95842849 0.09764867 0.26810365
vn -0.94973309 0.01940311 0.31245891
vn -0.91772588 0.02235012 0.39658503
vn -0.99170540 -0.04809514 0.11919424
vn -0.99476873 0.02647629 0.09866200
vn -0.99810484 0.03626834 0.04971255
vn -0.91540331 0.40216787 0.01725614
vn -0.94315005 0.33085122 0.03170884
vn -0.94239037 0.32961004 0.05707541
vn -0.60693171 -0.75903418 0.23558654
vn -0.68198813 -0.69756432 0.21976402
vn -0.68611232 -0.66975087 0.28404868
vn -0.42854096 -0.67691108 0.59845136
vn -0.45392479 -0.61863347 0.64128380
vn -0.33743929 -0.64156633 0.68885947
vn -0.55759938 -0.36974834 0.74321538
vn -0.47936742 -0.40249109 0.77987678
vn -0.48182458 -0.45339329 0.74985305
vn 0.92481364 0.21494172 0.31387863
vn 0.93399669 0.25432363 0.25093760
vn 0.93804800 0.19947410 0.28333026
vn 0.72866966 -0.15365568 0.66740577
vn 0.72066268 -0.20413272 0.66255198
vn 0.65399796 -0.24244284 0.71659483
vn 0.91976910 0.30540623 0.24647889
vn 0.84897328 0.52612636 0.04935012
vn 0.88016174 0.46585105 0.09109396
vn 0.88202041 0.46790650 0.05570906
vn 0.79876857 -0.32566276 0.50587799
vn 0.84021038 -0.26589608 0.47259475
vn 0.78655158 -0.24741344 0.56579432
vn 0.50968128 -0.57135443 0.64325664
vn 0.55906475 -0.54253863 0.62697563
vn 0.50637706 -0.49169736 0.70838971
vn 0.60865706 -0.50938243 0.60833061
vn 0.65806954 -0.47145238 0.58709209
vn 0.60074425 -0.43057495 0.67358114
vn 0.41251573 -0.61765695 0.66957499
vn 0.46078962 -0.59625425 0.65738406
vn 0.41540204 -0.53729749 0.73399765
vn 0.28563789 -0.58446836 0.75947860
vn 0.32827573 -0.57082329 0.75259272
vn 0.29786230 -0.50976224 0.80710626
vn 0.75611266 0.65431579 -0.01282543
vn 0.80645485 0.59123062 -0.00877065
vn 0.90130405 0.43261064 0.02233929
vn 0.25616295 -0.87271295 0.41563523
vn 0.09335980 -0.84839945 0.52105885
vn -0.09227061 -0.84682292 0.52381015
vn -0.25171910 -0.87251547 0.41875321
vn -0.53379315 -0.82292035 0.19459438
vn -0.62524409 -0.76936779 0.13093136
vn -0.85138301 -0.41297294 0.32341971
vn -0.98479459 0.11608766 0.12924117
vn -0.95826054 0.27638455 0.07313211
vn -0.93620692 0.34801248 0.04902982
vn -0.87282322 0.48744533 0.02401429
vn -0.77510564 0.63093331 -0.03368080
vn -0.75711233 0.65292288 -0.02174025
vn -0.75941602 0.64961666 -0.03585385
vn -0.83889618 0.54422169 -0.00871524
vn -0.80913430 0.58738250 -0.01683706
vn -0.90870065 0.41687163 0.02193560
vn -0.97488328 0.20092832 0.09607494
vn -0.96132493 -0.11047258 0.25228991
vn -0.96872290 -0.06194968 0.24028770
vn -0.97385545 -0.03040866 0.22512415
vn -0.98563320 0.02248685 0.16739632
vn -0.94565478 -0.17225110 0.27580173
vn -0.91594358 -0.26998276 0.29691187
vn -0.88835460 -0.34787680 0.29967956
vn -0.81285591 -0.47982741 0.33019832
vn -0.75780765 -0.57261353 0.31279596
vn -0.73299663 -0.62834286 0.26057859
vn -0.70795030 -0.67434371 0.20992125
vn -0.71812212 -0.68467743 0.12456902
vn -0.77178817 -0.63285201 0.06197859
vn -0.70767332 -0.69685366 0.11659092
vn -0.72844634 -0.67615284 0.11037780
vn -0.61302602 -0.76973892 0.17804803
vn -0.46072913 -0.86101993 0.21534471
vn -0.46726804 -0.84493599 0.26027630
vn -0.39617516 -0.87333613 0.28342416
vn -0.42461367 -0.83949465 0.33904565
vn -0.33257799 -0.86254552 0.38132284
vn -0.26903861 -0.83714303 0.47624550
vn -0.18281182 -0.84413610 0.50399810
vn -0.00062368 -0.84889404 0.52856270
vn 0.18517689 -0.84605037 0.49990829
vn 0.27345024 -0.83733088 0.47339409
vn 0.33246964 -0.86577873 0.37402024
vn 0.42520713 -0.84179161 0.33254440
vn 0.39454154 -0.87480831 0.28115369
vn 0.46382237 -0.86009656 0.21237401
vn 0.53415001 -0.82323338 0.19227734
vn 0.62565838 -0.76800542 0.13681838
vn 0.70488767 -0.70174395 0.10338661
vn 0.70584014 -0.69720553 0.12527631
vn 0.76234197 -0.64237744 0.07865079
vn 0.73970259 -0.66060940 0.12820024
vn 0.72681163 -0.65789193 0.19728929
vn 0.75537793 -0.58091732 0.30321487
vn 0.72590199 -0.63255175 0.27008255
vn 0.80735813 -0.49270265 0.32467977
vn 0.84496432 -0.42757835 0.32126632
vn 0.88349117 -0.35047317 0.31082456
vn 0.96120050 -0.14752244 0.23308953
vn 0.91887668 -0.25752235 0.29891118
vn 0.98049596 -0.05854505 0.18761704
vn 0.98856184 0.04213685 0.14481015
vn 0.97375977 0.13594940 0.18250938
vn 0.96860024 0.18172614 0.16967376
vn 0.96200006 0.23428177 0.14024241
vn 0.95585372 0.26511374 0.12672164
vn 0.94445278 0.30485994 0.12275734
vn 0.93302931 0.34055538 0.11609630
vn 0.92014837 0.38055305 0.09222989
vn 0.87554579 0.48313510 0.00021486
vn 0.84235392 0.53892459 -0.00040683
vn 0.76179492 0.64668122 -0.03836537
vn 0.77210814 0.63434080 -0.03822005
vn 0.75831920 0.65077764 -0.03795336
vn 0.75634524 0.65340795 -0.03162176
vn 0.75654052 0.65354356 -0.02296231
vn 0.80360659 0.59509030 -0.00916466
vn 0.84434323 0.53578499 -0.00435370
vn 0.88116351 0.47281100 0.00079643
vn 0.91495998 0.40346349 0.00809055
vn 0.94242148 0.33410525 0.01467753
vn 0.96492323 0.26155341 0.02264909
vn 0.98177872 0.18760400 0.03025365
vn 0.99293268 0.11228917 0.03841659
vn 0.99824905 0.03640805 0.04661849
vn 0.99771767 -0.03795756 0.05584507
vn 0.99399519 -0.10500520 0.03078114
vn 0.98295882 -0.18053223 0.03464195
vn 0.94526057 -0.32341574 0.04341322
vn 0.96664421 -0.25329155 0.03797853
vn 0.91802250 -0.39350312 0.04888738
vn 0.88612747 -0.46033737 0.05355009
vn 0.84903756 -0.52520563 0.05739571
vn 0.80921728 -0.58429752 0.06134988
vn 0.76303296 -0.64292943 0.06650150
vn -0.00009342 -0.99541118 0.09568998
vn 0.07161739 -0.99281773 0.09583267
vn 0.14297540 -0.98513153 0.09525702
vn 0.21356177 -0.97238301 0.09414161
vn 0.28306772 -0.95462618 0.09252848
vn 0.35120703 -0.93191824 0.09045453
vn 0.41769399 -0.90432368 0.08792278
vn 0.48223476 -0.87191577 0.08492654
vn 0.54527891 -0.83435821 0.08072971
vn 0.60352204 -0.79368361 0.07633792
vn 0.66030443 -0.74738221 0.07360635
vn 0.71356650 -0.69705279 0.07028697
vn 0.00202899 -0.73415597 0.67897784
vn -0.00000094 -0.77694441 0.62956920
vn 0.04996665 -0.77163115 0.63410465
vn 0.10077547 -0.77228734 0.62722928
vn 0.15216454 -0.75827586 0.63392718
vn 0.10553251 -0.72403199 0.68164548
vn 0.08358941 -0.69743035 0.71176100
vn 0.01137842 -0.69665350 0.71731753
vn 0.00491440 -0.65854804 0.75252264
vn 0.16993027 -0.64064464 0.74879780
vn 0.08208105 -0.65346629 0.75249220
vn 0.13539290 -0.69489872 0.70624679
vn 0.18224032 -0.69182521 0.69868902
vn 0.22673300 -0.67896064 0.69828690
vn 0.26287705 -0.61839213 0.74059896
vn 0.27458781 -0.67214079 0.68762512
vn 0.32011781 -0.65141130 0.68788655
vn 0.01008039 -0.61455996 0.78880570
vn 0.08035825 -0.61176644 0.78694623
vn 0.16088057 -0.60243876 0.78178320
vn 0.23663669 -0.59135544 0.77090974
vn 0.00149869 -0.55689071 0.83058443
vn 0.07426247 -0.55536060 0.82828720
vn 0.14841059 -0.54649815 0.82420512
vn 0.21330375 -0.53375671 0.81829413
vn 0.36491872 -0.63593836 0.68001230
vn 0.37137976 -0.55538444 0.74405994
vn 0.46039783 -0.51620743 0.72219369
vn 0.25949621 -0.52032104 0.81358942
vn 0.26654450 -0.45643935 0.84889172
vn 0.20409593 -0.47437150 0.85633903
vn 0.99193880 -0.04863916 0.11701128
vn 0.98826636 -0.11873810 0.09607743
vn 0.99151463 -0.11336531 0.06361640
vn 0.94512234 -0.20672782 0.25299679
vn 0.91734577 -0.20642388 0.34039084
vn 0.90629124 -0.27666654 0.31951810
vn 0.88124305 -0.27518899 0.38429377
vn 0.87014739 -0.34664384 0.35025928
vn 0.84368081 -0.33928677 0.41603747
vn 0.83073880 -0.40877634 0.37785572
vn 0.80177822 -0.39830008 0.44554318
vn 0.78731688 -0.46600138 0.40370143
vn 0.75645327 -0.45203345 0.47269886
vn 0.74068913 -0.51815537 0.42766181
vn 0.70859192 -0.50044489 0.49744588
vn 0.69158434 -0.56525030 0.44967010
vn 0.65894375 -0.54367572 0.51981712
vn 0.64065530 -0.60740083 0.46970736
vn 0.60816498 -0.58195926 0.53986922
vn 0.58845823 -0.64481475 0.48778157
vn 0.55675889 -0.61561237 0.55771045
vn 0.53543651 -0.67775329 0.50394267
vn 0.50511814 -0.64497774 0.57346262
vn 0.48193640 -0.70651633 0.51823931
vn 0.45351457 -0.67042404 0.58724454
vn 0.42821095 -0.73139584 0.53074995
vn 0.40210832 -0.69229465 0.59919698
vn 0.37441713 -0.75268148 0.54155554
vn 0.35099480 -0.71090909 0.60943491
vn 0.32067687 -0.77062678 0.55072744
vn 0.30021648 -0.72654074 0.61806845
vn 0.26702495 -0.78546426 0.55834001
vn 0.24973040 -0.73942914 0.62520339
vn 0.21346932 -0.79737497 0.56446790
vn 0.19949976 -0.74975755 0.63092271
vn 0.16000577 -0.80650987 0.56915726
vn 0.10659602 -0.81296769 0.57246906
vn 0.05322628 -0.81682370 0.57442667
vn 0.75393765 -0.37982377 0.53601486
vn 0.74228782 -0.30169489 0.59832180
vn 0.87712492 -0.20081624 0.43626221
vn 0.82753665 -0.18738321 0.52921699
vn 0.84692630 0.53132185 0.02032088
vn 0.88229626 0.46972282 0.03022872
vn 0.84533466 0.53422217 0.00399876
vn 0.88237682 0.47035833 0.01319786
vn 0.84462460 0.53533508 -0.00506254
vn 0.88226081 0.47074453 0.00392961
vn 0.84438471 0.53568505 -0.00748257
vn 0.81478593 0.57969717 0.00866520
vn 0.80703661 0.59038762 -0.01159142
vn 0.80372261 0.59470529 -0.01885702
vn 0.80233789 0.59652121 -0.02040490
vn 0.80204160 0.59703234 -0.01678252
vn 0.88679924 0.24135607 0.39412479
vn 0.91213221 0.17416579 0.37105404
vn 0.91705157 0.24860266 0.31179020
vn 0.93955560 0.17579470 0.29382223
vn 0.93714354 0.25220609 0.24115155
vn 0.95882034 0.17628906 0.22267851
vn 0.95073522 0.25359890 0.17829790
vn 0.97116101 0.17685041 0.15990695
vn 0.95906801 0.25424124 0.12469940
vn 0.97812481 0.17846565 0.10687316
vn 0.96345801 0.25528800 0.08109685
vn 0.98125998 0.18184281 0.06373415
vn 0.96511590 0.25753347 0.04719968
vn 0.87835965 0.45979272 0.13067131
vn 0.84572383 0.52785288 0.07824668
vn 0.87744978 0.44204940 0.18621015
vn 0.37634909 -0.48008773 0.79238698
vn 0.33666349 -0.49605973 0.80036394
vn 0.34482019 -0.42756867 0.83563394
vn 0.30900926 -0.44132047 0.84246633
vn 0.31570907 -0.38758646 0.86608575
vn 0.25596131 -0.40979079 0.87553145
vn 0.41708188 -0.46154029 0.78295802
vn 0.38142900 -0.41059741 0.82820389
vn 0.35656861 -0.36938497 0.85814542
vn 0.30421132 -0.35224950 0.88508517
vn 0.24432233 -0.37412189 0.89461691
vn 0.19425813 -0.42960192 0.88187639
vn 0.18367463 -0.38947695 0.90253606
vn 0.13029707 -0.44261647 0.88719408
vn 0.12324455 -0.40014030 0.90812913
vn 0.06558649 -0.45039301 0.89041818
vn 0.06204892 -0.40648093 0.91154988
vn -0.00000000 -0.45299409 0.89151352
vn -0.00001331 -0.40857764 0.91272357
vn -0.06206813 -0.40641857 0.91157638
vn 0.45897590 -0.44004337 0.77181795
vn 0.41913801 -0.39107358 0.81938073
vn 0.39166781 -0.35285195 0.84975986
vn 0.36431825 -0.32740862 0.87182326
vn 0.55323721 -0.46331346 0.69229273
vn 0.54626180 -0.38647865 0.74312334
vn 0.50204816 -0.41517927 0.75866582
vn 0.49825713 -0.34290926 0.79633729
vn 0.45805618 -0.36864840 0.80887755
vn 0.46502678 -0.30968993 0.82936255
vn 0.42767536 -0.33271897 0.84047122
vn 0.44307094 -0.28873355 0.84871732
vn 0.40602863 -0.30793650 0.86041610
vn 0.41415360 -0.28279001 0.86516276
vn 0.35258904 -0.30858075 0.88343584
vn 0.49909885 -0.24011707 0.83261283
vn 0.48129406 -0.26608846 0.83519636
vn 0.52135583 -0.23998270 0.81889951
vn 0.50382073 -0.28336081 0.81600939
vn 0.54405122 -0.25326854 0.79991457
vn 0.53971246 -0.31341162 0.78133451
vn 0.58227200 -0.27967479 0.76337496
vn 0.59140358 -0.35344788 0.72478714
vn 0.63713192 -0.31558931 0.70318298
vn 0.64850049 -0.39300673 0.65191474
vn 0.69594715 -0.35015675 0.62693525
vn 0.70673612 -0.42836988 0.56304822
vn 0.48715581 -0.26586605 0.83186204
vn 0.41088429 -0.29671880 0.86205107
vn 0.45788566 -0.26148980 0.84968454
vn 0.68285198 -0.27247150 0.67784398
vn 0.62560828 -0.24123698 0.74190229
vn 0.58552137 -0.21899026 0.78051777
vn 0.56313517 -0.20998841 0.79923942
vn 0.53833940 -0.21640629 0.81446854
vn 0.72780933 -0.22371694 0.64826253
vn 0.66923153 -0.19765944 0.71628200
vn 0.62794578 -0.18007249 0.75713803
vn 0.60639431 -0.17564115 0.77552313
vn 0.58416504 -0.18756106 0.78966579
vn 0.85518512 0.13205601 0.50121813
vn 0.85414058 0.17131671 0.49101370
vn 0.87662081 0.17190974 0.44942518
vn 0.91526431 0.40249259 0.01705750
vn 0.94300853 0.33126879 0.03155795
vn 0.91510037 0.40179819 0.03390471
vn 0.94229966 0.32994202 0.05665354
vn 0.91400486 0.40133436 0.05937889
vn 0.93982092 0.32932058 0.09101973
vn 0.91156788 0.40022241 0.09415956
vn 0.93475355 0.32855803 0.13522357
vn 0.90730979 0.39708290 0.13825380
vn 0.92615875 0.32637105 0.18897593
vn 0.90067724 0.39005345 0.19141266
vn 0.91304988 0.32107323 0.25149929
vn 0.88901698 0.37728842 0.25942677
vn 0.89185316 0.31064196 0.32878491
vn 0.88952152 0.27404766 0.36558083
vn 0.88137008 0.18995012 0.43255721
vn 0.87669528 0.45908131 0.14370017
vn 0.84000643 0.53995248 0.05329648
vn 0.86080504 0.50397158 0.07090368
vn 0.90551373 0.35886781 0.22640402
vn 0.90144262 0.40882688 0.14234390
vn 0.89111685 0.44859183 0.06838218
vn 0.90145952 0.17092948 0.39768562
vn 0.89497932 0.25621242 0.36519477
vn 0.90017842 0.31269032 0.30315603
vn 0.89035739 0.35022377 0.29087286
vn 0.88690355 0.40763355 0.21734069
vn 0.86130335 0.49532174 0.11319416
vn 0.91382742 0.25555273 0.31561408
vn 0.91357986 0.39556127 0.09435640
vn 0.91867899 0.35834533 0.16618527
vn 0.77092909 -0.16919537 0.61403685
vn 0.71234757 -0.14866682 0.68590022
vn 0.67078126 -0.13616633 0.72904817
vn 0.65066621 -0.13655937 0.74698395
vn 0.62592826 -0.15668221 0.76397938
vn 0.57195135 -0.22074509 0.79002738
vn 0.99118800 0.10481017 0.08100110
vn 0.99473766 0.02712905 0.09879777
vn 0.98594493 0.10024021 0.13365812
vn 0.98670666 0.02148270 0.16108524
vn 0.97566227 0.09810752 0.19610723
vn 0.97235659 0.01910401 0.23271806
vn 0.95856091 0.09783141 0.26756309
vn 0.94984286 0.01957737 0.31211420
vn 0.93307609 0.09862199 0.34589408
vn 0.91785007 0.02229610 0.39630056
vn 0.89828938 0.09952088 0.42798574
vn 0.87607412 0.02646103 0.48144984
vn 0.85598248 0.09887042 0.50746294
vn 0.82726702 0.03047955 0.56098153
vn 0.82588948 0.08947323 0.55668762
vn 0.79224050 0.02642759 0.60963643
vn 0.81823570 0.06852727 0.57078399
vn 0.78051224 0.01066720 0.62504948
vn 0.80805548 0.01342641 0.58895337
vn 0.76610759 -0.03511680 0.64175227
vn 0.79196065 -0.06022873 0.60759429
vn 0.74776347 -0.09874672 0.65658120
vn 0.78739200 -0.11020002 0.60652271
vn 0.77240619 -0.16450709 0.61345424
vn 0.64816706 -0.20295574 0.73395397
vn 0.69655085 -0.13348452 0.70498141
vn 0.72137873 -0.08011358 0.68789137
vn 0.73897170 -0.04325950 0.67234622
vn 0.75416976 -0.03270463 0.65586460
vn 0.79274321 -0.03421025 0.60859500
vn 0.84651786 -0.04346427 0.53058305
vn 0.89448107 -0.05167267 0.44410984
vn 0.93291643 -0.05711930 0.35553385
vn 0.96127668 -0.05903454 0.26918781
vn 0.98030586 -0.05556881 0.18950604
vn 0.56566288 -0.28346862 0.77438430
vn 0.64318704 -0.17180928 0.74618497
vn 0.67536965 -0.12089821 0.72750220
vn 0.69522451 -0.09243215 0.71282479
vn 0.71323176 -0.08701925 0.69550565
vn 0.75395038 -0.09410981 0.65015550
vn 0.81098002 -0.10895633 0.57483905
vn 0.86396713 -0.12190026 0.48857050
vn 0.90838585 -0.13093895 0.39710218
vn 0.94272875 -0.13515170 0.30495332
vn 0.96502169 -0.13309565 0.22587318
vn 0.97661562 -0.12819111 0.17259484
vn 0.98282524 -0.12568579 0.13512077
vn 0.84063855 -0.01693445 0.54133174
vn 0.84426756 0.06890001 0.53147443
vn 0.86997572 0.12142594 0.47791001
vn 0.87523661 0.06374430 0.47947632
vn 0.93539225 0.30232564 0.18341358
vn 0.95037170 0.24144234 0.19621218
vn 0.94477793 0.15436832 0.28907627
vn 0.93050129 0.10915668 0.34964577
vn 0.92411461 0.16709018 0.34364671
vn 0.90187877 0.10898478 0.41801554
vn 0.87848655 0.01745937 0.47744796
vn 0.86610681 -0.03923575 0.49831672
vn 0.82864691 -0.07501448 0.55472257
vn 0.85606757 -0.10425066 0.50624116
vn 0.81865602 -0.13456400 0.55829638
vn 0.92918859 0.04000448 0.36743463
vn 0.94569006 0.14231141 0.29226317
vn 0.95309499 0.19975234 0.22739599
vn 0.90473172 0.05423290 0.42251546
vn 0.89881951 -0.00415037 0.43829928
vn 0.88948755 -0.07466106 0.45081884
vn 0.95029756 0.09801562 0.29551225
vn 0.94895505 0.07134437 0.30723654
vn 0.92327211 -0.04327385 0.38170144
vn -0.00182878 -0.72141080 0.69250496
vn -0.01109373 -0.67344087 0.73915785
vn 0.05636825 -0.67286414 0.73761539
vn 0.11041754 -0.71569390 0.68963048
vn 0.11369933 -0.67206757 0.73170871
vn 0.16846276 -0.66626344 0.72643880
vn 0.21939477 -0.70534397 0.67405921
vn 0.47933784 -0.36410553 0.79853766
vn 0.47522856 -0.31036678 0.82330449
vn 0.41256138 -0.38077814 0.82752711
vn 0.40330997 -0.33561033 0.85129712
vn 0.34595798 -0.39836087 0.84948319
vn 0.33757787 -0.35461359 0.87194632
vn 0.28378082 -0.41168221 0.86601744
vn 0.27675714 -0.36882932 0.88733895
vn 0.22474205 -0.42163669 0.87847226
vn 0.21930568 -0.37939020 0.89887045
vn 0.16772886 -0.42885011 0.88766808
vn 0.16388199 -0.38708506 0.90736313
vn 0.11180730 -0.43374867 0.89407003
vn 0.10938883 -0.39242323 0.91325686
vn 0.05611422 -0.43661297 0.89789772
vn 0.05488466 -0.39573219 0.91672445
vn 0.00000000 -0.43756444 0.89918706
vn -0.00010410 -0.39701722 0.91781115
vn -0.05513205 -0.39619076 0.91651150
vn 0.22715544 -0.66142112 0.71478844
vn 0.28051354 -0.65268469 0.70378608
vn 0.32614230 -0.68931923 0.64689273
vn 0.34024414 -0.64380030 0.68538683
vn 0.39152082 -0.63340307 0.66746685
vn 0.43042994 -0.66891408 0.60603962
vn 0.55787642 -0.37051248 0.74262669
vn 0.64673812 -0.28715521 0.70659159
vn 0.63570693 -0.34542929 0.69032986
vn 0.72111414 -0.24958889 0.64629698
vn 0.71367316 -0.30887888 0.62870061
vn 0.79101934 -0.21030623 0.57450822
vn 0.45300262 -0.62047675 0.64015407
vn 0.50256751 -0.60951951 0.61311651
vn 0.53404936 -0.64377176 0.54804124
vn 0.56575418 -0.59218409 0.57379457
vn 0.61326164 -0.58041007 0.53575584
vn 0.63014933 -0.61832824 0.46966159
vn 0.92572825 -0.18289906 0.33102136
vn 0.90779489 -0.18786393 0.37498746
vn 0.92903111 -0.10749432 0.35404262
vn 0.90388384 -0.12794713 0.40819545
vn 0.87455049 -0.15069221 0.46092656
vn 0.85349481 -0.22371162 0.47063757
vn 0.84136722 -0.17497384 0.51135639
vn 0.81619474 -0.25065356 0.52057559
vn 0.77291526 -0.28090640 0.56894077
vn 0.87702589 -0.27699829 0.39255259
vn 0.82367770 -0.30580483 0.47753372
vn 0.87769273 -0.21364390 0.42896592
vn 0.97805097 0.09288194 0.18651876
vn 0.97831367 0.04833515 0.20141024
vn 0.94925705 0.00898180 0.31437298
vn 0.96616281 -0.00167702 0.25792752
vn 0.94407558 -0.03077320 0.32828997
vn 0.94991373 -0.08978531 0.29933677
vn 0.94768654 -0.15989895 0.27626536
vn 0.96663725 -0.07508658 0.24489677
vn 0.97769902 0.00735741 0.20988209
vn 0.74693506 -0.55651221 0.36384361
vn 0.77532747 -0.50616660 0.37770714
vn 0.69126174 -0.59341364 0.41233174
vn 0.72501981 -0.53399260 0.43496917
vn 0.67688442 -0.55607734 0.48229190
vn 0.35725992 -0.82496032 0.43795642
vn 0.45059973 -0.80172021 0.39268891
vn 0.54128037 -0.76542063 0.34806152
vn 0.50985665 -0.80878796 0.29310106
vn 0.61537590 -0.72094361 0.31867352
vn 0.60809196 -0.75702211 0.23904328
vn 0.52966804 -0.81147063 0.24691532
vn 0.71858129 -0.61265964 0.32907307
vn 0.65846894 -0.65266142 0.37476890
vn 0.68635058 -0.66703177 0.28981285
vn 0.68184896 -0.69934165 0.21448368
vn 0.58788317 -0.78996219 0.17422146
vn 0.47228351 -0.84490987 0.25114856
vn -0.88010738 -0.28327804 0.38100465
vn -0.85066531 -0.37276593 0.37069406
vn -0.80026010 -0.39865864 0.44794538
vn -0.81006851 -0.43960817 0.38798669
vn -0.73197297 -0.24365485 0.63627658
vn -0.80393701 -0.20630326 0.55778513
vn -0.81027393 -0.16374957 0.56270972
vn -0.71859861 -0.30833395 0.62333476
vn -0.78810743 -0.27256664 0.55190044
vn -0.79095892 -0.23734679 0.56395965
vn -0.56442244 -0.28810187 0.77357910
vn -0.48068923 -0.31438744 0.81859538
vn -0.47842973 -0.36547671 0.79845586
vn -0.64761551 -0.24892670 0.72015946
vn -0.64037565 -0.28835267 0.71187904
vn -0.75956928 -0.46572226 0.45404546
vn -0.72169717 -0.52726353 0.44849344
vn -0.77257629 -0.49971837 0.39167260
vn -0.69126150 -0.59341032 0.41233692
vn -0.73850263 -0.56944400 0.36103656
vn -0.66623337 -0.64747823 0.37000681
vn -0.71455471 -0.61095192 0.34080688
vn -0.53913878 -0.65136690 0.53390124
vn -0.61851635 -0.55559921 0.55565011
vn -0.55386827 -0.60072966 0.57650135
vn -0.64666757 -0.50989980 0.56729467
vn -0.73714767 -0.41697281 0.53173958
vn -0.69524857 -0.49867410 0.51764232
vn -0.65870909 -0.55995223 0.50254934
vn -0.66698444 -0.43582176 0.60431047
vn -0.59998507 -0.46592647 0.65033102
vn -0.57954962 -0.52999835 0.61905087
vn -0.52663224 -0.52811325 0.66614929
vn -0.22474241 -0.42163587 0.87847256
vn -0.28378026 -0.41168142 0.86601800
vn -0.27829881 -0.37108395 0.88591562
vn -0.41189801 -0.52404002 0.74546770
vn -0.41484042 -0.47246697 0.77761327
vn -0.41469479 -0.42425487 0.80500685
vn -0.41256152 -0.38078273 0.82752493
vn -0.40698661 -0.33901707 0.84819180
vn -0.23002356 -0.51010312 0.82878464
vn -0.28956819 -0.50040471 0.81593222
vn -0.28719142 -0.45372387 0.84359691
vn -0.34810322 -0.59121054 0.72752611
vn -0.35015044 -0.53831169 0.76656063
vn -0.35093099 -0.48798776 0.79919671
vn -0.34918124 -0.44084119 0.82688059
vn -0.34596096 -0.39836125 0.84948180
vn -0.33999262 -0.35740578 0.86986558
vn -0.10976248 -0.39332678 0.91282323
vn -0.05611422 -0.43661297 0.89789772
vn 0.00000000 -0.47953225 0.87752426
vn 0.05681377 -0.47856692 0.87621110
vn 0.11325196 -0.47568586 0.87229408
vn 0.16997217 -0.47076318 0.86573177
vn 0.22771212 -0.46355873 0.85630631
vn 0.28719122 -0.45372423 0.84359678
vn 0.34918147 -0.44084148 0.82688034
vn 0.41469395 -0.42425609 0.80500664
vn 0.48014091 -0.40268061 0.77930291
vn -0.22027716 -0.38116824 0.89788014
vn -0.16448619 -0.38842300 0.90668179
vn -0.16772919 -0.42884951 0.88766830
vn -0.11180737 -0.43374844 0.89407013
vn -0.11325432 -0.47568040 0.87229675
vn -0.05681426 -0.47856677 0.87621116
vn -0.05742530 -0.52522225 0.84902528
vn 0.00000000 -0.52619591 0.85036337
vn 0.00000000 -0.57554257 0.81777182
vn 0.05741420 -0.52522523 0.84902418
vn 0.05773110 -0.57456009 0.81642380
vn 0.11446913 -0.52230244 0.84504259
vn 0.11508005 -0.57162255 0.81240645
vn 0.17180698 -0.51732822 0.83836381
vn 0.17264004 -0.56666131 0.80566145
vn 0.23002213 -0.51010238 0.82878549
vn 0.23088664 -0.55950738 0.79601686
vn 0.28956804 -0.50040289 0.81593339
vn 0.28997727 -0.55008711 0.78314580
vn 0.35093026 -0.48798616 0.79919801
vn 0.35015317 -0.53831261 0.76655873
vn 0.41483876 -0.47246539 0.77761511
vn 0.41189086 -0.52404463 0.74546840
vn 0.48182322 -0.45339494 0.74985292
vn 0.47554903 -0.50712367 0.71880366
vn 0.55171661 -0.43054784 0.71430900
vn 0.54089516 -0.48762022 0.68531668
vn 0.62359953 -0.40401393 0.66925061
vn 0.60719694 -0.46579855 0.64369526
vn 0.69572225 -0.37427525 0.61309753
vn 0.67328525 -0.44197209 0.59274585
vn 0.75982758 -0.34477303 0.55117475
vn 0.73706733 -0.41676830 0.53201122
vn 0.79571015 -0.39113699 0.46244699
vn 0.84663494 -0.36574450 0.38657502
vn -0.40275246 -0.57868079 0.70916782
vn -0.47555664 -0.50711283 0.71880628
vn -0.55171581 -0.43054581 0.71431083
vn -0.62658203 -0.35205039 0.69530963
vn -0.22510574 -0.65831731 0.71829362
vn -0.21796723 -0.71102080 0.66853549
vn -0.32446151 -0.69610240 0.64044218
vn -0.28997791 -0.55008300 0.78314846
vn -0.23080740 -0.61080357 0.75739484
vn -0.28603484 -0.60096547 0.74634079
vn -0.23088677 -0.55950815 0.79601629
vn -0.17264035 -0.56666147 0.80566128
vn -0.17095744 -0.61590389 0.76904873
vn -0.11517389 -0.62222805 0.77431726
vn -0.11239700 -0.66838683 0.73527271
vn -0.22771331 -0.46355828 0.85630623
vn -0.16996991 -0.47076098 0.86573340
vn -0.17179700 -0.51733325 0.83836275
vn -0.11446975 -0.52230249 0.84504247
vn -0.11507725 -0.57162827 0.81240282
vn -0.05773384 -0.57456228 0.81642206
vn -0.05712724 -0.62300741 0.78012707
vn 0.00000000 -0.62575252 0.78002166
vn 0.05758532 -0.62479064 0.77866590
vn 0.11474390 -0.62191675 0.77463114
vn 0.17201734 -0.61707310 0.76787423
vn 0.22967733 -0.61018787 0.75823419
vn 0.28769552 -0.60127182 0.74545522
vn 0.34606359 -0.59040907 0.72914822
vn 0.40506158 -0.57766206 0.70868305
vn 0.46495885 -0.56305476 0.68321490
vn 0.52554054 -0.54678699 0.65179071
vn 0.58631239 -0.52908608 0.61343761
vn 0.64667131 -0.50988840 0.56730066
vn 0.70541450 -0.48897301 0.51312355
vn 0.76068998 -0.46606764 0.45180937
vn 0.81067277 -0.44070136 0.38547628
vn -0.10903860 -0.72045627 0.68487470
vn -0.50435756 -0.70756205 0.49495393
vn -0.63140960 -0.62729103 0.45588143
vn -0.59950754 -0.68185080 0.41913029
vn -0.61904767 -0.71818331 0.31779350
vn -0.45106449 -0.80053724 0.39456426
vn -0.47665019 -0.75719963 0.44660196
vn -0.38151291 -0.77994574 0.49611747
vn -0.53461056 -0.74171146 0.40503784
vn -0.54851220 -0.76018773 0.34820824
vn -0.52529163 -0.79742579 0.29695254
vn -0.68602917 -0.70786715 0.16819059
vn -0.53466803 -0.80869675 0.24523390
vn -0.35627102 -0.82483313 0.43900031
vn 0.55620191 -0.73545016 0.38697868
vn 0.59358451 -0.68181357 0.42753678
vn 0.47722694 -0.75788914 0.44481289
vn 0.50604067 -0.70754245 0.49326111
vn 0.38335296 -0.77962006 0.49521013
vn 0.40865827 -0.72943758 0.54856106
vn 0.29288786 -0.79308779 0.53406785
vn 0.31159519 -0.74546866 0.58922399
vn 0.19919430 -0.80302184 0.56167389
vn 0.21098350 -0.75805372 0.61712278
vn 0.10115536 -0.80947852 0.57837022
vn 0.10678305 -0.76624412 0.63361450
vn 0.00117353 -0.81173824 0.58402025
vn 0.00109134 -0.76908700 0.63914317
vn -0.09888252 -0.80975818 0.57837180
vn -0.10462450 -0.76652450 0.63363546
vn -0.19689417 -0.80353784 0.56174695
vn -0.20864078 -0.75862481 0.61721748
vn -0.29058540 -0.79371273 0.53439707
vn -0.30896612 -0.74631114 0.58954186
vn -0.40606300 -0.73026278 0.54938977
vn -0.80154422 0.59786563 -0.00914055
vn -0.84497288 0.53479294 -0.00416380
vn -0.88152752 0.47212703 0.00230282
vn -0.80285385 0.59584366 -0.01990078
vn -0.80204199 0.59703384 -0.01671029
vn -0.84469240 0.53523344 -0.00446266
vn -0.84449631 0.53551250 -0.00723431
vn -0.88246319 0.47018062 0.01374440
vn -0.88239541 0.47049017 0.00416475
vn -0.91519066 0.40155130 0.03438909
vn -0.91482504 0.40373203 0.00977745
vn -0.94263059 0.33342714 0.01655034
vn -0.96510952 0.26081119 0.02326217
vn -0.98171094 0.18777684 0.03136045
vn -0.91401051 0.40119739 0.06021166
vn -0.93982786 0.32909539 0.09175952
vn -0.93462783 0.32847676 0.13628589
vn -0.95060263 0.25346138 0.17919814
vn -0.93684861 0.25226362 0.24223490
vn -0.88229402 0.46966619 0.03115983
vn -0.91143765 0.40023391 0.09536372
vn -0.92584817 0.32648012 0.19030476
vn -0.91657613 0.24893114 0.31292408
vn -0.84530567 0.53425936 0.00502539
vn -0.88187175 0.46802437 0.05705617
vn -0.90698027 0.39729333 0.13980275
vn -0.91250385 0.32144741 0.25299859
vn -0.89128815 0.23857901 0.38559759
vn -0.99284343 0.11226430 0.04072647
vn -0.99768445 -0.03649534 0.05739194
vn -0.99125609 0.10420824 0.08094452
vn -0.98136227 0.18128267 0.06375494
vn -0.96523940 0.25705420 0.04728685
vn -0.96353160 0.25489878 0.08144616
vn -0.97817819 0.17800728 0.10714862
vn -0.98596921 0.09974999 0.13384566
vn -0.98670185 0.02095496 0.16118421
vn -0.98032733 -0.05744304 0.18883492
vn -0.96693589 -0.13118121 0.21869263
vn -0.98298958 -0.18027773 0.03509157
vn -0.99394617 -0.10531317 0.03130723
vn -0.96651225 -0.25376270 0.03819128
vn -0.94529944 -0.32328068 0.04357265
vn -0.91802779 -0.39346596 0.04908671
vn -0.84906688 -0.47783074 0.22530692
vn -0.87052500 -0.41505814 0.26441060
vn -0.88629773 -0.41387939 0.20779843
vn -0.90521483 -0.34892292 0.24256731
vn -0.91870796 -0.34634176 0.18979747
vn -0.93470007 -0.27913384 0.22004563
vn -0.94585159 -0.27562882 0.17144538
vn -0.95937613 -0.20320485 0.19571721
vn -0.96743567 -0.20100139 0.15383974
vn -0.98167099 -0.12468269 0.14413987
vn -0.94361056 -0.20783582 0.25768855
vn -0.91869757 -0.27680200 0.28173645
vn -0.88925948 -0.34781618 0.29705469
vn -0.97229909 0.01873442 0.23298819
vn -0.97561763 0.09775159 0.19650665
vn -0.97113550 0.17651453 0.16043212
vn -0.84664542 -0.04317213 0.53040334
vn -0.89446792 -0.05160107 0.44414466
vn -0.93285201 -0.05726850 0.35567886
vn -0.96122085 -0.05938712 0.26930958
vn -0.75444405 -0.09372120 0.64963876
vn -0.81128692 -0.10870981 0.57445254
vn -0.86407995 -0.12183173 0.48838803
vn -0.90838660 -0.13107049 0.39705707
vn -0.94268700 -0.13549157 0.30493156
vn -0.86244499 0.49578183 0.10192652
vn -0.88255376 0.43416137 0.18056236
vn -0.87728550 0.45810414 0.14321575
vn -0.88745704 0.40664989 0.21692365
vn -0.89084469 0.34924624 0.29055600
vn -0.89390166 0.37615850 0.24381263
vn -0.88112703 0.45406796 0.13205091
vn -0.84777807 0.52795142 0.05039486
vn -0.81330755 0.58170118 0.01243289
vn -0.80808497 0.58896018 -0.01116172
vn -0.88470609 0.28338732 0.37011723
vn -0.89777696 0.31030052 0.31258617
vn -0.90007795 0.39053076 0.19324959
vn -0.88119690 0.46379747 0.09156379
vn -0.84673586 0.53156629 0.02180950
vn -0.80380315 0.59464082 -0.01740112
vn -0.87334454 0.19562789 0.44609308
vn -0.88134125 0.11677785 0.45782150
vn -0.90432210 0.17367442 0.38992146
vn -0.89079462 0.24631855 0.38185354
vn -0.90914494 0.26531782 0.32103261
vn -0.90075869 0.31074111 0.30343657
vn -0.91653089 0.32554269 0.23236412
vn -0.89977118 0.36982507 0.23160579
vn -0.89455902 0.41450192 0.16718945
vn -0.97691009 0.10619071 0.18539203
vn -0.97561864 0.01344034 0.21906078
vn -0.95480176 0.02176757 0.29644522
vn -0.93948568 -0.07039092 0.33527865
vn -0.95511614 0.26491962 0.13255473
vn -0.96924445 0.18905752 0.15755140
vn -0.96085000 0.16404423 0.22328629
vn -0.96501625 0.08515797 0.24797531
vn -0.94837424 0.05950963 0.31152031
vn -0.94033034 -0.02534430 0.33931773
vn -0.90957480 -0.02347842 0.41487643
vn -0.88566435 -0.11647127 0.44948094
vn -0.82762884 -0.31160950 0.46682975
vn -0.90207995 -0.19450636 0.38525192
vn -0.91879367 -0.15379113 0.36354708
vn -0.92848750 -0.11008307 0.35467263
vn -0.91331195 0.39620745 0.09423868
vn -0.93605868 0.33378036 0.11128712
vn -0.93629064 0.30065586 0.18156511
vn -0.95081707 0.23583083 0.20082509
vn -0.94143708 0.20120163 0.27058111
vn -0.94752416 0.13388664 0.29029698
vn -0.92860519 0.09918099 0.35756891
vn -0.92652642 0.02976153 0.37505073
vn -0.89923676 -0.00325018 0.43745022
vn -0.88568023 -0.07757208 0.45776971
vn -0.84653054 -0.08100544 0.52614082
vn -0.90233323 0.06651915 0.42587551
vn -0.86751602 0.01735231 0.49710648
vn -0.86665408 -0.03828919 0.49743808
vn -0.82931129 -0.07408119 0.55385446
vn -0.82250580 -0.13076561 0.55352016
vn -0.77720824 -0.16301468 0.60776111
vn -0.46831461 -0.56378498 0.68031458
vn -0.54088628 -0.48762253 0.68532204
vn -0.61445436 -0.41065402 0.67365356
vn -0.69347656 -0.37582672 0.61469061
vn -0.77347264 -0.33204924 0.53989200
vn -0.84750083 -0.22959256 0.47857037
vn -0.86410305 -0.19210069 0.46521312
vn -0.87388735 -0.15260845 0.46155341
vn -0.84658174 0.06313483 0.52850104
vn -0.70251792 -0.13610197 0.69853048
vn -0.75398789 -0.09806101 0.64952775
vn -0.76636123 -0.03406892 0.64150586
vn -0.80832810 0.01456880 0.58855198
vn -0.81713791 0.07034610 0.57213379
vn -0.84587862 0.12826879 0.51772240
vn -0.85447787 0.15417713 0.49608163
vn -0.67094441 -0.13571620 0.72898197
vn -0.71296607 -0.14841305 0.68531230
vn -0.77138628 -0.16903370 0.61350699
vn -0.82778211 -0.18733467 0.52885017
vn -0.87721072 -0.20093281 0.43603597
vn -0.91723662 -0.20856392 0.33937896
vn -0.60598486 -0.17474100 0.77604635
vn -0.62809057 -0.17971136 0.75710374
vn -0.66993301 -0.19754299 0.71565811
vn -0.72838700 -0.22364463 0.64763837
vn -0.78691713 -0.24740712 0.56528855
vn -0.84038917 -0.26601373 0.47221048
vn -0.88588555 -0.27393346 0.37438917
vn -0.95906015 0.25396018 0.12533101
vn -0.95868280 0.17611165 0.22340988
vn -0.93286782 0.09866420 0.34644335
vn -0.87601624 0.02677943 0.48153754
vn -0.79305302 -0.03370615 0.60821937
vn -0.71339172 -0.08647493 0.69540948
vn -0.65019610 -0.13551351 0.74758352
vn -0.58689309 -0.18888206 0.78732463
vn -0.54046204 -0.21759706 0.81274369
vn -0.82586510 0.09031948 0.55658712
vn -0.79231288 0.02718427 0.60950908
vn -0.77963846 0.01229628 0.62610915
vn -0.73827406 -0.04184116 0.67320185
vn -0.72157301 -0.07917539 0.68779623
vn -0.67920873 -0.12005051 0.72406034
vn -0.65161869 -0.17181690 0.73883154
vn -0.92874550 0.26813136 0.25600268
vn -0.91746167 0.21345101 0.33571230
vn -0.92613866 0.16165532 0.34078549
vn -0.90657874 0.12635852 0.40267669
vn -0.87210866 0.07277763 0.48386971
vn -0.83532551 -0.01880518 0.54943394
vn -0.78812477 -0.10934726 0.60572479
vn -0.73389679 -0.19620438 0.65030711
vn -0.82735366 0.03107775 0.56082091
vn -0.75430356 -0.03204863 0.65574311
vn -0.69466576 -0.09120952 0.71352667
vn -0.62935446 -0.15811043 0.76086402
vn -0.79366973 -0.06043241 0.60533981
vn -0.74115887 -0.14691991 0.65505578
vn -0.65051074 -0.20073171 0.73249066
vn -0.56651074 -0.22151687 0.79372279
vn -0.91838150 0.35914913 0.16609429
vn -0.88456580 0.45663959 0.09499274
vn -0.86140678 0.50301431 0.07039146
vn -0.84162485 0.53895154 0.03462454
vn -0.88616605 -0.46024810 0.05367883
vn -0.84958193 -0.52424801 0.05809107
vn -0.79571314 -0.59250622 0.12560648
vn -0.82431793 -0.53709971 0.17895209
vn -0.83819839 -0.53268962 0.11689837
vn -0.86409376 -0.47522992 0.16582673
vn -0.87632675 -0.46946215 0.10796624
vn -0.89933334 -0.40986358 0.15235283
vn -0.90978004 -0.40314003 0.09888582
vn -0.92965125 -0.34135798 0.13864806
vn -0.93826146 -0.33408545 0.08973484
vn -0.95470328 -0.27011892 0.12480956
vn -0.96150937 -0.26269268 0.08057472
vn -0.97417873 -0.19663575 0.11095130
vn -0.97929267 -0.18941317 0.07147385
vn -0.98826554 -0.11873756 0.09608653
vn -0.99151372 -0.11336544 0.06363036
vn -0.80843806 -0.58527477 0.06230042
vn -0.76292724 -0.64309095 0.06615185
vn -0.71328871 -0.69741582 0.06950097
vn -0.74920507 -0.64863899 0.13401203
vn -0.78040485 -0.59518795 0.19162352
vn -0.80749974 -0.53785862 0.24218232
vn -0.83118484 -0.47714699 0.28541638
vn -0.85198426 -0.41335388 0.32134310
vn -0.87216961 -0.34319573 0.34862137
vn -0.56275192 -0.20921933 0.79971092
vn -0.58562648 -0.21869207 0.78052252
vn -0.62634593 -0.24124253 0.74127783
vn -0.68351291 -0.27250133 0.67716551
vn -0.74275735 -0.30174856 0.59771174
vn -0.79904071 -0.32579586 0.50536225
vn -0.84232839 -0.33893681 0.41905216
vn -0.83073955 -0.40878034 0.37784976
vn -0.81053705 -0.47317746 0.34515617
vn -0.78779289 -0.53488552 0.30541748
vn -0.76208804 -0.59372268 0.25829287
vn -0.73276438 -0.64926729 0.20373600
vn -0.69901823 -0.70085592 0.14203692
vn -0.66053998 -0.74719296 0.07341400
vn -0.60445308 -0.79284720 0.07765177
vn -0.64550421 -0.74896115 0.14960449
vn -0.68180801 -0.69916698 0.21518218
vn -0.71332409 -0.64525654 0.27351918
vn -0.74093351 -0.58809948 0.32427849
vn -0.76541869 -0.52825642 0.36753149
vn -0.78732017 -0.46600308 0.40369306
vn -0.80038712 -0.39777986 0.44849933
vn -0.75429320 -0.37999189 0.53539512
vn -0.69648855 -0.35028491 0.62626207
vn -0.63782289 -0.31573536 0.70249067
vn -0.58299318 -0.27980670 0.76277596
vn -0.54411453 -0.25301827 0.79995070
vn -0.52101046 -0.23929332 0.81932095
vn -0.50070216 -0.24116725 0.83134572
vn -0.54440045 -0.83481266 0.08195099
vn -0.41983366 -0.90344313 0.08677671
vn -0.35139090 -0.93185254 0.09041728
vn -0.28318473 -0.95461140 0.09232274
vn -0.21352549 -0.97243358 0.09370058
vn -0.14271515 -0.98524409 0.09448001
vn -0.07154242 -0.99290088 0.09502378
vn -0.06886149 -0.97973994 0.18806315
vn -0.13769332 -0.97269060 0.18685168
vn -0.13208119 -0.95173654 0.27704174
vn -0.19775990 -0.94108339 0.27432294
vn -0.18867719 -0.91412946 0.35884294
vn -0.25106131 -0.90076112 0.35439756
vn -0.23860025 -0.86979882 0.43187954
vn -0.29780564 -0.85445597 0.42569567
vn -0.28234832 -0.82133357 0.49567187
vn -0.33864880 -0.80453446 0.48789475
vn -0.32067598 -0.77062620 0.55072876
vn -0.37442202 -0.75268150 0.54155213
vn -0.35063261 -0.70987159 0.61085113
vn -0.40160712 -0.69117960 0.60081818
vn -0.31833773 -0.65182524 0.68832039
vn -0.36532465 -0.63635186 0.67940725
vn -0.28626602 -0.58432658 0.75935118
vn -0.32863313 -0.57126273 0.75210316
vn 0.97929319 -0.18941470 0.07146268
vn 0.96150969 -0.26269477 0.08056406
vn 0.93826201 -0.33408656 0.08972500
vn 0.90978049 -0.40314138 0.09887611
vn 0.87632710 -0.46946385 0.10795604
vn 0.83819915 -0.53269044 0.11688918
vn 0.79571334 -0.59250771 0.12559817
vn 0.74920473 -0.64864069 0.13400574
vn 0.69901874 -0.70085671 0.14203055
vn 0.64550470 -0.74896173 0.14959950
vn 0.58900994 -0.79279969 0.15663952
vn 0.52987853 -0.83224421 0.16308989
vn 0.46844713 -0.86719818 0.16889226
vn 0.40503522 -0.89759063 0.17400443
vn 0.33996199 -0.92336736 0.17837758
vn 0.27352022 -0.94449188 0.18199388
vn 0.20600759 -0.96093846 0.18481922
vn 0.13769305 -0.97269093 0.18685014
vn 0.06886049 -0.97974025 0.18806187
vn -0.00000029 -0.98207835 0.18847312
vn -0.06602890 -0.95811648 0.27866288
vn -0.12591924 -0.92363120 0.36200795
vn -0.17912944 -0.88161829 0.43664841
vn -0.22594635 -0.83485904 0.50195481
vn -0.26702354 -0.78546605 0.55833817
vn -0.29997811 -0.72560587 0.61928125
vn -0.27194934 -0.66476890 0.69579154
vn -0.24479454 -0.59540282 0.76522618
vn 0.97417866 -0.19663924 0.11094568
vn 0.95470361 -0.27012140 0.12480163
vn 0.92965227 -0.34135902 0.13863868
vn 0.89933394 -0.40986539 0.15234447
vn 0.86409377 -0.47523257 0.16581907
vn 0.82431767 -0.53710199 0.17894645
vn 0.78040454 -0.59519041 0.19161712
vn 0.73276464 -0.64926915 0.20372911
vn 0.68180816 -0.69916859 0.21517649
vn 0.62793059 -0.74477152 0.22587287
vn 0.57151127 -0.78600513 0.23573460
vn 0.51290906 -0.82283053 0.24469210
vn 0.45245287 -0.85524038 0.25268616
vn 0.39044563 -0.88324398 0.25967726
vn 0.32716335 -0.90686611 0.26562754
vn 0.26285763 -0.92613577 0.27051508
vn 0.19776024 -0.94108406 0.27432040
vn 0.13208022 -0.95173704 0.27704048
vn 0.06602717 -0.95811688 0.27866189
vn -0.00000104 -0.96023111 0.27920641
vn -0.06292206 -0.92931261 0.36389406
vn -0.11946146 -0.88999842 0.44003609
vn -0.16947505 -0.84525037 0.50678400
vn -0.21347063 -0.79737655 0.56446517
vn -0.24960274 -0.73862416 0.62620509
vn -0.22604365 -0.67541168 0.70194254
vn -0.20300592 -0.60338772 0.77117564
vn -0.21466890 -0.53222041 0.81893754
vn -0.25975488 -0.52079789 0.81320167
vn -0.29823090 -0.51022811 0.80667565
vn -0.00000025 -0.81809921 0.57507710
vn -0.05345013 -0.76847756 0.63764044
vn -0.05180003 -0.69700095 0.71519678
vn 0.96732089 -0.20226536 0.15290201
vn 0.95845081 -0.20624219 0.19706904
vn 0.94585156 -0.27562993 0.17144379
vn 0.93469787 -0.27913512 0.22005336
vn 0.91870784 -0.34634259 0.18979653
vn 0.90521429 -0.34892196 0.24257073
vn 0.88629687 -0.41388126 0.20779838
vn 0.87052215 -0.41505974 0.26441748
vn 0.84906483 -0.47783380 0.22530815
vn 0.83118302 -0.47714840 0.28541931
vn 0.80749955 -0.53785946 0.24218110
vn 0.78779222 -0.53488588 0.30541858
vn 0.76208748 -0.59372385 0.25829181
vn 0.74093196 -0.58809882 0.32428321
vn 0.71332436 -0.64525776 0.27351560
vn 0.69117061 -0.63670189 0.34189750
vn 0.66167511 -0.69237514 0.28775462
vn 0.63902123 -0.68070453 0.35818042
vn 0.60758149 -0.73504555 0.30091987
vn 0.58495793 -0.72017148 0.37306469
vn 0.55144400 -0.77329223 0.31293553
vn 0.52937679 -0.75522806 0.38651106
vn 0.49362028 -0.80717004 0.32375228
vn 0.47262157 -0.78601866 0.39850160
vn 0.43442014 -0.83676365 0.33332527
vn 0.41496722 -0.81271242 0.40902411
vn 0.37411140 -0.86216349 0.34163546
vn 0.35663558 -0.83547184 0.41808834
vn 0.31292798 -0.88346657 0.34865873
vn 0.29780525 -0.85445539 0.42569710
vn 0.25106075 -0.90076157 0.35439682
vn 0.23860096 -0.86979877 0.43187925
vn 0.18867605 -0.91412967 0.35884299
vn 0.17912777 -0.88161851 0.43664866
vn 0.12591792 -0.92363104 0.36200880
vn 0.11945943 -0.88999816 0.44003719
vn 0.06292000 -0.92931231 0.36389517
vn 0.05967308 -0.89500495 0.44204667
vn -0.00000075 -0.93119326 0.36452589
vn 0.00000000 -0.89666238 0.44271500
vn -0.05967439 -0.89500529 0.44204581
vn -0.05641140 -0.85699465 0.51222839
vn -0.11295760 -0.85260458 0.51020193
vn -0.10659704 -0.81296817 0.57246819
vn -0.16000620 -0.80651090 0.56915567
vn -0.14948583 -0.75716541 0.63588877
vn -0.19945789 -0.74909765 0.63171930
vn -0.13524321 -0.69045116 0.71062400
vn -0.18051215 -0.68393047 0.70686242
vn -0.12158079 -0.61620689 0.77814342
vn -0.16258032 -0.61165552 0.77423844
vn -0.14787508 -0.54373425 0.82612712
vn -0.04358275 -0.61992008 0.78345366
vn -0.07403403 -0.55252734 0.83020028
vn -0.08124051 -0.62113143 0.77948427
vn -0.09012788 -0.69505514 0.71328488
vn -0.09961866 -0.76291901 0.63877282
vn -0.05322673 -0.81682336 0.57442712
vn 0.00000000 -0.85844728 0.51290182
vn 0.05641042 -0.85699471 0.51222840
vn 0.11295590 -0.85260467 0.51020216
vn 0.16947329 -0.84525001 0.50678519
vn 0.22594496 -0.83485839 0.50195651
vn 0.28235215 -0.82133299 0.49567063
vn 0.33864538 -0.80453349 0.48789873
vn 0.39476777 -0.78429433 0.47858208
vn 0.45060787 -0.76041037 0.46768430
vn 0.50598998 -0.73266551 0.45516523
vn 0.56069818 -0.70082034 0.44098571
vn 0.61441595 -0.66464899 0.42512910
vn 0.66677041 -0.62393292 0.40758426
vn 0.71728608 -0.57850556 0.38837095
vn 0.76541424 -0.52825724 0.36753956
vn 0.81053613 -0.47317583 0.34516057
vn 0.85198066 -0.41335338 0.32135329
vn 0.88904429 -0.34903120 0.29627263
vn 0.92117875 -0.27942641 0.27083315
vn -0.31547757 -0.38750131 0.86620820
vn -0.34492866 -0.42789509 0.83542205
vn -0.30911968 -0.44146362 0.84235082
vn -0.37677814 -0.48056620 0.79189290
vn -0.33702574 -0.49652312 0.79992402
vn -0.41587699 -0.53774743 0.73339895
vn -0.37180236 -0.55583407 0.74351294
vn -0.46126458 -0.59666541 0.65667752
vn -0.41295904 -0.61807788 0.66891297
vn -0.50431066 -0.64380261 0.57549019
vn -0.45285594 -0.66926164 0.58907585
vn -0.48193713 -0.70651929 0.51823460
vn -0.42820998 -0.73139850 0.53074707
vn -0.45060797 -0.76041054 0.46768394
vn -0.39477001 -0.78429376 0.47858117
vn -0.41496687 -0.81271281 0.40902369
vn -0.35663860 -0.83547263 0.41808420
vn -0.37411144 -0.86216294 0.34163679
vn -0.31293032 -0.88346642 0.34865701
vn -0.32716429 -0.90686496 0.26563032
vn -0.26285844 -0.92613428 0.27051939
vn -0.27352176 -0.94449107 0.18199578
vn -0.20600744 -0.96093828 0.18482033
vn -0.36379764 -0.32720999 0.87211519
vn -0.39156763 -0.35267441 0.84987973
vn -0.35641667 -0.36915789 0.85830625
vn -0.41962638 -0.39146819 0.81894222
vn -0.38183723 -0.41100983 0.82781112
vn -0.45955522 -0.44047086 0.77122916
vn -0.41758165 -0.46200533 0.78241718
vn -0.50695348 -0.49209382 0.70770180
vn -0.46092385 -0.51664271 0.72154661
vn -0.55957131 -0.54289495 0.62621483
vn -0.51018118 -0.57174406 0.64251373
vn -0.60705941 -0.58087400 0.54227693
vn -0.55579604 -0.61446120 0.55993589
vn -0.58845909 -0.64481600 0.48777886
vn -0.53544013 -0.67775674 0.50393419
vn -0.56069755 -0.70082219 0.44098359
vn -0.50599293 -0.73266611 0.45516098
vn -0.52937778 -0.75522670 0.38651235
vn -0.47262275 -0.78601793 0.39850163
vn -0.49361987 -0.80717005 0.32375289
vn -0.43442104 -0.83676361 0.33332420
vn -0.45245345 -0.85523886 0.25269027
vn -0.39044555 -0.88324249 0.25968246
vn -0.40503541 -0.89758991 0.17400767
vn -0.33996189 -0.92336690 0.17838015
vn -0.30403844 -0.35176719 0.88533636
vn -0.41312931 -0.28243927 0.86576685
vn -0.44339861 -0.28836983 0.84866985
vn -0.40615326 -0.30797113 0.86034488
vn -0.46503728 -0.30950792 0.82942461
vn -0.42765397 -0.33255298 0.84054780
vn -0.49888968 -0.34321192 0.79581070
vn -0.45862220 -0.36900323 0.80839489
vn -0.54694534 -0.38679361 0.74245640
vn -0.50269282 -0.41556051 0.75802994
vn -0.60134772 -0.43085224 0.67286497
vn -0.55383582 -0.46365428 0.69158557
vn -0.65854616 -0.47170998 0.58635028
vn -0.60915742 -0.50969239 0.60756966
vn -0.70726987 -0.49959175 0.50017737
vn -0.65771636 -0.54269253 0.52239257
vn -0.69158484 -0.56525298 0.44966596
vn -0.64065955 -0.60740045 0.46970207
vn -0.66677306 -0.62393367 0.40757878
vn -0.61441914 -0.66465042 0.42512225
vn -0.63902512 -0.68070432 0.35817387
vn -0.58496072 -0.72017081 0.37306160
vn -0.60758418 -0.73504311 0.30092041
vn -0.55144656 -0.77329037 0.31293560
vn -0.57151317 -0.78600332 0.23573605
vn -0.51290933 -0.82282952 0.24469489
vn -0.52988005 -0.83224250 0.16309368
vn -0.46844744 -0.86719730 0.16889591
vn -0.48363434 -0.26199555 0.83513840
vn -0.45909725 -0.26237615 0.84875702
vn -0.48097792 -0.26546420 0.83557705
vn -0.50385349 -0.28315348 0.81606113
vn -0.54038991 -0.31364726 0.78077150
vn -0.59210548 -0.35368556 0.72409780
vn -0.64908546 -0.39321043 0.65120936
vn -0.70716063 -0.42858125 0.56235394
vn -0.75507725 -0.45133748 0.47555528
vn -0.74069267 -0.51815662 0.42765417
vn -0.71728781 -0.57850629 0.38836667
vn -0.69117203 -0.63670293 0.34189269
vn -0.66167643 -0.69237321 0.28775620
vn -0.62793087 -0.74476969 0.22587814
vn -0.58901127 -0.79279805 0.15664285
vn -0.40829623 -0.29499765 0.86386953
vn -0.35143890 -0.30727810 0.88434771
vn -0.34300438 -0.31856008 0.88366706
vn -0.28993749 -0.32958469 0.89850441
vn -0.28063799 -0.33525864 0.89935753
vn -0.13779158 -0.48968083 0.86094493
vn -0.19425847 -0.42960276 0.88187591
vn -0.24424882 -0.37381767 0.89476414
vn -0.23042535 -0.34558674 0.90965596
vn -0.22240173 -0.34749233 0.91092621
vn 0.13779085 -0.48967972 0.86094567
vn 0.06919341 -0.49816144 0.86431907
vn -0.00000030 -0.50101341 0.86543952
vn -0.06919409 -0.49816175 0.86431883
vn -0.06558654 -0.45039322 0.89041808
vn -0.13029699 -0.44261702 0.88719382
vn -0.12324708 -0.40001570 0.90818368
vn -0.18364969 -0.38927881 0.90262661
vn -0.16646907 -0.35631007 0.91941894
vn -0.17298912 -0.35726608 0.91784297
vn -0.11136704 -0.36234405 0.92536705
vn -0.11601261 -0.36536560 0.92360655
vn -0.05603507 -0.36592881 0.92895435
vn -0.05842370 -0.37023635 0.92709855
vn -0.00015102 -0.36716317 0.93015654
vn -0.00007057 -0.37193429 0.92825906
vn 0.05574127 -0.36604106 0.92892780
vn 0.05830094 -0.37043359 0.92702749
vn 0.11109799 -0.36256120 0.92531433
vn 0.11594334 -0.36575207 0.92346227
vn 0.16622285 -0.35663326 0.91933818
vn 0.17299171 -0.35781727 0.91762774
vn 0.22214758 -0.34792198 0.91082421
vn 0.23048936 -0.34628043 0.90937589
vn 0.28030908 -0.33579792 0.89925890
vn 0.29001519 -0.33040611 0.89817760
vn 0.34249718 -0.31923318 0.88362088
f 1//1 2//2 3//3
f 3//3 2//2 4//4
f 3//3 4//4 5//5
f 5//5 4//4 6//6
f 7//7 8//8 9//9
f 7//7 9//9 10//10
f 10//10 9//9 11//11
f 10//10 11//11 12//12
f 13//13 14//14 15//15
f 15//15 14//14 16//16
f 15//15 16//16 17//17
f 18//18 19//19 15//15
f 15//15 19//19 20//20
f 15//15 20//20 13//13
f 21//21 22//22 15//15
f 15//15 22//22 23//23
f 15//15 23//23 18//18
f 24//24 25//25 15//15
f 15//15 25//25 26//26
f 15//15 26//26 21//21
f 27//27 28//28 15//15
f 15//15 28//28 29//29
f 15//15 29//29 24//24
f 30//30 31//31 15//15
f 15//15 31//31 32//32
f 15//15 32//32 27//27
f 33//33 34//34 15//15
f 15//15 34//34 35//35
f 15//15 35//35 30//30
f 36//36 37//37 15//15
f 15//15 37//37 38//38
f 15//15 38//38 33//33
f 39//39 40//40 15//15
f 15//15 40//40 41//41
f 15//15 41//41 36//36
f 42//42 43//43 15//15
f 15//15 43//43 44//44
f 15//15 44//44 39//39
f 45//45 46//46 15//15
f 15//15 46//46 47//47
f 15//15 47//47 42//42
f 17//17 48//48 15//15
f 15//15 48//48 49//49
f 15//15 49//49 45//45
f 50//50 5//5 51//51
f 51//51 5//5 6//6
f 2//2 52//52 53//53
f 2//2 53//53 4//4
f 4//4 53//53 51//51
f 4//4 51//51 6//6
f 52//52 2//2 54//54
f 54//54 2//2 1//1
f 5//5 50//50 55//55
f 5//5 55//55 3//3
f 3//3 55//55 54//54
f 3//3 54//54 1//1
f 11//11 56//56 12//12
f 12//12 56//56 57//57
f 56//56 11//11 9//9
f 56//56 9//9 58//58
f 58//58 9//9 8//8
f 58//58 8//8 59//59
f 7//7 60//60 8//8
f 8//8 60//60 59//59
f 60//60 7//7 10//10
f 60//60 10//10 61//61
f 61//61 10//10 12//12
f 61//61 12//12 57//57
f 16//16 62//62 17//17
f 17//17 62//62 63//63
f 17//17 63//63 48//48
f 48//48 63//63 64//64
f 48//48 64//64 49//49
f 49//49 64//64 65//65
f 49//49 65//65 45//45
f 45//45 65//65 66//66
f 45//45 66//66 46//46
f 46//46 66//66 67//67
f 46//46 67//67 47//47
f 47//47 67//67 68//68
f 47//47 68//68 42//42
f 42//42 68//68 69//69
f 42//42 69//69 43//43
f 43//43 69//69 70//70
f 43//43 70//70 44//44
f 44//44 70//70 71//71
f 44//44 71//71 39//39
f 39//39 71//71 72//72
f 39//39 72//72 40//40
f 40//40 72//72 73//73
f 40//40 73//73 41//41
f 41//41 73//73 74//74
f 41//41 74//74 36//36
f 36//36 74//74 75//75
f 36//36 75//75 37//37
f 37//37 75//75 76//76
f 37//37 76//76 38//38
f 38//38 76//76 77//77
f 38//38 77//77 33//33
f 33//33 77//77 78//78
f 33//33 78//78 34//34
f 34//34 78//78 79//79
f 34//34 79//79 35//35
f 35//35 79//79 80//80
f 35//35 80//80 30//30
f 30//30 80//80 81//81
f 30//30 81//81 31//31
f 31//31 81//81 82//82
f 31//31 82//82 32//32
f 32//32 82//82 83//83
f 32//32 83//83 27//27
f 27//27 83//83 84//84
f 27//27 84//84 28//28
f 28//28 84//84 85//85
f 28//28 85//85 29//29
f 29//29 85//85 86//86
f 29//29 86//86 24//24
f 24//24 86//86 87//87
f 24//24 87//87 25//25
f 25//25 87//87 88//88
f 25//25 88//88 26//26
f 26//26 88//88 89//89
f 26//26 89//89 21//21
f 21//21 89//89 90//90
f 21//21 90//90 22//22
f 22//22 90//90 91//91
f 22//22 91//91 23//23
f 23//23 91//91 92//92
f 23//23 92//92 18//18
f 18//18 92//92 93//93
f 18//18 93//93 19//19
f 19//19 93//93 94//94
f 19//19 94//94 20//20
f 20//20 94//94 95//95
f 20//20 95//95 13//13
f 13//13 95//95 96//96
f 13//13 96//96 14//14
f 14//14 96//96 97//97
f 14//14 97//97 16//16
f 16//16 97//97 62//62
f 98//98 99//99 100//100
f 100//100 99//99 101//101
f 100//100 101//101 102//102
f 98//98 100//100 103//103
f 103//103 100//100 104//104
f 103//103 104//104 105//105
f 106//106 102//102 50//50
f 50//50 102//102 101//101
f 50//50 101//101 55//55
f 51//51 53//53 107//107
f 107//107 53//53 52//52
f 107//107 52//52 101//101
f 101//101 52//52 54//54
f 101//101 54//54 55//55
f 107//107 108//108 109//109
f 50//50 51//51 106//106
f 106//106 51//51 107//107
f 106//106 107//107 110//110
f 110//110 107//107 109//109
f 110//110 109//109 111//111
f 111//111 109//109 112//112
f 111//111 112//112 113//113
f 114//114 115//115 116//116
f 117//117 118//118 119//119
f 119//119 118//118 120//120
f 119//119 120//120 121//121
f 117//117 119//119 122//122
f 122//122 119//119 123//123
f 122//122 123//123 124//124
f 59//59 60//60 125//125
f 125//125 60//60 114//114
f 125//125 114//114 126//126
f 126//126 114//114 116//116
f 126//126 116//116 127//127
f 127//127 116//116 128//128
f 127//127 128//128 129//129
f 125//125 121//121 59//59
f 59//59 121//121 120//120
f 59//59 120//120 58//58
f 60//60 61//61 114//114
f 114//114 61//61 57//57
f 114//114 57//57 120//120
f 120//120 57//57 56//56
f 120//120 56//56 58//58
f 130//130 131//131 132//132
f 132//132 131//131 133//133
f 134//134 135//135 136//136
f 131//131 137//137 133//133
f 133//133 137//137 138//138
f 133//133 138//138 139//139
f 139//139 138//138 140//140
f 139//139 140//140 141//141
f 141//141 142//142 139//139
f 139//139 142//142 134//134
f 139//139 134//134 143//143
f 143//143 134//134 136//136
f 143//143 136//136 144//144
f 144//144 136//136 145//145
f 146//146 147//147 148//148
f 148//148 147//147 149//149
f 150//150 148//148 151//151
f 151//151 148//148 149//149
f 151//151 149//149 141//141
f 141//141 149//149 152//152
f 141//141 152//152 142//142
f 153//153 154//154 155//155
f 155//155 154//154 156//156
f 157//157 158//158 159//159
f 159//159 158//158 160//160
f 159//159 160//160 161//161
f 161//161 160//160 162//162
f 161//161 162//162 163//163
f 163//163 162//162 164//164
f 163//163 164//164 156//156
f 156//156 164//164 165//165
f 156//156 165//165 155//155
f 166//166 167//167 157//157
f 157//157 167//167 168//168
f 157//157 168//168 158//158
f 169//169 170//170 166//166
f 166//166 170//170 171//171
f 166//166 171//171 167//167
f 172//172 173//173 174//174
f 174//174 173//173 175//175
f 174//174 175//175 176//176
f 176//176 175//175 177//177
f 176//176 177//177 169//169
f 169//169 177//177 178//178
f 169//169 178//178 170//170
f 179//179 153//153 180//180
f 180//180 153//153 181//181
f 179//179 182//182 153//153
f 153//153 182//182 183//183
f 153//153 183//183 154//154
f 184//184 185//185 186//186
f 186//186 187//187 184//184
f 184//184 187//187 188//188
f 184//184 188//188 189//189
f 189//189 188//188 190//190
f 189//189 190//190 191//191
f 191//191 190//190 192//192
f 191//191 192//192 193//193
f 193//193 192//192 194//194
f 193//193 194//194 195//195
f 195//195 194//194 196//196
f 196//196 194//194 197//197
f 196//196 197//197 198//198
f 198//198 197//197 199//199
f 199//199 197//197 200//200
f 199//199 200//200 201//201
f 201//201 200//200 202//202
f 201//201 202//202 203//203
f 203//203 202//202 204//204
f 203//203 204//204 205//205
f 205//205 204//204 206//206
f 205//205 206//206 207//207
f 207//207 206//206 208//208
f 207//207 208//208 181//181
f 181//181 208//208 209//209
f 181//181 209//209 180//180
f 210//210 211//211 212//212
f 213//213 214//214 215//215
f 216//216 217//217 218//218
f 214//214 219//219 215//215
f 215//215 219//219 216//216
f 215//215 216//216 220//220
f 220//220 216//216 218//218
f 213//213 215//215 221//221
f 221//221 215//215 222//222
f 221//221 222//222 223//223
f 224//224 225//225 226//226
f 212//212 224//224 210//210
f 210//210 224//224 226//226
f 210//210 226//226 214//214
f 214//214 226//226 227//227
f 214//214 227//227 219//219
f 223//223 222//222 228//228
f 228//228 222//222 229//229
f 228//228 229//229 230//230
f 231//231 232//232 218//218
f 218//218 232//232 233//233
f 218//218 233//233 220//220
f 234//234 235//235 236//236
f 236//236 235//235 237//237
f 238//238 239//239 240//240
f 235//235 241//241 237//237
f 237//237 241//241 242//242
f 237//237 242//242 243//243
f 243//243 242//242 244//244
f 243//243 244//244 245//245
f 245//245 246//246 243//243
f 243//243 246//246 238//238
f 243//243 238//238 247//247
f 247//247 238//238 240//240
f 247//247 240//240 248//248
f 248//248 240//240 249//249
f 250//250 251//251 252//252
f 252//252 251//251 253//253
f 254//254 252//252 255//255
f 255//255 252//252 253//253
f 255//255 253//253 245//245
f 245//245 253//253 256//256
f 245//245 256//256 246//246
f 257//257 258//258 259//259
f 259//259 258//258 260//260
f 261//261 262//262 263//263
f 263//263 262//262 264//264
f 263//263 264//264 265//265
f 265//265 264//264 266//266
f 265//265 266//266 267//267
f 267//267 266//266 268//268
f 267//267 268//268 260//260
f 260//260 268//268 269//269
f 260//260 269//269 259//259
f 270//270 271//271 261//261
f 261//261 271//271 272//272
f 261//261 272//272 262//262
f 273//273 274//274 270//270
f 270//270 274//274 275//275
f 270//270 275//275 271//271
f 276//276 277//277 278//278
f 278//278 277//277 279//279
f 278//278 279//279 280//280
f 280//280 279//279 281//281
f 280//280 281//281 273//273
f 273//273 281//281 282//282
f 273//273 282//282 274//274
f 283//283 257//257 284//284
f 284//284 257//257 285//285
f 283//283 286//286 257//257
f 257//257 286//286 287//287
f 257//257 287//287 258//258
f 288//288 289//289 290//290
f 290//290 291//291 288//288
f 288//288 291//291 292//292
f 288//288 292//292 293//293
f 293//293 292//292 294//294
f 293//293 294//294 295//295
f 295//295 294//294 296//296
f 295//295 296//296 297//297
f 297//297 296//296 298//298
f 297//297 298//298 299//299
f 299//299 298//298 300//300
f 300//300 298//298 301//301
f 300//300 301//301 302//302
f 302//302 301//301 303//303
f 303//303 301//301 304//304
f 303//303 304//304 305//305
f 305//305 304//304 306//306
f 306//306 304//304 307//307
f 306//306 307//307 308//308
f 308//308 307//307 309//309
f 308//308 309//309 310//310
f 310//310 309//309 311//311
f 310//310 311//311 312//312
f 312//312 311//311 313//313
f 312//312 313//313 285//285
f 285//285 313//313 314//314
f 285//285 314//314 284//284
f 315//315 316//316 317//317
f 316//316 318//318 319//319
f 320//320 321//321 318//318
f 318//318 321//321 322//322
f 318//318 322//322 319//319
f 319//319 322//322 323//323
f 324//324 325//325 326//326
f 319//319 327//327 316//316
f 316//316 327//327 328//328
f 316//316 328//328 317//317
f 317//317 328//328 324//324
f 317//317 324//324 329//329
f 329//329 324//324 326//326
f 315//315 317//317 330//330
f 330//330 317//317 331//331
f 330//330 331//331 332//332
f 332//332 331//331 333//333
f 333//333 331//331 334//334
f 333//333 334//334 335//335
f 336//336 337//337 326//326
f 326//326 337//337 338//338
f 326//326 338//338 329//329
f 82//82 339//339 83//83
f 83//83 339//339 340//340
f 83//83 340//340 84//84
f 84//84 340//340 341//341
f 84//84 341//341 85//85
f 85//85 341//341 342//342
f 85//85 342//342 86//86
f 91//91 343//343 92//92
f 92//92 343//343 344//344
f 92//92 344//344 93//93
f 93//93 344//344 345//345
f 93//93 345//345 94//94
f 342//342 346//346 86//86
f 86//86 346//346 347//347
f 86//86 347//347 87//87
f 87//87 347//347 348//348
f 87//87 348//348 88//88
f 88//88 348//348 349//349
f 88//88 349//349 89//89
f 89//89 349//349 350//350
f 89//89 350//350 90//90
f 90//90 350//350 351//351
f 90//90 351//351 91//91
f 91//91 351//351 352//352
f 91//91 352//352 343//343
f 70//70 353//353 71//71
f 71//71 353//353 354//354
f 71//71 354//354 72//72
f 72//72 354//354 355//355
f 72//72 355//355 73//73
f 73//73 355//355 356//356
f 73//73 356//356 74//74
f 345//345 357//357 94//94
f 94//94 357//357 358//358
f 94//94 358//358 95//95
f 95//95 358//358 359//359
f 95//95 359//359 96//96
f 96//96 359//359 360//360
f 96//96 360//360 97//97
f 97//97 360//360 361//361
f 97//97 361//361 62//62
f 62//62 361//361 362//362
f 62//62 362//362 63//63
f 78//78 363//363 79//79
f 79//79 363//363 364//364
f 79//79 364//364 80//80
f 80//80 364//364 365//365
f 80//80 365//365 81//81
f 81//81 365//365 366//366
f 81//81 366//366 82//82
f 82//82 366//366 367//367
f 82//82 367//367 339//339
f 66//66 368//368 67//67
f 67//67 368//368 369//369
f 67//67 369//369 68//68
f 68//68 369//369 370//370
f 68//68 370//370 69//69
f 69//69 370//370 371//371
f 69//69 371//371 70//70
f 70//70 371//371 372//372
f 70//70 372//372 353//353
f 362//362 373//373 63//63
f 63//63 373//373 374//374
f 63//63 374//374 64//64
f 64//64 374//374 375//375
f 64//64 375//375 65//65
f 65//65 375//375 376//376
f 65//65 376//376 66//66
f 66//66 376//376 377//377
f 66//66 377//377 368//368
f 356//356 378//378 74//74
f 74//74 378//378 379//379
f 74//74 379//379 75//75
f 75//75 379//379 380//380
f 75//75 380//380 76//76
f 76//76 380//380 381//381
f 76//76 381//381 77//77
f 77//77 381//381 382//382
f 77//77 382//382 78//78
f 78//78 382//382 383//383
f 78//78 383//383 363//363
f 384//384 112//112 385//385
f 385//385 112//112 109//109
f 385//385 109//109 386//386
f 386//386 109//109 108//108
f 386//386 108//108 387//387
f 99//99 388//388 101//101
f 101//101 388//388 389//389
f 101//101 389//389 107//107
f 107//107 389//389 387//387
f 107//107 387//387 108//108
f 390//390 391//391 103//103
f 103//103 391//391 98//98
f 391//391 392//392 98//98
f 98//98 392//392 388//388
f 98//98 388//388 99//99
f 390//390 103//103 393//393
f 393//393 103//103 105//105
f 393//393 105//105 394//394
f 100//100 395//395 396//396
f 100//100 396//396 104//104
f 104//104 396//396 394//394
f 104//104 394//394 105//105
f 110//110 397//397 106//106
f 106//106 397//397 398//398
f 106//106 398//398 102//102
f 102//102 398//398 395//395
f 102//102 395//395 100//100
f 113//113 399//399 400//400
f 113//113 400//400 111//111
f 111//111 400//400 397//397
f 111//111 397//397 110//110
f 399//399 113//113 401//401
f 401//401 113//113 112//112
f 401//401 112//112 384//384
f 402//402 124//124 123//123
f 402//402 123//123 403//403
f 403//403 123//123 119//119
f 403//403 119//119 404//404
f 405//405 404//404 119//119
f 119//119 121//121 405//405
f 405//405 121//121 125//125
f 405//405 125//125 406//406
f 406//406 125//125 126//126
f 406//406 126//126 407//407
f 407//407 126//126 127//127
f 407//407 127//127 408//408
f 408//408 127//127 129//129
f 408//408 129//129 409//409
f 128//128 410//410 129//129
f 129//129 410//410 409//409
f 410//410 128//128 116//116
f 410//410 116//116 411//411
f 411//411 116//116 115//115
f 411//411 115//115 412//412
f 118//118 413//413 120//120
f 120//120 413//413 414//414
f 120//120 414//414 114//114
f 114//114 414//414 415//415
f 114//114 415//415 115//115
f 115//115 415//415 412//412
f 413//413 118//118 117//117
f 413//413 117//117 416//416
f 416//416 117//117 122//122
f 416//416 122//122 417//417
f 124//124 402//402 122//122
f 122//122 402//402 417//417
f 418//418 140//140 419//419
f 419//419 140//140 138//138
f 419//419 138//138 420//420
f 420//420 138//138 137//137
f 420//420 137//137 421//421
f 421//421 137//137 131//131
f 421//421 131//131 422//422
f 422//422 131//131 130//130
f 422//422 130//130 423//423
f 139//139 424//424 133//133
f 133//133 424//424 425//425
f 133//133 425//425 132//132
f 132//132 425//425 426//426
f 132//132 426//426 130//130
f 130//130 426//426 423//423
f 145//145 427//427 428//428
f 145//145 428//428 144//144
f 144//144 428//428 429//429
f 144//144 429//429 143//143
f 143//143 429//429 424//424
f 143//143 424//424 139//139
f 135//135 430//430 136//136
f 136//136 430//430 431//431
f 136//136 431//431 145//145
f 145//145 431//431 427//427
f 432//432 134//134 433//433
f 433//433 134//134 142//142
f 433//433 142//142 434//434
f 432//432 435//435 134//134
f 134//134 435//435 430//430
f 134//134 430//430 135//135
f 149//149 436//436 152//152
f 152//152 436//436 434//434
f 152//152 434//434 142//142
f 436//436 149//149 437//437
f 437//437 149//149 147//147
f 437//437 147//147 438//438
f 438//438 147//147 146//146
f 438//438 146//146 439//439
f 439//439 146//146 440//440
f 440//440 146//146 148//148
f 440//440 148//148 441//441
f 441//441 148//148 150//150
f 441//441 150//150 442//442
f 442//442 150//150 443//443
f 443//443 150//150 151//151
f 443//443 151//151 418//418
f 418//418 151//151 141//141
f 418//418 141//141 140//140
f 155//155 444//444 153//153
f 153//153 444//444 445//445
f 153//153 445//445 181//181
f 181//181 445//445 446//446
f 181//181 446//446 207//207
f 175//175 447//447 448//448
f 175//175 448//448 177//177
f 177//177 448//448 449//449
f 177//177 449//449 178//178
f 178//178 449//449 450//450
f 178//178 450//450 170//170
f 170//170 450//450 451//451
f 170//170 451//451 171//171
f 171//171 451//451 167//167
f 167//167 451//451 452//452
f 167//167 452//452 168//168
f 452//452 453//453 168//168
f 168//168 453//453 454//454
f 168//168 454//454 158//158
f 158//158 454//454 455//455
f 158//158 455//455 160//160
f 160//160 455//455 456//456
f 160//160 456//456 162//162
f 162//162 456//456 457//457
f 162//162 457//457 164//164
f 164//164 457//457 458//458
f 164//164 458//458 165//165
f 165//165 458//458 444//444
f 165//165 444//444 155//155
f 447//447 175//175 459//459
f 459//459 175//175 173//173
f 459//459 173//173 460//460
f 460//460 173//173 172//172
f 460//460 172//172 461//461
f 461//461 172//172 174//174
f 179//179 462//462 463//463
f 179//179 463//463 182//182
f 182//182 463//463 464//464
f 182//182 464//464 183//183
f 183//183 464//464 154//154
f 154//154 464//464 465//465
f 154//154 465//465 156//156
f 156//156 465//465 466//466
f 156//156 466//466 163//163
f 163//163 466//466 467//467
f 163//163 467//467 161//161
f 161//161 467//467 468//468
f 161//161 468//468 159//159
f 159//159 468//468 469//469
f 159//159 469//469 157//157
f 157//157 469//469 470//470
f 157//157 470//470 166//166
f 166//166 470//470 471//471
f 166//166 471//471 169//169
f 169//169 471//471 472//472
f 169//169 472//472 176//176
f 176//176 472//472 461//461
f 176//176 461//461 174//174
f 462//462 179//179 473//473
f 473//473 179//179 180//180
f 473//473 180//180 474//474
f 475//475 204//204 476//476
f 476//476 204//204 202//202
f 476//476 202//202 477//477
f 477//477 202//202 200//200
f 477//477 200//200 478//478
f 478//478 200//200 197//197
f 478//478 197//197 479//479
f 479//479 197//197 194//194
f 479//479 194//194 480//480
f 480//480 194//194 192//192
f 480//480 192//192 481//481
f 481//481 192//192 190//190
f 481//481 190//190 482//482
f 482//482 190//190 188//188
f 482//482 188//188 483//483
f 483//483 188//188 187//187
f 483//483 187//187 484//484
f 209//209 208//208 475//475
f 475//475 208//208 206//206
f 475//475 206//206 204//204
f 475//475 485//485 209//209
f 209//209 485//485 474//474
f 209//209 474//474 180//180
f 484//484 187//187 486//486
f 486//486 187//187 186//186
f 486//486 186//186 487//487
f 487//487 186//186 185//185
f 487//487 185//185 488//488
f 488//488 185//185 489//489
f 489//489 185//185 184//184
f 490//490 205//205 491//491
f 491//491 205//205 207//207
f 491//491 207//207 446//446
f 492//492 201//201 490//490
f 490//490 201//201 203//203
f 490//490 203//203 205//205
f 492//492 493//493 201//201
f 201//201 493//493 494//494
f 201//201 494//494 199//199
f 199//199 494//494 495//495
f 199//199 495//495 198//198
f 198//198 495//495 496//496
f 198//198 496//496 196//196
f 196//196 496//496 497//497
f 196//196 497//497 195//195
f 195//195 497//497 498//498
f 195//195 498//498 193//193
f 193//193 498//498 499//499
f 193//193 499//499 191//191
f 191//191 499//499 500//500
f 191//191 500//500 189//189
f 189//189 500//500 489//489
f 189//189 489//489 184//184
f 213//213 221//221 501//501
f 501//501 221//221 502//502
f 502//502 221//221 503//503
f 503//503 221//221 223//223
f 503//503 223//223 504//504
f 230//230 505//505 228//228
f 228//228 505//505 504//504
f 228//228 504//504 223//223
f 505//505 230//230 229//229
f 505//505 229//229 506//506
f 506//506 229//229 222//222
f 506//506 222//222 507//507
f 507//507 222//222 215//215
f 507//507 215//215 508//508
f 508//508 215//215 509//509
f 509//509 215//215 220//220
f 509//509 220//220 510//510
f 220//220 233//233 510//510
f 510//510 233//233 232//232
f 510//510 232//232 511//511
f 511//511 232//232 231//231
f 511//511 231//231 512//512
f 512//512 231//231 513//513
f 513//513 231//231 218//218
f 513//513 218//218 217//217
f 513//513 217//217 514//514
f 514//514 217//217 216//216
f 514//514 216//216 515//515
f 515//515 216//216 219//219
f 515//515 219//219 516//516
f 226//226 517//517 227//227
f 227//227 517//517 516//516
f 227//227 516//516 219//219
f 225//225 518//518 226//226
f 226//226 518//518 517//517
f 518//518 225//225 519//519
f 519//519 225//225 224//224
f 519//519 224//224 520//520
f 212//212 521//521 224//224
f 224//224 521//521 520//520
f 521//521 212//212 522//522
f 522//522 212//212 211//211
f 522//522 211//211 523//523
f 210//210 524//524 211//211
f 211//211 524//524 523//523
f 213//213 501//501 214//214
f 214//214 501//501 524//524
f 214//214 524//524 210//210
f 244//244 242//242 525//525
f 525//525 242//242 526//526
f 526//526 242//242 527//527
f 527//527 242//242 241//241
f 527//527 241//241 528//528
f 528//528 241//241 235//235
f 528//528 235//235 529//529
f 529//529 235//235 234//234
f 529//529 234//234 530//530
f 530//530 234//234 236//236
f 243//243 531//531 237//237
f 237//237 531//531 532//532
f 237//237 532//532 236//236
f 236//236 532//532 533//533
f 236//236 533//533 530//530
f 531//531 243//243 247//247
f 531//531 247//247 534//534
f 534//534 247//247 248//248
f 534//534 248//248 535//535
f 535//535 248//248 249//249
f 535//535 249//249 536//536
f 536//536 249//249 537//537
f 537//537 249//249 240//240
f 537//537 240//240 538//538
f 538//538 240//240 239//239
f 538//538 239//239 238//238
f 538//538 238//238 539//539
f 539//539 238//238 246//246
f 539//539 246//246 540//540
f 540//540 246//246 256//256
f 540//540 256//256 541//541
f 541//541 256//256 253//253
f 541//541 253//253 542//542
f 251//251 543//543 253//253
f 253//253 543//543 542//542
f 250//250 544//544 251//251
f 251//251 544//544 543//543
f 252//252 545//545 250//250
f 250//250 545//545 544//544
f 254//254 546//546 252//252
f 252//252 546//546 545//545
f 255//255 547//547 254//254
f 254//254 547//547 546//546
f 244//244 525//525 245//245
f 245//245 525//525 548//548
f 245//245 548//548 255//255
f 255//255 548//548 547//547
f 259//259 549//549 257//257
f 257//257 549//549 550//550
f 257//257 550//550 285//285
f 285//285 550//550 551//551
f 285//285 551//551 312//312
f 549//549 259//259 269//269
f 549//549 269//269 552//552
f 552//552 269//269 268//268
f 552//552 268//268 553//553
f 553//553 268//268 554//554
f 554//554 268//268 266//266
f 554//554 266//266 555//555
f 555//555 266//266 264//264
f 555//555 264//264 556//556
f 556//556 264//264 262//262
f 556//556 262//262 557//557
f 557//557 262//262 272//272
f 557//557 272//272 558//558
f 558//558 272//272 559//559
f 559//559 272//272 271//271
f 559//559 271//271 560//560
f 271//271 275//275 560//560
f 560//560 275//275 274//274
f 560//560 274//274 561//561
f 561//561 274//274 282//282
f 561//561 282//282 562//562
f 562//562 282//282 281//281
f 562//562 281//281 563//563
f 563//563 281//281 279//279
f 563//563 279//279 564//564
f 277//277 565//565 279//279
f 279//279 565//565 564//564
f 565//565 277//277 566//566
f 566//566 277//277 276//276
f 566//566 276//276 567//567
f 278//278 568//568 276//276
f 276//276 568//568 567//567
f 568//568 278//278 280//280
f 568//568 280//280 569//569
f 569//569 280//280 273//273
f 569//569 273//273 570//570
f 570//570 273//273 270//270
f 570//570 270//270 571//571
f 571//571 270//270 261//261
f 571//571 261//261 572//572
f 572//572 261//261 263//263
f 572//572 263//263 573//573
f 573//573 263//263 265//265
f 573//573 265//265 574//574
f 574//574 265//265 267//267
f 574//574 267//267 575//575
f 575//575 267//267 260//260
f 575//575 260//260 576//576
f 576//576 260//260 258//258
f 576//576 258//258 577//577
f 258//258 287//287 577//577
f 577//577 287//287 286//286
f 577//577 286//286 578//578
f 578//578 286//286 283//283
f 578//578 283//283 579//579
f 579//579 283//283 580//580
f 580//580 283//283 284//284
f 580//580 284//284 581//581
f 581//581 284//284 314//314
f 313//313 582//582 314//314
f 314//314 582//582 583//583
f 314//314 583//583 581//581
f 313//313 311//311 582//582
f 582//582 311//311 309//309
f 582//582 309//309 584//584
f 584//584 309//309 307//307
f 584//584 307//307 585//585
f 585//585 307//307 304//304
f 585//585 304//304 586//586
f 586//586 304//304 301//301
f 586//586 301//301 587//587
f 587//587 301//301 298//298
f 587//587 298//298 588//588
f 588//588 298//298 296//296
f 588//588 296//296 589//589
f 589//589 296//296 294//294
f 589//589 294//294 590//590
f 590//590 294//294 292//292
f 590//590 292//292 591//591
f 591//591 292//292 291//291
f 591//591 291//291 592//592
f 290//290 593//593 291//291
f 291//291 593//593 592//592
f 289//289 594//594 290//290
f 290//290 594//594 593//593
f 288//288 595//595 289//289
f 289//289 595//595 594//594
f 595//595 288//288 293//293
f 595//595 293//293 596//596
f 596//596 293//293 295//295
f 596//596 295//295 597//597
f 597//597 295//295 297//297
f 597//597 297//297 598//598
f 598//598 297//297 299//299
f 598//598 299//299 599//599
f 599//599 299//299 300//300
f 599//599 300//300 600//600
f 600//600 300//300 302//302
f 600//600 302//302 601//601
f 601//601 302//302 303//303
f 601//601 303//303 602//602
f 602//602 303//303 305//305
f 602//602 305//305 603//603
f 603//603 305//305 306//306
f 603//603 306//306 604//604
f 604//604 306//306 308//308
f 604//604 308//308 605//605
f 605//605 308//308 310//310
f 605//605 310//310 606//606
f 606//606 310//310 312//312
f 606//606 312//312 551//551
f 607//607 336//336 608//608
f 608//608 336//336 326//326
f 608//608 326//326 609//609
f 609//609 326//326 325//325
f 328//328 610//610 611//611
f 328//328 611//611 324//324
f 611//611 612//612 324//324
f 324//324 612//612 609//609
f 324//324 609//609 325//325
f 319//319 613//613 327//327
f 327//327 613//613 610//610
f 327//327 610//610 328//328
f 613//613 319//319 614//614
f 614//614 319//319 323//323
f 614//614 323//323 615//615
f 615//615 323//323 322//322
f 615//615 322//322 616//616
f 616//616 322//322 321//321
f 616//616 321//321 617//617
f 617//617 321//321 320//320
f 617//617 320//320 618//618
f 618//618 320//320 318//318
f 315//315 619//619 316//316
f 316//316 619//619 618//618
f 316//316 618//618 318//318
f 619//619 315//315 620//620
f 620//620 315//315 330//330
f 620//620 330//330 621//621
f 621//621 330//330 332//332
f 621//621 332//332 622//622
f 622//622 332//332 333//333
f 622//622 333//333 623//623
f 623//623 333//333 335//335
f 623//623 335//335 624//624
f 624//624 335//335 625//625
f 625//625 335//335 334//334
f 625//625 334//334 626//626
f 626//626 334//334 331//331
f 626//626 331//331 627//627
f 627//627 331//331 317//317
f 336//336 607//607 628//628
f 336//336 628//628 337//337
f 337//337 628//628 629//629
f 337//337 629//629 338//338
f 338//338 629//629 630//630
f 338//338 630//630 329//329
f 329//329 630//630 627//627
f 329//329 627//627 317//317
f 631//631 632//632 633//633
f 633//633 632//632 634//634
f 633//633 634//634 635//635
f 636//636 637//637 633//633
f 633//633 637//637 638//638
f 633//633 638//638 631//631
f 639//639 640//640 633//633
f 633//633 640//640 641//641
f 633//633 641//641 636//636
f 642//642 643//643 633//633
f 633//633 643//643 644//644
f 633//633 644//644 639//639
f 645//645 646//646 633//633
f 633//633 646//646 647//647
f 633//633 647//647 642//642
f 648//648 649//649 633//633
f 633//633 649//649 650//650
f 633//633 650//650 645//645
f 651//651 652//652 633//633
f 633//633 652//652 653//653
f 633//633 653//653 648//648
f 654//654 655//655 633//633
f 633//633 655//655 656//656
f 633//633 656//656 651//651
f 657//657 658//658 633//633
f 633//633 658//658 659//659
f 633//633 659//659 654//654
f 660//660 661//661 633//633
f 633//633 661//661 662//662
f 633//633 662//662 657//657
f 663//663 664//664 633//633
f 633//633 664//664 665//665
f 633//633 665//665 660//660
f 635//635 666//666 633//633
f 633//633 666//666 667//667
f 633//633 667//667 663//663
f 534//534 532//532 531//531
f 509//509 507//507 508//508
f 442//442 443//443 418//418
f 403//403 404//404 405//405
f 395//395 398//398 396//396
f 396//396 398//398 368//368
f 390//390 668//668 391//391
f 391//391 668//668 669//669
f 391//391 669//669 392//392
f 385//385 386//386 670//670
f 670//670 386//386 387//387
f 670//670 387//387 671//671
f 671//671 387//387 389//389
f 671//671 389//389 669//669
f 669//669 389//389 388//388
f 669//669 388//388 392//392
f 672//672 529//529 670//670
f 670//670 529//529 530//530
f 670//670 530//530 385//385
f 385//385 530//530 533//533
f 384//384 370//370 401//401
f 401//401 370//370 369//369
f 401//401 369//369 399//399
f 399//399 369//369 368//368
f 399//399 368//368 400//400
f 400//400 368//368 398//398
f 400//400 398//398 397//397
f 532//532 534//534 533//533
f 533//533 534//534 535//535
f 533//533 535//535 385//385
f 385//385 535//535 536//536
f 385//385 536//536 384//384
f 417//417 673//673 416//416
f 416//416 673//673 413//413
f 413//413 673//673 414//414
f 414//414 673//673 674//674
f 414//414 674//674 675//675
f 675//675 676//676 423//423
f 426//426 411//411 423//423
f 423//423 411//411 412//412
f 423//423 412//412 675//675
f 675//675 412//412 415//415
f 675//675 415//415 414//414
f 409//409 410//410 342//342
f 342//342 410//410 346//346
f 405//405 406//406 407//407
f 403//403 405//405 341//341
f 341//341 405//405 407//407
f 341//341 407//407 342//342
f 342//342 407//407 408//408
f 342//342 408//408 409//409
f 500//500 499//499 439//439
f 440//440 488//488 439//439
f 439//439 488//488 489//489
f 439//439 489//489 500//500
f 499//499 498//498 439//439
f 439//439 498//498 497//497
f 439//439 497//497 496//496
f 495//495 494//494 349//349
f 418//418 419//419 442//442
f 442//442 419//419 677//677
f 442//442 677//677 441//441
f 441//441 677//677 678//678
f 441//441 678//678 440//440
f 440//440 678//678 679//679
f 440//440 679//679 488//488
f 488//488 679//679 487//487
f 496//496 495//495 439//439
f 439//439 495//495 349//349
f 439//439 349//349 438//438
f 438//438 349//349 348//348
f 438//438 348//348 437//437
f 437//437 348//348 347//347
f 410//410 427//427 346//346
f 346//346 427//427 431//431
f 346//346 431//431 347//347
f 347//347 431//431 430//430
f 434//434 436//436 433//433
f 433//433 436//436 437//437
f 433//433 437//437 432//432
f 432//432 437//437 347//347
f 432//432 347//347 435//435
f 435//435 347//347 430//430
f 410//410 411//411 427//427
f 427//427 411//411 426//426
f 427//427 426//426 428//428
f 428//428 426//426 425//425
f 428//428 425//425 429//429
f 429//429 425//425 424//424
f 419//419 420//420 677//677
f 677//677 420//420 421//421
f 677//677 421//421 676//676
f 676//676 421//421 422//422
f 676//676 422//422 423//423
f 473//473 474//474 680//680
f 479//479 480//480 680//680
f 680//680 480//480 481//481
f 680//680 481//481 482//482
f 474//474 485//485 680//680
f 680//680 485//485 475//475
f 680//680 475//475 476//476
f 476//476 477//477 680//680
f 680//680 477//477 478//478
f 680//680 478//478 479//479
f 487//487 679//679 486//486
f 486//486 679//679 681//681
f 486//486 681//681 484//484
f 450//450 449//449 351//351
f 444//444 458//458 350//350
f 350//350 458//458 351//351
f 351//351 458//458 457//457
f 351//351 457//457 456//456
f 456//456 455//455 351//351
f 351//351 455//455 454//454
f 351//351 454//454 453//453
f 453//453 452//452 351//351
f 351//351 452//452 451//451
f 351//351 451//451 450//450
f 449//449 448//448 351//351
f 351//351 448//448 447//447
f 351//351 447//447 682//682
f 682//682 447//447 459//459
f 682//682 459//459 681//681
f 683//683 463//463 681//681
f 467//467 466//466 683//683
f 466//466 465//465 683//683
f 683//683 465//465 464//464
f 683//683 464//464 463//463
f 471//471 470//470 683//683
f 459//459 460//460 681//681
f 681//681 460//460 461//461
f 681//681 461//461 683//683
f 683//683 461//461 472//472
f 683//683 472//472 471//471
f 470//470 469//469 683//683
f 683//683 469//469 468//468
f 683//683 468//468 467//467
f 482//482 483//483 680//680
f 680//680 483//483 484//484
f 680//680 484//484 473//473
f 473//473 484//484 681//681
f 473//473 681//681 462//462
f 462//462 681//681 463//463
f 494//494 493//493 349//349
f 349//349 493//493 492//492
f 349//349 492//492 490//490
f 490//490 491//491 349//349
f 349//349 491//491 446//446
f 349//349 446//446 350//350
f 350//350 446//446 445//445
f 350//350 445//445 444//444
f 523//523 524//524 501//501
f 501//501 502//502 523//523
f 523//523 502//502 684//684
f 523//523 684//684 522//522
f 522//522 684//684 685//685
f 522//522 685//685 521//521
f 521//521 685//685 686//686
f 521//521 686//686 520//520
f 516//516 517//517 515//515
f 515//515 517//517 518//518
f 515//515 518//518 514//514
f 520//520 344//344 519//519
f 519//519 344//344 343//343
f 519//519 343//343 518//518
f 518//518 343//343 352//352
f 518//518 352//352 514//514
f 512//512 505//505 511//511
f 511//511 505//505 506//506
f 507//507 509//509 506//506
f 506//506 509//509 510//510
f 506//506 510//510 511//511
f 502//502 503//503 684//684
f 684//684 503//503 504//504
f 684//684 504//504 682//682
f 682//682 504//504 505//505
f 682//682 505//505 351//351
f 351//351 505//505 512//512
f 351//351 512//512 352//352
f 352//352 512//512 513//513
f 352//352 513//513 514//514
f 541//541 542//542 543//543
f 384//384 536//536 370//370
f 370//370 536//536 537//537
f 370//370 537//537 371//371
f 371//371 537//537 538//538
f 371//371 538//538 539//539
f 546//546 687//687 545//545
f 545//545 687//687 688//688
f 545//545 688//688 544//544
f 544//544 688//688 372//372
f 544//544 372//372 543//543
f 543//543 372//372 371//371
f 543//543 371//371 541//541
f 541//541 371//371 539//539
f 541//541 539//539 540//540
f 525//525 687//687 548//548
f 548//548 687//687 546//546
f 548//548 546//546 547//547
f 525//525 526//526 687//687
f 687//687 526//526 527//527
f 687//687 527//527 672//672
f 672//672 527//527 528//528
f 672//672 528//528 529//529
f 592//592 593//593 689//689
f 580//580 581//581 690//690
f 587//587 588//588 690//690
f 690//690 588//588 589//589
f 690//690 589//589 590//590
f 581//581 583//583 690//690
f 690//690 583//583 582//582
f 690//690 582//582 584//584
f 584//584 585//585 690//690
f 690//690 585//585 586//586
f 690//690 586//586 587//587
f 689//689 593//593 688//688
f 593//593 594//594 688//688
f 688//688 594//594 595//595
f 688//688 595//595 372//372
f 372//372 595//595 596//596
f 372//372 596//596 597//597
f 597//597 598//598 372//372
f 372//372 598//598 599//599
f 372//372 599//599 600//600
f 600//600 601//601 372//372
f 372//372 601//601 602//602
f 372//372 602//602 603//603
f 603//603 604//604 372//372
f 372//372 604//604 605//605
f 372//372 605//605 353//353
f 353//353 605//605 606//606
f 575//575 576//576 691//691
f 575//575 691//691 574//574
f 576//576 577//577 691//691
f 691//691 577//577 578//578
f 691//691 578//578 689//689
f 570//570 571//571 691//691
f 566//566 567//567 689//689
f 689//689 567//567 568//568
f 689//689 568//568 691//691
f 691//691 568//568 569//569
f 691//691 569//569 570//570
f 571//571 572//572 691//691
f 691//691 572//572 573//573
f 691//691 573//573 574//574
f 590//590 591//591 690//690
f 690//690 591//591 592//592
f 690//690 592//592 580//580
f 580//580 592//592 689//689
f 580//580 689//689 579//579
f 579//579 689//689 578//578
f 692//692 693//693 624//624
f 556//556 607//607 555//555
f 555//555 607//607 554//554
f 556//556 557//557 607//607
f 607//607 557//557 558//558
f 607//607 558//558 628//628
f 558//558 559//559 628//628
f 628//628 559//559 560//560
f 628//628 560//560 629//629
f 560//560 561//561 629//629
f 629//629 561//561 562//562
f 629//629 562//562 563//563
f 689//689 692//692 566//566
f 566//566 692//692 624//624
f 566//566 624//624 565//565
f 565//565 624//624 625//625
f 565//565 625//625 564//564
f 552//552 553//553 354//354
f 354//354 553//553 554//554
f 354//354 554//554 355//355
f 606//606 551//551 353//353
f 353//353 551//551 550//550
f 353//353 550//550 354//354
f 354//354 550//550 549//549
f 354//354 549//549 552//552
f 694//694 622//622 693//693
f 693//693 622//622 623//623
f 693//693 623//623 624//624
f 610//610 613//613 611//611
f 611//611 613//613 614//614
f 612//612 611//611 356//356
f 356//356 611//611 614//614
f 356//356 614//614 378//378
f 378//378 614//614 615//615
f 617//617 694//694 616//616
f 616//616 694//694 695//695
f 616//616 695//695 615//615
f 618//618 619//619 617//617
f 617//617 619//619 620//620
f 617//617 620//620 694//694
f 694//694 620//620 621//621
f 694//694 621//621 622//622
f 554//554 607//607 355//355
f 355//355 607//607 608//608
f 355//355 608//608 356//356
f 356//356 608//608 609//609
f 356//356 609//609 612//612
f 563//563 564//564 629//629
f 629//629 564//564 625//625
f 629//629 625//625 630//630
f 630//630 625//625 626//626
f 630//630 626//626 627//627
f 615//615 695//695 378//378
f 378//378 695//695 696//696
f 378//378 696//696 379//379
f 379//379 696//696 697//697
f 379//379 697//697 380//380
f 380//380 697//697 698//698
f 380//380 698//698 381//381
f 381//381 698//698 699//699
f 381//381 699//699 382//382
f 382//382 699//699 700//700
f 382//382 700//700 383//383
f 383//383 700//700 701//701
f 383//383 701//701 363//363
f 363//363 701//701 702//702
f 363//363 702//702 364//364
f 364//364 702//702 703//703
f 364//364 703//703 365//365
f 365//365 703//703 704//704
f 365//365 704//704 366//366
f 366//366 704//704 705//705
f 366//366 705//705 367//367
f 367//367 705//705 706//706
f 367//367 706//706 339//339
f 339//339 706//706 673//673
f 339//339 673//673 340//340
f 340//340 673//673 417//417
f 340//340 417//417 341//341
f 341//341 417//417 402//402
f 341//341 402//402 403//403
f 520//520 686//686 344//344
f 344//344 686//686 707//707
f 344//344 707//707 345//345
f 345//345 707//707 708//708
f 345//345 708//708 357//357
f 357//357 708//708 709//709
f 357//357 709//709 358//358
f 358//358 709//709 710//710
f 358//358 710//710 359//359
f 359//359 710//710 711//711
f 359//359 711//711 360//360
f 360//360 711//711 712//712
f 360//360 712//712 361//361
f 361//361 712//712 713//713
f 361//361 713//713 362//362
f 362//362 713//713 714//714
f 362//362 714//714 373//373
f 373//373 714//714 715//715
f 373//373 715//715 374//374
f 374//374 715//715 716//716
f 374//374 716//716 375//375
f 375//375 716//716 668//668
f 375//375 668//668 376//376
f 376//376 668//668 390//390
f 376//376 390//390 377//377
f 377//377 390//390 393//393
f 377//377 393//393 368//368
f 368//368 393//393 394//394
f 368//368 394//394 396//396
f 717//717 634//634 718//718
f 718//718 634//634 632//632
f 718//718 632//632 719//719
f 719//719 632//632 631//631
f 719//719 631//631 720//720
f 720//720 631//631 638//638
f 720//720 638//638 721//721
f 721//721 638//638 637//637
f 721//721 637//637 722//722
f 722//722 637//637 636//636
f 722//722 636//636 723//723
f 723//723 636//636 641//641
f 723//723 641//641 724//724
f 724//724 641//641 640//640
f 724//724 640//640 725//725
f 725//725 640//640 639//639
f 725//725 639//639 726//726
f 726//726 639//639 644//644
f 726//726 644//644 727//727
f 727//727 644//644 643//643
f 727//727 643//643 728//728
f 728//728 643//643 642//642
f 728//728 642//642 729//729
f 729//729 642//642 647//647
f 729//729 647//647 730//730
f 730//730 647//647 646//646
f 730//730 646//646 731//731
f 731//731 646//646 645//645
f 731//731 645//645 732//732
f 732//732 645//645 650//650
f 732//732 650//650 733//733
f 733//733 650//650 649//649
f 733//733 649//649 734//734
f 734//734 649//649 648//648
f 734//734 648//648 735//735
f 735//735 648//648 653//653
f 735//735 653//653 736//736
f 736//736 653//653 652//652
f 736//736 652//652 737//737
f 737//737 652//652 651//651
f 737//737 651//651 738//738
f 738//738 651//651 656//656
f 738//738 656//656 739//739
f 739//739 656//656 655//655
f 739//739 655//655 740//740
f 740//740 655//655 654//654
f 740//740 654//654 741//741
f 741//741 654//654 659//659
f 741//741 659//659 742//742
f 742//742 659//659 658//658
f 742//742 658//658 743//743
f 743//743 658//658 657//657
f 743//743 657//657 744//744
f 744//744 657//657 662//662
f 744//744 662//662 745//745
f 745//745 662//662 661//661
f 745//745 661//661 746//746
f 746//746 661//661 660//660
f 746//746 660//660 747//747
f 747//747 660//660 665//665
f 747//747 665//665 748//748
f 748//748 665//665 664//664
f 748//748 664//664 749//749
f 749//749 664//664 663//663
f 749//749 663//663 750//750
f 750//750 663//663 667//667
f 750//750 667//667 751//751
f 751//751 667//667 666//666
f 751//751 666//666 752//752
f 752//752 666//666 635//635
f 752//752 635//635 717//717
f 717//717 635//635 634//634
f 753//753 715//715 754//754
f 754//754 715//715 714//714
f 754//754 714//714 755//755
f 755//755 714//714 713//713
f 755//755 713//713 756//756
f 756//756 713//713 712//712
f 756//756 712//712 757//757
f 757//757 712//712 711//711
f 757//757 711//711 758//758
f 758//758 711//711 710//710
f 758//758 710//710 759//759
f 759//759 710//710 709//709
f 759//759 709//709 760//760
f 760//760 709//709 708//708
f 760//760 708//708 761//761
f 761//761 708//708 707//707
f 761//761 707//707 762//762
f 762//762 707//707 686//686
f 762//762 686//686 763//763
f 763//763 686//686 685//685
f 763//763 685//685 764//764
f 764//764 685//685 684//684
f 764//764 684//684 765//765
f 765//765 684//684 682//682
f 765//765 682//682 766//766
f 766//766 682//682 681//681
f 766//766 681//681 767//767
f 767//767 681//681 679//679
f 767//767 679//679 768//768
f 768//768 679//679 678//678
f 768//768 678//678 769//769
f 769//769 678//678 677//677
f 769//769 677//677 770//770
f 770//770 677//677 676//676
f 770//770 676//676 771//771
f 771//771 676//676 675//675
f 771//771 675//675 772//772
f 772//772 675//675 674//674
f 772//772 674//674 773//773
f 773//773 674//674 673//673
f 773//773 673//673 774//774
f 774//774 673//673 706//706
f 774//774 706//706 775//775
f 775//775 706//706 705//705
f 775//775 705//705 776//776
f 776//776 705//705 704//704
f 776//776 704//704 777//777
f 777//777 704//704 703//703
f 777//777 703//703 778//778
f 778//778 703//703 702//702
f 778//778 702//702 779//779
f 779//779 702//702 701//701
f 779//779 701//701 780//780
f 780//780 701//701 700//700
f 780//780 700//700 781//781
f 781//781 700//700 699//699
f 781//781 699//699 782//782
f 782//782 699//699 698//698
f 782//782 698//698 783//783
f 783//783 698//698 697//697
f 783//783 697//697 784//784
f 784//784 697//697 696//696
f 784//784 696//696 785//785
f 785//785 696//696 695//695
f 785//785 695//695 786//786
f 786//786 695//695 694//694
f 786//786 694//694 787//787
f 787//787 694//694 693//693
f 787//787 693//693 788//788
f 788//788 693//693 692//692
f 788//788 692//692 789//789
f 789//789 692//692 689//689
f 789//789 689//689 790//790
f 790//790 689//689 688//688
f 790//790 688//688 791//791
f 791//791 688//688 687//687
f 791//791 687//687 792//792
f 792//792 687//687 672//672
f 792//792 672//672 793//793
f 793//793 672//672 670//670
f 793//793 670//670 794//794
f 794//794 670//670 671//671
f 794//794 671//671 795//795
f 795//795 671//671 669//669
f 795//795 669//669 796//796
f 796//796 669//669 668//668
f 796//796 668//668 797//797
f 797//797 668//668 716//716
f 797//797 716//716 753//753
f 753//753 716//716 715//715
f 798//798 799//799 800//800
f 800//800 799//799 801//801
f 800//800 801//801 802//802
f 802//802 801//801 803//803
f 802//802 803//803 804//804
f 804//804 803//803 805//805
f 804//804 805//805 806//806
f 805//805 807//807 806//806
f 806//806 807//807 808//808
f 806//806 808//808 809//809
f 809//809 808//808 810//810
f 808//808 811//811 810//810
f 810//810 811//811 812//812
f 810//810 812//812 813//813
f 813//813 812//812 814//814
f 813//813 814//814 815//815
f 815//815 814//814 816//816
f 815//815 816//816 817//817
f 817//817 816//816 818//818
f 816//816 819//819 818//818
f 818//818 819//819 820//820
f 818//818 820//820 821//821
f 821//821 820//820 822//822
f 821//821 822//822 823//823
f 822//822 824//824 823//823
f 823//823 824//824 825//825
f 823//823 825//825 826//826
f 826//826 825//825 827//827
f 826//826 827//827 828//828
f 828//828 827//827 829//829
f 828//828 829//829 830//830
f 830//830 829//829 831//831
f 830//830 831//831 832//832
f 832//832 831//831 833//833
f 832//832 833//833 834//834
f 834//834 833//833 835//835
f 803//803 801//801 836//836
f 812//812 811//811 837//837
f 838//838 839//839 836//836
f 840//840 841//841 842//842
f 843//843 844//844 845//845
f 846//846 847//847 848//848
f 848//848 847//847 849//849
f 848//848 849//849 845//845
f 845//845 849//849 850//850
f 845//845 850//850 843//843
f 851//851 852//852 853//853
f 851//851 853//853 848//848
f 848//848 853//853 854//854
f 848//848 854//854 846//846
f 852//852 851//851 855//855
f 855//855 851//851 856//856
f 855//855 856//856 857//857
f 858//858 859//859 860//860
f 860//860 859//859 861//861
f 860//860 861//861 856//856
f 856//856 861//861 862//862
f 856//856 862//862 857//857
f 858//858 860//860 863//863
f 863//863 860//860 864//864
f 863//863 864//864 865//865
f 866//866 867//867 868//868
f 868//868 867//867 869//869
f 868//868 869//869 864//864
f 864//864 869//869 870//870
f 864//864 870//870 865//865
f 871//871 872//872 873//873
f 873//873 872//872 874//874
f 873//873 874//874 868//868
f 868//868 874//874 875//875
f 868//868 875//875 866//866
f 871//871 873//873 876//876
f 876//876 873//873 877//877
f 876//876 877//877 878//878
f 878//878 877//877 879//879
f 879//879 877//877 880//880
f 879//879 880//880 881//881
f 882//882 883//883 884//884
f 882//882 884//884 880//880
f 880//880 884//884 885//885
f 880//880 885//885 881//881
f 886//886 887//887 888//888
f 888//888 887//887 889//889
f 888//888 889//889 882//882
f 882//882 889//889 890//890
f 882//882 890//890 883//883
f 891//891 892//892 893//893
f 893//893 892//892 894//894
f 893//893 894//894 888//888
f 888//888 894//894 895//895
f 888//888 895//895 886//886
f 891//891 893//893 896//896
f 896//896 893//893 897//897
f 896//896 897//897 898//898
f 899//899 900//900 901//901
f 901//901 900//900 902//902
f 901//901 902//902 897//897
f 897//897 902//902 903//903
f 897//897 903//903 898//898
f 904//904 905//905 906//906
f 904//904 906//906 901//901
f 901//901 906//906 907//907
f 901//901 907//907 899//899
f 905//905 904//904 908//908
f 908//908 904//904 909//909
f 908//908 909//909 910//910
f 911//911 912//912 913//913
f 913//913 912//912 914//914
f 913//913 914//914 909//909
f 909//909 914//914 915//915
f 909//909 915//915 910//910
f 916//916 917//917 918//918
f 916//916 918//918 913//913
f 913//913 918//918 919//919
f 913//913 919//919 911//911
f 920//920 921//921 922//922
f 922//922 921//921 923//923
f 922//922 923//923 916//916
f 916//916 923//923 924//924
f 916//916 924//924 917//917
f 920//920 922//922 925//925
f 925//925 922//922 926//926
f 925//925 926//926 927//927
f 928//928 929//929 930//930
f 928//928 930//930 926//926
f 926//926 930//930 931//931
f 926//926 931//931 927//927
f 932//932 933//933 934//934
f 934//934 933//933 935//935
f 934//934 935//935 928//928
f 928//928 935//935 936//936
f 928//928 936//936 929//929
f 937//937 938//938 939//939
f 937//937 939//939 934//934
f 934//934 939//939 940//940
f 934//934 940//940 932//932
f 941//941 942//942 943//943
f 943//943 942//942 944//944
f 943//943 944//944 937//937
f 937//937 944//944 945//945
f 937//937 945//945 938//938
f 941//941 943//943 946//946
f 946//946 943//943 947//947
f 946//946 947//947 948//948
f 949//949 950//950 951//951
f 951//951 950//950 952//952
f 951//951 952//952 947//947
f 947//947 952//952 953//953
f 947//947 953//953 948//948
f 954//954 955//955 956//956
f 956//956 955//955 957//957
f 956//956 957//957 951//951
f 951//951 957//957 958//958
f 951//951 958//958 949//949
f 954//954 956//956 959//959
f 959//959 956//956 960//960
f 959//959 960//960 961//961
f 962//962 963//963 960//960
f 960//960 963//963 964//964
f 960//960 964//964 961//961
f 965//965 966//966 962//962
f 962//962 966//966 967//967
f 962//962 967//967 963//963
f 968//968 969//969 965//965
f 965//965 969//969 970//970
f 965//965 970//970 966//966
f 971//971 968//968 972//972
f 972//972 968//968 965//965
f 972//972 965//965 973//973
f 973//973 965//965 974//974
f 840//840 842//842 975//975
f 976//976 977//977 978//978
f 977//977 979//979 978//978
f 978//978 979//979 980//980
f 978//978 980//980 981//981
f 982//982 983//983 984//984
f 984//984 983//983 985//985
f 984//984 985//985 986//986
f 987//987 988//988 989//989
f 990//990 991//991 992//992
f 992//992 991//991 993//993
f 992//992 993//993 987//987
f 987//987 993//993 994//994
f 987//987 994//994 988//988
f 990//990 992//992 995//995
f 995//995 992//992 996//996
f 995//995 996//996 997//997
f 998//998 999//999 1000//1000
f 1000//1000 999//999 1001//1001
f 1000//1000 1001//1001 996//996
f 996//996 1001//1001 1002//1002
f 996//996 1002//1002 997//997
f 1003//1003 1004//1004 1005//1005
f 1005//1005 1004//1004 1006//1006
f 1005//1005 1006//1006 1000//1000
f 1000//1000 1006//1006 1007//1007
f 1000//1000 1007//1007 998//998
f 1003//1003 1005//1005 1008//1008
f 1008//1008 1005//1005 1009//1009
f 1008//1008 1009//1009 1010//1010
f 1011//1011 1012//1012 1013//1013
f 1011//1011 1013//1013 1009//1009
f 1009//1009 1013//1013 1014//1014
f 1009//1009 1014//1014 1010//1010
f 1015//1015 1016//1016 1017//1017
f 1017//1017 1018//1018 1015//1015
f 1015//1015 1018//1018 1019//1019
f 1015//1015 1019//1019 1011//1011
f 1011//1011 1019//1019 1020//1020
f 1011//1011 1020//1020 1012//1012
f 1016//1016 1015//1015 1021//1021
f 1021//1021 1015//1015 1022//1022
f 1021//1021 1022//1022 1023//1023
f 1024//1024 1025//1025 1026//1026
f 1024//1024 1026//1026 1022//1022
f 1022//1022 1026//1026 1027//1027
f 1022//1022 1027//1027 1023//1023
f 1028//1028 1029//1029 1030//1030
f 1030//1030 1029//1029 1031//1031
f 1030//1030 1031//1031 1024//1024
f 1024//1024 1031//1031 1032//1032
f 1024//1024 1032//1032 1025//1025
f 1028//1028 1030//1030 1033//1033
f 1033//1033 1030//1030 1034//1034
f 1033//1033 1034//1034 1035//1035
f 1036//1036 1037//1037 1038//1038
f 1036//1036 1038//1038 1034//1034
f 1034//1034 1038//1038 1039//1039
f 1034//1034 1039//1039 1035//1035
f 1040//1040 1036//1036 1041//1041
f 1040//1040 1042//1042 1036//1036
f 1036//1036 1042//1042 1043//1043
f 1036//1036 1043//1043 1037//1037
f 1044//1044 1045//1045 1046//1046
f 1046//1046 1045//1045 1047//1047
f 1046//1046 1047//1047 1041//1041
f 1041//1041 1047//1047 1048//1048
f 1041//1041 1048//1048 1040//1040
f 1049//1049 1050//1050 1046//1046
f 1046//1046 1050//1050 1051//1051
f 1046//1046 1051//1051 1044//1044
f 1052//1052 1053//1053 1054//1054
f 1054//1054 1053//1053 1055//1055
f 1054//1054 1055//1055 1049//1049
f 1049//1049 1055//1055 1056//1056
f 1049//1049 1056//1056 1050//1050
f 1057//1057 1058//1058 1059//1059
f 1059//1059 1058//1058 1060//1060
f 1059//1059 1060//1060 1054//1054
f 1054//1054 1060//1060 1061//1061
f 1054//1054 1061//1061 1052//1052
f 1057//1057 1059//1059 1062//1062
f 1062//1062 1059//1059 1063//1063
f 1062//1062 1063//1063 1064//1064
f 1065//1065 1066//1066 1067//1067
f 1067//1067 1066//1066 1068//1068
f 1067//1067 1068//1068 1063//1063
f 1063//1063 1068//1068 1069//1069
f 1063//1063 1069//1069 1064//1064
f 1070//1070 1071//1071 1072//1072
f 1072//1072 1071//1071 1073//1073
f 1072//1072 1073//1073 1067//1067
f 1067//1067 1073//1073 1074//1074
f 1067//1067 1074//1074 1065//1065
f 1070//1070 1072//1072 1075//1075
f 1075//1075 1072//1072 1076//1076
f 1075//1075 1076//1076 1077//1077
f 1078//1078 1079//1079 1076//1076
f 1076//1076 1079//1079 1080//1080
f 1076//1076 1080//1080 1077//1077
f 1081//1081 1078//1078 1082//1082
f 1082//1082 1078//1078 1083//1083
f 1081//1081 1084//1084 1078//1078
f 1078//1078 1084//1084 1085//1085
f 1078//1078 1085//1085 1079//1079
f 1086//1086 1087//1087 1088//1088
f 1088//1088 1087//1087 1089//1089
f 1088//1088 1089//1089 1083//1083
f 1083//1083 1089//1089 1090//1090
f 1083//1083 1090//1090 1082//1082
f 1086//1086 1088//1088 1091//1091
f 1091//1091 1088//1088 1092//1092
f 1091//1091 1092//1092 1093//1093
f 1094//1094 1095//1095 1096//1096
f 1096//1096 1095//1095 1097//1097
f 1096//1096 1097//1097 1092//1092
f 1092//1092 1097//1097 1098//1098
f 1092//1092 1098//1098 1093//1093
f 1094//1094 1096//1096 1099//1099
f 1099//1099 1096//1096 1100//1100
f 1099//1099 1100//1100 1101//1101
f 1102//1102 1103//1103 1100//1100
f 1100//1100 1103//1103 1104//1104
f 1100//1100 1104//1104 1101//1101
f 1105//1105 1106//1106 1107//1107
f 1107//1107 1106//1106 1108//1108
f 1107//1107 1108//1108 1102//1102
f 1102//1102 1108//1108 1109//1109
f 1102//1102 1109//1109 1103//1103
f 839//839 1110//1110 836//836
f 836//836 1110//1110 1111//1111
f 836//836 1111//1111 1107//1107
f 1107//1107 1111//1111 1112//1112
f 1107//1107 1112//1112 1105//1105
f 838//838 836//836 1113//1113
f 1113//1113 836//836 801//801
f 1113//1113 801//801 799//799
f 1114//1114 837//837 1115//1115
f 1115//1115 837//837 1116//1116
f 1115//1115 1116//1116 1117//1117
f 1117//1117 1116//1116 1118//1118
f 1117//1117 1118//1118 1119//1119
f 1119//1119 1118//1118 1120//1120
f 1119//1119 1120//1120 1121//1121
f 1121//1121 1120//1120 1122//1122
f 1121//1121 1122//1122 1123//1123
f 1123//1123 1122//1122 1124//1124
f 1123//1123 1124//1124 1125//1125
f 1125//1125 1124//1124 1126//1126
f 1125//1125 1126//1126 1127//1127
f 1127//1127 1126//1126 1128//1128
f 1127//1127 1128//1128 1129//1129
f 1129//1129 1128//1128 1130//1130
f 1129//1129 1130//1130 1131//1131
f 1131//1131 1130//1130 1132//1132
f 1131//1131 1132//1132 1133//1133
f 1133//1133 1132//1132 1134//1134
f 1133//1133 1134//1134 1135//1135
f 1135//1135 1134//1134 1136//1136
f 1135//1135 1136//1136 1137//1137
f 1137//1137 1136//1136 1138//1138
f 1137//1137 1138//1138 1139//1139
f 1139//1139 1138//1138 1140//1140
f 1139//1139 1140//1140 1141//1141
f 1141//1141 1140//1140 1142//1142
f 1141//1141 1142//1142 1143//1143
f 1143//1143 1142//1142 1144//1144
f 1143//1143 1144//1144 1145//1145
f 1145//1145 1144//1144 1146//1146
f 1145//1145 1146//1146 1147//1147
f 1147//1147 1146//1146 1148//1148
f 1147//1147 1148//1148 1149//1149
f 1149//1149 1148//1148 1150//1150
f 1149//1149 1150//1150 1151//1151
f 1151//1151 1150//1150 1152//1152
f 1151//1151 1152//1152 1153//1153
f 1153//1153 1152//1152 1154//1154
f 1153//1153 1154//1154 1155//1155
f 1155//1155 1154//1154 1156//1156
f 1155//1155 1156//1156 1157//1157
f 1157//1157 1156//1156 1158//1158
f 1157//1157 1158//1158 1159//1159
f 1159//1159 1158//1158 1160//1160
f 1159//1159 1160//1160 1161//1161
f 1161//1161 1160//1160 1162//1162
f 1161//1161 1162//1162 1163//1163
f 1163//1163 1162//1162 1164//1164
f 1163//1163 1164//1164 1165//1165
f 1165//1165 1164//1164 1166//1166
f 1165//1165 1166//1166 1167//1167
f 1167//1167 1166//1166 1168//1168
f 1167//1167 1168//1168 1169//1169
f 1169//1169 1168//1168 1170//1170
f 1169//1169 1170//1170 1171//1171
f 1171//1171 1170//1170 1172//1172
f 1171//1171 1172//1172 978//978
f 978//978 1172//1172 1173//1173
f 978//978 1173//1173 976//976
f 976//976 1173//1173 1174//1174
f 812//812 837//837 814//814
f 808//808 807//807 1175//1175
f 1175//1175 807//807 805//805
f 805//805 803//803 1175//1175
f 1175//1175 803//803 836//836
f 1175//1175 836//836 1176//1176
f 1176//1176 836//836 1107//1107
f 1176//1176 1107//1107 1177//1177
f 1177//1177 1107//1107 1102//1102
f 1177//1177 1102//1102 1178//1178
f 1178//1178 1102//1102 1100//1100
f 1178//1178 1100//1100 1179//1179
f 1179//1179 1100//1100 1096//1096
f 1179//1179 1096//1096 1180//1180
f 1180//1180 1096//1096 1092//1092
f 1180//1180 1092//1092 1181//1181
f 1181//1181 1092//1092 1088//1088
f 1181//1181 1088//1088 1182//1182
f 1182//1182 1088//1088 1083//1083
f 1182//1182 1083//1083 1183//1183
f 1183//1183 1083//1083 1078//1078
f 1183//1183 1078//1078 1184//1184
f 1184//1184 1078//1078 1076//1076
f 1184//1184 1076//1076 1185//1185
f 1185//1185 1076//1076 1072//1072
f 1185//1185 1072//1072 1186//1186
f 1186//1186 1072//1072 1067//1067
f 1186//1186 1067//1067 1187//1187
f 1187//1187 1067//1067 1063//1063
f 1187//1187 1063//1063 1188//1188
f 1188//1188 1063//1063 1059//1059
f 1188//1188 1059//1059 1189//1189
f 1189//1189 1059//1059 1054//1054
f 1189//1189 1054//1054 1190//1190
f 1190//1190 1054//1054 1049//1049
f 1190//1190 1049//1049 1191//1191
f 1191//1191 1049//1049 1046//1046
f 1191//1191 1046//1046 1192//1192
f 1192//1192 1046//1046 1041//1041
f 1192//1192 1041//1041 1193//1193
f 1193//1193 1041//1041 1036//1036
f 1193//1193 1036//1036 1194//1194
f 1194//1194 1036//1036 1034//1034
f 1194//1194 1034//1034 1195//1195
f 1195//1195 1034//1034 1030//1030
f 1195//1195 1030//1030 1196//1196
f 1196//1196 1030//1030 1024//1024
f 1196//1196 1024//1024 1197//1197
f 1197//1197 1024//1024 1022//1022
f 1197//1197 1022//1022 1198//1198
f 1198//1198 1022//1022 1015//1015
f 1198//1198 1015//1015 1199//1199
f 1199//1199 1015//1015 1011//1011
f 1199//1199 1011//1011 1200//1200
f 1200//1200 1011//1011 1009//1009
f 1200//1200 1009//1009 1201//1201
f 1201//1201 1009//1009 1005//1005
f 1201//1201 1005//1005 1202//1202
f 1202//1202 1005//1005 1000//1000
f 1202//1202 1000//1000 1203//1203
f 1203//1203 1000//1000 996//996
f 1203//1203 996//996 1204//1204
f 1204//1204 996//996 992//992
f 1204//1204 992//992 984//984
f 984//984 992//992 987//987
f 984//984 987//987 982//982
f 982//982 987//987 989//989
f 982//982 989//989 1205//1205
f 811//811 808//808 837//837
f 837//837 808//808 1175//1175
f 837//837 1175//1175 1116//1116
f 1116//1116 1175//1175 1176//1176
f 1116//1116 1176//1176 1118//1118
f 1118//1118 1176//1176 1177//1177
f 1118//1118 1177//1177 1120//1120
f 1120//1120 1177//1177 1178//1178
f 1120//1120 1178//1178 1122//1122
f 1122//1122 1178//1178 1179//1179
f 1122//1122 1179//1179 1124//1124
f 1124//1124 1179//1179 1180//1180
f 1124//1124 1180//1180 1126//1126
f 1126//1126 1180//1180 1181//1181
f 1126//1126 1181//1181 1128//1128
f 1128//1128 1181//1181 1182//1182
f 1128//1128 1182//1182 1130//1130
f 1130//1130 1182//1182 1183//1183
f 1130//1130 1183//1183 1132//1132
f 1132//1132 1183//1183 1184//1184
f 1132//1132 1184//1184 1134//1134
f 1134//1134 1184//1184 1185//1185
f 1134//1134 1185//1185 1136//1136
f 1136//1136 1185//1185 1186//1186
f 1136//1136 1186//1186 1138//1138
f 1138//1138 1186//1186 1187//1187
f 1138//1138 1187//1187 1140//1140
f 1140//1140 1187//1187 1188//1188
f 1140//1140 1188//1188 1142//1142
f 1142//1142 1188//1188 1189//1189
f 1142//1142 1189//1189 1144//1144
f 1144//1144 1189//1189 1190//1190
f 1144//1144 1190//1190 1146//1146
f 1146//1146 1190//1190 1191//1191
f 1146//1146 1191//1191 1148//1148
f 1148//1148 1191//1191 1192//1192
f 1148//1148 1192//1192 1150//1150
f 1150//1150 1192//1192 1193//1193
f 1150//1150 1193//1193 1152//1152
f 1152//1152 1193//1193 1194//1194
f 1152//1152 1194//1194 1154//1154
f 1154//1154 1194//1194 1195//1195
f 1154//1154 1195//1195 1156//1156
f 1156//1156 1195//1195 1196//1196
f 1156//1156 1196//1196 1158//1158
f 1158//1158 1196//1196 1197//1197
f 1158//1158 1197//1197 1160//1160
f 1160//1160 1197//1197 1198//1198
f 1160//1160 1198//1198 1162//1162
f 1162//1162 1198//1198 1199//1199
f 1162//1162 1199//1199 1164//1164
f 1164//1164 1199//1199 1200//1200
f 1164//1164 1200//1200 1166//1166
f 1166//1166 1200//1200 1201//1201
f 1166//1166 1201//1201 1168//1168
f 1168//1168 1201//1201 1202//1202
f 1168//1168 1202//1202 1170//1170
f 1170//1170 1202//1202 1203//1203
f 1170//1170 1203//1203 1172//1172
f 1172//1172 1203//1203 1204//1204
f 1172//1172 1204//1204 1173//1173
f 1173//1173 1204//1204 984//984
f 1173//1173 984//984 1174//1174
f 1174//1174 984//984 986//986
f 833//833 831//831 1206//1206
f 1206//1206 831//831 829//829
f 1206//1206 829//829 827//827
f 827//827 825//825 1206//1206
f 1206//1206 825//825 1207//1207
f 1206//1206 1207//1207 1208//1208
f 1208//1208 1207//1207 1209//1209
f 1208//1208 1209//1209 1210//1210
f 1210//1210 1209//1209 1211//1211
f 1210//1210 1211//1211 1212//1212
f 1212//1212 1211//1211 1213//1213
f 1212//1212 1213//1213 1214//1214
f 1214//1214 1213//1213 1215//1215
f 1214//1214 1215//1215 1216//1216
f 1216//1216 1215//1215 1217//1217
f 1216//1216 1217//1217 1218//1218
f 1218//1218 1217//1217 1219//1219
f 1218//1218 1219//1219 1220//1220
f 1220//1220 1219//1219 1221//1221
f 1220//1220 1221//1221 1222//1222
f 1222//1222 1221//1221 1223//1223
f 1222//1222 1223//1223 1224//1224
f 1224//1224 1223//1223 1225//1225
f 1224//1224 1225//1225 1226//1226
f 1226//1226 1225//1225 1227//1227
f 1226//1226 1227//1227 1228//1228
f 1228//1228 1227//1227 1229//1229
f 1228//1228 1229//1229 1230//1230
f 1230//1230 1229//1229 1231//1231
f 1230//1230 1231//1231 1232//1232
f 1232//1232 1231//1231 1233//1233
f 1232//1232 1233//1233 1234//1234
f 1234//1234 1233//1233 1235//1235
f 1234//1234 1235//1235 1236//1236
f 1236//1236 1235//1235 1237//1237
f 1236//1236 1237//1237 1238//1238
f 1238//1238 1237//1237 1239//1239
f 1238//1238 1239//1239 1240//1240
f 1240//1240 1239//1239 1241//1241
f 1240//1240 1241//1241 1242//1242
f 1242//1242 1241//1241 1243//1243
f 1242//1242 1243//1243 1244//1244
f 1244//1244 1243//1243 1245//1245
f 1244//1244 1245//1245 1246//1246
f 1246//1246 1245//1245 1247//1247
f 1246//1246 1247//1247 1248//1248
f 1248//1248 1247//1247 1249//1249
f 1248//1248 1249//1249 1250//1250
f 1250//1250 1249//1249 1251//1251
f 1250//1250 1251//1251 1252//1252
f 1252//1252 1251//1251 1253//1253
f 1252//1252 1253//1253 1254//1254
f 1254//1254 1253//1253 1255//1255
f 1254//1254 1255//1255 1256//1256
f 1256//1256 1255//1255 1257//1257
f 1256//1256 1257//1257 1258//1258
f 1258//1258 1257//1257 1259//1259
f 1258//1258 1259//1259 1260//1260
f 1260//1260 1259//1259 1261//1261
f 1260//1260 1261//1261 1262//1262
f 1262//1262 1261//1261 1263//1263
f 1262//1262 1263//1263 1264//1264
f 1264//1264 1263//1263 1265//1265
f 1264//1264 1265//1265 842//842
f 842//842 1265//1265 1266//1266
f 842//842 1266//1266 975//975
f 975//975 1266//1266 1267//1267
f 841//841 974//974 842//842
f 842//842 974//974 965//965
f 842//842 965//965 1264//1264
f 1264//1264 965//965 962//962
f 1264//1264 962//962 1262//1262
f 1262//1262 962//962 960//960
f 1262//1262 960//960 1260//1260
f 1260//1260 960//960 956//956
f 1260//1260 956//956 1258//1258
f 1258//1258 956//956 951//951
f 1258//1258 951//951 1256//1256
f 1256//1256 951//951 947//947
f 1256//1256 947//947 1254//1254
f 1254//1254 947//947 943//943
f 1254//1254 943//943 1252//1252
f 1252//1252 943//943 937//937
f 1252//1252 937//937 1250//1250
f 1250//1250 937//937 934//934
f 1250//1250 934//934 1248//1248
f 1248//1248 934//934 928//928
f 1248//1248 928//928 1246//1246
f 1246//1246 928//928 926//926
f 1246//1246 926//926 1244//1244
f 1244//1244 926//926 922//922
f 1244//1244 922//922 1242//1242
f 1242//1242 922//922 916//916
f 1242//1242 916//916 1240//1240
f 1240//1240 916//916 913//913
f 1240//1240 913//913 1238//1238
f 1238//1238 913//913 909//909
f 1238//1238 909//909 1236//1236
f 1236//1236 909//909 904//904
f 1236//1236 904//904 1234//1234
f 1234//1234 904//904 901//901
f 1234//1234 901//901 1232//1232
f 1232//1232 901//901 897//897
f 1232//1232 897//897 1230//1230
f 1230//1230 897//897 893//893
f 1230//1230 893//893 1228//1228
f 1228//1228 893//893 888//888
f 1228//1228 888//888 1226//1226
f 1226//1226 888//888 882//882
f 1226//1226 882//882 1224//1224
f 1224//1224 882//882 880//880
f 1224//1224 880//880 1222//1222
f 1222//1222 880//880 877//877
f 1222//1222 877//877 1220//1220
f 1220//1220 877//877 873//873
f 1220//1220 873//873 1218//1218
f 1218//1218 873//873 868//868
f 1218//1218 868//868 1216//1216
f 1216//1216 868//868 864//864
f 1216//1216 864//864 1214//1214
f 1214//1214 864//864 860//860
f 1214//1214 860//860 1212//1212
f 1212//1212 860//860 856//856
f 1212//1212 856//856 1210//1210
f 1210//1210 856//856 851//851
f 1210//1210 851//851 1208//1208
f 1208//1208 851//851 848//848
f 1208//1208 848//848 1206//1206
f 1206//1206 848//848 845//845
f 1206//1206 845//845 833//833
f 833//833 845//845 844//844
f 833//833 844//844 835//835
f 824//824 822//822 1114//1114
f 822//822 820//820 1114//1114
f 1114//1114 820//820 819//819
f 1114//1114 819//819 837//837
f 837//837 819//819 816//816
f 837//837 816//816 814//814
f 825//825 824//824 1207//1207
f 1207//1207 824//824 1114//1114
f 1207//1207 1114//1114 1209//1209
f 1209//1209 1114//1114 1115//1115
f 1209//1209 1115//1115 1211//1211
f 1211//1211 1115//1115 1117//1117
f 1211//1211 1117//1117 1213//1213
f 1213//1213 1117//1117 1119//1119
f 1213//1213 1119//1119 1215//1215
f 1215//1215 1119//1119 1121//1121
f 1215//1215 1121//1121 1217//1217
f 1217//1217 1121//1121 1123//1123
f 1217//1217 1123//1123 1219//1219
f 1219//1219 1123//1123 1125//1125
f 1219//1219 1125//1125 1221//1221
f 1221//1221 1125//1125 1127//1127
f 1221//1221 1127//1127 1223//1223
f 1223//1223 1127//1127 1129//1129
f 1223//1223 1129//1129 1225//1225
f 1225//1225 1129//1129 1131//1131
f 1225//1225 1131//1131 1227//1227
f 1227//1227 1131//1131 1133//1133
f 1227//1227 1133//1133 1229//1229
f 1229//1229 1133//1133 1135//1135
f 1229//1229 1135//1135 1231//1231
f 1231//1231 1135//1135 1137//1137
f 1231//1231 1137//1137 1233//1233
f 1233//1233 1137//1137 1139//1139
f 1233//1233 1139//1139 1235//1235
f 1235//1235 1139//1139 1141//1141
f 1235//1235 1141//1141 1237//1237
f 1237//1237 1141//1141 1143//1143
f 1237//1237 1143//1143 1239//1239
f 1239//1239 1143//1143 1145//1145
f 1239//1239 1145//1145 1241//1241
f 1241//1241 1145//1145 1147//1147
f 1241//1241 1147//1147 1243//1243
f 1243//1243 1147//1147 1149//1149
f 1243//1243 1149//1149 1245//1245
f 1245//1245 1149//1149 1151//1151
f 1245//1245 1151//1151 1247//1247
f 1247//1247 1151//1151 1153//1153
f 1247//1247 1153//1153 1249//1249
f 1249//1249 1153//1153 1155//1155
f 1249//1249 1155//1155 1251//1251
f 1251//1251 1155//1155 1157//1157
f 1251//1251 1157//1157 1253//1253
f 1253//1253 1157//1157 1159//1159
f 1253//1253 1159//1159 1255//1255
f 1255//1255 1159//1159 1161//1161
f 1255//1255 1161//1161 1257//1257
f 1257//1257 1161//1161 1163//1163
f 1257//1257 1163//1163 1259//1259
f 1259//1259 1163//1163 1165//1165
f 1259//1259 1165//1165 1261//1261
f 1261//1261 1165//1165 1167//1167
f 1261//1261 1167//1167 1263//1263
f 1263//1263 1167//1167 1169//1169
f 1263//1263 1169//1169 1265//1265
f 1265//1265 1169//1169 1171//1171
f 1265//1265 1171//1171 1266//1266
f 1266//1266 1171//1171 978//978
f 1266//1266 978//978 1267//1267
f 1267//1267 978//978 981//981
f 1205//1205 1268//1268 982//982
f 982//982 1268//1268 1269//1269
f 982//982 1269//1269 1270//1270
f 1270//1270 1269//1269 1271//1271
f 1270//1270 1271//1271 1272//1272
f 1174//1174 986//986 1273//1273
f 1273//1273 986//986 985//985
f 1273//1273 985//985 1270//1270
f 1270//1270 985//985 983//983
f 1270//1270 983//983 982//982
f 1274//1274 1275//1275 977//977
f 1273//1273 1276//1276 1174//1174
f 1174//1174 1276//1276 1274//1274
f 1174//1174 1274//1274 976//976
f 976//976 1274//1274 977//977
f 1275//1275 1277//1277 977//977
f 977//977 1277//1277 1278//1278
f 977//977 1278//1278 979//979
f 979//979 1278//1278 1279//1279
f 979//979 1279//1279 980//980
f 980//980 1279//1279 981//981
f 1280//1280 971//971 1281//1281
f 1281//1281 971//971 972//972
f 1281//1281 972//972 1282//1282
f 1282//1282 972//972 973//973
f 1282//1282 973//973 1283//1283
f 1283//1283 973//973 974//974
f 1283//1283 974//974 1284//1284
f 1284//1284 974//974 841//841
f 1284//1284 841//841 1285//1285
f 1285//1285 841//841 840//840
f 1285//1285 840//840 1286//1286
f 1286//1286 840//840 975//975
f 1286//1286 975//975 1287//1287
f 1287//1287 975//975 1267//1267
f 1287//1287 1267//1267 1288//1288
f 1288//1288 1267//1267 981//981
f 1288//1288 981//981 1289//1289
f 1289//1289 981//981 1279//1279
f 1290//1290 735//735 736//736
f 1290//1290 1291//1291 735//735
f 735//735 1291//1291 1292//1292
f 735//735 1292//1292 734//734
f 737//737 1293//1293 736//736
f 736//736 1293//1293 1294//1294
f 736//736 1294//1294 1290//1290
f 732//732 1295//1295 731//731
f 731//731 1295//1295 1296//1296
f 731//731 1296//1296 730//730
f 1292//1292 1297//1297 734//734
f 734//734 1297//1297 1298//1298
f 734//734 1298//1298 733//733
f 733//733 1298//1298 1299//1299
f 733//733 1299//1299 732//732
f 732//732 1299//1299 1300//1300
f 732//732 1300//1300 1295//1295
f 739//739 1301//1301 738//738
f 738//738 1301//1301 1302//1302
f 738//738 1302//1302 737//737
f 737//737 1302//1302 1303//1303
f 737//737 1303//1303 1293//1293
f 751//751 1304//1304 750//750
f 750//750 1304//1304 1305//1305
f 750//750 1305//1305 749//749
f 720//720 1306//1306 719//719
f 719//719 1306//1306 1307//1307
f 719//719 1307//1307 718//718
f 717//717 1308//1308 752//752
f 752//752 1308//1308 1309//1309
f 752//752 1309//1309 751//751
f 751//751 1309//1309 1310//1310
f 751//751 1310//1310 1304//1304
f 745//745 1311//1311 744//744
f 744//744 1311//1311 1312//1312
f 744//744 1312//1312 743//743
f 1307//1307 1313//1313 718//718
f 718//718 1313//1313 1314//1314
f 718//718 1314//1314 717//717
f 717//717 1314//1314 1315//1315
f 717//717 1315//1315 1308//1308
f 722//722 1316//1316 721//721
f 721//721 1316//1316 1317//1317
f 721//721 1317//1317 720//720
f 720//720 1317//1317 1318//1318
f 720//720 1318//1318 1306//1306
f 1312//1312 1319//1319 743//743
f 743//743 1319//1319 1320//1320
f 743//743 1320//1320 742//742
f 742//742 1320//1320 1321//1321
f 742//742 1321//1321 741//741
f 747//747 1322//1322 746//746
f 746//746 1322//1322 1323//1323
f 746//746 1323//1323 745//745
f 745//745 1323//1323 1324//1324
f 745//745 1324//1324 1311//1311
f 1305//1305 1325//1325 749//749
f 749//749 1325//1325 1326//1326
f 749//749 1326//1326 748//748
f 748//748 1326//1326 1327//1327
f 748//748 1327//1327 747//747
f 747//747 1327//1327 1328//1328
f 747//747 1328//1328 1322//1322
f 1321//1321 1329//1329 741//741
f 741//741 1329//1329 1330//1330
f 741//741 1330//1330 740//740
f 740//740 1330//1330 1331//1331
f 740//740 1331//1331 739//739
f 739//739 1331//1331 1332//1332
f 739//739 1332//1332 1301//1301
f 728//728 1333//1333 727//727
f 727//727 1333//1333 1334//1334
f 727//727 1334//1334 726//726
f 1296//1296 1335//1335 730//730
f 730//730 1335//1335 1336//1336
f 730//730 1336//1336 729//729
f 729//729 1336//1336 1337//1337
f 729//729 1337//1337 728//728
f 728//728 1337//1337 1338//1338
f 728//728 1338//1338 1333//1333
f 1334//1334 1339//1339 726//726
f 726//726 1339//1339 1340//1340
f 726//726 1340//1340 725//725
f 725//725 1340//1340 1341//1341
f 725//725 1341//1341 724//724
f 1341//1341 1342//1342 724//724
f 724//724 1342//1342 1343//1343
f 724//724 1343//1343 723//723
f 723//723 1343//1343 1344//1344
f 723//723 1344//1344 722//722
f 722//722 1344//1344 1345//1345
f 722//722 1345//1345 1316//1316
f 1346//1346 1347//1347 1348//1348
f 1349//1349 1350//1350 1351//1351
f 1352//1352 1353//1353 1354//1354
f 1355//1355 1356//1356 1357//1357
f 1358//1358 1359//1359 1360//1360
f 1361//1361 1362//1362 1363//1363
f 1364//1364 1365//1365 1366//1366
f 1367//1367 1368//1368 1369//1369
f 1370//1370 1371//1371 1372//1372
f 1373//1373 1374//1374 1375//1375
f 1376//1376 1377//1377 1378//1378
f 1379//1379 1380//1380 1381//1381
f 1382//1382 1383//1383 1384//1384
f 1385//1385 1386//1386 1387//1387
f 1388//1388 1389//1389 1390//1390
f 1391//1391 1392//1392 1393//1393
f 854//854 853//853 1394//1394
f 896//896 898//898 1395//1395
f 963//963 967//967 1396//1396
f 969//969 968//968 1393//1393
f 1393//1393 968//968 971//971
f 967//967 966//966 1397//1397
f 1397//1397 966//966 970//970
f 1397//1397 970//970 969//969
f 964//964 963//963 1398//1398
f 954//954 959//959 1398//1398
f 1398//1398 959//959 961//961
f 1398//1398 961//961 964//964
f 949//949 958//958 1399//1399
f 958//958 957//957 1400//1400
f 1400//1400 957//957 955//955
f 1400//1400 955//955 954//954
f 953//953 952//952 1399//1399
f 1399//1399 952//952 950//950
f 1399//1399 950//950 949//949
f 941//941 946//946 1401//1401
f 1401//1401 946//946 948//948
f 1401//1401 948//948 953//953
f 944//944 942//942 1402//1402
f 1402//1402 942//942 941//941
f 939//939 938//938 1402//1402
f 1402//1402 938//938 945//945
f 1402//1402 945//945 944//944
f 933//933 932//932 1403//1403
f 1403//1403 932//932 940//940
f 1403//1403 940//940 939//939
f 930//930 929//929 1404//1404
f 929//929 936//936 1404//1404
f 1404//1404 936//936 935//935
f 1404//1404 935//935 933//933
f 925//925 927//927 1405//1405
f 1405//1405 927//927 931//931
f 1405//1405 931//931 930//930
f 923//923 921//921 1406//1406
f 1406//1406 921//921 920//920
f 1406//1406 920//920 925//925
f 919//919 918//918 1407//1407
f 918//918 917//917 1407//1407
f 1407//1407 917//917 924//924
f 1407//1407 924//924 923//923
f 914//914 1390//1390 915//915
f 915//915 1390//1390 910//910
f 914//914 912//912 1408//1408
f 1408//1408 912//912 911//911
f 1408//1408 911//911 919//919
f 907//907 906//906 1389//1389
f 1389//1389 906//906 905//905
f 1389//1389 905//905 1390//1390
f 1390//1390 905//905 908//908
f 1390//1390 908//908 910//910
f 903//903 902//902 1409//1409
f 1409//1409 902//902 900//900
f 1409//1409 900//900 899//899
f 896//896 1395//1395 891//891
f 890//890 889//889 1410//1410
f 1410//1410 889//889 887//887
f 886//886 895//895 1411//1411
f 1411//1411 895//895 894//894
f 1411//1411 894//894 892//892
f 1412//1412 884//884 883//883
f 879//879 881//881 1412//1412
f 1412//1412 881//881 885//885
f 1412//1412 885//885 884//884
f 876//876 878//878 1413//1413
f 875//875 874//874 1414//1414
f 1414//1414 874//874 872//872
f 1414//1414 872//872 871//871
f 867//867 866//866 1415//1415
f 858//858 863//863 1416//1416
f 863//863 865//865 1416//1416
f 1416//1416 865//865 870//870
f 1416//1416 870//870 869//869
f 862//862 861//861 1417//1417
f 852//852 855//855 1417//1417
f 1417//1417 855//855 857//857
f 1417//1417 857//857 862//862
f 835//835 844//844 1418//1418
f 1418//1418 844//844 843//843
f 850//850 849//849 1419//1419
f 1419//1419 849//849 847//847
f 1419//1419 847//847 846//846
f 1420//1420 1421//1421 1422//1422
f 1422//1422 1421//1421 1423//1423
f 1422//1422 1423//1423 1424//1424
f 1420//1420 1422//1422 1425//1425
f 1425//1425 1422//1422 1426//1426
f 1425//1425 1426//1426 1427//1427
f 1428//1428 1429//1429 1426//1426
f 1426//1426 1429//1429 1430//1430
f 1426//1426 1430//1430 1431//1431
f 1431//1431 1432//1432 1426//1426
f 1426//1426 1432//1432 1433//1433
f 1426//1426 1433//1433 1427//1427
f 1434//1434 1435//1435 1436//1436
f 1436//1436 1435//1435 1437//1437
f 1436//1436 1437//1437 1438//1438
f 1280//1280 1439//1439 971//971
f 971//971 1439//1439 1440//1440
f 971//971 1440//1440 1393//1393
f 1393//1393 1440//1440 1441//1441
f 1393//1393 1441//1441 1391//1391
f 1442//1442 1393//1393 1436//1436
f 1436//1436 1393//1393 1392//1392
f 1436//1436 1392//1392 1434//1434
f 1386//1386 1428//1428 1387//1387
f 1387//1387 1428//1428 1426//1426
f 1387//1387 1426//1426 1418//1418
f 1418//1418 1426//1426 1422//1422
f 1418//1418 1422//1422 835//835
f 835//835 1422//1422 1424//1424
f 835//835 1424//1424 834//834
f 1383//1383 1385//1385 1384//1384
f 1384//1384 1385//1385 1387//1387
f 1384//1384 1387//1387 1419//1419
f 1419//1419 1387//1387 1418//1418
f 1419//1419 1418//1418 850//850
f 850//850 1418//1418 843//843
f 1380//1380 1382//1382 1381//1381
f 1381//1381 1382//1382 1384//1384
f 1381//1381 1384//1384 1394//1394
f 1394//1394 1384//1384 1419//1419
f 1394//1394 1419//1419 854//854
f 854//854 1419//1419 846//846
f 1377//1377 1379//1379 1378//1378
f 1378//1378 1379//1379 1381//1381
f 1378//1378 1381//1381 1417//1417
f 1417//1417 1381//1381 1394//1394
f 1417//1417 1394//1394 852//852
f 852//852 1394//1394 853//853
f 1374//1374 1376//1376 1375//1375
f 1375//1375 1376//1376 1378//1378
f 1375//1375 1378//1378 1443//1443
f 1443//1443 1378//1378 1417//1417
f 1443//1443 1417//1417 859//859
f 859//859 1417//1417 861//861
f 1371//1371 1373//1373 1372//1372
f 1372//1372 1373//1373 1375//1375
f 1372//1372 1375//1375 1416//1416
f 1416//1416 1375//1375 1443//1443
f 1416//1416 1443//1443 858//858
f 858//858 1443//1443 859//859
f 1368//1368 1370//1370 1369//1369
f 1369//1369 1370//1370 1372//1372
f 1369//1369 1372//1372 1415//1415
f 1415//1415 1372//1372 1416//1416
f 1415//1415 1416//1416 867//867
f 867//867 1416//1416 869//869
f 1365//1365 1367//1367 1366//1366
f 1366//1366 1367//1367 1369//1369
f 1366//1366 1369//1369 1414//1414
f 1414//1414 1369//1369 1415//1415
f 1414//1414 1415//1415 875//875
f 875//875 1415//1415 866//866
f 1362//1362 1364//1364 1363//1363
f 1363//1363 1364//1364 1366//1366
f 1363//1363 1366//1366 1413//1413
f 1413//1413 1366//1366 1414//1414
f 1413//1413 1414//1414 876//876
f 876//876 1414//1414 871//871
f 1359//1359 1361//1361 1360//1360
f 1360//1360 1361//1361 1363//1363
f 1360//1360 1363//1363 1412//1412
f 1412//1412 1363//1363 1413//1413
f 1412//1412 1413//1413 879//879
f 879//879 1413//1413 878//878
f 1356//1356 1358//1358 1357//1357
f 1357//1357 1358//1358 1360//1360
f 1357//1357 1360//1360 1410//1410
f 1410//1410 1360//1360 1412//1412
f 1410//1410 1412//1412 890//890
f 890//890 1412//1412 883//883
f 1353//1353 1355//1355 1354//1354
f 1354//1354 1355//1355 1357//1357
f 1354//1354 1357//1357 1411//1411
f 1411//1411 1357//1357 1410//1410
f 1411//1411 1410//1410 886//886
f 886//886 1410//1410 887//887
f 1350//1350 1352//1352 1351//1351
f 1351//1351 1352//1352 1354//1354
f 1351//1351 1354//1354 1395//1395
f 1395//1395 1354//1354 1411//1411
f 1395//1395 1411//1411 891//891
f 891//891 1411//1411 892//892
f 1347//1347 1349//1349 1348//1348
f 1348//1348 1349//1349 1351//1351
f 1348//1348 1351//1351 1409//1409
f 1409//1409 1351//1351 1395//1395
f 1409//1409 1395//1395 903//903
f 903//903 1395//1395 898//898
f 1444//1444 1346//1346 1388//1388
f 1388//1388 1346//1346 1348//1348
f 1388//1388 1348//1348 1389//1389
f 1389//1389 1348//1348 1409//1409
f 1389//1389 1409//1409 907//907
f 907//907 1409//1409 899//899
f 1445//1445 1446//1446 1447//1447
f 914//914 1408//1408 1390//1390
f 1390//1390 1408//1408 1445//1445
f 1390//1390 1445//1445 1388//1388
f 1388//1388 1445//1445 1447//1447
f 1388//1388 1447//1447 1444//1444
f 1448//1448 1449//1449 1450//1450
f 919//919 1407//1407 1408//1408
f 1408//1408 1407//1407 1448//1448
f 1408//1408 1448//1448 1445//1445
f 1445//1445 1448//1448 1450//1450
f 1445//1445 1450//1450 1446//1446
f 1451//1451 1452//1452 1453//1453
f 923//923 1406//1406 1407//1407
f 1407//1407 1406//1406 1451//1451
f 1407//1407 1451//1451 1448//1448
f 1448//1448 1451//1451 1453//1453
f 1448//1448 1453//1453 1449//1449
f 1454//1454 1455//1455 1456//1456
f 925//925 1405//1405 1406//1406
f 1406//1406 1405//1405 1454//1454
f 1406//1406 1454//1454 1451//1451
f 1451//1451 1454//1454 1456//1456
f 1451//1451 1456//1456 1452//1452
f 1457//1457 1458//1458 1459//1459
f 930//930 1404//1404 1405//1405
f 1405//1405 1404//1404 1457//1457
f 1405//1405 1457//1457 1454//1454
f 1454//1454 1457//1457 1459//1459
f 1454//1454 1459//1459 1455//1455
f 1460//1460 1461//1461 1462//1462
f 933//933 1403//1403 1404//1404
f 1404//1404 1403//1403 1460//1460
f 1404//1404 1460//1460 1457//1457
f 1457//1457 1460//1460 1462//1462
f 1457//1457 1462//1462 1458//1458
f 1463//1463 1464//1464 1465//1465
f 939//939 1402//1402 1403//1403
f 1403//1403 1402//1402 1463//1463
f 1403//1403 1463//1463 1460//1460
f 1460//1460 1463//1463 1465//1465
f 1460//1460 1465//1465 1461//1461
f 1466//1466 1467//1467 1468//1468
f 941//941 1401//1401 1402//1402
f 1402//1402 1401//1401 1466//1466
f 1402//1402 1466//1466 1463//1463
f 1463//1463 1466//1466 1468//1468
f 1463//1463 1468//1468 1464//1464
f 1469//1469 1470//1470 1471//1471
f 953//953 1399//1399 1401//1401
f 1401//1401 1399//1399 1469//1469
f 1401//1401 1469//1469 1466//1466
f 1466//1466 1469//1469 1471//1471
f 1466//1466 1471//1471 1467//1467
f 1472//1472 1473//1473 1474//1474
f 958//958 1400//1400 1399//1399
f 1399//1399 1400//1400 1472//1472
f 1399//1399 1472//1472 1469//1469
f 1469//1469 1472//1472 1474//1474
f 1469//1469 1474//1474 1470//1470
f 1475//1475 1476//1476 1477//1477
f 954//954 1398//1398 1400//1400
f 1400//1400 1398//1398 1475//1475
f 1400//1400 1475//1475 1472//1472
f 1472//1472 1475//1475 1477//1477
f 1472//1472 1477//1477 1473//1473
f 1478//1478 1479//1479 1480//1480
f 963//963 1396//1396 1398//1398
f 1398//1398 1396//1396 1478//1478
f 1398//1398 1478//1478 1475//1475
f 1475//1475 1478//1478 1480//1480
f 1475//1475 1480//1480 1476//1476
f 1481//1481 1482//1482 1483//1483
f 967//967 1397//1397 1396//1396
f 1396//1396 1397//1397 1481//1481
f 1396//1396 1481//1481 1478//1478
f 1478//1478 1481//1481 1483//1483
f 1478//1478 1483//1483 1479//1479
f 1442//1442 1484//1484 1485//1485
f 969//969 1393//1393 1397//1397
f 1397//1397 1393//1393 1442//1442
f 1397//1397 1442//1442 1481//1481
f 1481//1481 1442//1442 1485//1485
f 1481//1481 1485//1485 1482//1482
f 1484//1484 1442//1442 1486//1486
f 1486//1486 1442//1442 1436//1436
f 1486//1486 1436//1436 1487//1487
f 1487//1487 1436//1436 1438//1438
f 1487//1487 1438//1438 1488//1488
f 756//756 1489//1489 755//755
f 755//755 1489//1489 1490//1490
f 755//755 1490//1490 754//754
f 754//754 1490//1490 1491//1491
f 754//754 1491//1491 753//753
f 753//753 1491//1491 1492//1492
f 753//753 1492//1492 797//797
f 797//797 1492//1492 1493//1493
f 797//797 1493//1493 796//796
f 796//796 1493//1493 1494//1494
f 796//796 1494//1494 795//795
f 795//795 1494//1494 1495//1495
f 795//795 1495//1495 794//794
f 794//794 1495//1495 1496//1496
f 794//794 1496//1496 793//793
f 793//793 1496//1496 1497//1497
f 793//793 1497//1497 792//792
f 792//792 1497//1497 1498//1498
f 792//792 1498//1498 791//791
f 791//791 1498//1498 1499//1499
f 791//791 1499//1499 790//790
f 790//790 1499//1499 1500//1500
f 790//790 1500//1500 789//789
f 789//789 1500//1500 1501//1501
f 789//789 1501//1501 788//788
f 788//788 1501//1501 1502//1502
f 788//788 1502//1502 787//787
f 787//787 1502//1502 1503//1503
f 787//787 1503//1503 786//786
f 786//786 1503//1503 1504//1504
f 786//786 1504//1504 785//785
f 785//785 1504//1504 1505//1505
f 785//785 1505//1505 784//784
f 784//784 1505//1505 1506//1506
f 784//784 1506//1506 783//783
f 783//783 1506//1506 1507//1507
f 783//783 1507//1507 782//782
f 782//782 1507//1507 1508//1508
f 782//782 1508//1508 781//781
f 781//781 1508//1508 1509//1509
f 781//781 1509//1509 780//780
f 780//780 1509//1509 1510//1510
f 780//780 1510//1510 779//779
f 779//779 1510//1510 1511//1511
f 779//779 1511//1511 778//778
f 778//778 1511//1511 1512//1512
f 778//778 1512//1512 777//777
f 777//777 1512//1512 1513//1513
f 777//777 1513//1513 776//776
f 776//776 1513//1513 1514//1514
f 776//776 1514//1514 775//775
f 775//775 1514//1514 1515//1515
f 775//775 1515//1515 774//774
f 774//774 1515//1515 1516//1516
f 774//774 1516//1516 773//773
f 773//773 1516//1516 1517//1517
f 773//773 1517//1517 772//772
f 772//772 1517//1517 1518//1518
f 772//772 1518//1518 771//771
f 771//771 1518//1518 1519//1519
f 771//771 1519//1519 770//770
f 770//770 1519//1519 1520//1520
f 770//770 1520//1520 769//769
f 769//769 1520//1520 1521//1521
f 769//769 1521//1521 768//768
f 768//768 1521//1521 1522//1522
f 768//768 1522//1522 767//767
f 767//767 1522//1522 1523//1523
f 767//767 1523//1523 766//766
f 766//766 1523//1523 1524//1524
f 766//766 1524//1524 765//765
f 765//765 1524//1524 1525//1525
f 765//765 1525//1525 764//764
f 764//764 1525//1525 1526//1526
f 764//764 1526//1526 763//763
f 763//763 1526//1526 1527//1527
f 763//763 1527//1527 762//762
f 762//762 1527//1527 1528//1528
f 762//762 1528//1528 761//761
f 761//761 1528//1528 1529//1529
f 761//761 1529//1529 760//760
f 760//760 1529//1529 1530//1530
f 760//760 1530//1530 759//759
f 759//759 1530//1530 1531//1531
f 759//759 1531//1531 758//758
f 758//758 1531//1531 1532//1532
f 758//758 1532//1532 757//757
f 757//757 1532//1532 1533//1533
f 757//757 1533//1533 756//756
f 756//756 1533//1533 1489//1489
f 1534//1534 1535//1535 1536//1536
f 1535//1535 1534//1534 1537//1537
f 1538//1538 1539//1539 1540//1540
f 1541//1541 1542//1542 1543//1543
f 1544//1544 1545//1545 1546//1546
f 830//830 832//832 1547//1547
f 1548//1548 1549//1549 1550//1550
f 1551//1551 1552//1552 1553//1553
f 1554//1554 1555//1555 1556//1556
f 1556//1556 1555//1555 1557//1557
f 1556//1556 1557//1557 1558//1558
f 1559//1559 1560//1560 1561//1561
f 1561//1561 1560//1560 1562//1562
f 1563//1563 1564//1564 1559//1559
f 1565//1565 1566//1566 1563//1563
f 1563//1563 1566//1566 1567//1567
f 1563//1563 1567//1567 1564//1564
f 1568//1568 1569//1569 1565//1565
f 1565//1565 1569//1569 1570//1570
f 1565//1565 1570//1570 1566//1566
f 1571//1571 1572//1572 1568//1568
f 1568//1568 1572//1572 1573//1573
f 1568//1568 1573//1573 1569//1569
f 1571//1571 1568//1568 1574//1574
f 1574//1574 1568//1568 1575//1575
f 1574//1574 1575//1575 1576//1576
f 1576//1576 1575//1575 1577//1577
f 1576//1576 1577//1577 1578//1578
f 1579//1579 1580//1580 1577//1577
f 1577//1577 1580//1580 1581//1581
f 1577//1577 1581//1581 1578//1578
f 1579//1579 1577//1577 1582//1582
f 1582//1582 1577//1577 1583//1583
f 1582//1582 1583//1583 1584//1584
f 1584//1584 1583//1583 1585//1585
f 1584//1584 1585//1585 1586//1586
f 1586//1586 1585//1585 1587//1587
f 1587//1587 1585//1585 1588//1588
f 1587//1587 1588//1588 1589//1589
f 1590//1590 1591//1591 1592//1592
f 1592//1592 1591//1591 1593//1593
f 1592//1592 1593//1593 1588//1588
f 1588//1588 1593//1593 1594//1594
f 1588//1588 1594//1594 1589//1589
f 1590//1590 1592//1592 1595//1595
f 1595//1595 1592//1592 1596//1596
f 1595//1595 1596//1596 1597//1597
f 1597//1597 1596//1596 1598//1598
f 1598//1598 1596//1596 1599//1599
f 1598//1598 1599//1599 1600//1600
f 1600//1600 1599//1599 1601//1601
f 1601//1601 1599//1599 1602//1602
f 1601//1601 1602//1602 1603//1603
f 1549//1549 1551//1551 1550//1550
f 1550//1550 1551//1551 1553//1553
f 1550//1550 1553//1553 1602//1602
f 1602//1602 1553//1553 1604//1604
f 1602//1602 1604//1604 1603//1603
f 1605//1605 1606//1606 1607//1607
f 1608//1608 1609//1609 1610//1610
f 1611//1611 1612//1612 1613//1613
f 1614//1614 1615//1615 1616//1616
f 1617//1617 1618//1618 1619//1619
f 1619//1619 1618//1618 1620//1620
f 1619//1619 1620//1620 1621//1621
f 1622//1622 1623//1623 1618//1618
f 1618//1618 1623//1623 1624//1624
f 1618//1618 1624//1624 1620//1620
f 1625//1625 1626//1626 1538//1538
f 1538//1538 1626//1626 1627//1627
f 1538//1538 1627//1627 1539//1539
f 1539//1539 1627//1627 1628//1628
f 1539//1539 1628//1628 1629//1629
f 1630//1630 1631//1631 1632//1632
f 1631//1631 1630//1630 1633//1633
f 1633//1633 1630//1630 1547//1547
f 1633//1633 1547//1547 1634//1634
f 1634//1634 1547//1547 1635//1635
f 1635//1635 1547//1547 832//832
f 1635//1635 832//832 834//834
f 817//817 818//818 1636//1636
f 1636//1636 818//818 1637//1637
f 1636//1636 1637//1637 1638//1638
f 1638//1638 1637//1637 823//823
f 1638//1638 823//823 1639//1639
f 1639//1639 823//823 826//826
f 1639//1639 826//826 1640//1640
f 1641//1641 813//813 815//815
f 806//806 809//809 1642//1642
f 1642//1642 809//809 810//810
f 800//800 802//802 1546//1546
f 1546//1546 802//802 1643//1643
f 1545//1545 1644//1644 1546//1546
f 1546//1546 1644//1644 1645//1645
f 1546//1546 1645//1645 800//800
f 800//800 1645//1645 1646//1646
f 800//800 1646//1646 798//798
f 1647//1647 1648//1648 1649//1649
f 1649//1649 1648//1648 1650//1650
f 1651//1651 1652//1652 1653//1653
f 1653//1653 1652//1652 1654//1654
f 1653//1653 1654//1654 1655//1655
f 1656//1656 1657//1657 1658//1658
f 1656//1656 1658//1658 1659//1659
f 1659//1659 1658//1658 1660//1660
f 1659//1659 1660//1660 1661//1661
f 1662//1662 1663//1663 1656//1656
f 1656//1656 1663//1663 1664//1664
f 1656//1656 1664//1664 1657//1657
f 1555//1555 1665//1665 1557//1557
f 1557//1557 1665//1665 1666//1666
f 1557//1557 1666//1666 1662//1662
f 1662//1662 1666//1666 1667//1667
f 1662//1662 1667//1667 1663//1663
f 1650//1650 1544//1544 1649//1649
f 1649//1649 1544//1544 1546//1546
f 1649//1649 1546//1546 1642//1642
f 1642//1642 1546//1546 1643//1643
f 1642//1642 1643//1643 806//806
f 1668//1668 1669//1669 1670//1670
f 1655//1655 1647//1647 1653//1653
f 1653//1653 1647//1647 1649//1649
f 1653//1653 1649//1649 1671//1671
f 1671//1671 1649//1649 1642//1642
f 1671//1671 1642//1642 1641//1641
f 1641//1641 1642//1642 810//810
f 1641//1641 810//810 813//813
f 1661//1661 1651//1651 1659//1659
f 1659//1659 1651//1651 1653//1653
f 1659//1659 1653//1653 1670//1670
f 1670//1670 1653//1653 1671//1671
f 1670//1670 1671//1671 1668//1668
f 1668//1668 1671//1671 1641//1641
f 1668//1668 1641//1641 1636//1636
f 1636//1636 1641//1641 815//815
f 1636//1636 815//815 817//817
f 1672//1672 1673//1673 1674//1674
f 1674//1674 1673//1673 1675//1675
f 1674//1674 1675//1675 1676//1676
f 1677//1677 1678//1678 1672//1672
f 1672//1672 1678//1678 1679//1679
f 1672//1672 1679//1679 1673//1673
f 1674//1674 1540//1540 1672//1672
f 1672//1672 1540//1540 1539//1539
f 1672//1672 1539//1539 1677//1677
f 1677//1677 1539//1539 1629//1629
f 1677//1677 1629//1629 1680//1680
f 1632//1632 1625//1625 1630//1630
f 1630//1630 1625//1625 1538//1538
f 1630//1630 1538//1538 1681//1681
f 1681//1681 1538//1538 1540//1540
f 1681//1681 1540//1540 1543//1543
f 1543//1543 1540//1540 1674//1674
f 1543//1543 1674//1674 1541//1541
f 1541//1541 1674//1674 1676//1676
f 1541//1541 1676//1676 1682//1682
f 1639//1639 1683//1683 1638//1638
f 1638//1638 1683//1683 1684//1684
f 1638//1638 1684//1684 1636//1636
f 1636//1636 1684//1684 1685//1685
f 1636//1636 1685//1685 1668//1668
f 1668//1668 1685//1685 1686//1686
f 1668//1668 1686//1686 1669//1669
f 1669//1669 1686//1686 1687//1687
f 1676//1676 1688//1688 1682//1682
f 1682//1682 1688//1688 1687//1687
f 1682//1682 1687//1687 1541//1541
f 1541//1541 1687//1687 1686//1686
f 1541//1541 1686//1686 1542//1542
f 1542//1542 1686//1686 1685//1685
f 1542//1542 1685//1685 1543//1543
f 1543//1543 1685//1685 1684//1684
f 1543//1543 1684//1684 1681//1681
f 1681//1681 1684//1684 1683//1683
f 1681//1681 1683//1683 1630//1630
f 1630//1630 1683//1683 1639//1639
f 1630//1630 1639//1639 1547//1547
f 1547//1547 1639//1639 1640//1640
f 1547//1547 1640//1640 830//830
f 1689//1689 1690//1690 1691//1691
f 1692//1692 1693//1693 1694//1694
f 1694//1694 1693//1693 1695//1695
f 1694//1694 1695//1695 1696//1696
f 1696//1696 1695//1695 1697//1697
f 1696//1696 1697//1697 1698//1698
f 1585//1585 1699//1699 1588//1588
f 1588//1588 1699//1699 1700//1700
f 1588//1588 1700//1700 1592//1592
f 1592//1592 1700//1700 1701//1701
f 1592//1592 1701//1701 1596//1596
f 1596//1596 1701//1701 1702//1702
f 1596//1596 1702//1702 1599//1599
f 1599//1599 1702//1702 1703//1703
f 1599//1599 1703//1703 1602//1602
f 1602//1602 1703//1703 1605//1605
f 1602//1602 1605//1605 1550//1550
f 1550//1550 1605//1605 1607//1607
f 1550//1550 1607//1607 1548//1548
f 1583//1583 1704//1704 1585//1585
f 1585//1585 1704//1704 1705//1705
f 1585//1585 1705//1705 1699//1699
f 1699//1699 1705//1705 1706//1706
f 1699//1699 1706//1706 1700//1700
f 1700//1700 1706//1706 1707//1707
f 1700//1700 1707//1707 1701//1701
f 1701//1701 1707//1707 1708//1708
f 1701//1701 1708//1708 1702//1702
f 1702//1702 1708//1708 1709//1709
f 1702//1702 1709//1709 1703//1703
f 1703//1703 1709//1709 1608//1608
f 1703//1703 1608//1608 1605//1605
f 1605//1605 1608//1608 1610//1610
f 1605//1605 1610//1610 1606//1606
f 1704//1704 1710//1710 1705//1705
f 1705//1705 1710//1710 1711//1711
f 1705//1705 1711//1711 1706//1706
f 1706//1706 1711//1711 1712//1712
f 1706//1706 1712//1712 1707//1707
f 1707//1707 1712//1712 1713//1713
f 1707//1707 1713//1713 1708//1708
f 1708//1708 1713//1713 1714//1714
f 1708//1708 1714//1714 1709//1709
f 1709//1709 1714//1714 1611//1611
f 1709//1709 1611//1611 1608//1608
f 1608//1608 1611//1611 1613//1613
f 1608//1608 1613//1613 1609//1609
f 1715//1715 1617//1617 1716//1716
f 1716//1716 1617//1617 1619//1619
f 1716//1716 1619//1619 1614//1614
f 1614//1614 1619//1619 1621//1621
f 1614//1614 1621//1621 1615//1615
f 1717//1717 1622//1622 1718//1718
f 1718//1718 1622//1622 1618//1618
f 1718//1718 1618//1618 1719//1719
f 1719//1719 1618//1618 1617//1617
f 1719//1719 1617//1617 1720//1720
f 1720//1720 1617//1617 1715//1715
f 1720//1720 1715//1715 1698//1698
f 1698//1698 1697//1697 1720//1720
f 1720//1720 1697//1697 1721//1721
f 1720//1720 1721//1721 1719//1719
f 1719//1719 1721//1721 1722//1722
f 1719//1719 1722//1722 1718//1718
f 1723//1723 1688//1688 1692//1692
f 1692//1692 1688//1688 1676//1676
f 1692//1692 1676//1676 1693//1693
f 1693//1693 1676//1676 1675//1675
f 1693//1693 1675//1675 1695//1695
f 1695//1695 1675//1675 1673//1673
f 1695//1695 1673//1673 1697//1697
f 1697//1697 1673//1673 1679//1679
f 1697//1697 1679//1679 1721//1721
f 1721//1721 1679//1679 1678//1678
f 1721//1721 1678//1678 1722//1722
f 1722//1722 1678//1678 1677//1677
f 1722//1722 1677//1677 1718//1718
f 1718//1718 1677//1677 1680//1680
f 1718//1718 1680//1680 1717//1717
f 1656//1656 1724//1724 1662//1662
f 1662//1662 1724//1724 1561//1561
f 1662//1662 1561//1561 1557//1557
f 1557//1557 1561//1561 1562//1562
f 1557//1557 1562//1562 1558//1558
f 1691//1691 1690//1690 1725//1725
f 1725//1725 1690//1690 1726//1726
f 1725//1725 1726//1726 1727//1727
f 1727//1727 1726//1726 1728//1728
f 1727//1727 1728//1728 1729//1729
f 1730//1730 1731//1731 1729//1729
f 1729//1729 1731//1731 1536//1536
f 1729//1729 1536//1536 1727//1727
f 1727//1727 1536//1536 1535//1535
f 1727//1727 1535//1535 1725//1725
f 1725//1725 1535//1535 1537//1537
f 1725//1725 1537//1537 1691//1691
f 1732//1732 1534//1534 1733//1733
f 1733//1733 1534//1534 1536//1536
f 1733//1733 1536//1536 1734//1734
f 1734//1734 1536//1536 1731//1731
f 1734//1734 1731//1731 1735//1735
f 1735//1735 1731//1731 1730//1730
f 1735//1735 1730//1730 1736//1736
f 1563//1563 1736//1736 1565//1565
f 1565//1565 1736//1736 1730//1730
f 1565//1565 1730//1730 1568//1568
f 1568//1568 1730//1730 1729//1729
f 1568//1568 1729//1729 1575//1575
f 1575//1575 1729//1729 1728//1728
f 1575//1575 1728//1728 1577//1577
f 1577//1577 1728//1728 1726//1726
f 1577//1577 1726//1726 1583//1583
f 1583//1583 1726//1726 1690//1690
f 1583//1583 1690//1690 1704//1704
f 1704//1704 1690//1690 1689//1689
f 1704//1704 1689//1689 1710//1710
f 1559//1559 1561//1561 1563//1563
f 1563//1563 1561//1561 1724//1724
f 1563//1563 1724//1724 1736//1736
f 1736//1736 1724//1724 1656//1656
f 1736//1736 1656//1656 1735//1735
f 1735//1735 1656//1656 1659//1659
f 1735//1735 1659//1659 1734//1734
f 1734//1734 1659//1659 1670//1670
f 1734//1734 1670//1670 1733//1733
f 1733//1733 1670//1670 1669//1669
f 1733//1733 1669//1669 1732//1732
f 1732//1732 1669//1669 1687//1687
f 1732//1732 1687//1687 1534//1534
f 1534//1534 1687//1687 1688//1688
f 1534//1534 1688//1688 1537//1537
f 1537//1537 1688//1688 1723//1723
f 1537//1537 1723//1723 1691//1691
f 1691//1691 1723//1723 1692//1692
f 1691//1691 1692//1692 1689//1689
f 1689//1689 1692//1692 1694//1694
f 1689//1689 1694//1694 1710//1710
f 1710//1710 1694//1694 1696//1696
f 1710//1710 1696//1696 1711//1711
f 1711//1711 1696//1696 1698//1698
f 1711//1711 1698//1698 1712//1712
f 1712//1712 1698//1698 1715//1715
f 1712//1712 1715//1715 1713//1713
f 1713//1713 1715//1715 1716//1716
f 1713//1713 1716//1716 1714//1714
f 1714//1714 1716//1716 1614//1614
f 1714//1714 1614//1614 1611//1611
f 1611//1611 1614//1614 1616//1616
f 1611//1611 1616//1616 1612//1612
f 1737//1737 1738//1738 1739//1739
f 1740//1740 1741//1741 1742//1742
f 1743//1743 1744//1744 1745//1745
f 1746//1746 1205//1205 989//989
f 991//991 990//990 1747//1747
f 1020//1020 1019//1019 1748//1748
f 1748//1748 1019//1019 1018//1018
f 1032//1032 1031//1031 1749//1749
f 1048//1048 1047//1047 1750//1750
f 1095//1095 1094//1094 1751//1751
f 1113//1113 799//799 1752//1752
f 1753//1753 839//839 1752//1752
f 1752//1752 839//839 838//838
f 1752//1752 838//838 1113//1113
f 1754//1754 1755//1755 1753//1753
f 1753//1753 1755//1755 1110//1110
f 1753//1753 1110//1110 839//839
f 1105//1105 1112//1112 1755//1755
f 1755//1755 1112//1112 1111//1111
f 1755//1755 1111//1111 1110//1110
f 1103//1103 1109//1109 1756//1756
f 1756//1756 1109//1109 1108//1108
f 1756//1756 1108//1108 1755//1755
f 1755//1755 1108//1108 1106//1106
f 1755//1755 1106//1106 1105//1105
f 1094//1094 1099//1099 1751//1751
f 1751//1751 1099//1099 1101//1101
f 1751//1751 1101//1101 1756//1756
f 1756//1756 1101//1101 1104//1104
f 1756//1756 1104//1104 1103//1103
f 1757//1757 1098//1098 1097//1097
f 1086//1086 1091//1091 1757//1757
f 1757//1757 1091//1091 1093//1093
f 1757//1757 1093//1093 1098//1098
f 1082//1082 1090//1090 1758//1758
f 1758//1758 1090//1090 1089//1089
f 1758//1758 1089//1089 1087//1087
f 1759//1759 1084//1084 1081//1081
f 1760//1760 1075//1075 1077//1077
f 1080//1080 1079//1079 1759//1759
f 1759//1759 1079//1079 1085//1085
f 1759//1759 1085//1085 1084//1084
f 1761//1761 1065//1065 1074//1074
f 1074//1074 1073//1073 1761//1761
f 1761//1761 1073//1073 1071//1071
f 1761//1761 1071//1071 1760//1760
f 1760//1760 1071//1071 1070//1070
f 1760//1760 1070//1070 1075//1075
f 1064//1064 1069//1069 1762//1762
f 1762//1762 1069//1069 1068//1068
f 1762//1762 1068//1068 1066//1066
f 1064//1064 1762//1762 1062//1062
f 1062//1062 1762//1762 1763//1763
f 1062//1062 1763//1763 1057//1057
f 1052//1052 1061//1061 1764//1764
f 1764//1764 1061//1061 1060//1060
f 1764//1764 1060//1060 1058//1058
f 1765//1765 1051//1051 1050//1050
f 1050//1050 1056//1056 1765//1765
f 1765//1765 1056//1056 1055//1055
f 1765//1765 1055//1055 1764//1764
f 1764//1764 1055//1055 1053//1053
f 1764//1764 1053//1053 1052//1052
f 1051//1051 1765//1765 1044//1044
f 1044//1044 1765//1765 1766//1766
f 1044//1044 1766//1766 1045//1045
f 1048//1048 1750//1750 1040//1040
f 1035//1035 1039//1039 1767//1767
f 1767//1767 1039//1039 1038//1038
f 1038//1038 1037//1037 1767//1767
f 1767//1767 1037//1037 1043//1043
f 1767//1767 1043//1043 1750//1750
f 1750//1750 1043//1043 1042//1042
f 1750//1750 1042//1042 1040//1040
f 1031//1031 1029//1029 1749//1749
f 1749//1749 1029//1029 1028//1028
f 1749//1749 1028//1028 1767//1767
f 1767//1767 1028//1028 1033//1033
f 1767//1767 1033//1033 1035//1035
f 1023//1023 1027//1027 1768//1768
f 1768//1768 1027//1027 1026//1026
f 1768//1768 1026//1026 1749//1749
f 1749//1749 1026//1026 1025//1025
f 1749//1749 1025//1025 1032//1032
f 1018//1018 1017//1017 1748//1748
f 1748//1748 1017//1017 1016//1016
f 1748//1748 1016//1016 1768//1768
f 1768//1768 1016//1016 1021//1021
f 1768//1768 1021//1021 1023//1023
f 1769//1769 1014//1014 1013//1013
f 1769//1769 1013//1013 1770//1770
f 1770//1770 1013//1013 1012//1012
f 1770//1770 1012//1012 1020//1020
f 998//998 1007//1007 1771//1771
f 1771//1771 1007//1007 1006//1006
f 1771//1771 1006//1006 1769//1769
f 1769//1769 1006//1006 1004//1004
f 1769//1769 1004//1004 1003//1003
f 1003//1003 1008//1008 1769//1769
f 1769//1769 1008//1008 1010//1010
f 1769//1769 1010//1010 1014//1014
f 1001//1001 999//999 1772//1772
f 1772//1772 999//999 998//998
f 990//990 995//995 1747//1747
f 1747//1747 995//995 997//997
f 1747//1747 997//997 1772//1772
f 1772//1772 997//997 1002//1002
f 1772//1772 1002//1002 1001//1001
f 1773//1773 989//989 988//988
f 988//988 994//994 1773//1773
f 1773//1773 994//994 993//993
f 1773//1773 993//993 991//991
f 1774//1774 1775//1775 1773//1773
f 1773//1773 1775//1775 1776//1776
f 1773//1773 1776//1776 989//989
f 989//989 1776//1776 1777//1777
f 989//989 1777//1777 1746//1746
f 1744//1744 1778//1778 1745//1745
f 1745//1745 1778//1778 1779//1779
f 1745//1745 1779//1779 1773//1773
f 1773//1773 1779//1779 1780//1780
f 1773//1773 1780//1780 1774//1774
f 1743//1743 1745//1745 1781//1781
f 1781//1781 1745//1745 1782//1782
f 1781//1781 1782//1782 1783//1783
f 1784//1784 1785//1785 1786//1786
f 1786//1786 1785//1785 1787//1787
f 1786//1786 1787//1787 1782//1782
f 1782//1782 1787//1787 1788//1788
f 1782//1782 1788//1788 1783//1783
f 1789//1789 1790//1790 1791//1791
f 1791//1791 1790//1790 1792//1792
f 1791//1791 1792//1792 1786//1786
f 1786//1786 1792//1792 1793//1793
f 1786//1786 1793//1793 1784//1784
f 1789//1789 1791//1791 1794//1794
f 1794//1794 1791//1791 1795//1795
f 1794//1794 1795//1795 1796//1796
f 1796//1796 1797//1797 1798//1798
f 1798//1798 1797//1797 1799//1799
f 1800//1800 1801//1801 1802//1802
f 1802//1802 1801//1801 1803//1803
f 1800//1800 1804//1804 1801//1801
f 1801//1801 1804//1804 1805//1805
f 1801//1801 1805//1805 1797//1797
f 1797//1797 1805//1805 1806//1806
f 1797//1797 1806//1806 1799//1799
f 1803//1803 1801//1801 1807//1807
f 1807//1807 1801//1801 1808//1808
f 1807//1807 1808//1808 1741//1741
f 1740//1740 1742//1742 1809//1809
f 1810//1810 1811//1811 1812//1812
f 1811//1811 1813//1813 1812//1812
f 1812//1812 1813//1813 1814//1814
f 1812//1812 1814//1814 1742//1742
f 1742//1742 1814//1814 1815//1815
f 1742//1742 1815//1815 1809//1809
f 1738//1738 1816//1816 1817//1817
f 1816//1816 1818//1818 1817//1817
f 1817//1817 1818//1818 1819//1819
f 1817//1817 1819//1819 1820//1820
f 1820//1820 1819//1819 1821//1821
f 1820//1820 1821//1821 1810//1810
f 1737//1737 1739//1739 1822//1822
f 1823//1823 1824//1824 1739//1739
f 1739//1739 1824//1824 1825//1825
f 1739//1739 1825//1825 1822//1822
f 1826//1826 1827//1827 1828//1828
f 1828//1828 1827//1827 1829//1829
f 1828//1828 1829//1829 1823//1823
f 1823//1823 1829//1829 1830//1830
f 1823//1823 1830//1830 1824//1824
f 1831//1831 1832//1832 1833//1833
f 1833//1833 1832//1832 1834//1834
f 1833//1833 1834//1834 1828//1828
f 1828//1828 1834//1834 1835//1835
f 1828//1828 1835//1835 1826//1826
f 1754//1754 1831//1831 1755//1755
f 1755//1755 1831//1831 1833//1833
f 1755//1755 1833//1833 1756//1756
f 1756//1756 1833//1833 1828//1828
f 1756//1756 1828//1828 1751//1751
f 1751//1751 1828//1828 1823//1823
f 1738//1738 1817//1817 1739//1739
f 1739//1739 1817//1817 1836//1836
f 1739//1739 1836//1836 1823//1823
f 1823//1823 1836//1836 1757//1757
f 1823//1823 1757//1757 1751//1751
f 1751//1751 1757//1757 1097//1097
f 1751//1751 1097//1097 1095//1095
f 1810//1810 1812//1812 1820//1820
f 1820//1820 1812//1812 1837//1837
f 1820//1820 1837//1837 1817//1817
f 1817//1817 1837//1837 1838//1838
f 1817//1817 1838//1838 1836//1836
f 1836//1836 1838//1838 1758//1758
f 1836//1836 1758//1758 1757//1757
f 1757//1757 1758//1758 1087//1087
f 1757//1757 1087//1087 1086//1086
f 1741//1741 1808//1808 1742//1742
f 1742//1742 1808//1808 1839//1839
f 1742//1742 1839//1839 1812//1812
f 1812//1812 1839//1839 1840//1840
f 1812//1812 1840//1840 1837//1837
f 1837//1837 1840//1840 1841//1841
f 1837//1837 1841//1841 1838//1838
f 1838//1838 1841//1841 1759//1759
f 1838//1838 1759//1759 1758//1758
f 1758//1758 1759//1759 1081//1081
f 1758//1758 1081//1081 1082//1082
f 1796//1796 1795//1795 1797//1797
f 1797//1797 1795//1795 1842//1842
f 1797//1797 1842//1842 1801//1801
f 1801//1801 1842//1842 1843//1843
f 1801//1801 1843//1843 1808//1808
f 1808//1808 1843//1843 1844//1844
f 1808//1808 1844//1844 1839//1839
f 1839//1839 1844//1844 1845//1845
f 1839//1839 1845//1845 1840//1840
f 1840//1840 1845//1845 1761//1761
f 1840//1840 1761//1761 1841//1841
f 1841//1841 1761//1761 1760//1760
f 1841//1841 1760//1760 1759//1759
f 1759//1759 1760//1760 1077//1077
f 1759//1759 1077//1077 1080//1080
f 1020//1020 1748//1748 1770//1770
f 1770//1770 1748//1748 1768//1768
f 1770//1770 1768//1768 1846//1846
f 1846//1846 1768//1768 1749//1749
f 1846//1846 1749//1749 1847//1847
f 1847//1847 1749//1749 1767//1767
f 1847//1847 1767//1767 1848//1848
f 1848//1848 1767//1767 1750//1750
f 1848//1848 1750//1750 1766//1766
f 1766//1766 1750//1750 1047//1047
f 1766//1766 1047//1047 1045//1045
f 998//998 1771//1771 1772//1772
f 1772//1772 1771//1771 1769//1769
f 1772//1772 1769//1769 1849//1849
f 1849//1849 1769//1769 1770//1770
f 1849//1849 1770//1770 1850//1850
f 1850//1850 1770//1770 1846//1846
f 1850//1850 1846//1846 1851//1851
f 1851//1851 1846//1846 1847//1847
f 1851//1851 1847//1847 1852//1852
f 1852//1852 1847//1847 1848//1848
f 1852//1852 1848//1848 1853//1853
f 1853//1853 1848//1848 1766//1766
f 1853//1853 1766//1766 1854//1854
f 1854//1854 1766//1766 1765//1765
f 1854//1854 1765//1765 1855//1855
f 1855//1855 1765//1765 1764//1764
f 1855//1855 1764//1764 1763//1763
f 1763//1763 1764//1764 1058//1058
f 1763//1763 1058//1058 1057//1057
f 991//991 1747//1747 1773//1773
f 1773//1773 1747//1747 1772//1772
f 1773//1773 1772//1772 1745//1745
f 1745//1745 1772//1772 1849//1849
f 1745//1745 1849//1849 1782//1782
f 1782//1782 1849//1849 1850//1850
f 1782//1782 1850//1850 1786//1786
f 1786//1786 1850//1850 1851//1851
f 1786//1786 1851//1851 1791//1791
f 1791//1791 1851//1851 1852//1852
f 1791//1791 1852//1852 1795//1795
f 1795//1795 1852//1852 1853//1853
f 1795//1795 1853//1853 1842//1842
f 1842//1842 1853//1853 1854//1854
f 1842//1842 1854//1854 1843//1843
f 1843//1843 1854//1854 1855//1855
f 1843//1843 1855//1855 1844//1844
f 1844//1844 1855//1855 1763//1763
f 1844//1844 1763//1763 1845//1845
f 1845//1845 1763//1763 1762//1762
f 1845//1845 1762//1762 1761//1761
f 1761//1761 1762//1762 1066//1066
f 1761//1761 1066//1066 1065//1065
f 1856//1856 1857//1857 1858//1858
f 1859//1859 1860//1860 1861//1861
f 1862//1862 1863//1863 1864//1864
f 1864//1864 1863//1863 1865//1865
f 1864//1864 1865//1865 1866//1866
f 1867//1867 1868//1868 1869//1869
f 1869//1869 1868//1868 1870//1870
f 1869//1869 1870//1870 1865//1865
f 1865//1865 1870//1870 1871//1871
f 1865//1865 1871//1871 1866//1866
f 1872//1872 1873//1873 1874//1874
f 1872//1872 1874//1874 1869//1869
f 1869//1869 1874//1874 1875//1875
f 1869//1869 1875//1875 1867//1867
f 1876//1876 1877//1877 1878//1878
f 1878//1878 1877//1877 1879//1879
f 1878//1878 1879//1879 1872//1872
f 1872//1872 1879//1879 1880//1880
f 1872//1872 1880//1880 1881//1881
f 1881//1881 1882//1882 1872//1872
f 1872//1872 1882//1882 1883//1883
f 1872//1872 1883//1883 1873//1873
f 1860//1860 1884//1884 1861//1861
f 1861//1861 1884//1884 1885//1885
f 1861//1861 1885//1885 1878//1878
f 1878//1878 1885//1885 1886//1886
f 1878//1878 1886//1886 1876//1876
f 1887//1887 1888//1888 1889//1889
f 1889//1889 1888//1888 1890//1890
f 1889//1889 1890//1890 1861//1861
f 1861//1861 1890//1890 1891//1891
f 1861//1861 1891//1891 1859//1859
f 1857//1857 1892//1892 1858//1858
f 1858//1858 1892//1892 1893//1893
f 1858//1858 1893//1893 1889//1889
f 1889//1889 1893//1893 1894//1894
f 1889//1889 1894//1894 1887//1887
f 1895//1895 1896//1896 1897//1897
f 1895//1895 1897//1897 1858//1858
f 1858//1858 1897//1897 1898//1898
f 1858//1858 1898//1898 1856//1856
f 1899//1899 1900//1900 1901//1901
f 1901//1901 1900//1900 1902//1902
f 1902//1902 1903//1903 1901//1901
f 1901//1901 1903//1903 1904//1904
f 1901//1901 1904//1904 1895//1895
f 1895//1895 1904//1904 1905//1905
f 1895//1895 1905//1905 1896//1896
f 1906//1906 1907//1907 1908//1908
f 1906//1906 1908//1908 1901//1901
f 1901//1901 1908//1908 1909//1909
f 1901//1901 1909//1909 1899//1899
f 1910//1910 1911//1911 1912//1912
f 1912//1912 1911//1911 1913//1913
f 1912//1912 1913//1913 1914//1914
f 1914//1914 1915//1915 1912//1912
f 1912//1912 1915//1915 1916//1916
f 1912//1912 1916//1916 1906//1906
f 1906//1906 1916//1916 1917//1917
f 1906//1906 1917//1917 1907//1907
f 1918//1918 1919//1919 1920//1920
f 1921//1921 1922//1922 1923//1923
f 1924//1924 1925//1925 1926//1926
f 1927//1927 1928//1928 1929//1929
f 1930//1930 1931//1931 1932//1932
f 1933//1933 1934//1934 1935//1935
f 1936//1936 1937//1937 1938//1938
f 1939//1939 1940//1940 1941//1941
f 1942//1942 1943//1943 1944//1944
f 1945//1945 1946//1946 1947//1947
f 1272//1272 1948//1948 1270//1270
f 1270//1270 1948//1948 1949//1949
f 1270//1270 1949//1949 1273//1273
f 1273//1273 1950//1950 1276//1276
f 1276//1276 1950//1950 1951//1951
f 1276//1276 1951//1951 1274//1274
f 1952//1952 1277//1277 1951//1951
f 1951//1951 1277//1277 1275//1275
f 1951//1951 1275//1275 1274//1274
f 1288//1288 1289//1289 1953//1953
f 1953//1953 1289//1289 1279//1279
f 1953//1953 1279//1279 1952//1952
f 1952//1952 1279//1279 1278//1278
f 1952//1952 1278//1278 1277//1277
f 1286//1286 1287//1287 1954//1954
f 1954//1954 1287//1287 1288//1288
f 1955//1955 1284//1284 1285//1285
f 1956//1956 1282//1282 1283//1283
f 1282//1282 1956//1956 1281//1281
f 1281//1281 1956//1956 1957//1957
f 1281//1281 1957//1957 1280//1280
f 1958//1958 1959//1959 1960//1960
f 1961//1961 1962//1962 1963//1963
f 1961//1961 1963//1963 1958//1958
f 1958//1958 1963//1963 1964//1964
f 1958//1958 1964//1964 1959//1959
f 1965//1965 1966//1966 1967//1967
f 1965//1965 1967//1967 1961//1961
f 1961//1961 1967//1967 1968//1968
f 1961//1961 1968//1968 1962//1962
f 1969//1969 1970//1970 1971//1971
f 1971//1971 1970//1970 1972//1972
f 1971//1971 1972//1972 1965//1965
f 1965//1965 1972//1972 1973//1973
f 1965//1965 1973//1973 1966//1966
f 1974//1974 1975//1975 1969//1969
f 1969//1969 1975//1975 1976//1976
f 1969//1969 1976//1976 1970//1970
f 1977//1977 1978//1978 1974//1974
f 1974//1974 1978//1978 1979//1979
f 1974//1974 1979//1979 1975//1975
f 1980//1980 1981//1981 1977//1977
f 1977//1977 1981//1981 1982//1982
f 1977//1977 1982//1982 1978//1978
f 1983//1983 1984//1984 1980//1980
f 1980//1980 1984//1984 1985//1985
f 1980//1980 1985//1985 1981//1981
f 1945//1945 1947//1947 1986//1986
f 1987//1987 1988//1988 1989//1989
f 1987//1987 1989//1989 1990//1990
f 1991//1991 1989//1989 1992//1992
f 1990//1990 1989//1989 1993//1993
f 1993//1993 1989//1989 1991//1991
f 1993//1993 1991//1991 1994//1994
f 1994//1994 1991//1991 1995//1995
f 1994//1994 1995//1995 1996//1996
f 1997//1997 1998//1998 1995//1995
f 1995//1995 1998//1998 1999//1999
f 1995//1995 1999//1999 1996//1996
f 2000//2000 1997//1997 2001//2001
f 2002//2002 2003//2003 2004//2004
f 2004//2004 2003//2003 2005//2005
f 2004//2004 2005//2005 2006//2006
f 2007//2007 2008//2008 2009//2009
f 2009//2009 2008//2008 2010//2010
f 2009//2009 2010//2010 2011//2011
f 2011//2011 2010//2010 2012//2012
f 2011//2011 2012//2012 2002//2002
f 1939//1939 1941//1941 2013//2013
f 2013//2013 2014//2014 2015//2015
f 2015//2015 2014//2014 2016//2016
f 1930//1930 1932//1932 2017//2017
f 2018//2018 2019//2019 1925//1925
f 1925//1925 2019//2019 2020//2020
f 2018//2018 1925//1925 2021//2021
f 2021//2021 1925//1925 1924//1924
f 2021//2021 1924//1924 2022//2022
f 1924//1924 2023//2023 2024//2024
f 2022//2022 1924//1924 2025//2025
f 2025//2025 1924//1924 2024//2024
f 2025//2025 2024//2024 2026//2026
f 2027//2027 2028//2028 2029//2029
f 2029//2029 2028//2028 2030//2030
f 2029//2029 2030//2030 2031//2031
f 1927//1927 1929//1929 2032//2032
f 2033//2033 2034//2034 2035//2035
f 2036//2036 2037//2037 2038//2038
f 2038//2038 2037//2037 2039//2039
f 2038//2038 2039//2039 2034//2034
f 2034//2034 2039//2039 2040//2040
f 2034//2034 2040//2040 2035//2035
f 1949//1949 2041//2041 1273//1273
f 1273//1273 2041//2041 2042//2042
f 1273//1273 2042//2042 1950//1950
f 1950//1950 2042//2042 2043//2043
f 1950//1950 2043//2043 2044//2044
f 1928//1928 2045//2045 1929//1929
f 1929//1929 2045//2045 2027//2027
f 1929//1929 2027//2027 1926//1926
f 1926//1926 2027//2027 2029//2029
f 1926//1926 2029//2029 1924//1924
f 1924//1924 2029//2029 2031//2031
f 1924//1924 2031//2031 2023//2023
f 2035//2035 2032//2032 2033//2033
f 2033//2033 2032//2032 1929//1929
f 2033//2033 1929//1929 2046//2046
f 2046//2046 1929//1929 1926//1926
f 2046//2046 1926//1926 2047//2047
f 2047//2047 1926//1926 1925//1925
f 2047//2047 1925//1925 2048//2048
f 2048//2048 1925//1925 2020//2020
f 2048//2048 2020//2020 2049//2049
f 2050//2050 2051//2051 2052//2052
f 2053//2053 1938//1938 2014//2014
f 2014//2014 1938//1938 1937//1937
f 2014//2014 1937//1937 2016//2016
f 2013//2013 1941//1941 2014//2014
f 2014//2014 1941//1941 2054//2054
f 2014//2014 2054//2054 2053//2053
f 2053//2053 2054//2054 2055//2055
f 2053//2053 2055//2055 2056//2056
f 1934//1934 1936//1936 1935//1935
f 1935//1935 1936//1936 1938//1938
f 1935//1935 1938//1938 2057//2057
f 2057//2057 1938//1938 2053//2053
f 2057//2057 2053//2053 2050//2050
f 2050//2050 2053//2053 2056//2056
f 2050//2050 2056//2056 2051//2051
f 2058//2058 2052//2052 2059//2059
f 2059//2059 2052//2052 2051//2051
f 2059//2059 2051//2051 2060//2060
f 2060//2060 2051//2051 2056//2056
f 2060//2060 2056//2056 2061//2061
f 2061//2061 2056//2056 2055//2055
f 2061//2061 2055//2055 2062//2062
f 2062//2062 2055//2055 2054//2054
f 2062//2062 2054//2054 2063//2063
f 2063//2063 2054//2054 1941//1941
f 2063//2063 1941//1941 2009//2009
f 2009//2009 1941//1941 1940//1940
f 2009//2009 1940//1940 2007//2007
f 1946//1946 1983//1983 1947//1947
f 1947//1947 1983//1983 1980//1980
f 1947//1947 1980//1980 2064//2064
f 1931//1931 1933//1933 1932//1932
f 1932//1932 1933//1933 1935//1935
f 1932//1932 1935//1935 2065//2065
f 2065//2065 1935//1935 2057//2057
f 2065//2065 2057//2057 2066//2066
f 2066//2066 2057//2057 2050//2050
f 2066//2066 2050//2050 1918//1918
f 1918//1918 2050//2050 2052//2052
f 1918//1918 2052//2052 1919//1919
f 1919//1919 2052//2052 2058//2058
f 1919//1919 2058//2058 1920//1920
f 1920//1920 2058//2058 2067//2067
f 1920//1920 2067//2067 2068//2068
f 2002//2002 2004//2004 2011//2011
f 2011//2011 2004//2004 2069//2069
f 2011//2011 2069//2069 2009//2009
f 2009//2009 2069//2069 2070//2070
f 2009//2009 2070//2070 2063//2063
f 2063//2063 2070//2070 2071//2071
f 2063//2063 2071//2071 2062//2062
f 2062//2062 2071//2071 2072//2072
f 2062//2062 2072//2072 2061//2061
f 2061//2061 2072//2072 2073//2073
f 2061//2061 2073//2073 2060//2060
f 2060//2060 2073//2073 2074//2074
f 2060//2060 2074//2074 2059//2059
f 2059//2059 2074//2074 2075//2075
f 2059//2059 2075//2075 2058//2058
f 2058//2058 2075//2075 2076//2076
f 2058//2058 2076//2076 2067//2067
f 1997//1997 1995//1995 2001//2001
f 2001//2001 1995//1995 2077//2077
f 2001//2001 2077//2077 2078//2078
f 2078//2078 2077//2077 2079//2079
f 2078//2078 2079//2079 2080//2080
f 2080//2080 2079//2079 2081//2081
f 2080//2080 2081//2081 2082//2082
f 2082//2082 2081//2081 2083//2083
f 2082//2082 2083//2083 2084//2084
f 2084//2084 2083//2083 2085//2085
f 2084//2084 2085//2085 2086//2086
f 2086//2086 2085//2085 2087//2087
f 2086//2086 2087//2087 2088//2088
f 2088//2088 2087//2087 2089//2089
f 2088//2088 2089//2089 2090//2090
f 2090//2090 2089//2089 2091//2091
f 2090//2090 2091//2091 2092//2092
f 2092//2092 2091//2091 2093//2093
f 2092//2092 2093//2093 2094//2094
f 2094//2094 2093//2093 1955//1955
f 2094//2094 1955//1955 1954//1954
f 1954//1954 1955//1955 1285//1285
f 1954//1954 1285//1285 1286//1286
f 2064//2064 1980//1980 2095//2095
f 2095//2095 1980//1980 1977//1977
f 2095//2095 1977//1977 2096//2096
f 2096//2096 1977//1977 1974//1974
f 2096//2096 1974//1974 2097//2097
f 2097//2097 1974//1974 1969//1969
f 2097//2097 1969//1969 2098//2098
f 2098//2098 1969//1969 1971//1971
f 2098//2098 1971//1971 2099//2099
f 2099//2099 1971//1971 1965//1965
f 2099//2099 1965//1965 2100//2100
f 2100//2100 1965//1965 1961//1961
f 2100//2100 1961//1961 2101//2101
f 2101//2101 1961//1961 1958//1958
f 2101//2101 1958//1958 2102//2102
f 2102//2102 1958//1958 1960//1960
f 2102//2102 1960//1960 1956//1956
f 1956//1956 1960//1960 2103//2103
f 1956//1956 2103//2103 1957//1957
f 1992//1992 1986//1986 1991//1991
f 1991//1991 1986//1986 1947//1947
f 1991//1991 1947//1947 1995//1995
f 1995//1995 1947//1947 2064//2064
f 1995//1995 2064//2064 2077//2077
f 2077//2077 2064//2064 2095//2095
f 2077//2077 2095//2095 2079//2079
f 2079//2079 2095//2095 2096//2096
f 2079//2079 2096//2096 2081//2081
f 2081//2081 2096//2096 2097//2097
f 2081//2081 2097//2097 2083//2083
f 2083//2083 2097//2097 2098//2098
f 2083//2083 2098//2098 2085//2085
f 2085//2085 2098//2098 2099//2099
f 2085//2085 2099//2099 2087//2087
f 2087//2087 2099//2099 2100//2100
f 2087//2087 2100//2100 2089//2089
f 2089//2089 2100//2100 2101//2101
f 2089//2089 2101//2101 2091//2091
f 2091//2091 2101//2101 2102//2102
f 2091//2091 2102//2102 2093//2093
f 2093//2093 2102//2102 1956//1956
f 2093//2093 1956//1956 1955//1955
f 1955//1955 1956//1956 1283//1283
f 1955//1955 1283//1283 1284//1284
f 1288//1288 1953//1953 1954//1954
f 1954//1954 1953//1953 2104//2104
f 1954//1954 2104//2104 2094//2094
f 2094//2094 2104//2104 2105//2105
f 2094//2094 2105//2105 2092//2092
f 2092//2092 2105//2105 2106//2106
f 2092//2092 2106//2106 2090//2090
f 2090//2090 2106//2106 2107//2107
f 2090//2090 2107//2107 2088//2088
f 2088//2088 2107//2107 2108//2108
f 2088//2088 2108//2108 2086//2086
f 2086//2086 2108//2108 2109//2109
f 2086//2086 2109//2109 2084//2084
f 2084//2084 2109//2109 2110//2110
f 2084//2084 2110//2110 2082//2082
f 2082//2082 2110//2110 2111//2111
f 2082//2082 2111//2111 2080//2080
f 2080//2080 2111//2111 2112//2112
f 2080//2080 2112//2112 2078//2078
f 2078//2078 2112//2112 1944//1944
f 2078//2078 1944//1944 2001//2001
f 2001//2001 1944//1944 1943//1943
f 2001//2001 1943//1943 2000//2000
f 2113//2113 2114//2114 2115//2115
f 2115//2115 2114//2114 2116//2116
f 2117//2117 2113//2113 2118//2118
f 2118//2118 2113//2113 2115//2115
f 2118//2118 2115//2115 2119//2119
f 2119//2119 2115//2115 2116//2116
f 2119//2119 2116//2116 1923//1923
f 1923//1923 2116//2116 2120//2120
f 1923//1923 2120//2120 1921//1921
f 1921//1921 2120//2120 2121//2121
f 2048//2048 2117//2117 2047//2047
f 2047//2047 2117//2117 2118//2118
f 2047//2047 2118//2118 2046//2046
f 2046//2046 2118//2118 2119//2119
f 2046//2046 2119//2119 2033//2033
f 2033//2033 2119//2119 1923//1923
f 2033//2033 1923//1923 2034//2034
f 2034//2034 1923//1923 1922//1922
f 2034//2034 1922//1922 2038//2038
f 2044//2044 2036//2036 1950//1950
f 1950//1950 2036//2036 2038//2038
f 1950//1950 2038//2038 1951//1951
f 1951//1951 2038//2038 1922//1922
f 1951//1951 1922//1922 1952//1952
f 1952//1952 1922//1922 1921//1921
f 1952//1952 1921//1921 1953//1953
f 1953//1953 1921//1921 2121//2121
f 1953//1953 2121//2121 2104//2104
f 2049//2049 2017//2017 2048//2048
f 2048//2048 2017//2017 1932//1932
f 2048//2048 1932//1932 2117//2117
f 2117//2117 1932//1932 2065//2065
f 2117//2117 2065//2065 2113//2113
f 2113//2113 2065//2065 2066//2066
f 2113//2113 2066//2066 2114//2114
f 2114//2114 2066//2066 1918//1918
f 2114//2114 1918//1918 2116//2116
f 2116//2116 1918//1918 1920//1920
f 2116//2116 1920//1920 2120//2120
f 2120//2120 1920//1920 2068//2068
f 2120//2120 2068//2068 2121//2121
f 2121//2121 2068//2068 2067//2067
f 2121//2121 2067//2067 2104//2104
f 2104//2104 2067//2067 2076//2076
f 2104//2104 2076//2076 2105//2105
f 2105//2105 2076//2076 2075//2075
f 2105//2105 2075//2075 2106//2106
f 2106//2106 2075//2075 2074//2074
f 2106//2106 2074//2074 2107//2107
f 2107//2107 2074//2074 2073//2073
f 2107//2107 2073//2073 2108//2108
f 2108//2108 2073//2073 2072//2072
f 2108//2108 2072//2072 2109//2109
f 2109//2109 2072//2072 2071//2071
f 2109//2109 2071//2071 2110//2110
f 2110//2110 2071//2071 2070//2070
f 2110//2110 2070//2070 2111//2111
f 2111//2111 2070//2070 2069//2069
f 2111//2111 2069//2069 2112//2112
f 2112//2112 2069//2069 2004//2004
f 2112//2112 2004//2004 1944//1944
f 1944//1944 2004//2004 2006//2006
f 1944//1944 2006//2006 1942//1942
f 2122//2122 2123//2123 2124//2124
f 2125//2125 2126//2126 2127//2127
f 2128//2128 2129//2129 2130//2130
f 2131//2131 2132//2132 2133//2133
f 2134//2134 2135//2135 2136//2136
f 2137//2137 2138//2138 2139//2139
f 2140//2140 2141//2141 2139//2139
f 2139//2139 2141//2141 2142//2142
f 2139//2139 2142//2142 2137//2137
f 2137//2137 2142//2142 2143//2143
f 2137//2137 2143//2143 2144//2144
f 2145//2145 2146//2146 2147//2147
f 2147//2147 2148//2148 2145//2145
f 2145//2145 2148//2148 2149//2149
f 2145//2145 2149//2149 2150//2150
f 2151//2151 2152//2152 2153//2153
f 2153//2153 2152//2152 2134//2134
f 2154//2154 2155//2155 2151//2151
f 2156//2156 2157//2157 2158//2158
f 2158//2158 2157//2157 2159//2159
f 2158//2158 2159//2159 2154//2154
f 2154//2154 2159//2159 2160//2160
f 2154//2154 2160//2160 2155//2155
f 2161//2161 2162//2162 2163//2163
f 2163//2163 2162//2162 2164//2164
f 2165//2165 2166//2166 2161//2161
f 2167//2167 2168//2168 2169//2169
f 2170//2170 2171//2171 2167//2167
f 2167//2167 2171//2171 2172//2172
f 2167//2167 2172//2172 2168//2168
f 2173//2173 2174//2174 2175//2175
f 2175//2175 2174//2174 2176//2176
f 2175//2175 2176//2176 2170//2170
f 2170//2170 2176//2176 2177//2177
f 2170//2170 2177//2177 2171//2171
f 2178//2178 2179//2179 2180//2180
f 2180//2180 2179//2179 2181//2181
f 2180//2180 2181//2181 2182//2182
f 2183//2183 2184//2184 2124//2124
f 2124//2124 2184//2184 2185//2185
f 2132//2132 2186//2186 2133//2133
f 2133//2133 2186//2186 2187//2187
f 2133//2133 2187//2187 2188//2188
f 2189//2189 2190//2190 2191//2191
f 2191//2191 2190//2190 2192//2192
f 2191//2191 2192//2192 2193//2193
f 2194//2194 2195//2195 2196//2196
f 2194//2194 1992//1992 1989//1989
f 1988//1988 2197//2197 1989//1989
f 1989//1989 2197//2197 2198//2198
f 1989//1989 2198//2198 2194//2194
f 2194//2194 2198//2198 2199//2199
f 2194//2194 2199//2199 2195//2195
f 1992//1992 2194//2194 1986//1986
f 1986//1986 2194//2194 2200//2200
f 1986//1986 2200//2200 1945//1945
f 2201//2201 1983//1983 2200//2200
f 2200//2200 1983//1983 1946//1946
f 2200//2200 1946//1946 1945//1945
f 2202//2202 1985//1985 2201//2201
f 2201//2201 1985//1985 1984//1984
f 2201//2201 1984//1984 1983//1983
f 1979//1979 1978//1978 2203//2203
f 2203//2203 1978//1978 1982//1982
f 2203//2203 1982//1982 2202//2202
f 2202//2202 1982//1982 1981//1981
f 2202//2202 1981//1981 1985//1985
f 2204//2204 1970//1970 1976//1976
f 1967//1967 1966//1966 2205//2205
f 2205//2205 1966//1966 1973//1973
f 2205//2205 1973//1973 1972//1972
f 1959//1959 1964//1964 2129//2129
f 2129//2129 1964//1964 1963//1963
f 1968//1968 2206//2206 1962//1962
f 1962//1962 2206//2206 2207//2207
f 1962//1962 2207//2207 1963//1963
f 1959//1959 2129//2129 1960//1960
f 1960//1960 2129//2129 2128//2128
f 1960//1960 2128//2128 2103//2103
f 1391//1391 1441//1441 2128//2128
f 2128//2128 1441//1441 1440//1440
f 2128//2128 1440//1440 2103//2103
f 2103//2103 1440//1440 1439//1439
f 2103//2103 1439//1439 1957//1957
f 1957//1957 1439//1439 1280//1280
f 2208//2208 1434//1434 1392//1392
f 1438//1438 1437//1437 2127//2127
f 2127//2127 1437//1437 1435//1435
f 1488//1488 1438//1438 2209//2209
f 2209//2209 1438//1438 2127//2127
f 2209//2209 2127//2127 2210//2210
f 2210//2210 2127//2127 2126//2126
f 2211//2211 2212//2212 2213//2213
f 2213//2213 2212//2212 2214//2214
f 2213//2213 2214//2214 2215//2215
f 2215//2215 2214//2214 2207//2207
f 2215//2215 2207//2207 2205//2205
f 2205//2205 2207//2207 2206//2206
f 2205//2205 2206//2206 1967//1967
f 1967//1967 2206//2206 1968//1968
f 2216//2216 2217//2217 2218//2218
f 2218//2218 2217//2217 2219//2219
f 2218//2218 2219//2219 2220//2220
f 2220//2220 2219//2219 2221//2221
f 2220//2220 2221//2221 2222//2222
f 1963//1963 2207//2207 2129//2129
f 2129//2129 2207//2207 2214//2214
f 2129//2129 2214//2214 2130//2130
f 2130//2130 2214//2214 2212//2212
f 2130//2130 2212//2212 2223//2223
f 2224//2224 2125//2125 2225//2225
f 2225//2225 2125//2125 2127//2127
f 2225//2225 2127//2127 2208//2208
f 2208//2208 2127//2127 1435//1435
f 2208//2208 1435//1435 1434//1434
f 2222//2222 2226//2226 2220//2220
f 2220//2220 2226//2226 2227//2227
f 2220//2220 2227//2227 2225//2225
f 2225//2225 2227//2227 2228//2228
f 2225//2225 2228//2228 2224//2224
f 2185//2185 2178//2178 2124//2124
f 2124//2124 2178//2178 2180//2180
f 2124//2124 2180//2180 2122//2122
f 2122//2122 2180//2180 2229//2229
f 2167//2167 2230//2230 2170//2170
f 2170//2170 2230//2230 2229//2229
f 2170//2170 2229//2229 2175//2175
f 2175//2175 2229//2229 2180//2180
f 2175//2175 2180//2180 2173//2173
f 2173//2173 2180//2180 2182//2182
f 2161//2161 2163//2163 2165//2165
f 2165//2165 2163//2163 2231//2231
f 2165//2165 2231//2231 2232//2232
f 2233//2233 2234//2234 2235//2235
f 2235//2235 2234//2234 2236//2236
f 2235//2235 2236//2236 2237//2237
f 2237//2237 2236//2236 2238//2238
f 2237//2237 2238//2238 2239//2239
f 2240//2240 2232//2232 2241//2241
f 2241//2241 2232//2232 2231//2231
f 2241//2241 2231//2231 2242//2242
f 2242//2242 2231//2231 2163//2163
f 2242//2242 2163//2163 2158//2158
f 2158//2158 2163//2163 2164//2164
f 2158//2158 2164//2164 2156//2156
f 2151//2151 2153//2153 2154//2154
f 2154//2154 2153//2153 2243//2243
f 2154//2154 2243//2243 2158//2158
f 2158//2158 2243//2243 2244//2244
f 2158//2158 2244//2244 2242//2242
f 2242//2242 2244//2244 2245//2245
f 2242//2242 2245//2245 2241//2241
f 2241//2241 2245//2245 2246//2246
f 2241//2241 2246//2246 2240//2240
f 2240//2240 2246//2246 2247//2247
f 2240//2240 2247//2247 2248//2248
f 2248//2248 2247//2247 2249//2249
f 2248//2248 2249//2249 2250//2250
f 2250//2250 2249//2249 2251//2251
f 2250//2250 2251//2251 2252//2252
f 2252//2252 2251//2251 2253//2253
f 2252//2252 2253//2253 2254//2254
f 2150//2150 2140//2140 2145//2145
f 2145//2145 2140//2140 2139//2139
f 2145//2145 2139//2139 2255//2255
f 2255//2255 2139//2139 2256//2256
f 2255//2255 2256//2256 2257//2257
f 2258//2258 2259//2259 2260//2260
f 2260//2260 2259//2259 2261//2261
f 2260//2260 2261//2261 2262//2262
f 2134//2134 2136//2136 2153//2153
f 2153//2153 2136//2136 2263//2263
f 2153//2153 2263//2263 2243//2243
f 2243//2243 2263//2263 2264//2264
f 2243//2243 2264//2264 2244//2244
f 2244//2244 2264//2264 2265//2265
f 2244//2244 2265//2265 2245//2245
f 2245//2245 2265//2265 2266//2266
f 2245//2245 2266//2266 2246//2246
f 2258//2258 2267//2267 2268//2268
f 2268//2268 2267//2267 2269//2269
f 2270//2270 2271//2271 2272//2272
f 2272//2272 2271//2271 2273//2273
f 2272//2272 2273//2273 2274//2274
f 2274//2274 2275//2275 2272//2272
f 2272//2272 2275//2275 2218//2218
f 2272//2272 2218//2218 2270//2270
f 2270//2270 2218//2218 2220//2220
f 2270//2270 2220//2220 2223//2223
f 2223//2223 2220//2220 2225//2225
f 2223//2223 2225//2225 2130//2130
f 2130//2130 2225//2225 2208//2208
f 2130//2130 2208//2208 2128//2128
f 2128//2128 2208//2208 1392//1392
f 2128//2128 1392//1392 1391//1391
f 2146//2146 2145//2145 2262//2262
f 2262//2262 2145//2145 2255//2255
f 2262//2262 2255//2255 2260//2260
f 2260//2260 2255//2255 2257//2257
f 2260//2260 2257//2257 2258//2258
f 2258//2258 2257//2257 2276//2276
f 2258//2258 2276//2276 2267//2267
f 2138//2138 2277//2277 2139//2139
f 2139//2139 2277//2277 2278//2278
f 2139//2139 2278//2278 2256//2256
f 2256//2256 2278//2278 2279//2279
f 2256//2256 2279//2279 2257//2257
f 2257//2257 2279//2279 2280//2280
f 2257//2257 2280//2280 2276//2276
f 2193//2193 2131//2131 2191//2191
f 2191//2191 2131//2131 2133//2133
f 2191//2191 2133//2133 2281//2281
f 2281//2281 2133//2133 2282//2282
f 2281//2281 2282//2282 2283//2283
f 2283//2283 2282//2282 2284//2284
f 2283//2283 2284//2284 2285//2285
f 2188//2188 2183//2183 2133//2133
f 2133//2133 2183//2183 2124//2124
f 2133//2133 2124//2124 2282//2282
f 2282//2282 2124//2124 2123//2123
f 2282//2282 2123//2123 2284//2284
f 2196//2196 2189//2189 2194//2194
f 2194//2194 2189//2189 2191//2191
f 2194//2194 2191//2191 2200//2200
f 2200//2200 2191//2191 2281//2281
f 2200//2200 2281//2281 2201//2201
f 2201//2201 2281//2281 2283//2283
f 2201//2201 2283//2283 2202//2202
f 2202//2202 2283//2283 2285//2285
f 2202//2202 2285//2285 2203//2203
f 2266//2266 2286//2286 2246//2246
f 2246//2246 2286//2286 2287//2287
f 2246//2246 2287//2287 2247//2247
f 2247//2247 2287//2287 2288//2288
f 2247//2247 2288//2288 2249//2249
f 2249//2249 2288//2288 2289//2289
f 2249//2249 2289//2289 2251//2251
f 2251//2251 2289//2289 2290//2290
f 2251//2251 2290//2290 2253//2253
f 2253//2253 2290//2290 2291//2291
f 2253//2253 2291//2291 2254//2254
f 2254//2254 2291//2291 2292//2292
f 2239//2239 2293//2293 2294//2294
f 2294//2294 2293//2293 2295//2295
f 2294//2294 2295//2295 2296//2296
f 2296//2296 2295//2295 2204//2204
f 2296//2296 2204//2204 2297//2297
f 2297//2297 2204//2204 1976//1976
f 2297//2297 1976//1976 1975//1975
f 2297//2297 2292//2292 2296//2296
f 2296//2296 2292//2292 2291//2291
f 2296//2296 2291//2291 2294//2294
f 2294//2294 2291//2291 2290//2290
f 2294//2294 2290//2290 2239//2239
f 2239//2239 2290//2290 2289//2289
f 2239//2239 2289//2289 2237//2237
f 2237//2237 2289//2289 2288//2288
f 2237//2237 2288//2288 2235//2235
f 2235//2235 2288//2288 2287//2287
f 2235//2235 2287//2287 2233//2233
f 2233//2233 2287//2287 2286//2286
f 1975//1975 1979//1979 2297//2297
f 2297//2297 1979//1979 2203//2203
f 2297//2297 2203//2203 2292//2292
f 2292//2292 2203//2203 2285//2285
f 2292//2292 2285//2285 2254//2254
f 2254//2254 2285//2285 2284//2284
f 2254//2254 2284//2284 2252//2252
f 2252//2252 2284//2284 2123//2123
f 2252//2252 2123//2123 2250//2250
f 2250//2250 2123//2123 2122//2122
f 2250//2250 2122//2122 2248//2248
f 2248//2248 2122//2122 2229//2229
f 2248//2248 2229//2229 2240//2240
f 2240//2240 2229//2229 2230//2230
f 2240//2240 2230//2230 2232//2232
f 2232//2232 2230//2230 2167//2167
f 2232//2232 2167//2167 2165//2165
f 2165//2165 2167//2167 2169//2169
f 2165//2165 2169//2169 2166//2166
f 2269//2269 2298//2298 2268//2268
f 2268//2268 2298//2298 2299//2299
f 2268//2268 2299//2299 2300//2300
f 2273//2273 2259//2259 2274//2274
f 2274//2274 2259//2259 2258//2258
f 2274//2274 2258//2258 2275//2275
f 2275//2275 2258//2258 2268//2268
f 2275//2275 2268//2268 2218//2218
f 2218//2218 2268//2268 2300//2300
f 2218//2218 2300//2300 2216//2216
f 2135//2135 2147//2147 2136//2136
f 2136//2136 2147//2147 2146//2146
f 2136//2136 2146//2146 2263//2263
f 2263//2263 2146//2146 2262//2262
f 2263//2263 2262//2262 2264//2264
f 2264//2264 2262//2262 2261//2261
f 2264//2264 2261//2261 2265//2265
f 2265//2265 2261//2261 2259//2259
f 2265//2265 2259//2259 2266//2266
f 2266//2266 2259//2259 2273//2273
f 2266//2266 2273//2273 2286//2286
f 2286//2286 2273//2273 2271//2271
f 2286//2286 2271//2271 2233//2233
f 2233//2233 2271//2271 2270//2270
f 2233//2233 2270//2270 2234//2234
f 2234//2234 2270//2270 2223//2223
f 2234//2234 2223//2223 2236//2236
f 2236//2236 2223//2223 2212//2212
f 2236//2236 2212//2212 2238//2238
f 2238//2238 2212//2212 2211//2211
f 2238//2238 2211//2211 2239//2239
f 2239//2239 2211//2211 2213//2213
f 2239//2239 2213//2213 2293//2293
f 2293//2293 2213//2213 2215//2215
f 2293//2293 2215//2215 2295//2295
f 2295//2295 2215//2215 2205//2205
f 2295//2295 2205//2205 2204//2204
f 2204//2204 2205//2205 1972//1972
f 2204//2204 1972//1972 1970//1970
f 2301//2301 2302//2302 2303//2303
f 2304//2304 2305//2305 2306//2306
f 2125//2125 2224//2224 2307//2307
f 2308//2308 2309//2309 2310//2310
f 2311//2311 2312//2312 2313//2313
f 2314//2314 2315//2315 2316//2316
f 1291//1291 1290//1290 2317//2317
f 2317//2317 1290//1290 1294//1294
f 2317//2317 1294//1294 2318//2318
f 2318//2318 1294//1294 1293//1293
f 2318//2318 1293//1293 2319//2319
f 2319//2319 1293//1293 1303//1303
f 2319//2319 1303//1303 2320//2320
f 2320//2320 1303//1303 1302//1302
f 2320//2320 1302//1302 2321//2321
f 2321//2321 1302//1302 1301//1301
f 2321//2321 1301//1301 2322//2322
f 2322//2322 1301//1301 1332//1332
f 2322//2322 1332//1332 2323//2323
f 2323//2323 1332//1332 1331//1331
f 2323//2323 1331//1331 2324//2324
f 2324//2324 1331//1331 1330//1330
f 2324//2324 1330//1330 2325//2325
f 2325//2325 1330//1330 1329//1329
f 2325//2325 1329//1329 2326//2326
f 2326//2326 1329//1329 1321//1321
f 2326//2326 1321//1321 2327//2327
f 2327//2327 1321//1321 1320//1320
f 2327//2327 1320//1320 2328//2328
f 2328//2328 1320//1320 1319//1319
f 2328//2328 1319//1319 2329//2329
f 2329//2329 1319//1319 1312//1312
f 2329//2329 1312//1312 2330//2330
f 2330//2330 1312//1312 1311//1311
f 2330//2330 1311//1311 2331//2331
f 2331//2331 1311//1311 1324//1324
f 2331//2331 1324//1324 2332//2332
f 2332//2332 1324//1324 1323//1323
f 2332//2332 1323//1323 2333//2333
f 2333//2333 1323//1323 1322//1322
f 2333//2333 1322//1322 2334//2334
f 2334//2334 1322//1322 1328//1328
f 2334//2334 1328//1328 2335//2335
f 2335//2335 1328//1328 1327//1327
f 2335//2335 1327//1327 2336//2336
f 2336//2336 1327//1327 1326//1326
f 2336//2336 1326//1326 2337//2337
f 2337//2337 1326//1326 1325//1325
f 2337//2337 1325//1325 2338//2338
f 2338//2338 1325//1325 1305//1305
f 2338//2338 1305//1305 2339//2339
f 2339//2339 1305//1305 1304//1304
f 2339//2339 1304//1304 2340//2340
f 2340//2340 1304//1304 1310//1310
f 2340//2340 1310//1310 2341//2341
f 2341//2341 1310//1310 1309//1309
f 2341//2341 1309//1309 2342//2342
f 2342//2342 1309//1309 1308//1308
f 2342//2342 1308//1308 2343//2343
f 2343//2343 1308//1308 1315//1315
f 2343//2343 1315//1315 2344//2344
f 2344//2344 1315//1315 1314//1314
f 2344//2344 1314//1314 2345//2345
f 2345//2345 1314//1314 1313//1313
f 2345//2345 1313//1313 2346//2346
f 2346//2346 1313//1313 1307//1307
f 2346//2346 1307//1307 2347//2347
f 2347//2347 1307//1307 1306//1306
f 2347//2347 1306//1306 2348//2348
f 2348//2348 1306//1306 1318//1318
f 2348//2348 1318//1318 2349//2349
f 2349//2349 1318//1318 1317//1317
f 2349//2349 1317//1317 2350//2350
f 2350//2350 1317//1317 1316//1316
f 2350//2350 1316//1316 2351//2351
f 2351//2351 1316//1316 1345//1345
f 2351//2351 1345//1345 2352//2352
f 2352//2352 1345//1345 1344//1344
f 2352//2352 1344//1344 2353//2353
f 2353//2353 1344//1344 1343//1343
f 2353//2353 1343//1343 2354//2354
f 2354//2354 1343//1343 1342//1342
f 2354//2354 1342//1342 2355//2355
f 2355//2355 1342//1342 1341//1341
f 2355//2355 1341//1341 2356//2356
f 2356//2356 1341//1341 1340//1340
f 2356//2356 1340//1340 2357//2357
f 2357//2357 1340//1340 1339//1339
f 2357//2357 1339//1339 2358//2358
f 2358//2358 1339//1339 1334//1334
f 2358//2358 1334//1334 2359//2359
f 2359//2359 1334//1334 1333//1333
f 2359//2359 1333//1333 2360//2360
f 2360//2360 1333//1333 1338//1338
f 2360//2360 1338//1338 2361//2361
f 2361//2361 1338//1338 1337//1337
f 2361//2361 1337//1337 2362//2362
f 2362//2362 1337//1337 1336//1336
f 2362//2362 1336//1336 2363//2363
f 2363//2363 1336//1336 1335//1335
f 2363//2363 1335//1335 2364//2364
f 2364//2364 1335//1335 1296//1296
f 2364//2364 1296//1296 2365//2365
f 2365//2365 1296//1296 1295//1295
f 2365//2365 1295//1295 2366//2366
f 2366//2366 1295//1295 1300//1300
f 2366//2366 1300//1300 2367//2367
f 2367//2367 1300//1300 1299//1299
f 2367//2367 1299//1299 2368//2368
f 2368//2368 1299//1299 1298//1298
f 2368//2368 1298//1298 2369//2369
f 2369//2369 1298//1298 1297//1297
f 2369//2369 1297//1297 2370//2370
f 2370//2370 1297//1297 1292//1292
f 2370//2370 1292//1292 2371//2371
f 2371//2371 1292//1292 1291//1291
f 2371//2371 1291//1291 2317//2317
f 2372//2372 2373//2373 2374//2374
f 2374//2374 2373//2373 2375//2375
f 2374//2374 2375//2375 2376//2376
f 2315//2315 2377//2377 2316//2316
f 2316//2316 2377//2377 2378//2378
f 2316//2316 2378//2378 2374//2374
f 2374//2374 2378//2378 2379//2379
f 2374//2374 2379//2379 2372//2372
f 2380//2380 2381//2381 2382//2382
f 2382//2382 2381//2381 2383//2383
f 2382//2382 2383//2383 2316//2316
f 2316//2316 2383//2383 2384//2384
f 2316//2316 2384//2384 2314//2314
f 2385//2385 2386//2386 2387//2387
f 2387//2387 2386//2386 2388//2388
f 2387//2387 2388//2388 2382//2382
f 2382//2382 2388//2388 2389//2389
f 2382//2382 2389//2389 2380//2380
f 2390//2390 2391//2391 2392//2392
f 2392//2392 2393//2393 2390//2390
f 2390//2390 2393//2393 2394//2394
f 2390//2390 2394//2394 2387//2387
f 2387//2387 2394//2394 2395//2395
f 2387//2387 2395//2395 2385//2385
f 2396//2396 2397//2397 2390//2390
f 2390//2390 2397//2397 2398//2398
f 2390//2390 2398//2398 2391//2391
f 2312//2312 2399//2399 2313//2313
f 2313//2313 2399//2399 2400//2400
f 2313//2313 2400//2400 2396//2396
f 2396//2396 2400//2400 2401//2401
f 2396//2396 2401//2401 2397//2397
f 2402//2402 2403//2403 2404//2404
f 2404//2404 2403//2403 2405//2405
f 2404//2404 2405//2405 2313//2313
f 2313//2313 2405//2405 2406//2406
f 2313//2313 2406//2406 2311//2311
f 2407//2407 2408//2408 2409//2409
f 2409//2409 2408//2408 2410//2410
f 2409//2409 2410//2410 2404//2404
f 2404//2404 2410//2410 2411//2411
f 2404//2404 2411//2411 2402//2402
f 2309//2309 2412//2412 2310//2310
f 2310//2310 2412//2412 2413//2413
f 2310//2310 2413//2413 2409//2409
f 2409//2409 2413//2413 2414//2414
f 2409//2409 2414//2414 2407//2407
f 2415//2415 2416//2416 2417//2417
f 2417//2417 2416//2416 2418//2418
f 2417//2417 2418//2418 2310//2310
f 2310//2310 2418//2418 2419//2419
f 2310//2310 2419//2419 2308//2308
f 2420//2420 2138//2138 2137//2137
f 2137//2137 2144//2144 2420//2420
f 2420//2420 2144//2144 2421//2421
f 2420//2420 2421//2421 2417//2417
f 2417//2417 2421//2421 2422//2422
f 2417//2417 2422//2422 2415//2415
f 2280//2280 2279//2279 2423//2423
f 2423//2423 2279//2279 2278//2278
f 2423//2423 2278//2278 2420//2420
f 2420//2420 2278//2278 2277//2277
f 2420//2420 2277//2277 2138//2138
f 2298//2298 2269//2269 2424//2424
f 2424//2424 2269//2269 2267//2267
f 2424//2424 2267//2267 2423//2423
f 2423//2423 2267//2267 2276//2276
f 2423//2423 2276//2276 2280//2280
f 2217//2217 2216//2216 2425//2425
f 2425//2425 2216//2216 2300//2300
f 2425//2425 2300//2300 2424//2424
f 2424//2424 2300//2300 2299//2299
f 2424//2424 2299//2299 2298//2298
f 2222//2222 2221//2221 2426//2426
f 2426//2426 2221//2221 2425//2425
f 2425//2425 2221//2221 2219//2219
f 2425//2425 2219//2219 2217//2217
f 2224//2224 2228//2228 2307//2307
f 2307//2307 2228//2228 2227//2227
f 2307//2307 2227//2227 2426//2426
f 2426//2426 2227//2227 2226//2226
f 2426//2426 2226//2226 2222//2222
f 2125//2125 2307//2307 2126//2126
f 2126//2126 2307//2307 2427//2427
f 2126//2126 2427//2427 2210//2210
f 1486//1486 1487//1487 2428//2428
f 2428//2428 1487//1487 1488//1488
f 2428//2428 1488//1488 2427//2427
f 2427//2427 1488//1488 2209//2209
f 2427//2427 2209//2209 2210//2210
f 1486//1486 2428//2428 1484//1484
f 1484//1484 2428//2428 2429//2429
f 1484//1484 2429//2429 1485//1485
f 1485//1485 2429//2429 1482//1482
f 1482//1482 2429//2429 2430//2430
f 1482//1482 2430//2430 1483//1483
f 1483//1483 2430//2430 1479//1479
f 1479//1479 2430//2430 2431//2431
f 1479//1479 2431//2431 1480//1480
f 1480//1480 2431//2431 1476//1476
f 1476//1476 2431//2431 2432//2432
f 1476//1476 2432//2432 1477//1477
f 1477//1477 2432//2432 1473//1473
f 1473//1473 2432//2432 2433//2433
f 1473//1473 2433//2433 1474//1474
f 1474//1474 2433//2433 1470//1470
f 1470//1470 2433//2433 2434//2434
f 1470//1470 2434//2434 1471//1471
f 1471//1471 2434//2434 1467//1467
f 1467//1467 2434//2434 2435//2435
f 1467//1467 2435//2435 1468//1468
f 1468//1468 2435//2435 1464//1464
f 1464//1464 2435//2435 2436//2436
f 1464//1464 2436//2436 1465//1465
f 1465//1465 2436//2436 1461//1461
f 1461//1461 2436//2436 2437//2437
f 1461//1461 2437//2437 1462//1462
f 1462//1462 2437//2437 1458//1458
f 1458//1458 2437//2437 2438//2438
f 1458//1458 2438//2438 1459//1459
f 1459//1459 2438//2438 1455//1455
f 1455//1455 2438//2438 2439//2439
f 1455//1455 2439//2439 1456//1456
f 1456//1456 2439//2439 1452//1452
f 1452//1452 2439//2439 2440//2440
f 1452//1452 2440//2440 1453//1453
f 1453//1453 2440//2440 1449//1449
f 1449//1449 2440//2440 2441//2441
f 1449//1449 2441//2441 1450//1450
f 1450//1450 2441//2441 1446//1446
f 1446//1446 2441//2441 2442//2442
f 1446//1446 2442//2442 1447//1447
f 1447//1447 2442//2442 1444//1444
f 1444//1444 2442//2442 2443//2443
f 1444//1444 2443//2443 1346//1346
f 1346//1346 2443//2443 1347//1347
f 1347//1347 2443//2443 2444//2444
f 1347//1347 2444//2444 1349//1349
f 1349//1349 2444//2444 1350//1350
f 1350//1350 2444//2444 2445//2445
f 1350//1350 2445//2445 1352//1352
f 1352//1352 2445//2445 1353//1353
f 1353//1353 2445//2445 2446//2446
f 1353//1353 2446//2446 1355//1355
f 1355//1355 2446//2446 1356//1356
f 1356//1356 2446//2446 2447//2447
f 1356//1356 2447//2447 1358//1358
f 1358//1358 2447//2447 1359//1359
f 1359//1359 2447//2447 2448//2448
f 1359//1359 2448//2448 1361//1361
f 1361//1361 2448//2448 1362//1362
f 1362//1362 2448//2448 2449//2449
f 1362//1362 2449//2449 1364//1364
f 1364//1364 2449//2449 1365//1365
f 1365//1365 2449//2449 2450//2450
f 1365//1365 2450//2450 1367//1367
f 1367//1367 2450//2450 1368//1368
f 1368//1368 2450//2450 2451//2451
f 1368//1368 2451//2451 1370//1370
f 2452//2452 1373//1373 2451//2451
f 2451//2451 1373//1373 1371//1371
f 2451//2451 1371//1371 1370//1370
f 2453//2453 2454//2454 1379//1379
f 1379//1379 1377//1377 2453//2453
f 2453//2453 1377//1377 1376//1376
f 2453//2453 1376//1376 2452//2452
f 2452//2452 1376//1376 1374//1374
f 2452//2452 1374//1374 1373//1373
f 2455//2455 2456//2456 1385//1385
f 1385//1385 1383//1383 2455//2455
f 2455//2455 1383//1383 1382//1382
f 2455//2455 1382//1382 2454//2454
f 2454//2454 1382//1382 1380//1380
f 2454//2454 1380//1380 1379//1379
f 2305//2305 2457//2457 2306//2306
f 2306//2306 2457//2457 1430//1430
f 2306//2306 1430//1430 2458//2458
f 1430//1430 1429//1429 2458//2458
f 2458//2458 1429//1429 1428//1428
f 2458//2458 1428//1428 2456//2456
f 2456//2456 1428//1428 1386//1386
f 2456//2456 1386//1386 1385//1385
f 2459//2459 2460//2460 2461//2461
f 2459//2459 2461//2461 2306//2306
f 2306//2306 2461//2461 2462//2462
f 2306//2306 2462//2462 2304//2304
f 2463//2463 2464//2464 2465//2465
f 2465//2465 2464//2464 2466//2466
f 2465//2465 2466//2466 2459//2459
f 2459//2459 2466//2466 2467//2467
f 2459//2459 2467//2467 2460//2460
f 2468//2468 2469//2469 2470//2470
f 2468//2468 2470//2470 2465//2465
f 2465//2465 2470//2470 2471//2471
f 2465//2465 2471//2471 2463//2463
f 2302//2302 2472//2472 2303//2303
f 2303//2303 2472//2472 2473//2473
f 2303//2303 2473//2473 2468//2468
f 2468//2468 2473//2473 2474//2474
f 2468//2468 2474//2474 2469//2469
f 2301//2301 2303//2303 2475//2475
f 2475//2475 2303//2303 2476//2476
f 2475//2475 2476//2476 2477//2477
f 2375//2375 2478//2478 2376//2376
f 2376//2376 2478//2478 2479//2479
f 2376//2376 2479//2479 2480//2480
f 2480//2480 2481//2481 2376//2376
f 2376//2376 2481//2481 2482//2482
f 2376//2376 2482//2482 2476//2476
f 2476//2476 2482//2482 2483//2483
f 2476//2476 2483//2483 2477//2477
f 2396//2396 2344//2344 2313//2313
f 2313//2313 2344//2344 2345//2345
f 2313//2313 2345//2345 2404//2404
f 2404//2404 2345//2345 2346//2346
f 2404//2404 2346//2346 2409//2409
f 2409//2409 2346//2346 2347//2347
f 2409//2409 2347//2347 2310//2310
f 2310//2310 2347//2347 2348//2348
f 2310//2310 2348//2348 2417//2417
f 2417//2417 2348//2348 2349//2349
f 2417//2417 2349//2349 2420//2420
f 2420//2420 2349//2349 2350//2350
f 2420//2420 2350//2350 2423//2423
f 2423//2423 2350//2350 2351//2351
f 2423//2423 2351//2351 2424//2424
f 2424//2424 2351//2351 2352//2352
f 2424//2424 2352//2352 2425//2425
f 2425//2425 2352//2352 2353//2353
f 2425//2425 2353//2353 2426//2426
f 2426//2426 2353//2353 2354//2354
f 2426//2426 2354//2354 2307//2307
f 2307//2307 2354//2354 2355//2355
f 2307//2307 2355//2355 2427//2427
f 2427//2427 2355//2355 2356//2356
f 2427//2427 2356//2356 2428//2428
f 2428//2428 2356//2356 2357//2357
f 2428//2428 2357//2357 2429//2429
f 2429//2429 2357//2357 2358//2358
f 2429//2429 2358//2358 2430//2430
f 2430//2430 2358//2358 2359//2359
f 2430//2430 2359//2359 2431//2431
f 2431//2431 2359//2359 2360//2360
f 2431//2431 2360//2360 2432//2432
f 2432//2432 2360//2360 2361//2361
f 2432//2432 2361//2361 2433//2433
f 2433//2433 2361//2361 2362//2362
f 2433//2433 2362//2362 2434//2434
f 2434//2434 2362//2362 2363//2363
f 2434//2434 2363//2363 2435//2435
f 2435//2435 2363//2363 2364//2364
f 2435//2435 2364//2364 2436//2436
f 2436//2436 2364//2364 2365//2365
f 2436//2436 2365//2365 2437//2437
f 2437//2437 2365//2365 2366//2366
f 2437//2437 2366//2366 2438//2438
f 2438//2438 2366//2366 2367//2367
f 2438//2438 2367//2367 2439//2439
f 2439//2439 2367//2367 2368//2368
f 2439//2439 2368//2368 2440//2440
f 2440//2440 2368//2368 2369//2369
f 2440//2440 2369//2369 2441//2441
f 2441//2441 2369//2369 2370//2370
f 2441//2441 2370//2370 2442//2442
f 2442//2442 2370//2370 2371//2371
f 2442//2442 2371//2371 2443//2443
f 2443//2443 2371//2371 2317//2317
f 2443//2443 2317//2317 2444//2444
f 2444//2444 2317//2317 2318//2318
f 2444//2444 2318//2318 2445//2445
f 2445//2445 2318//2318 2319//2319
f 2445//2445 2319//2319 2446//2446
f 2446//2446 2319//2319 2320//2320
f 2446//2446 2320//2320 2447//2447
f 2447//2447 2320//2320 2321//2321
f 2447//2447 2321//2321 2448//2448
f 2448//2448 2321//2321 2322//2322
f 2448//2448 2322//2322 2449//2449
f 2449//2449 2322//2322 2323//2323
f 2449//2449 2323//2323 2450//2450
f 2450//2450 2323//2323 2324//2324
f 2450//2450 2324//2324 2451//2451
f 2451//2451 2324//2324 2325//2325
f 2451//2451 2325//2325 2452//2452
f 2452//2452 2325//2325 2326//2326
f 2452//2452 2326//2326 2453//2453
f 2453//2453 2326//2326 2327//2327
f 2453//2453 2327//2327 2454//2454
f 2454//2454 2327//2327 2328//2328
f 2454//2454 2328//2328 2455//2455
f 2455//2455 2328//2328 2329//2329
f 2455//2455 2329//2329 2456//2456
f 2456//2456 2329//2329 2330//2330
f 2456//2456 2330//2330 2458//2458
f 2458//2458 2330//2330 2331//2331
f 2458//2458 2331//2331 2306//2306
f 2306//2306 2331//2331 2332//2332
f 2306//2306 2332//2332 2459//2459
f 2459//2459 2332//2332 2333//2333
f 2459//2459 2333//2333 2465//2465
f 2465//2465 2333//2333 2334//2334
f 2465//2465 2334//2334 2468//2468
f 2468//2468 2334//2334 2335//2335
f 2468//2468 2335//2335 2303//2303
f 2303//2303 2335//2335 2336//2336
f 2303//2303 2336//2336 2476//2476
f 2476//2476 2336//2336 2337//2337
f 2476//2476 2337//2337 2376//2376
f 2376//2376 2337//2337 2338//2338
f 2376//2376 2338//2338 2374//2374
f 2374//2374 2338//2338 2339//2339
f 2374//2374 2339//2339 2316//2316
f 2316//2316 2339//2339 2340//2340
f 2316//2316 2340//2340 2382//2382
f 2382//2382 2340//2340 2341//2341
f 2382//2382 2341//2341 2387//2387
f 2387//2387 2341//2341 2342//2342
f 2387//2387 2342//2342 2390//2390
f 2390//2390 2342//2342 2343//2343
f 2390//2390 2343//2343 2396//2396
f 2396//2396 2343//2343 2344//2344
f 2484//2484 2485//2485 2486//2486
f 2487//2487 2488//2488 2489//2489
f 2490//2490 2491//2491 2492//2492
f 1612//1612 1616//1616 2493//2493
f 1615//1615 1621//1621 2494//2494
f 1620//1620 1624//1624 2495//2495
f 1432//1432 1431//1431 2496//2496
f 2304//2304 2462//2462 2496//2496
f 1431//1431 1430//1430 2457//2457
f 1431//1431 2457//2457 2496//2496
f 2496//2496 2457//2457 2305//2305
f 2496//2496 2305//2305 2304//2304
f 1425//1425 1427//1427 2497//2497
f 2497//2497 1427//1427 1433//1433
f 1424//1424 1423//1423 2498//2498
f 2498//2498 1423//1423 1421//1421
f 2498//2498 1421//1421 1420//1420
f 834//834 1424//1424 1635//1635
f 1635//1635 1424//1424 2498//2498
f 1635//1635 2498//2498 1634//1634
f 1634//1634 2498//2498 1633//1633
f 1625//1625 1632//1632 2499//2499
f 2499//2499 1632//1632 1631//1631
f 1629//1629 1628//1628 2500//2500
f 2500//2500 1628//1628 1627//1627
f 1623//1623 1622//1622 2501//2501
f 2501//2501 1622//1622 1717//1717
f 2501//2501 1717//1717 2500//2500
f 2500//2500 1717//1717 1680//1680
f 2500//2500 1680//1680 1629//1629
f 2502//2502 1610//1610 1609//1609
f 2485//2485 1607//1607 1606//1606
f 1607//1607 2485//2485 1548//1548
f 1548//1548 2485//2485 2484//2484
f 1548//1548 2484//2484 1549//1549
f 1549//1549 2484//2484 1551//1551
f 1551//1551 2484//2484 2503//2503
f 1551//1551 2503//2503 1552//1552
f 2504//2504 2484//2484 2505//2505
f 2505//2505 2484//2484 2506//2506
f 2504//2504 2507//2507 2484//2484
f 2484//2484 2507//2507 2508//2508
f 2484//2484 2508//2508 2503//2503
f 2509//2509 2510//2510 2511//2511
f 2511//2511 2510//2510 2512//2512
f 2511//2511 2512//2512 2513//2513
f 2514//2514 2515//2515 2516//2516
f 2516//2516 2515//2515 2517//2517
f 2518//2518 2519//2519 2520//2520
f 2520//2520 2519//2519 2521//2521
f 2522//2522 2523//2523 2516//2516
f 2516//2516 2523//2523 2524//2524
f 2516//2516 2524//2524 2514//2514
f 2525//2525 2526//2526 2522//2522
f 2522//2522 2526//2526 2527//2527
f 2522//2522 2527//2527 2523//2523
f 2528//2528 2529//2529 2530//2530
f 2530//2530 2529//2529 2531//2531
f 2530//2530 2531//2531 2532//2532
f 2532//2532 2531//2531 2533//2533
f 2532//2532 2533//2533 2522//2522
f 2522//2522 2533//2533 2534//2534
f 2522//2522 2534//2534 2525//2525
f 2535//2535 2536//2536 2537//2537
f 2537//2537 2536//2536 2538//2538
f 2537//2537 2538//2538 2539//2539
f 2540//2540 2541//2541 2542//2542
f 2542//2542 2541//2541 2543//2543
f 2542//2542 2543//2543 2535//2535
f 2535//2535 2543//2543 2544//2544
f 2535//2535 2544//2544 2536//2536
f 2545//2545 2546//2546 2547//2547
f 2547//2547 2546//2546 2548//2548
f 2547//2547 2548//2548 2549//2549
f 2550//2550 2551//2551 2552//2552
f 2552//2552 2551//2551 2553//2553
f 2554//2554 2555//2555 2556//2556
f 2557//2557 2558//2558 2559//2559
f 2559//2559 2558//2558 2560//2560
f 2555//2555 2554//2554 2561//2561
f 2490//2490 2492//2492 2562//2562
f 2562//2562 2492//2492 2479//2479
f 2562//2562 2479//2479 2478//2478
f 1624//1624 1623//1623 2495//2495
f 2495//2495 1623//1623 2501//2501
f 2495//2495 2501//2501 2563//2563
f 2563//2563 2501//2501 2500//2500
f 2563//2563 2500//2500 2564//2564
f 2564//2564 2500//2500 1627//1627
f 2564//2564 1627//1627 2499//2499
f 2499//2499 1627//1627 1626//1626
f 2499//2499 1626//1626 1625//1625
f 1631//1631 1633//1633 2499//2499
f 2499//2499 1633//1633 2498//2498
f 2499//2499 2498//2498 2497//2497
f 2497//2497 2498//2498 1420//1420
f 2497//2497 1420//1420 1425//1425
f 2489//2489 2565//2565 2566//2566
f 2566//2566 2565//2565 2567//2567
f 2566//2566 2567//2567 2568//2568
f 2461//2461 2460//2460 2565//2565
f 2464//2464 2567//2567 2466//2466
f 2466//2466 2567//2567 2565//2565
f 2466//2466 2565//2565 2467//2467
f 2467//2467 2565//2565 2460//2460
f 2569//2569 2570//2570 2537//2537
f 2537//2537 2570//2570 2535//2535
f 2535//2535 2570//2570 2571//2571
f 2535//2535 2571//2571 2542//2542
f 2572//2572 2573//2573 2574//2574
f 2574//2574 2573//2573 2575//2575
f 2574//2574 2575//2575 2547//2547
f 2576//2576 2561//2561 2577//2577
f 2577//2577 2561//2561 2554//2554
f 2577//2577 2554//2554 2552//2552
f 2552//2552 2554//2554 2556//2556
f 2552//2552 2556//2556 2550//2550
f 2578//2578 2579//2579 2580//2580
f 2580//2580 2579//2579 2581//2581
f 2580//2580 2581//2581 2582//2582
f 2582//2582 2581//2581 2583//2583
f 2582//2582 2583//2583 2584//2584
f 2584//2584 2585//2585 2582//2582
f 2582//2582 2585//2585 2577//2577
f 2582//2582 2577//2577 2580//2580
f 2580//2580 2577//2577 2552//2552
f 2580//2580 2552//2552 2578//2578
f 2578//2578 2552//2552 2553//2553
f 2578//2578 2553//2553 2586//2586
f 2587//2587 2481//2481 2492//2492
f 2492//2492 2481//2481 2480//2480
f 2492//2492 2480//2480 2479//2479
f 2586//2586 2545//2545 2578//2578
f 2578//2578 2545//2545 2547//2547
f 2578//2578 2547//2547 2579//2579
f 2579//2579 2547//2547 2575//2575
f 2579//2579 2575//2575 2581//2581
f 2581//2581 2575//2575 2573//2573
f 2581//2581 2573//2573 2583//2583
f 2583//2583 2573//2573 2588//2588
f 2583//2583 2588//2588 2584//2584
f 2584//2584 2588//2588 2589//2589
f 2584//2584 2589//2589 2585//2585
f 2585//2585 2589//2589 2590//2590
f 2585//2585 2590//2590 2577//2577
f 2577//2577 2590//2590 2559//2559
f 2577//2577 2559//2559 2576//2576
f 2576//2576 2559//2559 2560//2560
f 2591//2591 2302//2302 2592//2592
f 2592//2592 2302//2302 2301//2301
f 2587//2587 2593//2593 2594//2594
f 2594//2594 2593//2593 2595//2595
f 2594//2594 2595//2595 2592//2592
f 2592//2592 2595//2595 2596//2596
f 2592//2592 2596//2596 2591//2591
f 2591//2591 2596//2596 2597//2597
f 2591//2591 2597//2597 2568//2568
f 2568//2568 2597//2597 2598//2598
f 2568//2568 2598//2598 2566//2566
f 2566//2566 2598//2598 2599//2599
f 2566//2566 2599//2599 2489//2489
f 2489//2489 2599//2599 2600//2600
f 2489//2489 2600//2600 2487//2487
f 2301//2301 2475//2475 2592//2592
f 2592//2592 2475//2475 2477//2477
f 2592//2592 2477//2477 2594//2594
f 2594//2594 2477//2477 2483//2483
f 2594//2594 2483//2483 2587//2587
f 2587//2587 2483//2483 2482//2482
f 2587//2587 2482//2482 2481//2481
f 2549//2549 2540//2540 2547//2547
f 2547//2547 2540//2540 2542//2542
f 2547//2547 2542//2542 2574//2574
f 2574//2574 2542//2542 2571//2571
f 2574//2574 2571//2571 2572//2572
f 2572//2572 2571//2571 2570//2570
f 2572//2572 2570//2570 2601//2601
f 2601//2601 2570//2570 2569//2569
f 2601//2601 2569//2569 2602//2602
f 2602//2602 2569//2569 2603//2603
f 2602//2602 2603//2603 2604//2604
f 2604//2604 2603//2603 2605//2605
f 2604//2604 2605//2605 2606//2606
f 2606//2606 2605//2605 2519//2519
f 2606//2606 2519//2519 2511//2511
f 2511//2511 2519//2519 2518//2518
f 2511//2511 2518//2518 2509//2509
f 2607//2607 2486//2486 2608//2608
f 2608//2608 2486//2486 2485//2485
f 2608//2608 2485//2485 2502//2502
f 2502//2502 2485//2485 1606//1606
f 2502//2502 1606//1606 1610//1610
f 2539//2539 2528//2528 2537//2537
f 2537//2537 2528//2528 2530//2530
f 2537//2537 2530//2530 2569//2569
f 2569//2569 2530//2530 2532//2532
f 2569//2569 2532//2532 2603//2603
f 2603//2603 2532//2532 2522//2522
f 2603//2603 2522//2522 2605//2605
f 2605//2605 2522//2522 2516//2516
f 2605//2605 2516//2516 2519//2519
f 2519//2519 2516//2516 2517//2517
f 2519//2519 2517//2517 2521//2521
f 2609//2609 2607//2607 2610//2610
f 2610//2610 2607//2607 2608//2608
f 2610//2610 2608//2608 2611//2611
f 2611//2611 2608//2608 2502//2502
f 2611//2611 2502//2502 2612//2612
f 2612//2612 2502//2502 1609//1609
f 2612//2612 1609//1609 1613//1613
f 2612//2612 2613//2613 2611//2611
f 2611//2611 2613//2613 2614//2614
f 2611//2611 2614//2614 2610//2610
f 2610//2610 2614//2614 2615//2615
f 2610//2610 2615//2615 2609//2609
f 2609//2609 2615//2615 2616//2616
f 2609//2609 2616//2616 2617//2617
f 2617//2617 2616//2616 2618//2618
f 2617//2617 2618//2618 2619//2619
f 2619//2619 2618//2618 2620//2620
f 2619//2619 2620//2620 2621//2621
f 2621//2621 2620//2620 2622//2622
f 2621//2621 2622//2622 2623//2623
f 2623//2623 2622//2622 2624//2624
f 1616//1616 1615//1615 2493//2493
f 2493//2493 1615//1615 2494//2494
f 2493//2493 2494//2494 2625//2625
f 2625//2625 2494//2494 2626//2626
f 2625//2625 2626//2626 2627//2627
f 2627//2627 2626//2626 2628//2628
f 2627//2627 2628//2628 2488//2488
f 2488//2488 2628//2628 2629//2629
f 2488//2488 2629//2629 2489//2489
f 2489//2489 2629//2629 2630//2630
f 2489//2489 2630//2630 2565//2565
f 2565//2565 2630//2630 2496//2496
f 2565//2565 2496//2496 2461//2461
f 2461//2461 2496//2496 2462//2462
f 2613//2613 2631//2631 2614//2614
f 2614//2614 2631//2631 2632//2632
f 2614//2614 2632//2632 2615//2615
f 2615//2615 2632//2632 2633//2633
f 2615//2615 2633//2633 2616//2616
f 2616//2616 2633//2633 2634//2634
f 2616//2616 2634//2634 2618//2618
f 2618//2618 2634//2634 2635//2635
f 2618//2618 2635//2635 2620//2620
f 2620//2620 2635//2635 2636//2636
f 2620//2620 2636//2636 2622//2622
f 2622//2622 2636//2636 2637//2637
f 2622//2622 2637//2637 2624//2624
f 1621//1621 1620//1620 2494//2494
f 2494//2494 1620//1620 2495//2495
f 2494//2494 2495//2495 2626//2626
f 2626//2626 2495//2495 2563//2563
f 2626//2626 2563//2563 2628//2628
f 2628//2628 2563//2563 2564//2564
f 2628//2628 2564//2564 2629//2629
f 2629//2629 2564//2564 2499//2499
f 2629//2629 2499//2499 2630//2630
f 2630//2630 2499//2499 2497//2497
f 2630//2630 2497//2497 2496//2496
f 2496//2496 2497//2497 1433//1433
f 2496//2496 1433//1433 1432//1432
f 2624//2624 2588//2588 2623//2623
f 2623//2623 2588//2588 2573//2573
f 2623//2623 2573//2573 2621//2621
f 2621//2621 2573//2573 2572//2572
f 2621//2621 2572//2572 2619//2619
f 2619//2619 2572//2572 2601//2601
f 2619//2619 2601//2601 2617//2617
f 2617//2617 2601//2601 2602//2602
f 2617//2617 2602//2602 2609//2609
f 2609//2609 2602//2602 2604//2604
f 2609//2609 2604//2604 2607//2607
f 2607//2607 2604//2604 2606//2606
f 2607//2607 2606//2606 2486//2486
f 2486//2486 2606//2606 2511//2511
f 2486//2486 2511//2511 2484//2484
f 2484//2484 2511//2511 2513//2513
f 2484//2484 2513//2513 2506//2506
f 2464//2464 2463//2463 2567//2567
f 2567//2567 2463//2463 2471//2471
f 2567//2567 2471//2471 2568//2568
f 2568//2568 2471//2471 2470//2470
f 2568//2568 2470//2470 2469//2469
f 2469//2469 2474//2474 2568//2568
f 2568//2568 2474//2474 2473//2473
f 2568//2568 2473//2473 2591//2591
f 2591//2591 2473//2473 2472//2472
f 2591//2591 2472//2472 2302//2302
f 1613//1613 1612//1612 2612//2612
f 2612//2612 1612//1612 2493//2493
f 2612//2612 2493//2493 2613//2613
f 2613//2613 2493//2493 2625//2625
f 2613//2613 2625//2625 2631//2631
f 2631//2631 2625//2625 2627//2627
f 2631//2631 2627//2627 2632//2632
f 2632//2632 2627//2627 2488//2488
f 2632//2632 2488//2488 2633//2633
f 2633//2633 2488//2488 2487//2487
f 2633//2633 2487//2487 2634//2634
f 2634//2634 2487//2487 2600//2600
f 2634//2634 2600//2600 2635//2635
f 2635//2635 2600//2600 2599//2599
f 2635//2635 2599//2599 2636//2636
f 2636//2636 2599//2599 2598//2598
f 2636//2636 2598//2598 2637//2637
f 2637//2637 2598//2598 2597//2597
f 2637//2637 2597//2597 2624//2624
f 2624//2624 2597//2597 2596//2596
f 2624//2624 2596//2596 2588//2588
f 2588//2588 2596//2596 2595//2595
f 2588//2588 2595//2595 2589//2589
f 2589//2589 2595//2595 2593//2593
f 2589//2589 2593//2593 2590//2590
f 2590//2590 2593//2593 2587//2587
f 2590//2590 2587//2587 2559//2559
f 2559//2559 2587//2587 2492//2492
f 2559//2559 2492//2492 2557//2557
f 2557//2557 2492//2492 2491//2491
f 2638//2638 1554//1554 1556//1556
f 2639//2639 2638//2638 2640//2640
f 2640//2640 2638//2638 1556//1556
f 2640//2640 1556//1556 2641//2641
f 2641//2641 1556//1556 1558//1558
f 2641//2641 1558//1558 2642//2642
f 1558//1558 1562//1562 2642//2642
f 2642//2642 1562//1562 1560//1560
f 2642//2642 1560//1560 2643//2643
f 2643//2643 1560//1560 1559//1559
f 2643//2643 1559//1559 2644//2644
f 2644//2644 1559//1559 1564//1564
f 2644//2644 1564//1564 2645//2645
f 1569//1569 2646//2646 1570//1570
f 1570//1570 2646//2646 2647//2647
f 1570//1570 2647//2647 1566//1566
f 1566//1566 2647//2647 2645//2645
f 1566//1566 2645//2645 1567//1567
f 1567//1567 2645//2645 1564//1564
f 1572//1572 2648//2648 1573//1573
f 1573//1573 2648//2648 2649//2649
f 1573//1573 2649//2649 1569//1569
f 1569//1569 2649//2649 2650//2650
f 1569//1569 2650//2650 2646//2646
f 1572//1572 1571//1571 2648//2648
f 2648//2648 1571//1571 1574//1574
f 2648//2648 1574//1574 2651//2651
f 2651//2651 1574//1574 1576//1576
f 2651//2651 1576//1576 2652//2652
f 2652//2652 1576//1576 1578//1578
f 2652//2652 1578//1578 2653//2653
f 2653//2653 1578//1578 1581//1581
f 2653//2653 1581//1581 2654//2654
f 2655//2655 2656//2656 1579//1579
f 2654//2654 1581//1581 2656//2656
f 2656//2656 1581//1581 1580//1580
f 2656//2656 1580//1580 1579//1579
f 2655//2655 1579//1579 2657//2657
f 2657//2657 1579//1579 1582//1582
f 2657//2657 1582//1582 1584//1584
f 2658//2658 2659//2659 1589//1589
f 1589//1589 2659//2659 2660//2660
f 1589//1589 2660//2660 1587//1587
f 1587//1587 2660//2660 2661//2661
f 1587//1587 2661//2661 1586//1586
f 1586//1586 2661//2661 2662//2662
f 1586//1586 2662//2662 1584//1584
f 1584//1584 2662//2662 2663//2663
f 1584//1584 2663//2663 2657//2657
f 1589//1589 1594//1594 2658//2658
f 2658//2658 1594//1594 1593//1593
f 2658//2658 1593//1593 2664//2664
f 2664//2664 1593//1593 1591//1591
f 2664//2664 1591//1591 2665//2665
f 2665//2665 1591//1591 1590//1590
f 1590//1590 1595//1595 2665//2665
f 2665//2665 1595//1595 1597//1597
f 2665//2665 1597//1597 2666//2666
f 2666//2666 1597//1597 1598//1598
f 1604//1604 2667//2667 1603//1603
f 1603//1603 2667//2667 2668//2668
f 1603//1603 2668//2668 1601//1601
f 1601//1601 2668//2668 2669//2669
f 1601//1601 2669//2669 1600//1600
f 1600//1600 2669//2669 2670//2670
f 1600//1600 2670//2670 1598//1598
f 1598//1598 2670//2670 2671//2671
f 1598//1598 2671//2671 2666//2666
f 1552//1552 2672//2672 1553//1553
f 1553//1553 2672//2672 2673//2673
f 1553//1553 2673//2673 1604//1604
f 1604//1604 2673//2673 2674//2674
f 1604//1604 2674//2674 2667//2667
f 1911//1911 1910//1910 2675//2675
f 2675//2675 1910//1910 2676//2676
f 2675//2675 2676//2676 2677//2677
f 2677//2677 2676//2676 2678//2678
f 1872//1872 1869//1869 1526//1526
f 1526//1526 1869//1869 1527//1527
f 1527//1527 1869//1869 1865//1865
f 1527//1527 1865//1865 1863//1863
f 1526//1526 1525//1525 1872//1872
f 1872//1872 1525//1525 1524//1524
f 1872//1872 1524//1524 1878//1878
f 1878//1878 1524//1524 1523//1523
f 1878//1878 1523//1523 1861//1861
f 1861//1861 1523//1523 1522//1522
f 1861//1861 1522//1522 1889//1889
f 1889//1889 1522//1522 1521//1521
f 1889//1889 1521//1521 1858//1858
f 1858//1858 1521//1521 1520//1520
f 1858//1858 1520//1520 1895//1895
f 1895//1895 1520//1520 1519//1519
f 1895//1895 1519//1519 1901//1901
f 1901//1901 1519//1519 1518//1518
f 1901//1901 1518//1518 1906//1906
f 1906//1906 1518//1518 1517//1517
f 1906//1906 1517//1517 1912//1912
f 1912//1912 1517//1517 1910//1910
f 1910//1910 1517//1517 1516//1516
f 1910//1910 1516//1516 2676//2676
f 1863//1863 2679//2679 1527//1527
f 1527//1527 2679//2679 2680//2680
f 1527//1527 2680//2680 1528//1528
f 1528//1528 2680//2680 2681//2681
f 1528//1528 2681//2681 1529//1529
f 1529//1529 2681//2681 2682//2682
f 1529//1529 2682//2682 1530//1530
f 1530//1530 2682//2682 2683//2683
f 1530//1530 2683//2683 1531//1531
f 1531//1531 2683//2683 2684//2684
f 1531//1531 2684//2684 1532//1532
f 1532//1532 2684//2684 2685//2685
f 1532//1532 2685//2685 1533//1533
f 1533//1533 2685//2685 2686//2686
f 1533//1533 2686//2686 1489//1489
f 1489//1489 2686//2686 2687//2687
f 1489//1489 2687//2687 1490//1490
f 1490//1490 2687//2687 2688//2688
f 1490//1490 2688//2688 1491//1491
f 1491//1491 2688//2688 2689//2689
f 1491//1491 2689//2689 1492//1492
f 1492//1492 2689//2689 2690//2690
f 1492//1492 2690//2690 1493//1493
f 1493//1493 2690//2690 2691//2691
f 1493//1493 2691//2691 1494//1494
f 1494//1494 2691//2691 2692//2692
f 1494//1494 2692//2692 1495//1495
f 1495//1495 2692//2692 2693//2693
f 1495//1495 2693//2693 1496//1496
f 1496//1496 2693//2693 2694//2694
f 1496//1496 2694//2694 1497//1497
f 1497//1497 2694//2694 2695//2695
f 1497//1497 2695//2695 1498//1498
f 1498//1498 2695//2695 2696//2696
f 1498//1498 2696//2696 1499//1499
f 1499//1499 2696//2696 2697//2697
f 1499//1499 2697//2697 1500//1500
f 1500//1500 2697//2697 2698//2698
f 1500//1500 2698//2698 1501//1501
f 1501//1501 2698//2698 2699//2699
f 1501//1501 2699//2699 1502//1502
f 1502//1502 2699//2699 2700//2700
f 1502//1502 2700//2700 1503//1503
f 1503//1503 2700//2700 2701//2701
f 1503//1503 2701//2701 1504//1504
f 1504//1504 2701//2701 2702//2702
f 1504//1504 2702//2702 1505//1505
f 1505//1505 2702//2702 2703//2703
f 1505//1505 2703//2703 1506//1506
f 1506//1506 2703//2703 2704//2704
f 1506//1506 2704//2704 1507//1507
f 1507//1507 2704//2704 2705//2705
f 1507//1507 2705//2705 1508//1508
f 1508//1508 2705//2705 2706//2706
f 1508//1508 2706//2706 1509//1509
f 1509//1509 2706//2706 2707//2707
f 1509//1509 2707//2707 1510//1510
f 1510//1510 2707//2707 2708//2708
f 1510//1510 2708//2708 1511//1511
f 1511//1511 2708//2708 2709//2709
f 1511//1511 2709//2709 1512//1512
f 1512//1512 2709//2709 2710//2710
f 1512//1512 2710//2710 1513//1513
f 1513//1513 2710//2710 2711//2711
f 1513//1513 2711//2711 1514//1514
f 1514//1514 2711//2711 2712//2712
f 1514//1514 2712//2712 1515//1515
f 1515//1515 2712//2712 2713//2713
f 1515//1515 2713//2713 1516//1516
f 1516//1516 2713//2713 2714//2714
f 1516//1516 2714//2714 2676//2676
f 2715//2715 2716//2716 2679//2679
f 2715//2715 2679//2679 2717//2717
f 2717//2717 2679//2679 1863//1863
f 2717//2717 1863//1863 1862//1862
f 2718//2718 2719//2719 2720//2720
f 2721//2721 2722//2722 2723//2723
f 1874//1874 1873//1873 2724//2724
f 1856//1856 1898//1898 2725//2725
f 1899//1899 1909//1909 2726//2726
f 2727//2727 2728//2728 2729//2729
f 2730//2730 2731//2731 2732//2732
f 2733//2733 2734//2734 2735//2735
f 1268//1268 1205//1205 1746//1746
f 2722//2722 2721//2721 2736//2736
f 1793//1793 1792//1792 2737//2737
f 1831//1831 1754//1754 2738//2738
f 1648//1648 1647//1647 2739//2739
f 1864//1864 1866//1866 2740//2740
f 2741//2741 2742//2742 2740//2740
f 1862//1862 1864//1864 2743//2743
f 2743//2743 1864//1864 2740//2740
f 2743//2743 2740//2740 2744//2744
f 2744//2744 2740//2740 2742//2742
f 2745//2745 2746//2746 2747//2747
f 2747//2747 2746//2746 2748//2748
f 2747//2747 2748//2748 2749//2749
f 2750//2750 2751//2751 2752//2752
f 2752//2752 2751//2751 2753//2753
f 2752//2752 2753//2753 2745//2745
f 2754//2754 2755//2755 2756//2756
f 2757//2757 2758//2758 2759//2759
f 2760//2760 2761//2761 2754//2754
f 2754//2754 2761//2761 2762//2762
f 2754//2754 2762//2762 2755//2755
f 2763//2763 2764//2764 2765//2765
f 2764//2764 2766//2766 2757//2757
f 2757//2757 2766//2766 2767//2767
f 2757//2757 2767//2767 2758//2758
f 2768//2768 2769//2769 2765//2765
f 2765//2765 2769//2769 2770//2770
f 2765//2765 2770//2770 2763//2763
f 2771//2771 2772//2772 2768//2768
f 2773//2773 2774//2774 2775//2775
f 2775//2775 2774//2774 2776//2776
f 2775//2775 2776//2776 2777//2777
f 2778//2778 2779//2779 2780//2780
f 2781//2781 2782//2782 2783//2783
f 2783//2783 2782//2782 2784//2784
f 2783//2783 2784//2784 2785//2785
f 2786//2786 2787//2787 2778//2778
f 2778//2778 2787//2787 2788//2788
f 2778//2778 2788//2788 2779//2779
f 1554//1554 2638//2638 2789//2789
f 2789//2789 2638//2638 2639//2639
f 2790//2790 2791//2791 2792//2792
f 2792//2792 2791//2791 2793//2793
f 2792//2792 2793//2793 2794//2794
f 1667//1667 1666//1666 2795//2795
f 2795//2795 1666//1666 1665//1665
f 2795//2795 1665//1665 1555//1555
f 1667//1667 2795//2795 1663//1663
f 1663//1663 2795//2795 2796//2796
f 1663//1663 2796//2796 1664//1664
f 1664//1664 2796//2796 2797//2797
f 1664//1664 2797//2797 1657//1657
f 2798//2798 1660//1660 2797//2797
f 2797//2797 1660//1660 1658//1658
f 2797//2797 1658//1658 1657//1657
f 1654//1654 1652//1652 2799//2799
f 2799//2799 1652//1652 1651//1651
f 2799//2799 1651//1651 2798//2798
f 2798//2798 1651//1651 1661//1661
f 2798//2798 1661//1661 1660//1660
f 2739//2739 1647//1647 2799//2799
f 2799//2799 1647//1647 1655//1655
f 2799//2799 1655//1655 1654//1654
f 1648//1648 2739//2739 1650//1650
f 1650//1650 2739//2739 2800//2800
f 1650//1650 2800//2800 1544//1544
f 2738//2738 1644//1644 2800//2800
f 2800//2800 1644//1644 1545//1545
f 2800//2800 1545//1545 1544//1544
f 798//798 1646//1646 2738//2738
f 2738//2738 1646//1646 1645//1645
f 2738//2738 1645//1645 1644//1644
f 799//799 798//798 1752//1752
f 1752//1752 798//798 2738//2738
f 1752//1752 2738//2738 1753//1753
f 1753//1753 2738//2738 1754//1754
f 1826//1826 1835//1835 2801//2801
f 2801//2801 1835//1835 1834//1834
f 2801//2801 1834//1834 1832//1832
f 1824//1824 1830//1830 2802//2802
f 2802//2802 1830//1830 1829//1829
f 2802//2802 1829//1829 1827//1827
f 1737//1737 1822//1822 2803//2803
f 2803//2803 1822//1822 1825//1825
f 1816//1816 1738//1738 2804//2804
f 1814//1814 1813//1813 2805//2805
f 2805//2805 1813//1813 1811//1811
f 1810//1810 1821//1821 2804//2804
f 1821//1821 1819//1819 2804//2804
f 2804//2804 1819//1819 1818//1818
f 2804//2804 1818//1818 1816//1816
f 1802//1802 1803//1803 2806//2806
f 2806//2806 1803//1803 1807//1807
f 2806//2806 1807//1807 1741//1741
f 1741//1741 1740//1740 2806//2806
f 2806//2806 1740//1740 1809//1809
f 2806//2806 1809//1809 1815//1815
f 1799//1799 1806//1806 2807//2807
f 2807//2807 1806//1806 1805//1805
f 2807//2807 1805//1805 1804//1804
f 1790//1790 1789//1789 2808//2808
f 1789//1789 1794//1794 2808//2808
f 2808//2808 1794//1794 1796//1796
f 2808//2808 1796//1796 1798//1798
f 1793//1793 2737//2737 1784//1784
f 1783//1783 1788//1788 2809//2809
f 2809//2809 1788//1788 1787//1787
f 2809//2809 1787//1787 1785//1785
f 1778//1778 1744//1744 2810//2810
f 2810//2810 1744//1744 1743//1743
f 2810//2810 1743//1743 1781//1781
f 1776//1776 1775//1775 2721//2721
f 1779//1779 2736//2736 1780//1780
f 1780//1780 2736//2736 2721//2721
f 1780//1780 2721//2721 1774//1774
f 1774//1774 2721//2721 1775//1775
f 2811//2811 1746//1746 1777//1777
f 2036//2036 2044//2044 2811//2811
f 2811//2811 2044//2044 2043//2043
f 2811//2811 2043//2043 1746//1746
f 1746//1746 2043//2043 2042//2042
f 1746//1746 2042//2042 2041//2041
f 2041//2041 1949//1949 1746//1746
f 1746//1746 1949//1949 1948//1948
f 1746//1746 1948//1948 1272//1272
f 1272//1272 1271//1271 1746//1746
f 1746//1746 1271//1271 1269//1269
f 1746//1746 1269//1269 1268//1268
f 2040//2040 2039//2039 2812//2812
f 2812//2812 2039//2039 2811//2811
f 2811//2811 2039//2039 2037//2037
f 2811//2811 2037//2037 2036//2036
f 2045//2045 2813//2813 2027//2027
f 2027//2027 2813//2813 2814//2814
f 2027//2027 2814//2814 2028//2028
f 1928//1928 1927//1927 2815//2815
f 2815//2815 1927//1927 2032//2032
f 2815//2815 2032//2032 2812//2812
f 2812//2812 2032//2032 2035//2035
f 2812//2812 2035//2035 2040//2040
f 2024//2024 2816//2816 2026//2026
f 2026//2026 2816//2816 2817//2817
f 2026//2026 2817//2817 2818//2818
f 2024//2024 2023//2023 2816//2816
f 2816//2816 2023//2023 2031//2031
f 2816//2816 2031//2031 2814//2814
f 2814//2814 2031//2031 2030//2030
f 2814//2814 2030//2030 2028//2028
f 2819//2819 2820//2820 2821//2821
f 2821//2821 2820//2820 2822//2822
f 2821//2821 2822//2822 2817//2817
f 2817//2817 2822//2822 2823//2823
f 2817//2817 2823//2823 2818//2818
f 2734//2734 2824//2824 2735//2735
f 2735//2735 2824//2824 2825//2825
f 2735//2735 2825//2825 2821//2821
f 2821//2821 2825//2825 2826//2826
f 2821//2821 2826//2826 2819//2819
f 2731//2731 2827//2827 2732//2732
f 2732//2732 2827//2827 2828//2828
f 2732//2732 2828//2828 2735//2735
f 2735//2735 2828//2828 2829//2829
f 2735//2735 2829//2829 2733//2733
f 2830//2830 2831//2831 2832//2832
f 2832//2832 2831//2831 2833//2833
f 2832//2832 2833//2833 2834//2834
f 2835//2835 2836//2836 2837//2837
f 2837//2837 2836//2836 2838//2838
f 2837//2837 2838//2838 2839//2839
f 2840//2840 2841//2841 2842//2842
f 2842//2842 2841//2841 2843//2843
f 2842//2842 2843//2843 2844//2844
f 2845//2845 2846//2846 2847//2847
f 2848//2848 2849//2849 2850//2850
f 2850//2850 2849//2849 2851//2851
f 2852//2852 2853//2853 2847//2847
f 2847//2847 2853//2853 2854//2854
f 2847//2847 2854//2854 2845//2845
f 2855//2855 2856//2856 2857//2857
f 2857//2857 2856//2856 2858//2858
f 2857//2857 2858//2858 2859//2859
f 2860//2860 2861//2861 2862//2862
f 2862//2862 2861//2861 2855//2855
f 2863//2863 2864//2864 2865//2865
f 1911//1911 2864//2864 1913//1913
f 1913//1913 2864//2864 2863//2863
f 1913//1913 2863//2863 1914//1914
f 1914//1914 2863//2863 1915//1915
f 1909//1909 1908//1908 2726//2726
f 2726//2726 1908//1908 1907//1907
f 2726//2726 1907//1907 2866//2866
f 2866//2866 1907//1907 1917//1917
f 2866//2866 1917//1917 2863//2863
f 2863//2863 1917//1917 1916//1916
f 2863//2863 1916//1916 1915//1915
f 1899//1899 2726//2726 1900//1900
f 1900//1900 2726//2726 2867//2867
f 1900//1900 2867//2867 1902//1902
f 1896//1896 1905//1905 2868//2868
f 2868//2868 1905//1905 1904//1904
f 2868//2868 1904//1904 2867//2867
f 2867//2867 1904//1904 1903//1903
f 2867//2867 1903//1903 1902//1902
f 2725//2725 1898//1898 2868//2868
f 2868//2868 1898//1898 1897//1897
f 2868//2868 1897//1897 1896//1896
f 1856//1856 2725//2725 1857//1857
f 1857//1857 2725//2725 2869//2869
f 1857//1857 2869//2869 1892//1892
f 1888//1888 1887//1887 2870//2870
f 2870//2870 1887//1887 1894//1894
f 2870//2870 1894//1894 2869//2869
f 2869//2869 1894//1894 1893//1893
f 2869//2869 1893//1893 1892//1892
f 2871//2871 1859//1859 1891//1891
f 2871//2871 1891//1891 2870//2870
f 2870//2870 1891//1891 1890//1890
f 2870//2870 1890//1890 1888//1888
f 1886//1886 1885//1885 2872//2872
f 2872//2872 1885//1885 1884//1884
f 2872//2872 1884//1884 2871//2871
f 2871//2871 1884//1884 1860//1860
f 2871//2871 1860//1860 1859//1859
f 1886//1886 2872//2872 1876//1876
f 1876//1876 2872//2872 2873//2873
f 1876//1876 2873//2873 1877//1877
f 1882//1882 1881//1881 2874//2874
f 2874//2874 1881//1881 1880//1880
f 2874//2874 1880//1880 2873//2873
f 2873//2873 1880//1880 1879//1879
f 2873//2873 1879//1879 1877//1877
f 2724//2724 1873//1873 2874//2874
f 2874//2874 1873//1873 1883//1883
f 2874//2874 1883//1883 1882//1882
f 1874//1874 2724//2724 1875//1875
f 1875//1875 2724//2724 2875//2875
f 1875//1875 2875//2875 1867//1867
f 1866//1866 1871//1871 2740//2740
f 2740//2740 1871//1871 1870//1870
f 2740//2740 1870//1870 2875//2875
f 2875//2875 1870//1870 1868//1868
f 2875//2875 1868//1868 1867//1867
f 2851//2851 2852//2852 2850//2850
f 2850//2850 2852//2852 2847//2847
f 2850//2850 2847//2847 2876//2876
f 2877//2877 2876//2876 2878//2878
f 2878//2878 2876//2876 2847//2847
f 2878//2878 2847//2847 2837//2837
f 2837//2837 2847//2847 2846//2846
f 2837//2837 2846//2846 2835//2835
f 2879//2879 2877//2877 2880//2880
f 2880//2880 2877//2877 2878//2878
f 2880//2880 2878//2878 2881//2881
f 2881//2881 2878//2878 2837//2837
f 2881//2881 2837//2837 2842//2842
f 2842//2842 2837//2837 2839//2839
f 2842//2842 2839//2839 2840//2840
f 2882//2882 2879//2879 2883//2883
f 2883//2883 2879//2879 2880//2880
f 2883//2883 2880//2880 2884//2884
f 2884//2884 2880//2880 2881//2881
f 2884//2884 2881//2881 2885//2885
f 2885//2885 2881//2881 2842//2842
f 2885//2885 2842//2842 2729//2729
f 2729//2729 2842//2842 2844//2844
f 2729//2729 2844//2844 2727//2727
f 2886//2886 2882//2882 2887//2887
f 2887//2887 2882//2882 2883//2883
f 2887//2887 2883//2883 2888//2888
f 2888//2888 2883//2883 2884//2884
f 2888//2888 2884//2884 2889//2889
f 2889//2889 2884//2884 2885//2885
f 2889//2889 2885//2885 2890//2890
f 2890//2890 2885//2885 2729//2729
f 2890//2890 2729//2729 2832//2832
f 2832//2832 2729//2729 2728//2728
f 2832//2832 2728//2728 2830//2830
f 2891//2891 2886//2886 2892//2892
f 2892//2892 2886//2886 2887//2887
f 2892//2892 2887//2887 2893//2893
f 2893//2893 2887//2887 2888//2888
f 2893//2893 2888//2888 2894//2894
f 2894//2894 2888//2888 2889//2889
f 2894//2894 2889//2889 2895//2895
f 2895//2895 2889//2889 2890//2890
f 2895//2895 2890//2890 2896//2896
f 2896//2896 2890//2890 2832//2832
f 2896//2896 2832//2832 2732//2732
f 2732//2732 2832//2832 2834//2834
f 2732//2732 2834//2834 2730//2730
f 1792//1792 1790//1790 2737//2737
f 2737//2737 1790//1790 2808//2808
f 2737//2737 2808//2808 2897//2897
f 2897//2897 2808//2808 2898//2898
f 2897//2897 2898//2898 2899//2899
f 2899//2899 2898//2898 2900//2900
f 2899//2899 2900//2900 2901//2901
f 2901//2901 2900//2900 2902//2902
f 2901//2901 2902//2902 2903//2903
f 2903//2903 2902//2902 2904//2904
f 2903//2903 2904//2904 2905//2905
f 2905//2905 2904//2904 2906//2906
f 2905//2905 2906//2906 2907//2907
f 2907//2907 2906//2906 2908//2908
f 2907//2907 2908//2908 2909//2909
f 2909//2909 2908//2908 2910//2910
f 2909//2909 2910//2910 2911//2911
f 2911//2911 2910//2910 2912//2912
f 2911//2911 2912//2912 2913//2913
f 2913//2913 2912//2912 2914//2914
f 2913//2913 2914//2914 2915//2915
f 2915//2915 2914//2914 2916//2916
f 2915//2915 2916//2916 2917//2917
f 2917//2917 2916//2916 2918//2918
f 2917//2917 2918//2918 2919//2919
f 2919//2919 2918//2918 2920//2920
f 2919//2919 2920//2920 2921//2921
f 2921//2921 2920//2920 2922//2922
f 2921//2921 2922//2922 2923//2923
f 1785//1785 1784//1784 2809//2809
f 2809//2809 1784//1784 2737//2737
f 2809//2809 2737//2737 2924//2924
f 2924//2924 2737//2737 2897//2897
f 2924//2924 2897//2897 2925//2925
f 2925//2925 2897//2897 2899//2899
f 2925//2925 2899//2899 2926//2926
f 2926//2926 2899//2899 2901//2901
f 2926//2926 2901//2901 2927//2927
f 2927//2927 2901//2901 2903//2903
f 2927//2927 2903//2903 2928//2928
f 2928//2928 2903//2903 2905//2905
f 2928//2928 2905//2905 2929//2929
f 2929//2929 2905//2905 2907//2907
f 2929//2929 2907//2907 2930//2930
f 2930//2930 2907//2907 2909//2909
f 2930//2930 2909//2909 2931//2931
f 2931//2931 2909//2909 2911//2911
f 2931//2931 2911//2911 2932//2932
f 2932//2932 2911//2911 2913//2913
f 2932//2932 2913//2913 2933//2933
f 2933//2933 2913//2913 2915//2915
f 2933//2933 2915//2915 2934//2934
f 2934//2934 2915//2915 2917//2917
f 2934//2934 2917//2917 2935//2935
f 2935//2935 2917//2917 2919//2919
f 2935//2935 2919//2919 2936//2936
f 2936//2936 2919//2919 2921//2921
f 2045//2045 1928//1928 2813//2813
f 2813//2813 1928//1928 2815//2815
f 2813//2813 2815//2815 2937//2937
f 2937//2937 2815//2815 2812//2812
f 2938//2938 2891//2891 2939//2939
f 2939//2939 2891//2891 2892//2892
f 2939//2939 2892//2892 2940//2940
f 2940//2940 2892//2892 2893//2893
f 2940//2940 2893//2893 2941//2941
f 2941//2941 2893//2893 2894//2894
f 2941//2941 2894//2894 2942//2942
f 2942//2942 2894//2894 2895//2895
f 2942//2942 2895//2895 2943//2943
f 2943//2943 2895//2895 2896//2896
f 2943//2943 2896//2896 2944//2944
f 2944//2944 2896//2896 2732//2732
f 2944//2944 2732//2732 2945//2945
f 2945//2945 2732//2732 2735//2735
f 2945//2945 2735//2735 2946//2946
f 2946//2946 2735//2735 2821//2821
f 2946//2946 2821//2821 2947//2947
f 2947//2947 2821//2821 2817//2817
f 2947//2947 2817//2817 2948//2948
f 2948//2948 2817//2817 2816//2816
f 2948//2948 2816//2816 2949//2949
f 2949//2949 2816//2816 2814//2814
f 2949//2949 2814//2814 2950//2950
f 2950//2950 2814//2814 2813//2813
f 2950//2950 2813//2813 2951//2951
f 2951//2951 2813//2813 2937//2937
f 2951//2951 2937//2937 2952//2952
f 2952//2952 2953//2953 2723//2723
f 2723//2723 2953//2953 2954//2954
f 2723//2723 2954//2954 2721//2721
f 2721//2721 2954//2954 2955//2955
f 2721//2721 2955//2955 1776//1776
f 2952//2952 2937//2937 2953//2953
f 2953//2953 2937//2937 2812//2812
f 2953//2953 2812//2812 2954//2954
f 2954//2954 2812//2812 2811//2811
f 2954//2954 2811//2811 2955//2955
f 2955//2955 2811//2811 1777//1777
f 2955//2955 1777//1777 1776//1776
f 2956//2956 2719//2719 2957//2957
f 2957//2957 2719//2719 2718//2718
f 2957//2957 2718//2718 2958//2958
f 2959//2959 2720//2720 2960//2960
f 2960//2960 2720//2720 2719//2719
f 2960//2960 2719//2719 2961//2961
f 2961//2961 2719//2719 2956//2956
f 2961//2961 2956//2956 2962//2962
f 2963//2963 2959//2959 2964//2964
f 2964//2964 2959//2959 2960//2960
f 2964//2964 2960//2960 2965//2965
f 2965//2965 2960//2960 2961//2961
f 2965//2965 2961//2961 2966//2966
f 2966//2966 2961//2961 2962//2962
f 2966//2966 2962//2962 2967//2967
f 1832//1832 1831//1831 2801//2801
f 2801//2801 1831//1831 2738//2738
f 2801//2801 2738//2738 2968//2968
f 2968//2968 2738//2738 2800//2800
f 2968//2968 2800//2800 2969//2969
f 2969//2969 2800//2800 2739//2739
f 2969//2969 2739//2739 2970//2970
f 2970//2970 2739//2739 2799//2799
f 2970//2970 2799//2799 2971//2971
f 2971//2971 2799//2799 2798//2798
f 2971//2971 2798//2798 2972//2972
f 2972//2972 2798//2798 2797//2797
f 2972//2972 2797//2797 2973//2973
f 2973//2973 2797//2797 2796//2796
f 2973//2973 2796//2796 2974//2974
f 2974//2974 2796//2796 2795//2795
f 2974//2974 2795//2795 2789//2789
f 2789//2789 2795//2795 1555//1555
f 2789//2789 1555//1555 1554//1554
f 1827//1827 1826//1826 2802//2802
f 2802//2802 1826//1826 2801//2801
f 2802//2802 2801//2801 2975//2975
f 2975//2975 2801//2801 2968//2968
f 2975//2975 2968//2968 2976//2976
f 2976//2976 2968//2968 2969//2969
f 2976//2976 2969//2969 2977//2977
f 2977//2977 2969//2969 2970//2970
f 2977//2977 2970//2970 2978//2978
f 2978//2978 2970//2970 2971//2971
f 2978//2978 2971//2971 2979//2979
f 2979//2979 2971//2971 2972//2972
f 2979//2979 2972//2972 2980//2980
f 2980//2980 2972//2972 2973//2973
f 2980//2980 2973//2973 2981//2981
f 2981//2981 2973//2973 2974//2974
f 2981//2981 2974//2974 2982//2982
f 2982//2982 2974//2974 2789//2789
f 2982//2982 2789//2789 2792//2792
f 2792//2792 2789//2789 2639//2639
f 2792//2792 2639//2639 2790//2790
f 1825//1825 1824//1824 2803//2803
f 2803//2803 1824//1824 2802//2802
f 2803//2803 2802//2802 2983//2983
f 2983//2983 2802//2802 2975//2975
f 2983//2983 2975//2975 2984//2984
f 2984//2984 2975//2975 2976//2976
f 2984//2984 2976//2976 2985//2985
f 2985//2985 2976//2976 2977//2977
f 2985//2985 2977//2977 2986//2986
f 2986//2986 2977//2977 2978//2978
f 2986//2986 2978//2978 2987//2987
f 2987//2987 2978//2978 2979//2979
f 2987//2987 2979//2979 2988//2988
f 2988//2988 2979//2979 2980//2980
f 2988//2988 2980//2980 2989//2989
f 2989//2989 2980//2980 2981//2981
f 2989//2989 2981//2981 2990//2990
f 2990//2990 2981//2981 2982//2982
f 2990//2990 2982//2982 2991//2991
f 2991//2991 2982//2982 2792//2792
f 2991//2991 2792//2792 2778//2778
f 2778//2778 2792//2792 2794//2794
f 2778//2778 2794//2794 2786//2786
f 1738//1738 1737//1737 2804//2804
f 2804//2804 1737//1737 2803//2803
f 2804//2804 2803//2803 2992//2992
f 2992//2992 2803//2803 2983//2983
f 2992//2992 2983//2983 2993//2993
f 2993//2993 2983//2983 2984//2984
f 2993//2993 2984//2984 2994//2994
f 2994//2994 2984//2984 2985//2985
f 2994//2994 2985//2985 2995//2995
f 2995//2995 2985//2985 2986//2986
f 2995//2995 2986//2986 2996//2996
f 2996//2996 2986//2986 2987//2987
f 2996//2996 2987//2987 2997//2997
f 2997//2997 2987//2987 2988//2988
f 2997//2997 2988//2988 2998//2998
f 2998//2998 2988//2988 2989//2989
f 2998//2998 2989//2989 2999//2999
f 2999//2999 2989//2989 2990//2990
f 2999//2999 2990//2990 3000//3000
f 3000//3000 2990//2990 2991//2991
f 3000//3000 2991//2991 3001//3001
f 3001//3001 2991//2991 2778//2778
f 3001//3001 2778//2778 2783//2783
f 2783//2783 2778//2778 2780//2780
f 2783//2783 2780//2780 2781//2781
f 1811//1811 1810//1810 2805//2805
f 2805//2805 1810//1810 2804//2804
f 2805//2805 2804//2804 3002//3002
f 3002//3002 2804//2804 2992//2992
f 3002//3002 2992//2992 3003//3003
f 3003//3003 2992//2992 2993//2993
f 3003//3003 2993//2993 3004//3004
f 3004//3004 2993//2993 2994//2994
f 3004//3004 2994//2994 3005//3005
f 3005//3005 2994//2994 2995//2995
f 3005//3005 2995//2995 3006//3006
f 3006//3006 2995//2995 2996//2996
f 3006//3006 2996//2996 3007//3007
f 3007//3007 2996//2996 2997//2997
f 3007//3007 2997//2997 3008//3008
f 3008//3008 2997//2997 2998//2998
f 3008//3008 2998//2998 3009//3009
f 3009//3009 2998//2998 2999//2999
f 3009//3009 2999//2999 3010//3010
f 3010//3010 2999//2999 3000//3000
f 3010//3010 3000//3000 3011//3011
f 3011//3011 3000//3000 3001//3001
f 3011//3011 3001//3001 3012//3012
f 3012//3012 3001//3001 2783//2783
f 3012//3012 3013//3013 3011//3011
f 3011//3011 3013//3013 3014//3014
f 3011//3011 3014//3014 3010//3010
f 3010//3010 3014//3014 3015//3015
f 3010//3010 3015//3015 3009//3009
f 3009//3009 3015//3015 3016//3016
f 3009//3009 3016//3016 3008//3008
f 3008//3008 3016//3016 3017//3017
f 3008//3008 3017//3017 3007//3007
f 3007//3007 3017//3017 3018//3018
f 3007//3007 3018//3018 3006//3006
f 3006//3006 3018//3018 3019//3019
f 3006//3006 3019//3019 3005//3005
f 3005//3005 3019//3019 3020//3020
f 3005//3005 3020//3020 3004//3004
f 3004//3004 3020//3020 3021//3021
f 3004//3004 3021//3021 3003//3003
f 3003//3003 3021//3021 3022//3022
f 3003//3003 3022//3022 3002//3002
f 3002//3002 3022//3022 3023//3023
f 3002//3002 3023//3023 2805//2805
f 2805//2805 3023//3023 2806//2806
f 2805//2805 2806//2806 1814//1814
f 1814//1814 2806//2806 1815//1815
f 3013//3013 2958//2958 3014//3014
f 3014//3014 2958//2958 2718//2718
f 3014//3014 2718//2718 3015//3015
f 3015//3015 2718//2718 2720//2720
f 3015//3015 2720//2720 3016//3016
f 3016//3016 2720//2720 2959//2959
f 3016//3016 2959//2959 3017//3017
f 3017//3017 2959//2959 2963//2963
f 3017//3017 2963//2963 3018//3018
f 3018//3018 2963//2963 3024//3024
f 3018//3018 3024//3024 3019//3019
f 3019//3019 3024//3024 3025//3025
f 3019//3019 3025//3025 3020//3020
f 3020//3020 3025//3025 3026//3026
f 3020//3020 3026//3026 3021//3021
f 3021//3021 3026//3026 3027//3027
f 3021//3021 3027//3027 3022//3022
f 3022//3022 3027//3027 3028//3028
f 3022//3022 3028//3028 3023//3023
f 3023//3023 3028//3028 3029//3029
f 3023//3023 3029//3029 2806//2806
f 2806//2806 3029//3029 3030//3030
f 2806//2806 3030//3030 1802//1802
f 1802//1802 3030//3030 1800//1800
f 3031//3031 3032//3032 3033//3033
f 3033//3033 3032//3032 3034//3034
f 3033//3033 3034//3034 3035//3035
f 3035//3035 3034//3034 3036//3036
f 3035//3035 3036//3036 3037//3037
f 3037//3037 3036//3036 2775//2775
f 3037//3037 2775//2775 2771//2771
f 2771//2771 2775//2775 2777//2777
f 2771//2771 2777//2777 2772//2772
f 2855//2855 2857//2857 2862//2862
f 2862//2862 2857//2857 3038//3038
f 2862//2862 3038//3038 3039//3039
f 3039//3039 3038//3038 3040//3040
f 3039//3039 3040//3040 3041//3041
f 3041//3041 3040//3040 3042//3042
f 3041//3041 3042//3042 3043//3043
f 3043//3043 3042//3042 3044//3044
f 3043//3043 3044//3044 3045//3045
f 3045//3045 3044//3044 3046//3046
f 3045//3045 3046//3046 3047//3047
f 3047//3047 3046//3046 3048//3048
f 3047//3047 3048//3048 3049//3049
f 3049//3049 3048//3048 3050//3050
f 3049//3049 3050//3050 3051//3051
f 3051//3051 3050//3050 3052//3052
f 3051//3051 3052//3052 3053//3053
f 3053//3053 3052//3052 3054//3054
f 3053//3053 3054//3054 3055//3055
f 3055//3055 3054//3054 3056//3056
f 3055//3055 3056//3056 3057//3057
f 3057//3057 3056//3056 3058//3058
f 3057//3057 3058//3058 3059//3059
f 3059//3059 3058//3058 3060//3060
f 3059//3059 3060//3060 3061//3061
f 3061//3061 3060//3060 3062//3062
f 3061//3061 3062//3062 3063//3063
f 3063//3063 3062//3062 2747//2747
f 3063//3063 2747//2747 3064//3064
f 3064//3064 2747//2747 2749//2749
f 3064//3064 2749//2749 2741//2741
f 2741//2741 2740//2740 3064//3064
f 3064//3064 2740//2740 2875//2875
f 3064//3064 2875//2875 3063//3063
f 3063//3063 2875//2875 2724//2724
f 3063//3063 2724//2724 3061//3061
f 3061//3061 2724//2724 2874//2874
f 3061//3061 2874//2874 3059//3059
f 3059//3059 2874//2874 2873//2873
f 3059//3059 2873//2873 3057//3057
f 3057//3057 2873//2873 2872//2872
f 3057//3057 2872//2872 3055//3055
f 3055//3055 2872//2872 2871//2871
f 3055//3055 2871//2871 3053//3053
f 3053//3053 2871//2871 2870//2870
f 3053//3053 2870//2870 3051//3051
f 3051//3051 2870//2870 2869//2869
f 3051//3051 2869//2869 3049//3049
f 3049//3049 2869//2869 2725//2725
f 3049//3049 2725//2725 3047//3047
f 3047//3047 2725//2725 2868//2868
f 3047//3047 2868//2868 3045//3045
f 3045//3045 2868//2868 2867//2867
f 3045//3045 2867//2867 3043//3043
f 3043//3043 2867//2867 2726//2726
f 3043//3043 2726//2726 3041//3041
f 3041//3041 2726//2726 2866//2866
f 3041//3041 2866//2866 3039//3039
f 3039//3039 2866//2866 2863//2863
f 3039//3039 2863//2863 2862//2862
f 2862//2862 2863//2863 2865//2865
f 2862//2862 2865//2865 2860//2860
f 1779//1779 1778//1778 2736//2736
f 2736//2736 1778//1778 2810//2810
f 2736//2736 2810//2810 2722//2722
f 2722//2722 2810//2810 3065//3065
f 2722//2722 3065//3065 2723//2723
f 2723//2723 3065//3065 3066//3066
f 2723//2723 3066//3066 2952//2952
f 2952//2952 3066//3066 3067//3067
f 2952//2952 3067//3067 2951//2951
f 2951//2951 3067//3067 3068//3068
f 2951//2951 3068//3068 2950//2950
f 2950//2950 3068//3068 3069//3069
f 2950//2950 3069//3069 2949//2949
f 2949//2949 3069//3069 3070//3070
f 2949//2949 3070//3070 2948//2948
f 2948//2948 3070//3070 3071//3071
f 2948//2948 3071//3071 2947//2947
f 2947//2947 3071//3071 3072//3072
f 2947//2947 3072//3072 2946//2946
f 2946//2946 3072//3072 3073//3073
f 2946//2946 3073//3073 2945//2945
f 2945//2945 3073//3073 3074//3074
f 2945//2945 3074//3074 2944//2944
f 2944//2944 3074//3074 3075//3075
f 2944//2944 3075//3075 2943//2943
f 2943//2943 3075//3075 3076//3076
f 2943//2943 3076//3076 2942//2942
f 2942//2942 3076//3076 3077//3077
f 2942//2942 3077//3077 2941//2941
f 2941//2941 3077//3077 3078//3078
f 2941//2941 3078//3078 2940//2940
f 2940//2940 3078//3078 3079//3079
f 2940//2940 3079//3079 2939//2939
f 2939//2939 3079//3079 3080//3080
f 2939//2939 3080//3080 2938//2938
f 2938//2938 3080//3080 3081//3081
f 2938//2938 3081//3081 3082//3082
f 3082//3082 3081//3081 3083//3083
f 3082//3082 3083//3083 3084//3084
f 3084//3084 3083//3083 3085//3085
f 3084//3084 3085//3085 3086//3086
f 3086//3086 3085//3085 3087//3087
f 3086//3086 3087//3087 3088//3088
f 3088//3088 3087//3087 3089//3089
f 3088//3088 3089//3089 3090//3090
f 3090//3090 3089//3089 3091//3091
f 3090//3090 3091//3091 3092//3092
f 3092//3092 3091//3091 2754//2754
f 3092//3092 2754//2754 2752//2752
f 2752//2752 2754//2754 2756//2756
f 2752//2752 2756//2756 2750//2750
f 2745//2745 2747//2747 2752//2752
f 2752//2752 2747//2747 3062//3062
f 2752//2752 3062//3062 3092//3092
f 3092//3092 3062//3062 3060//3060
f 3092//3092 3060//3060 3090//3090
f 3090//3090 3060//3060 3058//3058
f 3090//3090 3058//3058 3088//3088
f 3088//3088 3058//3058 3056//3056
f 3088//3088 3056//3056 3086//3086
f 3086//3086 3056//3056 3054//3054
f 3086//3086 3054//3054 3084//3084
f 3084//3084 3054//3054 3052//3052
f 3084//3084 3052//3052 3082//3082
f 3082//3082 3052//3052 3050//3050
f 3082//3082 3050//3050 2938//2938
f 2938//2938 3050//3050 3048//3048
f 2938//2938 3048//3048 2891//2891
f 2891//2891 3048//3048 3046//3046
f 2891//2891 3046//3046 2886//2886
f 2886//2886 3046//3046 3044//3044
f 2886//2886 3044//3044 2882//2882
f 2882//2882 3044//3044 3042//3042
f 2882//2882 3042//3042 2879//2879
f 2879//2879 3042//3042 3040//3040
f 2879//2879 3040//3040 2877//2877
f 2877//2877 3040//3040 3038//3038
f 2877//2877 3038//3038 2876//2876
f 2876//2876 3038//3038 2857//2857
f 2876//2876 2857//2857 2850//2850
f 2850//2850 2857//2857 2859//2859
f 2850//2850 2859//2859 2848//2848
f 2768//2768 2765//2765 2771//2771
f 2771//2771 2765//2765 3093//3093
f 2771//2771 3093//3093 3037//3037
f 3037//3037 3093//3093 3094//3094
f 3037//3037 3094//3094 3035//3035
f 3035//3035 3094//3094 3095//3095
f 3035//3035 3095//3095 3033//3033
f 3033//3033 3095//3095 3096//3096
f 3033//3033 3096//3096 3031//3031
f 2764//2764 2757//2757 2765//2765
f 2765//2765 2757//2757 3097//3097
f 2765//2765 3097//3097 3093//3093
f 3093//3093 3097//3097 3098//3098
f 3093//3093 3098//3098 3094//3094
f 3094//3094 3098//3098 3099//3099
f 3094//3094 3099//3099 3095//3095
f 3095//3095 3099//3099 3100//3100
f 3095//3095 3100//3100 3096//3096
f 3096//3096 3100//3100 3101//3101
f 3096//3096 3101//3101 3031//3031
f 1798//1798 1799//1799 2808//2808
f 2808//2808 1799//1799 2807//2807
f 2808//2808 2807//2807 2898//2898
f 2898//2898 2807//2807 3102//3102
f 2898//2898 3102//3102 2900//2900
f 2900//2900 3102//3102 3103//3103
f 2900//2900 3103//3103 2902//2902
f 2902//2902 3103//3103 3104//3104
f 2902//2902 3104//3104 2904//2904
f 2904//2904 3104//3104 3105//3105
f 2904//2904 3105//3105 2906//2906
f 2906//2906 3105//3105 3106//3106
f 2906//2906 3106//3106 2908//2908
f 2908//2908 3106//3106 3107//3107
f 2908//2908 3107//3107 2910//2910
f 2910//2910 3107//3107 3108//3108
f 2910//2910 3108//3108 2912//2912
f 2912//2912 3108//3108 3109//3109
f 2912//2912 3109//3109 2914//2914
f 2914//2914 3109//3109 3110//3110
f 2914//2914 3110//3110 2916//2916
f 2916//2916 3110//3110 3111//3111
f 2916//2916 3111//3111 2918//2918
f 2918//2918 3111//3111 3112//3112
f 2918//2918 3112//3112 2920//2920
f 2920//2920 3112//3112 3113//3113
f 2920//2920 3113//3113 2922//2922
f 2922//2922 3113//3113 3114//3114
f 2922//2922 3114//3114 3115//3115
f 3115//3115 3114//3114 3116//3116
f 3115//3115 3116//3116 3117//3117
f 3117//3117 3116//3116 3118//3118
f 2923//2923 2922//2922 3119//3119
f 3119//3119 2922//2922 3115//3115
f 3119//3119 3115//3115 3101//3101
f 3101//3101 3115//3115 3117//3117
f 3101//3101 3117//3117 3031//3031
f 3031//3031 3117//3117 3118//3118
f 3031//3031 3118//3118 3032//3032
f 1781//1781 1783//1783 2810//2810
f 2810//2810 1783//1783 2809//2809
f 2810//2810 2809//2809 3065//3065
f 3065//3065 2809//2809 2924//2924
f 3065//3065 2924//2924 3066//3066
f 3066//3066 2924//2924 2925//2925
f 3066//3066 2925//2925 3067//3067
f 3067//3067 2925//2925 2926//2926
f 3067//3067 2926//2926 3068//3068
f 3068//3068 2926//2926 2927//2927
f 3068//3068 2927//2927 3069//3069
f 3069//3069 2927//2927 2928//2928
f 3069//3069 2928//2928 3070//3070
f 3070//3070 2928//2928 2929//2929
f 3070//3070 2929//2929 3071//3071
f 3071//3071 2929//2929 2930//2930
f 3071//3071 2930//2930 3072//3072
f 3072//3072 2930//2930 2931//2931
f 3072//3072 2931//2931 3073//3073
f 3073//3073 2931//2931 2932//2932
f 3073//3073 2932//2932 3074//3074
f 3074//3074 2932//2932 2933//2933
f 3074//3074 2933//2933 3075//3075
f 3075//3075 2933//2933 2934//2934
f 3075//3075 2934//2934 3076//3076
f 3076//3076 2934//2934 2935//2935
f 3076//3076 2935//2935 3077//3077
f 3077//3077 2935//2935 2936//2936
f 3077//3077 2936//2936 3078//3078
f 3078//3078 2936//2936 2921//2921
f 3078//3078 2921//2921 3079//3079
f 3079//3079 2921//2921 2923//2923
f 3079//3079 2923//2923 3080//3080
f 3080//3080 2923//2923 3119//3119
f 3080//3080 3119//3119 3081//3081
f 3081//3081 3119//3119 3101//3101
f 3081//3081 3101//3101 3083//3083
f 3083//3083 3101//3101 3100//3100
f 3083//3083 3100//3100 3085//3085
f 3085//3085 3100//3100 3099//3099
f 3085//3085 3099//3099 3087//3087
f 3087//3087 3099//3099 3098//3098
f 3087//3087 3098//3098 3089//3089
f 3089//3089 3098//3098 3097//3097
f 3089//3089 3097//3097 3091//3091
f 3091//3091 3097//3097 2757//2757
f 3091//3091 2757//2757 2754//2754
f 2754//2754 2757//2757 2759//2759
f 2754//2754 2759//2759 2760//2760
f 1804//1804 1800//1800 2807//2807
f 2807//2807 1800//1800 3030//3030
f 2807//2807 3030//3030 3102//3102
f 3102//3102 3030//3030 3029//3029
f 3102//3102 3029//3029 3103//3103
f 3103//3103 3029//3029 3028//3028
f 3103//3103 3028//3028 3104//3104
f 3104//3104 3028//3028 3027//3027
f 3104//3104 3027//3027 3105//3105
f 3105//3105 3027//3027 3026//3026
f 3105//3105 3026//3026 3106//3106
f 3106//3106 3026//3026 3025//3025
f 3106//3106 3025//3025 3107//3107
f 3107//3107 3025//3025 3024//3024
f 3107//3107 3024//3024 3108//3108
f 3108//3108 3024//3024 2963//2963
f 3108//3108 2963//2963 3109//3109
f 3109//3109 2963//2963 2964//2964
f 3109//3109 2964//2964 3110//3110
f 3110//3110 2964//2964 2965//2965
f 3110//3110 2965//2965 3111//3111
f 3111//3111 2965//2965 2966//2966
f 3111//3111 2966//2966 3112//3112
f 3112//3112 2966//2966 2967//2967
f 3112//3112 2967//2967 3113//3113
f 3113//3113 2967//2967 2962//2962
f 3113//3113 2962//2962 3114//3114
f 3114//3114 2962//2962 2956//2956
f 3114//3114 2956//2956 3116//3116
f 3116//3116 2956//2956 2957//2957
f 3116//3116 2957//2957 3118//3118
f 3118//3118 2957//2957 2958//2958
f 3118//3118 2958//2958 3032//3032
f 3032//3032 2958//2958 3013//3013
f 3032//3032 3013//3013 3034//3034
f 3034//3034 3013//3013 3012//3012
f 3034//3034 3012//3012 3036//3036
f 3036//3036 3012//3012 2783//2783
f 3036//3036 2783//2783 2775//2775
f 2775//2775 2783//2783 2785//2785
f 2775//2775 2785//2785 2773//2773
f 1987//1987 1990//1990 3120//3120
f 2818//2818 2823//2823 3121//3121
f 2026//2026 2818//2818 2025//2025
f 2025//2025 2818//2818 3121//3121
f 2025//2025 3121//3121 2022//2022
f 2022//2022 3121//3121 3122//3122
f 2022//2022 3122//3122 2021//2021
f 2021//2021 3122//3122 3123//3123
f 2021//2021 3123//3123 2018//2018
f 2018//2018 3123//3123 3124//3124
f 2018//2018 3124//3124 2019//2019
f 2019//2019 3124//3124 3125//3125
f 2019//2019 3125//3125 2020//2020
f 2020//2020 3125//3125 3126//3126
f 2020//2020 3126//3126 2049//2049
f 2049//2049 3126//3126 2017//2017
f 2017//2017 3126//3126 3127//3127
f 2017//2017 3127//3127 1930//1930
f 1930//1930 3127//3127 3128//3128
f 1930//1930 3128//3128 1931//1931
f 1931//1931 3128//3128 3129//3129
f 1931//1931 3129//3129 1933//1933
f 1933//1933 3129//3129 3130//3130
f 1933//1933 3130//3130 1934//1934
f 2015//2015 2016//2016 3131//3131
f 3130//3130 3132//3132 1934//1934
f 1934//1934 3132//3132 3133//3133
f 1934//1934 3133//3133 1936//1936
f 1936//1936 3133//3133 3131//3131
f 1936//1936 3131//3131 1937//1937
f 1937//1937 3131//3131 2016//2016
f 3131//3131 3134//3134 2015//2015
f 2015//2015 3134//3134 3135//3135
f 2015//2015 3135//3135 2013//2013
f 2013//2013 3135//3135 3136//3136
f 2013//2013 3136//3136 1939//1939
f 1939//1939 3136//3136 3137//3137
f 3138//3138 2002//2002 3139//3139
f 3139//3139 2002//2002 2012//2012
f 3139//3139 2012//2012 3140//3140
f 3140//3140 2012//2012 2010//2010
f 3140//3140 2010//2010 3141//3141
f 3141//3141 2010//2010 2008//2008
f 3141//3141 2008//2008 3142//3142
f 3142//3142 2008//2008 2007//2007
f 3142//3142 2007//2007 3137//3137
f 3137//3137 2007//2007 1940//1940
f 3137//3137 1940//1940 1939//1939
f 3143//3143 2005//2005 3138//3138
f 3138//3138 2005//2005 2003//2003
f 3138//3138 2003//2003 2002//2002
f 3144//3144 1998//1998 3145//3145
f 3145//3145 1998//1998 1997//1997
f 3145//3145 1997//1997 3146//3146
f 3146//3146 1997//1997 2000//2000
f 3146//3146 2000//2000 3147//3147
f 3147//3147 2000//2000 1943//1943
f 3147//3147 1943//1943 3148//3148
f 3148//3148 1943//1943 1942//1942
f 3148//3148 1942//1942 3143//3143
f 3143//3143 1942//1942 2006//2006
f 3143//3143 2006//2006 2005//2005
f 3120//3120 1990//1990 3149//3149
f 3149//3149 1990//1990 1993//1993
f 3149//3149 1993//1993 3150//3150
f 3150//3150 1993//1993 1994//1994
f 3150//3150 1994//1994 3151//3151
f 3151//3151 1994//1994 1996//1996
f 3151//3151 1996//1996 3144//3144
f 3144//3144 1996//1996 1999//1999
f 3144//3144 1999//1999 1998//1998
f 3152//3152 3153//3153 1988//1988
f 1987//1987 3120//3120 1988//1988
f 1988//1988 3120//3120 3154//3154
f 1988//1988 3154//3154 3152//3152
f 3155//3155 3156//3156 3157//3157
f 3158//3158 3159//3159 3160//3160
f 3161//3161 3162//3162 3163//3163
f 3164//3164 3165//3165 3166//3166
f 3167//3167 3168//3168 3169//3169
f 2156//2156 2164//2164 3169//3169
f 2166//2166 2169//2169 3170//3170
f 2186//2186 3171//3171 2187//2187
f 2132//2132 2131//2131 3172//3172
f 2193//2193 3173//3173 3174//3174
f 3175//3175 2196//2196 2195//2195
f 3176//3176 3177//3177 3178//3178
f 3179//3179 3180//3180 3181//3181
f 3182//3182 3183//3183 3184//3184
f 3185//3185 2401//2401 2400//2400
f 2407//2407 2414//2414 3186//3186
f 3187//3187 2422//2422 2421//2421
f 2422//2422 3187//3187 2415//2415
f 2415//2415 3187//3187 3188//3188
f 2415//2415 3188//3188 2416//2416
f 3189//3189 2412//2412 2309//2309
f 3189//3189 2309//2309 3190//3190
f 2309//2309 2308//2308 3190//3190
f 3190//3190 2308//2308 2419//2419
f 3190//3190 2419//2419 3188//3188
f 3188//3188 2419//2419 2418//2418
f 3188//3188 2418//2418 2416//2416
f 2402//2402 2411//2411 3191//3191
f 3191//3191 2411//2411 2410//2410
f 3191//3191 2410//2410 3186//3186
f 3186//3186 2410//2410 2408//2408
f 3186//3186 2408//2408 2407//2407
f 2312//2312 2311//2311 3192//3192
f 3192//3192 2311//2311 2406//2406
f 3192//3192 2406//2406 3193//3193
f 3193//3193 2406//2406 2405//2405
f 3193//3193 2405//2405 3191//3191
f 3191//3191 2405//2405 2403//2403
f 3191//3191 2403//2403 2402//2402
f 2312//2312 3192//3192 2399//2399
f 2399//2399 3192//3192 3194//3194
f 2399//2399 3194//3194 2400//2400
f 2400//2400 3194//3194 3195//3195
f 2400//2400 3195//3195 3185//3185
f 3196//3196 3197//3197 3198//3198
f 3198//3198 3197//3197 3199//3199
f 3198//3198 3199//3199 3200//3200
f 3200//3200 3199//3199 3201//3201
f 3202//3202 3203//3203 3204//3204
f 3204//3204 3203//3203 3205//3205
f 3204//3204 3205//3205 3206//3206
f 3206//3206 3205//3205 3207//3207
f 3206//3206 3207//3207 3199//3199
f 3199//3199 3207//3207 3208//3208
f 3199//3199 3208//3208 3201//3201
f 3209//3209 3210//3210 3211//3211
f 3210//3210 3212//3212 3211//3211
f 3211//3211 3212//3212 3213//3213
f 3211//3211 3213//3213 3204//3204
f 3204//3204 3213//3213 3214//3214
f 3204//3204 3214//3214 3202//3202
f 3215//3215 3216//3216 3217//3217
f 3217//3217 3216//3216 3218//3218
f 3217//3217 3218//3218 3209//3209
f 3219//3219 3220//3220 3221//3221
f 3221//3221 3220//3220 3222//3222
f 3221//3221 3222//3222 3215//3215
f 3223//3223 3224//3224 3219//3219
f 3219//3219 3224//3224 3225//3225
f 3219//3219 3225//3225 3220//3220
f 3226//3226 3227//3227 3184//3184
f 3184//3184 3227//3227 3228//3228
f 3184//3184 3228//3228 3182//3182
f 3181//3181 3180//3180 3184//3184
f 3184//3184 3180//3180 3229//3229
f 3184//3184 3229//3229 3226//3226
f 3230//3230 3231//3231 3232//3232
f 3232//3232 3231//3231 3233//3233
f 3232//3232 3233//3233 3181//3181
f 3181//3181 3233//3233 3234//3234
f 3181//3181 3234//3234 3179//3179
f 3235//3235 3236//3236 3237//3237
f 3236//3236 3238//3238 3237//3237
f 3237//3237 3238//3238 3239//3239
f 3237//3237 3239//3239 3232//3232
f 3232//3232 3239//3239 3240//3240
f 3232//3232 3240//3240 3230//3230
f 3178//3178 3177//3177 3241//3241
f 3241//3241 3177//3177 3242//3242
f 3241//3241 3242//3242 3235//3235
f 1988//1988 3153//3153 2197//2197
f 2197//2197 3153//3153 3243//3243
f 2197//2197 3243//3243 2198//2198
f 3153//3153 3244//3244 3243//3243
f 3243//3243 3244//3244 3245//3245
f 3243//3243 3245//3245 3246//3246
f 3246//3246 3247//3247 3243//3243
f 3243//3243 3247//3247 3248//3248
f 3243//3243 3248//3248 3178//3178
f 3178//3178 3248//3248 3249//3249
f 3178//3178 3249//3249 3176//3176
f 2192//2192 2190//2190 3175//3175
f 3175//3175 2190//2190 2189//2189
f 3175//3175 2189//2189 2196//2196
f 3171//3171 3250//3250 3251//3251
f 2185//2185 2184//2184 3252//3252
f 3252//3252 2184//2184 2183//2183
f 3252//3252 2183//2183 2188//2188
f 2179//2179 2178//2178 3253//3253
f 3253//3253 2178//2178 2185//2185
f 3253//3253 2185//2185 3251//3251
f 3251//3251 2185//2185 3252//3252
f 3251//3251 3252//3252 3171//3171
f 3171//3171 3252//3252 2188//2188
f 3171//3171 2188//2188 2187//2187
f 2173//2173 2182//2182 3254//3254
f 3254//3254 2182//2182 2181//2181
f 3254//3254 2181//2181 3255//3255
f 2171//2171 2177//2177 3256//3256
f 3256//3256 2177//2177 2176//2176
f 3256//3256 2176//2176 3254//3254
f 3254//3254 2176//2176 2174//2174
f 3254//3254 2174//2174 2173//2173
f 2168//2168 2172//2172 3257//3257
f 2166//2166 3170//3170 2161//2161
f 2156//2156 3169//3169 2157//2157
f 2157//2157 3169//3169 2159//2159
f 2159//2159 3169//3169 3168//3168
f 2159//2159 3168//3168 3258//3258
f 2152//2152 2151//2151 3259//3259
f 3259//3259 2151//2151 2155//2155
f 3259//3259 2155//2155 3258//3258
f 3258//3258 2155//2155 2160//2160
f 3258//3258 2160//2160 2159//2159
f 3260//3260 2134//2134 2152//2152
f 3261//3261 2147//2147 2135//2135
f 3262//3262 3263//3263 3261//3261
f 3261//3261 3263//3263 2148//2148
f 3261//3261 2148//2148 2147//2147
f 2141//2141 2140//2140 3264//3264
f 3264//3264 2140//2140 2150//2150
f 3264//3264 2150//2150 3263//3263
f 3263//3263 2150//2150 2149//2149
f 3263//3263 2149//2149 2148//2148
f 2142//2142 3187//3187 2143//2143
f 2143//2143 3187//3187 2421//2421
f 2143//2143 2421//2421 2144//2144
f 3250//3250 3265//3265 3251//3251
f 3251//3251 3265//3265 3255//3255
f 3251//3251 3255//3255 3253//3253
f 3253//3253 3255//3255 2181//2181
f 3253//3253 2181//2181 2179//2179
f 2169//2169 2168//2168 3170//3170
f 3170//3170 2168//2168 3257//3257
f 3170//3170 3257//3257 3266//3266
f 3266//3266 3257//3257 3267//3267
f 3266//3266 3267//3267 3268//3268
f 3268//3268 3267//3267 3269//3269
f 3268//3268 3269//3269 3270//3270
f 3270//3270 3269//3269 3271//3271
f 3270//3270 3271//3271 3272//3272
f 3272//3272 3271//3271 3273//3273
f 3272//3272 3273//3273 3274//3274
f 3275//3275 3276//3276 3277//3277
f 3277//3277 3276//3276 3278//3278
f 3277//3277 3278//3278 3279//3279
f 3280//3280 3281//3281 3282//3282
f 3282//3282 3281//3281 3283//3283
f 3282//3282 3283//3283 3284//3284
f 3274//3274 3285//3285 3272//3272
f 3272//3272 3285//3285 3286//3286
f 3272//3272 3286//3286 3270//3270
f 3270//3270 3286//3286 3287//3287
f 3270//3270 3287//3287 3268//3268
f 3268//3268 3287//3287 3288//3288
f 3268//3268 3288//3288 3266//3266
f 3266//3266 3288//3288 3289//3289
f 3266//3266 3289//3289 3170//3170
f 3170//3170 3289//3289 3290//3290
f 3170//3170 3290//3290 2161//2161
f 2161//2161 3290//3290 2162//2162
f 3291//3291 3259//3259 3292//3292
f 3292//3292 3259//3259 3258//3258
f 3292//3292 3258//3258 3293//3293
f 3293//3293 3258//3258 3168//3168
f 3294//3294 3295//3295 3296//3296
f 3296//3296 3295//3295 3297//3297
f 3296//3296 3297//3297 3165//3165
f 3165//3165 3164//3164 3296//3296
f 3296//3296 3164//3164 3298//3298
f 3296//3296 3298//3298 3294//3294
f 3299//3299 3162//3162 3300//3300
f 3300//3300 3162//3162 3161//3161
f 3300//3300 3161//3161 3301//3301
f 3302//3302 3299//3299 3303//3303
f 3303//3303 3299//3299 3300//3300
f 3303//3303 3300//3300 3304//3304
f 3304//3304 3300//3300 3301//3301
f 3304//3304 3301//3301 3305//3305
f 3306//3306 3307//3307 3308//3308
f 3262//3262 3309//3309 3263//3263
f 3263//3263 3309//3309 3306//3306
f 3263//3263 3306//3306 3264//3264
f 3264//3264 3306//3306 3308//3308
f 3264//3264 3308//3308 2141//2141
f 2141//2141 3308//3308 2142//2142
f 3310//3310 3307//3307 3311//3311
f 3311//3311 3307//3307 3306//3306
f 3311//3311 3306//3306 3312//3312
f 3312//3312 3306//3306 3309//3309
f 3312//3312 3309//3309 3313//3313
f 3313//3313 3309//3309 3262//3262
f 3313//3313 3262//3262 3314//3314
f 3314//3314 3262//3262 3261//3261
f 3314//3314 3261//3261 3260//3260
f 3260//3260 3261//3261 2135//2135
f 3260//3260 2135//2135 2134//2134
f 3315//3315 3305//3305 3316//3316
f 3316//3316 3305//3305 3301//3301
f 3316//3316 3301//3301 3317//3317
f 3317//3317 3301//3301 3161//3161
f 3317//3317 3161//3161 3318//3318
f 3318//3318 3161//3161 3163//3163
f 3318//3318 3163//3163 3319//3319
f 3279//3279 3320//3320 3277//3277
f 3277//3277 3320//3320 3166//3166
f 3277//3277 3166//3166 3275//3275
f 3275//3275 3166//3166 3165//3165
f 3275//3275 3165//3165 3321//3321
f 3321//3321 3165//3165 3297//3297
f 3321//3321 3297//3297 3322//3322
f 3322//3322 3297//3297 3295//3295
f 3322//3322 3295//3295 3167//3167
f 3323//3323 3324//3324 3325//3325
f 3325//3325 3324//3324 3326//3326
f 3325//3325 3326//3326 3327//3327
f 3276//3276 3282//3282 3278//3278
f 3278//3278 3282//3282 3284//3284
f 3278//3278 3284//3284 3279//3279
f 3279//3279 3284//3284 3328//3328
f 3279//3279 3328//3328 3320//3320
f 3320//3320 3328//3328 3329//3329
f 3320//3320 3329//3329 3330//3330
f 3330//3330 3331//3331 3320//3320
f 3320//3320 3331//3331 3332//3332
f 3320//3320 3332//3332 3166//3166
f 3166//3166 3332//3332 3333//3333
f 3166//3166 3333//3333 3164//3164
f 3164//3164 3333//3333 3334//3334
f 3164//3164 3334//3334 3298//3298
f 3335//3335 3336//3336 3337//3337
f 3338//3338 3339//3339 3340//3340
f 3340//3340 3158//3158 3338//3338
f 3338//3338 3158//3158 3160//3160
f 3338//3338 3160//3160 3341//3341
f 3341//3341 3160//3160 3342//3342
f 3341//3341 3342//3342 3343//3343
f 3343//3343 3342//3342 3344//3344
f 3343//3343 3344//3344 3345//3345
f 3345//3345 3344//3344 3346//3346
f 3345//3345 3346//3346 3347//3347
f 3347//3347 3346//3346 3348//3348
f 3157//3157 3349//3349 3350//3350
f 3350//3350 3349//3349 3351//3351
f 3350//3350 3351//3351 3352//3352
f 3352//3352 3351//3351 3353//3353
f 3352//3352 3353//3353 3354//3354
f 3354//3354 3353//3353 3335//3335
f 3354//3354 3335//3335 3355//3355
f 3355//3355 3335//3335 3337//3337
f 3355//3355 3337//3337 3356//3356
f 3357//3357 3358//3358 3330//3330
f 3330//3330 3358//3358 3359//3359
f 3330//3330 3359//3359 3331//3331
f 3331//3331 3359//3359 3360//3360
f 3331//3331 3360//3360 3332//3332
f 3332//3332 3360//3360 3361//3361
f 3332//3332 3361//3361 3333//3333
f 3333//3333 3361//3361 3362//3362
f 3333//3333 3362//3362 3334//3334
f 3363//3363 3315//3315 3364//3364
f 3364//3364 3315//3315 3316//3316
f 3364//3364 3316//3316 3365//3365
f 3365//3365 3316//3316 3317//3317
f 3365//3365 3317//3317 3366//3366
f 3366//3366 3317//3317 3318//3318
f 3366//3366 3318//3318 3367//3367
f 3367//3367 3318//3318 3319//3319
f 3367//3367 3319//3319 3368//3368
f 3357//3357 3369//3369 3370//3370
f 3370//3370 3371//3371 3357//3357
f 3357//3357 3371//3371 3372//3372
f 3357//3357 3372//3372 3358//3358
f 3358//3358 3372//3372 3373//3373
f 3358//3358 3373//3373 3359//3359
f 3359//3359 3373//3373 3374//3374
f 3359//3359 3374//3374 3360//3360
f 3360//3360 3374//3374 3375//3375
f 3360//3360 3375//3375 3361//3361
f 3361//3361 3375//3375 3376//3376
f 3361//3361 3376//3376 3362//3362
f 3370//3370 3377//3377 3371//3371
f 3371//3371 3377//3377 3378//3378
f 3371//3371 3378//3378 3372//3372
f 3372//3372 3378//3378 3379//3379
f 3372//3372 3379//3379 3373//3373
f 3373//3373 3379//3379 3380//3380
f 3373//3373 3380//3380 3374//3374
f 3374//3374 3380//3380 3368//3368
f 3374//3374 3368//3368 3375//3375
f 3375//3375 3368//3368 3319//3319
f 3375//3375 3319//3319 3376//3376
f 3376//3376 3319//3319 3163//3163
f 3376//3376 3163//3163 3362//3362
f 3362//3362 3163//3163 3162//3162
f 3362//3362 3162//3162 3334//3334
f 3334//3334 3162//3162 3299//3299
f 3334//3334 3299//3299 3298//3298
f 3298//3298 3299//3299 3302//3302
f 3298//3298 3302//3302 3294//3294
f 3381//3381 3382//3382 3383//3383
f 3167//3167 3295//3295 3168//3168
f 3168//3168 3295//3295 3294//3294
f 3168//3168 3294//3294 3293//3293
f 3293//3293 3294//3294 3302//3302
f 3293//3293 3302//3302 3292//3292
f 3292//3292 3302//3302 3303//3303
f 3292//3292 3303//3303 3291//3291
f 3291//3291 3303//3303 3304//3304
f 3291//3291 3304//3304 3384//3384
f 3384//3384 3304//3304 3305//3305
f 3384//3384 3305//3305 3385//3385
f 3385//3385 3305//3305 3315//3315
f 3385//3385 3315//3315 3386//3386
f 3386//3386 3315//3315 3363//3363
f 3386//3386 3363//3363 3387//3387
f 3387//3387 3363//3363 3388//3388
f 3387//3387 3388//3388 3389//3389
f 3390//3390 3391//3391 3392//3392
f 3392//3392 3391//3391 3393//3393
f 3392//3392 3393//3393 3394//3394
f 3394//3394 3393//3393 3395//3395
f 3394//3394 3395//3395 3396//3396
f 3396//3396 3395//3395 3397//3397
f 3396//3396 3397//3397 3398//3398
f 3398//3398 3397//3397 3399//3399
f 3398//3398 3399//3399 3400//3400
f 3401//3401 3402//3402 3403//3403
f 3404//3404 3405//3405 3406//3406
f 3406//3406 3405//3405 3407//3407
f 3406//3406 3407//3407 3408//3408
f 3408//3408 3407//3407 3409//3409
f 3408//3408 3409//3409 3410//3410
f 3411//3411 3402//3402 3412//3412
f 3412//3412 3402//3402 3401//3401
f 3412//3412 3401//3401 3413//3413
f 3414//3414 3415//3415 3416//3416
f 3416//3416 3415//3415 3417//3417
f 3416//3416 3417//3417 3418//3418
f 3418//3418 3417//3417 3419//3419
f 3418//3418 3419//3419 3420//3420
f 3420//3420 3419//3419 3421//3421
f 3420//3420 3421//3421 3422//3422
f 3422//3422 3421//3421 3423//3423
f 3422//3422 3423//3423 3424//3424
f 3425//3425 3426//3426 3427//3427
f 3427//3427 3426//3426 3428//3428
f 3427//3427 3428//3428 3429//3429
f 3430//3430 3431//3431 3432//3432
f 3432//3432 3431//3431 3433//3433
f 3432//3432 3433//3433 3434//3434
f 3434//3434 3433//3433 3435//3435
f 3434//3434 3435//3435 3436//3436
f 3437//3437 3429//3429 3381//3381
f 3381//3381 3429//3429 3428//3428
f 3381//3381 3428//3428 3382//3382
f 3382//3382 3428//3428 3426//3426
f 3382//3382 3426//3426 3438//3438
f 3438//3438 3426//3426 3425//3425
f 3438//3438 3425//3425 3439//3439
f 3439//3439 3425//3425 3440//3440
f 3439//3439 3440//3440 3441//3441
f 3441//3441 3440//3440 3442//3442
f 3441//3441 3442//3442 3443//3443
f 3437//3437 3435//3435 3429//3429
f 3429//3429 3435//3435 3433//3433
f 3429//3429 3433//3433 3427//3427
f 3427//3427 3433//3433 3431//3431
f 3427//3427 3431//3431 3425//3425
f 3425//3425 3431//3431 3430//3430
f 3425//3425 3430//3430 3440//3440
f 3440//3440 3430//3430 3444//3444
f 3440//3440 3444//3444 3442//3442
f 3156//3156 3445//3445 3430//3430
f 3430//3430 3445//3445 3446//3446
f 3430//3430 3446//3446 3444//3444
f 3447//3447 3448//3448 3449//3449
f 3449//3449 3448//3448 3450//3450
f 3449//3449 3450//3450 3451//3451
f 3451//3451 3450//3450 3452//3452
f 3399//3399 3452//3452 3400//3400
f 3400//3400 3452//3452 3450//3450
f 3400//3400 3450//3450 3453//3453
f 3453//3453 3450//3450 3448//3448
f 3454//3454 3411//3411 3455//3455
f 3455//3455 3411//3411 3412//3412
f 3455//3455 3412//3412 3456//3456
f 3456//3456 3412//3412 3413//3413
f 3456//3456 3413//3413 3457//3457
f 3458//3458 3459//3459 3460//3460
f 3460//3460 3459//3459 3461//3461
f 3460//3460 3461//3461 3414//3414
f 3414//3414 3461//3461 3462//3462
f 3414//3414 3462//3462 3415//3415
f 3415//3415 3462//3462 3404//3404
f 3415//3415 3404//3404 3417//3417
f 3417//3417 3404//3404 3406//3406
f 3417//3417 3406//3406 3419//3419
f 3419//3419 3406//3406 3408//3408
f 3419//3419 3408//3408 3421//3421
f 3421//3421 3408//3408 3410//3410
f 3421//3421 3410//3410 3423//3423
f 3447//3447 3458//3458 3448//3448
f 3448//3448 3458//3458 3460//3460
f 3448//3448 3460//3460 3453//3453
f 3453//3453 3460//3460 3414//3414
f 3453//3453 3414//3414 3400//3400
f 3400//3400 3414//3414 3416//3416
f 3400//3400 3416//3416 3398//3398
f 3398//3398 3416//3416 3418//3418
f 3398//3398 3418//3418 3396//3396
f 3396//3396 3418//3418 3420//3420
f 3396//3396 3420//3420 3394//3394
f 3394//3394 3420//3420 3422//3422
f 3394//3394 3422//3422 3392//3392
f 3392//3392 3422//3422 3424//3424
f 3392//3392 3424//3424 3390//3390
f 3463//3463 3454//3454 3464//3464
f 3464//3464 3454//3454 3455//3455
f 3464//3464 3455//3455 3465//3465
f 3465//3465 3455//3455 3456//3456
f 3465//3465 3456//3456 3466//3466
f 3466//3466 3456//3456 3457//3457
f 3466//3466 3457//3457 3467//3467
f 3468//3468 3463//3463 3469//3469
f 3469//3469 3463//3463 3464//3464
f 3469//3469 3464//3464 3470//3470
f 3470//3470 3464//3464 3465//3465
f 3470//3470 3465//3465 3471//3471
f 3471//3471 3465//3465 3466//3466
f 3471//3471 3466//3466 3472//3472
f 3472//3472 3466//3466 3467//3467
f 3472//3472 3467//3467 3473//3473
f 3474//3474 3475//3475 3476//3476
f 3474//3474 3476//3476 3473//3473
f 3388//3388 3477//3477 3389//3389
f 3389//3389 3477//3477 3478//3478
f 3389//3389 3478//3478 3479//3479
f 3479//3479 3478//3478 3480//3480
f 3479//3479 3480//3480 3481//3481
f 3481//3481 3480//3480 3482//3482
f 3481//3481 3482//3482 3483//3483
f 3483//3483 3482//3482 3484//3484
f 3483//3483 3484//3484 3485//3485
f 3485//3485 3484//3484 3486//3486
f 3485//3485 3486//3486 3487//3487
f 3487//3487 3486//3486 3488//3488
f 3487//3487 3488//3488 3489//3489
f 3489//3489 3488//3488 3490//3490
f 3489//3489 3490//3490 3491//3491
f 3492//3492 3493//3493 3494//3494
f 3495//3495 3496//3496 3497//3497
f 3497//3497 3496//3496 3498//3498
f 3497//3497 3498//3498 3499//3499
f 3499//3499 3498//3498 3492//3492
f 3499//3499 3492//3492 3500//3500
f 3500//3500 3492//3492 3494//3494
f 3500//3500 3494//3494 3501//3501
f 2152//2152 3259//3259 3260//3260
f 3260//3260 3259//3259 3291//3291
f 3260//3260 3291//3291 3314//3314
f 3314//3314 3291//3291 3384//3384
f 3314//3314 3384//3384 3313//3313
f 3313//3313 3384//3384 3385//3385
f 3313//3313 3385//3385 3312//3312
f 3312//3312 3385//3385 3386//3386
f 3312//3312 3386//3386 3311//3311
f 3311//3311 3386//3386 3387//3387
f 3311//3311 3387//3387 3310//3310
f 3310//3310 3387//3387 3389//3389
f 3310//3310 3389//3389 3502//3502
f 3502//3502 3389//3389 3479//3479
f 3502//3502 3479//3479 3503//3503
f 3503//3503 3479//3479 3481//3481
f 3503//3503 3481//3481 3504//3504
f 3504//3504 3481//3481 3483//3483
f 3504//3504 3483//3483 3495//3495
f 3495//3495 3483//3483 3485//3485
f 3495//3495 3485//3485 3496//3496
f 3496//3496 3485//3485 3487//3487
f 3496//3496 3487//3487 3498//3498
f 3498//3498 3487//3487 3489//3489
f 3498//3498 3489//3489 3492//3492
f 3492//3492 3489//3489 3491//3491
f 3492//3492 3491//3491 3493//3493
f 2412//2412 3189//3189 2413//2413
f 2413//2413 3189//3189 3505//3505
f 2413//2413 3505//3505 2414//2414
f 2414//2414 3505//3505 3506//3506
f 2414//2414 3506//3506 3186//3186
f 3186//3186 3506//3506 3507//3507
f 3186//3186 3507//3507 3191//3191
f 3191//3191 3507//3507 3508//3508
f 3191//3191 3508//3508 3193//3193
f 3193//3193 3508//3508 3509//3509
f 3193//3193 3509//3509 3192//3192
f 3192//3192 3509//3509 3510//3510
f 3192//3192 3510//3510 3194//3194
f 3194//3194 3510//3510 3511//3511
f 3194//3194 3511//3511 3195//3195
f 2142//2142 3308//3308 3187//3187
f 3187//3187 3308//3308 3307//3307
f 3187//3187 3307//3307 3188//3188
f 3188//3188 3307//3307 3310//3310
f 3188//3188 3310//3310 3190//3190
f 3190//3190 3310//3310 3502//3502
f 3190//3190 3502//3502 3189//3189
f 3189//3189 3502//3502 3503//3503
f 3189//3189 3503//3503 3505//3505
f 3505//3505 3503//3503 3504//3504
f 3505//3505 3504//3504 3506//3506
f 3506//3506 3504//3504 3495//3495
f 3506//3506 3495//3495 3507//3507
f 3507//3507 3495//3495 3497//3497
f 3507//3507 3497//3497 3508//3508
f 3508//3508 3497//3497 3499//3499
f 3508//3508 3499//3499 3509//3509
f 3509//3509 3499//3499 3500//3500
f 3509//3509 3500//3500 3510//3510
f 3510//3510 3500//3500 3501//3501
f 3510//3510 3501//3501 3511//3511
f 3476//3476 3512//3512 3473//3473
f 3473//3473 3512//3512 3513//3513
f 3473//3473 3513//3513 3472//3472
f 3472//3472 3513//3513 3514//3514
f 3472//3472 3514//3514 3471//3471
f 3471//3471 3514//3514 3515//3515
f 3471//3471 3515//3515 3470//3470
f 3470//3470 3515//3515 3516//3516
f 3470//3470 3516//3516 3469//3469
f 3469//3469 3516//3516 3517//3517
f 3469//3469 3517//3517 3468//3468
f 3468//3468 3517//3517 3518//3518
f 3468//3468 3518//3518 3519//3519
f 3436//3436 3435//3435 3369//3369
f 3369//3369 3435//3435 3437//3437
f 3369//3369 3437//3437 3370//3370
f 3370//3370 3437//3437 3381//3381
f 3370//3370 3381//3381 3377//3377
f 3377//3377 3381//3381 3383//3383
f 3377//3377 3383//3383 3378//3378
f 3378//3378 3383//3383 3520//3520
f 3378//3378 3520//3520 3379//3379
f 3379//3379 3520//3520 3521//3521
f 3379//3379 3521//3521 3380//3380
f 3380//3380 3521//3521 3522//3522
f 3380//3380 3522//3522 3368//3368
f 3368//3368 3522//3522 3523//3523
f 3368//3368 3523//3523 3367//3367
f 3367//3367 3523//3523 3524//3524
f 3367//3367 3524//3524 3366//3366
f 3366//3366 3524//3524 3525//3525
f 3366//3366 3525//3525 3365//3365
f 3365//3365 3525//3525 3526//3526
f 3365//3365 3526//3526 3364//3364
f 3364//3364 3526//3526 3527//3527
f 3364//3364 3527//3527 3363//3363
f 3363//3363 3527//3527 3528//3528
f 3363//3363 3528//3528 3388//3388
f 3388//3388 3528//3528 3529//3529
f 3388//3388 3529//3529 3477//3477
f 3477//3477 3529//3529 3403//3403
f 3477//3477 3403//3403 3478//3478
f 3478//3478 3403//3403 3402//3402
f 3478//3478 3402//3402 3480//3480
f 3480//3480 3402//3402 3411//3411
f 3480//3480 3411//3411 3482//3482
f 3482//3482 3411//3411 3454//3454
f 3482//3482 3454//3454 3484//3484
f 3484//3484 3454//3454 3463//3463
f 3484//3484 3463//3463 3486//3486
f 3486//3486 3463//3463 3468//3468
f 3486//3486 3468//3468 3488//3488
f 3488//3488 3468//3468 3519//3519
f 3488//3488 3519//3519 3490//3490
f 3447//3447 3474//3474 3458//3458
f 3458//3458 3474//3474 3473//3473
f 3458//3458 3473//3473 3459//3459
f 3459//3459 3473//3473 3467//3467
f 3459//3459 3467//3467 3461//3461
f 3461//3461 3467//3467 3457//3457
f 3461//3461 3457//3457 3462//3462
f 3462//3462 3457//3457 3413//3413
f 3462//3462 3413//3413 3404//3404
f 3404//3404 3413//3413 3401//3401
f 3404//3404 3401//3401 3405//3405
f 3405//3405 3401//3401 3403//3403
f 3405//3405 3403//3403 3407//3407
f 3407//3407 3403//3403 3529//3529
f 3407//3407 3529//3529 3409//3409
f 3409//3409 3529//3529 3528//3528
f 3409//3409 3528//3528 3410//3410
f 3410//3410 3528//3528 3527//3527
f 3410//3410 3527//3527 3423//3423
f 3423//3423 3527//3527 3526//3526
f 3423//3423 3526//3526 3424//3424
f 3424//3424 3526//3526 3525//3525
f 3424//3424 3525//3525 3390//3390
f 3390//3390 3525//3525 3524//3524
f 3390//3390 3524//3524 3391//3391
f 3391//3391 3524//3524 3523//3523
f 3391//3391 3523//3523 3393//3393
f 3393//3393 3523//3523 3522//3522
f 3393//3393 3522//3522 3395//3395
f 3395//3395 3522//3522 3521//3521
f 3395//3395 3521//3521 3397//3397
f 3397//3397 3521//3521 3520//3520
f 3397//3397 3520//3520 3399//3399
f 3399//3399 3520//3520 3383//3383
f 3399//3399 3383//3383 3452//3452
f 3452//3452 3383//3383 3382//3382
f 3452//3452 3382//3382 3451//3451
f 3451//3451 3382//3382 3438//3438
f 3451//3451 3438//3438 3449//3449
f 3449//3449 3438//3438 3439//3439
f 3449//3449 3439//3439 3447//3447
f 3447//3447 3439//3439 3441//3441
f 3447//3447 3441//3441 3474//3474
f 3474//3474 3441//3441 3443//3443
f 3474//3474 3443//3443 3475//3475
f 3356//3356 3348//3348 3355//3355
f 3355//3355 3348//3348 3346//3346
f 3355//3355 3346//3346 3354//3354
f 3354//3354 3346//3346 3344//3344
f 3354//3354 3344//3344 3352//3352
f 3352//3352 3344//3344 3342//3342
f 3352//3352 3342//3342 3350//3350
f 3350//3350 3342//3342 3160//3160
f 3350//3350 3160//3160 3157//3157
f 3157//3157 3160//3160 3159//3159
f 3157//3157 3159//3159 3155//3155
f 3209//3209 3211//3211 3217//3217
f 3217//3217 3211//3211 3530//3530
f 3217//3217 3530//3530 3531//3531
f 3531//3531 3530//3530 3324//3324
f 3531//3531 3324//3324 3532//3532
f 3532//3532 3324//3324 3323//3323
f 3532//3532 3323//3323 3533//3533
f 3199//3199 3338//3338 3206//3206
f 3206//3206 3338//3338 3341//3341
f 3206//3206 3341//3341 3204//3204
f 3204//3204 3341//3341 3343//3343
f 3204//3204 3343//3343 3211//3211
f 3211//3211 3343//3343 3345//3345
f 3211//3211 3345//3345 3530//3530
f 3530//3530 3345//3345 3347//3347
f 3530//3530 3347//3347 3324//3324
f 3324//3324 3347//3347 3348//3348
f 3324//3324 3348//3348 3326//3326
f 3326//3326 3348//3348 3356//3356
f 3326//3326 3356//3356 3327//3327
f 3241//3241 3534//3534 3178//3178
f 3178//3178 3534//3534 3535//3535
f 3178//3178 3535//3535 3243//3243
f 3243//3243 3535//3535 2199//2199
f 3243//3243 2199//2199 2198//2198
f 3235//3235 3237//3237 3241//3241
f 3241//3241 3237//3237 3536//3536
f 3241//3241 3536//3536 3534//3534
f 3534//3534 3536//3536 3175//3175
f 3534//3534 3175//3175 3535//3535
f 3535//3535 3175//3175 2195//2195
f 3535//3535 2195//2195 2199//2199
f 3537//3537 3538//3538 3539//3539
f 3539//3539 3538//3538 3540//3540
f 3539//3539 3540//3540 3541//3541
f 3541//3541 3540//3540 3174//3174
f 3541//3541 3174//3174 3542//3542
f 3542//3542 3174//3174 3173//3173
f 3538//3538 3543//3543 3540//3540
f 3540//3540 3543//3543 3172//3172
f 3540//3540 3172//3172 3174//3174
f 3174//3174 3172//3172 2131//2131
f 3174//3174 2131//2131 2193//2193
f 2171//2171 3256//3256 3544//3544
f 3544//3544 3256//3256 3254//3254
f 3544//3544 3254//3254 3545//3545
f 3545//3545 3254//3254 3255//3255
f 3545//3545 3255//3255 3546//3546
f 3546//3546 3255//3255 3265//3265
f 3546//3546 3265//3265 3547//3547
f 3547//3547 3265//3265 3250//3250
f 3547//3547 3250//3250 3548//3548
f 2172//2172 2171//2171 3257//3257
f 3257//3257 2171//2171 3544//3544
f 3257//3257 3544//3544 3267//3267
f 3267//3267 3544//3544 3545//3545
f 3267//3267 3545//3545 3269//3269
f 3269//3269 3545//3545 3546//3546
f 3269//3269 3546//3546 3271//3271
f 3271//3271 3546//3546 3547//3547
f 3271//3271 3547//3547 3273//3273
f 3273//3273 3547//3547 3548//3548
f 3273//3273 3548//3548 3274//3274
f 3274//3274 3548//3548 3549//3549
f 3274//3274 3549//3549 3550//3550
f 3215//3215 3217//3217 3221//3221
f 3221//3221 3217//3217 3531//3531
f 3221//3221 3531//3531 3219//3219
f 3219//3219 3531//3531 3532//3532
f 3219//3219 3532//3532 3551//3551
f 3551//3551 3532//3532 3533//3533
f 3551//3551 3533//3533 3552//3552
f 3552//3552 3533//3533 3553//3553
f 3552//3552 3553//3553 3537//3537
f 3537//3537 3553//3553 3554//3554
f 3537//3537 3554//3554 3538//3538
f 3538//3538 3554//3554 3555//3555
f 3538//3538 3555//3555 3543//3543
f 2193//2193 2192//2192 3173//3173
f 3173//3173 2192//2192 3175//3175
f 3173//3173 3175//3175 3542//3542
f 3542//3542 3175//3175 3536//3536
f 3542//3542 3536//3536 3541//3541
f 3541//3541 3536//3536 3237//3237
f 3541//3541 3237//3237 3539//3539
f 3539//3539 3237//3237 3232//3232
f 3539//3539 3232//3232 3537//3537
f 3537//3537 3232//3232 3181//3181
f 3537//3537 3181//3181 3552//3552
f 3552//3552 3181//3181 3184//3184
f 3552//3552 3184//3184 3551//3551
f 3551//3551 3184//3184 3183//3183
f 3551//3551 3183//3183 3219//3219
f 3219//3219 3183//3183 3182//3182
f 3219//3219 3182//3182 3223//3223
f 3197//3197 3556//3556 3199//3199
f 3199//3199 3556//3556 3557//3557
f 3199//3199 3557//3557 3338//3338
f 3338//3338 3557//3557 3339//3339
f 3338//3338 3339//3339 3339//3339
f 2164//2164 2162//2162 3169//3169
f 3169//3169 2162//2162 3290//3290
f 3169//3169 3290//3290 3167//3167
f 3167//3167 3290//3290 3289//3289
f 3167//3167 3289//3289 3322//3322
f 3322//3322 3289//3289 3288//3288
f 3322//3322 3288//3288 3321//3321
f 3321//3321 3288//3288 3287//3287
f 3321//3321 3287//3287 3275//3275
f 3275//3275 3287//3287 3286//3286
f 3275//3275 3286//3286 3276//3276
f 3276//3276 3286//3286 3285//3285
f 3276//3276 3285//3285 3282//3282
f 3282//3282 3285//3285 3274//3274
f 3282//3282 3274//3274 3280//3280
f 3280//3280 3274//3274 3550//3550
f 3280//3280 3550//3550 3281//3281
f 3156//3156 3430//3430 3157//3157
f 3157//3157 3430//3430 3432//3432
f 3157//3157 3432//3432 3349//3349
f 3349//3349 3432//3432 3434//3434
f 3349//3349 3434//3434 3351//3351
f 3351//3351 3434//3434 3436//3436
f 3351//3351 3436//3436 3353//3353
f 3353//3353 3436//3436 3369//3369
f 3353//3353 3369//3369 3335//3335
f 3335//3335 3369//3369 3357//3357
f 3335//3335 3357//3357 3336//3336
f 3336//3336 3357//3357 3330//3330
f 3336//3336 3330//3330 3337//3337
f 3337//3337 3330//3330 3329//3329
f 3337//3337 3329//3329 3356//3356
f 3356//3356 3329//3329 3328//3328
f 3356//3356 3328//3328 3327//3327
f 3327//3327 3328//3328 3284//3284
f 3327//3327 3284//3284 3325//3325
f 3325//3325 3284//3284 3283//3283
f 3325//3325 3283//3283 3323//3323
f 3323//3323 3283//3283 3281//3281
f 3323//3323 3281//3281 3533//3533
f 3533//3533 3281//3281 3550//3550
f 3533//3533 3550//3550 3553//3553
f 3553//3553 3550//3550 3549//3549
f 3553//3553 3549//3549 3554//3554
f 3554//3554 3549//3549 3548//3548
f 3554//3554 3548//3548 3555//3555
f 3555//3555 3548//3548 3250//3250
f 3555//3555 3250//3250 3543//3543
f 3543//3543 3250//3250 3171//3171
f 3543//3543 3171//3171 3172//3172
f 3172//3172 3171//3171 2186//2186
f 3172//3172 2186//2186 2132//2132
f 3556//3556 3197//3197 3558//3558
f 3559//3559 3560//3560 3561//3561
f 3562//3562 3563//3563 3564//3564
f 3565//3565 3566//3566 3567//3567
f 3568//3568 3569//3569 3570//3570
f 3571//3571 3572//3572 3573//3573
f 3574//3574 3575//3575 3576//3576
f 2386//2386 3577//3577 3578//3578
f 3579//3579 3580//3580 3581//3581
f 3563//3563 3562//3562 3582//3582
f 2508//2508 2507//2507 3583//3583
f 3583//3583 2507//2507 2504//2504
f 2505//2505 2506//2506 3584//3584
f 3585//3585 2490//2490 2562//2562
f 3586//3586 2558//2558 3587//3587
f 3587//3587 2558//2558 2557//2557
f 3587//3587 2557//2557 2491//2491
f 3588//3588 2576//2576 3586//3586
f 3586//3586 2576//2576 2560//2560
f 3586//3586 2560//2560 2558//2558
f 2561//2561 3589//3589 2555//2555
f 2555//2555 3589//3589 3590//3590
f 2553//2553 2551//2551 3591//3591
f 3591//3591 2551//2551 2550//2550
f 3591//3591 2550//2550 3590//3590
f 3590//3590 2550//2550 2556//2556
f 3590//3590 2556//2556 2555//2555
f 2553//2553 3591//3591 2586//2586
f 2586//2586 3591//3591 3592//3592
f 2586//2586 3592//3592 2545//2545
f 3593//3593 2549//2549 2548//2548
f 3594//3594 2541//2541 3593//3593
f 3593//3593 2541//2541 2540//2540
f 3593//3593 2540//2540 2549//2549
f 2538//2538 2536//2536 3595//3595
f 3595//3595 2536//2536 2544//2544
f 3595//3595 2544//2544 3594//3594
f 3594//3594 2544//2544 2543//2543
f 3594//3594 2543//2543 2541//2541
f 2531//2531 3596//3596 2533//2533
f 2533//2533 3596//3596 3597//3597
f 2533//2533 3597//3597 2534//2534
f 2534//2534 3597//3597 2525//2525
f 2526//2526 3576//3576 2527//2527
f 2527//2527 3576//3576 2523//2523
f 2524//2524 3598//3598 2514//2514
f 2514//2514 3598//3598 2515//2515
f 2521//2521 2517//2517 3599//3599
f 3599//3599 2517//2517 2515//2515
f 2510//2510 2509//2509 3600//3600
f 3600//3600 2509//2509 2518//2518
f 3600//3600 2518//2518 3599//3599
f 3599//3599 2518//2518 2520//2520
f 3599//3599 2520//2520 2521//2521
f 3601//3601 3602//3602 3603//3603
f 3603//3603 3602//3602 3604//3604
f 1552//1552 2503//2503 2672//2672
f 2672//2672 2503//2503 3603//3603
f 2672//2672 3603//3603 3605//3605
f 3605//3605 3603//3603 3604//3604
f 3606//3606 3607//3607 3561//3561
f 3561//3561 3607//3607 3608//3608
f 3609//3609 3610//3610 3560//3560
f 3560//3560 3610//3610 3611//3611
f 3560//3560 3611//3611 3561//3561
f 3561//3561 3611//3611 3612//3612
f 3561//3561 3612//3612 3606//3606
f 3613//3613 3614//3614 3615//3615
f 3615//3615 3614//3614 3616//3616
f 3617//3617 3618//3618 3619//3619
f 3619//3619 3618//3618 3620//3620
f 3619//3619 3620//3620 3613//3613
f 3621//3621 3622//3622 3623//3623
f 3624//3624 3625//3625 3626//3626
f 3626//3626 3625//3625 3627//3627
f 3628//3628 3629//3629 3562//3562
f 3562//3562 3629//3629 3630//3630
f 3630//3630 3631//3631 3562//3562
f 3562//3562 3631//3631 3632//3632
f 3562//3562 3632//3632 3582//3582
f 3582//3582 3632//3632 3633//3633
f 3582//3582 3633//3633 3634//3634
f 3635//3635 3636//3636 3637//3637
f 3637//3637 3636//3636 3638//3638
f 3580//3580 3639//3639 3581//3581
f 3581//3581 3639//3639 3640//3640
f 3581//3581 3640//3640 3638//3638
f 3638//3638 3640//3640 3641//3641
f 3638//3638 3641//3641 3637//3637
f 3642//3642 3643//3643 3644//3644
f 3645//3645 3646//3646 3647//3647
f 3648//3648 3649//3649 3558//3558
f 3558//3558 3649//3649 3650//3650
f 3196//3196 3651//3651 3197//3197
f 3197//3197 3651//3651 3652//3652
f 3197//3197 3652//3652 3558//3558
f 3558//3558 3652//3652 3653//3653
f 3558//3558 3653//3653 3648//3648
f 3654//3654 3655//3655 2391//2391
f 2401//2401 3185//3185 2397//2397
f 2397//2397 3185//3185 3654//3654
f 2397//2397 3654//3654 2398//2398
f 2398//2398 3654//3654 2391//2391
f 3656//3656 2393//2393 3655//3655
f 3655//3655 2393//2393 2392//2392
f 3655//3655 2392//2392 2391//2391
f 2386//2386 2385//2385 3577//3577
f 3577//3577 2385//2385 2395//2395
f 3577//3577 2395//2395 3656//3656
f 3656//3656 2395//2395 2394//2394
f 3656//3656 2394//2394 2393//2393
f 3578//3578 2381//2381 2380//2380
f 2380//2380 2389//2389 3578//3578
f 3578//3578 2389//2389 2388//2388
f 3578//3578 2388//2388 2386//2386
f 2383//2383 3657//3657 2384//2384
f 2384//2384 3657//3657 3658//3658
f 2384//2384 3658//3658 2314//2314
f 2314//2314 3658//3658 2315//2315
f 2315//2315 3658//3658 2377//2377
f 2377//2377 3658//3658 3659//3659
f 2377//2377 3659//3659 2378//2378
f 2378//2378 3659//3659 3660//3660
f 2378//2378 3660//3660 2379//2379
f 2478//2478 2375//2375 3661//3661
f 3661//3661 2375//2375 2373//2373
f 3661//3661 2373//2373 3660//3660
f 3660//3660 2373//2373 2372//2372
f 3660//3660 2372//2372 2379//2379
f 3662//3662 3574//3574 3663//3663
f 3663//3663 3574//3574 3576//3576
f 3663//3663 3576//3576 3597//3597
f 3597//3597 3576//3576 2526//2526
f 3597//3597 2526//2526 2525//2525
f 2531//2531 2529//2529 3596//3596
f 3596//3596 2529//2529 2528//2528
f 3596//3596 2528//2528 3664//3664
f 3664//3664 2528//2528 2539//2539
f 3664//3664 2539//2539 2538//2538
f 3662//3662 3663//3663 3665//3665
f 3665//3665 3663//3663 3597//3597
f 3665//3665 3597//3597 3666//3666
f 3666//3666 3597//3597 3596//3596
f 3666//3666 3596//3596 3667//3667
f 3667//3667 3596//3596 3664//3664
f 3667//3667 3664//3664 3668//3668
f 3669//3669 3668//3668 3670//3670
f 3671//3671 3672//3672 3673//3673
f 3673//3673 3672//3672 3674//3674
f 3673//3673 3674//3674 3675//3675
f 3675//3675 3674//3674 3676//3676
f 3675//3675 3676//3676 3677//3677
f 3677//3677 3676//3676 3678//3678
f 3679//3679 3678//3678 3680//3680
f 3680//3680 3678//3678 3676//3676
f 3680//3680 3676//3676 3681//3681
f 3681//3681 3676//3676 3674//3674
f 3681//3681 3674//3674 3682//3682
f 3682//3682 3674//3674 3672//3672
f 3683//3683 3684//3684 3685//3685
f 3685//3685 3684//3684 3686//3686
f 3685//3685 3686//3686 3687//3687
f 3687//3687 3686//3686 3688//3688
f 2548//2548 2546//2546 3593//3593
f 3593//3593 2546//2546 3689//3689
f 3593//3593 3689//3689 3594//3594
f 3594//3594 3689//3689 3690//3690
f 3594//3594 3690//3690 3595//3595
f 3595//3595 3690//3690 3691//3691
f 3692//3692 3691//3691 3693//3693
f 3693//3693 3691//3691 3690//3690
f 3693//3693 3690//3690 3694//3694
f 3694//3694 3690//3690 3689//3689
f 3694//3694 3689//3689 3592//3592
f 3592//3592 3689//3689 2546//2546
f 3592//3592 2546//2546 2545//2545
f 2561//2561 2576//2576 3589//3589
f 3589//3589 2576//2576 3588//3588
f 3589//3589 3588//3588 3590//3590
f 3590//3590 3588//3588 3695//3695
f 3590//3590 3695//3695 3591//3591
f 3591//3591 3695//3695 3696//3696
f 3591//3591 3696//3696 3592//3592
f 3697//3697 3698//3698 3683//3683
f 3699//3699 3700//3700 3701//3701
f 3701//3701 3700//3700 3702//3702
f 3701//3701 3702//3702 3703//3703
f 3703//3703 3702//3702 3704//3704
f 3703//3703 3704//3704 3705//3705
f 3705//3705 3704//3704 3706//3706
f 3705//3705 3706//3706 3707//3707
f 3708//3708 3587//3587 3585//3585
f 3585//3585 3587//3587 2491//2491
f 3585//3585 2491//2491 2490//2490
f 3709//3709 3699//3699 3710//3710
f 3710//3710 3699//3699 3701//3701
f 3710//3710 3701//3701 3711//3711
f 3711//3711 3701//3701 3703//3703
f 3711//3711 3703//3703 3712//3712
f 3712//3712 3703//3703 3705//3705
f 3712//3712 3705//3705 3713//3713
f 3713//3713 3705//3705 3707//3707
f 3713//3713 3707//3707 3714//3714
f 3715//3715 3709//3709 3716//3716
f 3716//3716 3709//3709 3710//3710
f 3716//3716 3710//3710 3717//3717
f 3717//3717 3710//3710 3711//3711
f 3717//3717 3711//3711 3718//3718
f 3718//3718 3711//3711 3712//3712
f 3718//3718 3712//3712 3719//3719
f 3719//3719 3712//3712 3713//3713
f 3719//3719 3713//3713 3720//3720
f 3720//3720 3713//3713 3714//3714
f 3720//3720 3714//3714 3721//3721
f 3722//3722 3723//3723 3724//3724
f 3724//3724 3723//3723 3725//3725
f 3724//3724 3725//3725 3726//3726
f 3726//3726 3725//3725 3727//3727
f 3726//3726 3727//3727 3728//3728
f 3683//3683 3698//3698 3684//3684
f 3684//3684 3698//3698 3729//3729
f 3684//3684 3729//3729 3686//3686
f 3730//3730 3731//3731 3732//3732
f 3732//3732 3731//3731 3733//3733
f 3732//3732 3733//3733 3734//3734
f 3735//3735 3736//3736 3737//3737
f 3737//3737 3736//3736 3738//3738
f 3737//3737 3738//3738 3739//3739
f 3739//3739 3738//3738 3740//3740
f 3730//3730 3741//3741 3742//3742
f 3743//3743 3744//3744 3745//3745
f 3569//3569 3568//3568 3746//3746
f 3746//3746 3568//3568 3572//3572
f 3746//3746 3572//3572 3735//3735
f 3735//3735 3572//3572 3571//3571
f 3735//3735 3571//3571 3736//3736
f 3747//3747 3748//3748 3749//3749
f 3749//3749 3748//3748 3750//3750
f 3749//3749 3750//3750 3697//3697
f 3697//3697 3750//3750 3751//3751
f 3697//3697 3751//3751 3698//3698
f 3698//3698 3751//3751 3752//3752
f 3698//3698 3752//3752 3729//3729
f 3729//3729 3752//3752 3753//3753
f 3729//3729 3753//3753 3686//3686
f 3754//3754 3747//3747 3755//3755
f 3755//3755 3747//3747 3749//3749
f 3755//3755 3749//3749 3756//3756
f 3756//3756 3749//3749 3697//3697
f 3756//3756 3697//3697 3757//3757
f 3757//3757 3697//3697 3683//3683
f 3757//3757 3683//3683 3758//3758
f 3758//3758 3683//3683 3685//3685
f 3758//3758 3685//3685 3759//3759
f 3740//3740 3688//3688 3739//3739
f 3739//3739 3688//3688 3686//3686
f 3739//3739 3686//3686 3737//3737
f 3737//3737 3686//3686 3753//3753
f 3737//3737 3753//3753 3735//3735
f 3735//3735 3753//3753 3752//3752
f 3735//3735 3752//3752 3746//3746
f 3746//3746 3752//3752 3751//3751
f 3746//3746 3751//3751 3569//3569
f 3569//3569 3751//3751 3750//3750
f 3569//3569 3750//3750 3570//3570
f 3570//3570 3750//3750 3748//3748
f 3566//3566 3565//3565 3760//3760
f 3760//3760 3565//3565 3761//3761
f 3760//3760 3761//3761 3762//3762
f 3763//3763 3762//3762 3764//3764
f 3764//3764 3762//3762 3761//3761
f 3764//3764 3761//3761 3765//3765
f 3765//3765 3761//3761 3565//3565
f 3765//3765 3565//3565 3766//3766
f 3766//3766 3565//3565 3567//3567
f 3766//3766 3567//3567 3767//3767
f 3768//3768 3769//3769 3770//3770
f 3770//3770 3769//3769 3771//3771
f 3772//3772 3773//3773 3768//3768
f 3768//3768 3773//3773 3774//3774
f 3768//3768 3774//3774 3769//3769
f 3769//3769 3774//3774 3775//3775
f 3776//3776 3573//3573 3763//3763
f 3763//3763 3573//3573 3572//3572
f 3763//3763 3572//3572 3762//3762
f 3762//3762 3572//3572 3568//3568
f 3762//3762 3568//3568 3760//3760
f 3760//3760 3568//3568 3570//3570
f 3760//3760 3570//3570 3566//3566
f 3566//3566 3570//3570 3748//3748
f 3566//3566 3748//3748 3567//3567
f 3567//3567 3748//3748 3747//3747
f 3567//3567 3747//3747 3767//3767
f 3767//3767 3747//3747 3754//3754
f 3767//3767 3754//3754 3777//3777
f 3778//3778 3779//3779 3780//3780
f 3780//3780 3779//3779 3721//3721
f 3781//3781 3782//3782 3783//3783
f 3783//3783 3782//3782 3784//3784
f 3783//3783 3784//3784 3785//3785
f 3785//3785 3784//3784 3786//3786
f 3780//3780 3787//3787 3788//3788
f 3778//3778 3780//3780 3789//3789
f 3789//3789 3780//3780 3788//3788
f 3789//3789 3788//3788 3790//3790
f 3775//3775 3791//3791 3792//3792
f 3792//3792 3791//3791 3793//3793
f 3792//3792 3793//3793 3794//3794
f 3795//3795 3796//3796 3797//3797
f 3797//3797 3796//3796 3798//3798
f 3797//3797 3798//3798 3799//3799
f 3706//3706 3728//3728 3707//3707
f 3707//3707 3728//3728 3727//3727
f 3707//3707 3727//3727 3714//3714
f 3714//3714 3727//3727 3725//3725
f 3714//3714 3725//3725 3721//3721
f 3721//3721 3725//3725 3723//3723
f 3721//3721 3723//3723 3780//3780
f 3780//3780 3723//3723 3722//3722
f 3780//3780 3722//3722 3787//3787
f 3787//3787 3722//3722 3800//3800
f 3787//3787 3800//3800 3788//3788
f 3788//3788 3800//3800 3801//3801
f 3788//3788 3801//3801 3790//3790
f 3790//3790 3801//3801 3802//3802
f 3803//3803 3802//3802 3804//3804
f 3804//3804 3802//3802 3801//3801
f 3804//3804 3801//3801 3805//3805
f 3805//3805 3801//3801 3800//3800
f 3805//3805 3800//3800 3806//3806
f 3806//3806 3800//3800 3722//3722
f 3806//3806 3722//3722 3807//3807
f 3807//3807 3722//3722 3724//3724
f 3807//3807 3724//3724 3708//3708
f 3708//3708 3724//3724 3726//3726
f 3708//3708 3726//3726 3587//3587
f 3587//3587 3726//3726 3728//3728
f 3587//3587 3728//3728 3586//3586
f 3586//3586 3728//3728 3706//3706
f 3586//3586 3706//3706 3588//3588
f 3588//3588 3706//3706 3704//3704
f 3588//3588 3704//3704 3695//3695
f 3695//3695 3704//3704 3702//3702
f 3695//3695 3702//3702 3696//3696
f 3696//3696 3702//3702 3700//3700
f 3696//3696 3700//3700 3592//3592
f 3592//3592 3700//3700 3699//3699
f 3592//3592 3699//3699 3694//3694
f 3694//3694 3699//3699 3709//3709
f 3694//3694 3709//3709 3693//3693
f 3693//3693 3709//3709 3715//3715
f 3693//3693 3715//3715 3692//3692
f 3734//3734 3740//3740 3732//3732
f 3732//3732 3740//3740 3738//3738
f 3732//3732 3738//3738 3730//3730
f 3730//3730 3738//3738 3736//3736
f 3730//3730 3736//3736 3741//3741
f 3741//3741 3736//3736 3571//3571
f 3741//3741 3571//3571 3742//3742
f 3742//3742 3571//3571 3573//3573
f 3742//3742 3573//3573 3808//3808
f 3808//3808 3573//3573 3776//3776
f 3808//3808 3776//3776 3809//3809
f 3809//3809 3776//3776 3810//3810
f 3809//3809 3810//3810 3811//3811
f 3442//3442 3444//3444 3812//3812
f 3813//3813 3814//3814 3815//3815
f 3815//3815 3814//3814 3816//3816
f 3815//3815 3816//3816 3817//3817
f 3817//3817 3816//3816 3818//3818
f 3817//3817 3818//3818 3819//3819
f 3819//3819 3818//3818 3820//3820
f 3819//3819 3820//3820 3475//3475
f 3475//3475 3820//3820 3476//3476
f 3821//3821 3822//3822 3445//3445
f 3445//3445 3822//3822 3812//3812
f 3445//3445 3812//3812 3446//3446
f 3446//3446 3812//3812 3444//3444
f 3813//3813 3823//3823 3814//3814
f 3814//3814 3823//3823 3824//3824
f 3814//3814 3824//3824 3816//3816
f 3816//3816 3824//3824 3825//3825
f 3816//3816 3825//3825 3818//3818
f 3818//3818 3825//3825 3826//3826
f 3818//3818 3826//3826 3820//3820
f 3794//3794 3827//3827 3828//3828
f 3828//3828 3827//3827 3829//3829
f 3830//3830 3795//3795 3831//3831
f 3831//3831 3795//3795 3797//3797
f 3831//3831 3797//3797 3832//3832
f 3832//3832 3797//3797 3799//3799
f 3832//3832 3799//3799 3833//3833
f 3775//3775 3792//3792 3769//3769
f 3769//3769 3792//3792 3794//3794
f 3769//3769 3794//3794 3771//3771
f 3771//3771 3794//3794 3828//3828
f 3771//3771 3828//3828 3834//3834
f 3834//3834 3828//3828 3829//3829
f 3834//3834 3829//3829 3835//3835
f 3836//3836 3830//3830 3837//3837
f 3837//3837 3830//3830 3831//3831
f 3837//3837 3831//3831 3838//3838
f 3838//3838 3831//3831 3832//3832
f 3838//3838 3832//3832 3839//3839
f 3839//3839 3832//3832 3833//3833
f 3839//3839 3833//3833 3840//3840
f 3841//3841 3842//3842 3843//3843
f 3843//3843 3842//3842 3803//3803
f 3843//3843 3803//3803 3844//3844
f 3844//3844 3803//3803 3804//3804
f 3844//3844 3804//3804 3845//3845
f 3845//3845 3804//3804 3805//3805
f 3845//3845 3805//3805 3657//3657
f 3657//3657 3805//3805 3806//3806
f 3657//3657 3806//3806 3658//3658
f 3658//3658 3806//3806 3807//3807
f 3658//3658 3807//3807 3659//3659
f 3659//3659 3807//3807 3708//3708
f 3659//3659 3708//3708 3660//3660
f 3660//3660 3708//3708 3585//3585
f 3660//3660 3585//3585 3661//3661
f 3661//3661 3585//3585 2562//2562
f 3661//3661 2562//2562 2478//2478
f 3772//3772 3768//3768 3823//3823
f 3823//3823 3768//3768 3770//3770
f 3823//3823 3770//3770 3824//3824
f 3824//3824 3770//3770 3771//3771
f 3824//3824 3771//3771 3825//3825
f 3825//3825 3771//3771 3834//3834
f 3825//3825 3834//3834 3826//3826
f 3826//3826 3834//3834 3835//3835
f 3826//3826 3835//3835 3820//3820
f 3846//3846 3836//3836 3847//3847
f 3847//3847 3836//3836 3837//3837
f 3847//3847 3837//3837 3848//3848
f 3848//3848 3837//3837 3838//3838
f 3848//3848 3838//3838 3849//3849
f 3849//3849 3838//3838 3839//3839
f 3849//3849 3839//3839 3850//3850
f 3850//3850 3839//3839 3840//3840
f 3850//3850 3840//3840 3851//3851
f 3791//3791 3798//3798 3793//3793
f 3793//3793 3798//3798 3796//3796
f 3793//3793 3796//3796 3794//3794
f 3794//3794 3796//3796 3795//3795
f 3794//3794 3795//3795 3827//3827
f 3827//3827 3795//3795 3830//3830
f 3827//3827 3830//3830 3829//3829
f 3829//3829 3830//3830 3836//3836
f 3829//3829 3836//3836 3835//3835
f 3835//3835 3836//3836 3846//3846
f 3835//3835 3846//3846 3820//3820
f 3820//3820 3846//3846 3512//3512
f 3820//3820 3512//3512 3476//3476
f 3852//3852 3781//3781 3853//3853
f 3853//3853 3781//3781 3783//3783
f 3853//3853 3783//3783 3854//3854
f 3854//3854 3783//3783 3785//3785
f 3854//3854 3785//3785 3855//3855
f 3855//3855 3785//3785 3786//3786
f 3855//3855 3786//3786 3856//3856
f 3856//3856 3786//3786 3857//3857
f 3856//3856 3857//3857 3858//3858
f 3858//3858 3857//3857 3859//3859
f 3858//3858 3859//3859 3860//3860
f 3860//3860 3859//3859 3861//3861
f 3860//3860 3861//3861 3862//3862
f 3862//3862 3861//3861 3863//3863
f 3862//3862 3863//3863 3864//3864
f 3864//3864 3863//3863 3865//3865
f 2383//2383 2381//2381 3657//3657
f 3657//3657 2381//2381 3578//3578
f 3657//3657 3578//3578 3845//3845
f 3845//3845 3578//3578 3577//3577
f 3845//3845 3577//3577 3844//3844
f 3844//3844 3577//3577 3656//3656
f 3844//3844 3656//3656 3843//3843
f 3843//3843 3656//3656 3655//3655
f 3843//3843 3655//3655 3841//3841
f 3841//3841 3655//3655 3654//3654
f 3777//3777 3866//3866 3867//3867
f 3867//3867 3866//3866 3868//3868
f 3867//3867 3868//3868 3869//3869
f 3869//3869 3868//3868 3870//3870
f 3869//3869 3870//3870 3871//3871
f 3871//3871 3870//3870 3872//3872
f 3871//3871 3872//3872 3873//3873
f 3873//3873 3872//3872 3874//3874
f 3873//3873 3874//3874 3875//3875
f 3875//3875 3874//3874 3876//3876
f 3875//3875 3876//3876 3877//3877
f 3877//3877 3876//3876 3878//3878
f 3877//3877 3878//3878 3879//3879
f 3879//3879 3878//3878 3880//3880
f 3879//3879 3880//3880 3881//3881
f 3881//3881 3880//3880 3882//3882
f 3881//3881 3882//3882 3511//3511
f 3511//3511 3882//3882 3195//3195
f 3501//3501 3494//3494 3865//3865
f 3865//3865 3494//3494 3493//3493
f 3865//3865 3493//3493 3864//3864
f 3883//3883 3852//3852 3884//3884
f 3884//3884 3852//3852 3853//3853
f 3884//3884 3853//3853 3885//3885
f 3885//3885 3853//3853 3854//3854
f 3885//3885 3854//3854 3886//3886
f 3886//3886 3854//3854 3855//3855
f 3886//3886 3855//3855 3887//3887
f 3887//3887 3855//3855 3856//3856
f 3887//3887 3856//3856 3888//3888
f 3888//3888 3856//3856 3858//3858
f 3888//3888 3858//3858 3889//3889
f 3889//3889 3858//3858 3860//3860
f 3889//3889 3860//3860 3890//3890
f 3890//3890 3860//3860 3862//3862
f 3890//3890 3862//3862 3891//3891
f 3891//3891 3862//3862 3864//3864
f 3891//3891 3864//3864 3491//3491
f 3491//3491 3864//3864 3493//3493
f 3185//3185 3195//3195 3654//3654
f 3654//3654 3195//3195 3882//3882
f 3654//3654 3882//3882 3841//3841
f 3841//3841 3882//3882 3880//3880
f 3841//3841 3880//3880 3842//3842
f 3842//3842 3880//3880 3878//3878
f 3842//3842 3878//3878 3803//3803
f 3803//3803 3878//3878 3876//3876
f 3803//3803 3876//3876 3802//3802
f 3802//3802 3876//3876 3874//3874
f 3802//3802 3874//3874 3790//3790
f 3790//3790 3874//3874 3872//3872
f 3790//3790 3872//3872 3789//3789
f 3789//3789 3872//3872 3870//3870
f 3789//3789 3870//3870 3778//3778
f 3778//3778 3870//3870 3868//3868
f 3778//3778 3868//3868 3779//3779
f 3779//3779 3868//3868 3866//3866
f 3779//3779 3866//3866 3721//3721
f 3721//3721 3866//3866 3777//3777
f 3721//3721 3777//3777 3720//3720
f 3720//3720 3777//3777 3754//3754
f 3720//3720 3754//3754 3719//3719
f 3719//3719 3754//3754 3755//3755
f 3719//3719 3755//3755 3718//3718
f 3718//3718 3755//3755 3756//3756
f 3718//3718 3756//3756 3717//3717
f 3717//3717 3756//3756 3757//3757
f 3717//3717 3757//3757 3716//3716
f 3716//3716 3757//3757 3758//3758
f 3716//3716 3758//3758 3715//3715
f 3715//3715 3758//3758 3759//3759
f 3715//3715 3759//3759 3692//3692
f 3491//3491 3490//3490 3891//3891
f 3891//3891 3490//3490 3851//3851
f 3891//3891 3851//3851 3890//3890
f 3890//3890 3851//3851 3840//3840
f 3890//3890 3840//3840 3889//3889
f 3889//3889 3840//3840 3833//3833
f 3889//3889 3833//3833 3888//3888
f 3888//3888 3833//3833 3799//3799
f 3888//3888 3799//3799 3887//3887
f 3887//3887 3799//3799 3798//3798
f 3887//3887 3798//3798 3886//3886
f 3886//3886 3798//3798 3791//3791
f 3886//3886 3791//3791 3885//3885
f 3885//3885 3791//3791 3775//3775
f 3885//3885 3775//3775 3884//3884
f 3884//3884 3775//3775 3774//3774
f 3884//3884 3774//3774 3883//3883
f 3883//3883 3774//3774 3773//3773
f 3490//3490 3519//3519 3851//3851
f 3851//3851 3519//3519 3518//3518
f 3851//3851 3518//3518 3850//3850
f 3850//3850 3518//3518 3517//3517
f 3850//3850 3517//3517 3849//3849
f 3849//3849 3517//3517 3516//3516
f 3849//3849 3516//3516 3848//3848
f 3848//3848 3516//3516 3515//3515
f 3848//3848 3515//3515 3847//3847
f 3847//3847 3515//3515 3514//3514
f 3847//3847 3514//3514 3846//3846
f 3846//3846 3514//3514 3513//3513
f 3846//3846 3513//3513 3512//3512
f 3511//3511 3501//3501 3881//3881
f 3881//3881 3501//3501 3865//3865
f 3881//3881 3865//3865 3879//3879
f 3879//3879 3865//3865 3863//3863
f 3879//3879 3863//3863 3877//3877
f 3877//3877 3863//3863 3861//3861
f 3877//3877 3861//3861 3875//3875
f 3875//3875 3861//3861 3859//3859
f 3875//3875 3859//3859 3873//3873
f 3873//3873 3859//3859 3857//3857
f 3873//3873 3857//3857 3871//3871
f 3871//3871 3857//3857 3786//3786
f 3871//3871 3786//3786 3869//3869
f 3869//3869 3786//3786 3784//3784
f 3869//3869 3784//3784 3867//3867
f 3867//3867 3784//3784 3782//3782
f 3867//3867 3782//3782 3777//3777
f 3777//3777 3782//3782 3781//3781
f 3777//3777 3781//3781 3767//3767
f 3767//3767 3781//3781 3852//3852
f 3767//3767 3852//3852 3766//3766
f 3766//3766 3852//3852 3883//3883
f 3766//3766 3883//3883 3765//3765
f 3765//3765 3883//3883 3773//3773
f 3765//3765 3773//3773 3764//3764
f 3764//3764 3773//3773 3772//3772
f 3764//3764 3772//3772 3763//3763
f 3763//3763 3772//3772 3823//3823
f 3763//3763 3823//3823 3776//3776
f 3776//3776 3823//3823 3813//3813
f 3776//3776 3813//3813 3810//3810
f 3810//3810 3813//3813 3815//3815
f 3810//3810 3815//3815 3811//3811
f 3811//3811 3815//3815 3817//3817
f 3811//3811 3817//3817 3892//3892
f 3892//3892 3817//3817 3819//3819
f 3892//3892 3819//3819 3443//3443
f 3443//3443 3819//3819 3475//3475
f 3340//3340 3745//3745 3158//3158
f 3158//3158 3745//3745 3744//3744
f 3158//3158 3744//3744 3159//3159
f 3159//3159 3744//3744 3155//3155
f 3564//3564 3893//3893 3562//3562
f 3562//3562 3893//3893 3636//3636
f 3562//3562 3636//3636 3628//3628
f 3628//3628 3636//3636 3635//3635
f 3894//3894 3895//3895 3896//3896
f 3896//3896 3895//3895 3897//3897
f 3896//3896 3897//3897 3898//3898
f 3898//3898 3897//3897 3899//3899
f 3898//3898 3899//3899 3900//3900
f 3900//3900 3899//3899 3901//3901
f 3900//3900 3901//3901 3902//3902
f 3902//3902 3901//3901 3903//3903
f 3902//3902 3903//3903 3904//3904
f 3642//3642 3901//3901 3905//3905
f 3905//3905 3901//3901 3899//3899
f 3905//3905 3899//3899 3906//3906
f 3906//3906 3899//3899 3897//3897
f 3906//3906 3897//3897 3907//3907
f 3907//3907 3897//3897 3895//3895
f 3907//3907 3895//3895 3822//3822
f 3822//3822 3895//3895 3894//3894
f 3822//3822 3894//3894 3812//3812
f 3743//3743 3745//3745 3908//3908
f 3908//3908 3745//3745 3558//3558
f 3908//3908 3558//3558 3645//3645
f 3645//3645 3558//3558 3650//3650
f 3645//3645 3650//3650 3646//3646
f 3821//3821 3155//3155 3822//3822
f 3822//3822 3155//3155 3744//3744
f 3822//3822 3744//3744 3907//3907
f 3907//3907 3744//3744 3743//3743
f 3907//3907 3743//3743 3906//3906
f 3906//3906 3743//3743 3908//3908
f 3906//3906 3908//3908 3905//3905
f 3905//3905 3908//3908 3645//3645
f 3905//3905 3645//3645 3642//3642
f 3642//3642 3645//3645 3647//3647
f 3642//3642 3647//3647 3643//3643
f 3893//3893 3904//3904 3636//3636
f 3636//3636 3904//3904 3903//3903
f 3636//3636 3903//3903 3638//3638
f 3638//3638 3903//3903 3901//3901
f 3638//3638 3901//3901 3581//3581
f 3581//3581 3901//3901 3642//3642
f 3581//3581 3642//3642 3579//3579
f 3579//3579 3642//3642 3644//3644
f 2504//2504 3909//3909 3583//3583
f 3583//3583 3909//3909 3603//3603
f 3583//3583 3603//3603 2508//2508
f 2508//2508 3603//3603 2503//2503
f 3616//3616 3609//3609 3615//3615
f 3615//3615 3609//3609 3560//3560
f 3615//3615 3560//3560 3910//3910
f 3910//3910 3560//3560 3559//3559
f 2506//2506 2513//2513 3584//3584
f 3584//3584 2513//2513 3911//3911
f 3584//3584 3911//3911 3912//3912
f 2515//2515 3598//3598 3599//3599
f 3599//3599 3598//3598 3913//3913
f 3599//3599 3913//3913 3600//3600
f 3914//3914 3915//3915 3916//3916
f 3916//3916 3915//3915 3621//3621
f 3916//3916 3621//3621 3619//3619
f 3619//3619 3621//3621 3623//3623
f 3619//3619 3623//3623 3617//3617
f 3613//3613 3615//3615 3619//3619
f 3619//3619 3615//3615 3910//3910
f 3619//3619 3910//3910 3916//3916
f 3916//3916 3910//3910 3917//3917
f 3916//3916 3917//3917 3914//3914
f 2513//2513 2512//2512 3911//3911
f 3911//3911 2512//2512 2510//2510
f 3911//3911 2510//2510 3912//3912
f 3912//3912 2510//2510 3600//3600
f 3912//3912 3600//3600 3918//3918
f 3918//3918 3600//3600 3913//3913
f 3918//3918 3913//3913 3919//3919
f 3680//3680 3920//3920 3679//3679
f 3679//3679 3920//3920 3914//3914
f 3679//3679 3914//3914 3921//3921
f 3921//3921 3914//3914 3917//3917
f 3921//3921 3917//3917 3922//3922
f 3922//3922 3917//3917 3910//3910
f 3922//3922 3910//3910 3923//3923
f 3923//3923 3910//3910 3559//3559
f 3923//3923 3559//3559 3909//3909
f 3909//3909 3559//3559 3561//3561
f 3909//3909 3561//3561 3603//3603
f 3603//3603 3561//3561 3608//3608
f 3603//3603 3608//3608 3601//3601
f 3668//3668 3669//3669 3667//3667
f 3667//3667 3669//3669 3924//3924
f 3667//3667 3924//3924 3666//3666
f 3666//3666 3924//3924 3925//3925
f 3666//3666 3925//3925 3665//3665
f 3665//3665 3925//3925 3926//3926
f 3665//3665 3926//3926 3662//3662
f 3662//3662 3926//3926 3919//3919
f 3662//3662 3919//3919 3574//3574
f 3574//3574 3919//3919 3913//3913
f 3574//3574 3913//3913 3575//3575
f 3575//3575 3913//3913 3598//3598
f 3575//3575 3598//3598 3576//3576
f 3576//3576 3598//3598 2524//2524
f 3576//3576 2524//2524 2523//2523
f 2504//2504 2505//2505 3909//3909
f 3909//3909 2505//2505 3584//3584
f 3909//3909 3584//3584 3923//3923
f 3923//3923 3584//3584 3912//3912
f 3923//3923 3912//3912 3922//3922
f 3922//3922 3912//3912 3918//3918
f 3922//3922 3918//3918 3921//3921
f 3921//3921 3918//3918 3919//3919
f 3921//3921 3919//3919 3679//3679
f 3679//3679 3919//3919 3926//3926
f 3679//3679 3926//3926 3678//3678
f 3678//3678 3926//3926 3925//3925
f 3678//3678 3925//3925 3677//3677
f 3677//3677 3925//3925 3924//3924
f 3677//3677 3924//3924 3675//3675
f 3675//3675 3924//3924 3669//3669
f 3675//3675 3669//3669 3673//3673
f 3673//3673 3669//3669 3670//3670
f 3673//3673 3670//3670 3671//3671
f 3340//3340 3339//3339 3745//3745
f 3745//3745 3339//3339 3339//3339
f 3745//3745 3339//3339 3558//3558
f 3558//3558 3339//3339 3557//3557
f 3558//3558 3557//3557 3556//3556
f 3443//3443 3442//3442 3892//3892
f 3892//3892 3442//3442 3812//3812
f 3892//3892 3812//3812 3811//3811
f 3811//3811 3812//3812 3894//3894
f 3811//3811 3894//3894 3809//3809
f 3809//3809 3894//3894 3896//3896
f 3809//3809 3896//3896 3808//3808
f 3808//3808 3896//3896 3898//3898
f 3808//3808 3898//3898 3742//3742
f 3742//3742 3898//3898 3900//3900
f 3742//3742 3900//3900 3730//3730
f 3730//3730 3900//3900 3902//3902
f 3730//3730 3902//3902 3731//3731
f 3731//3731 3902//3902 3904//3904
f 3731//3731 3904//3904 3733//3733
f 3733//3733 3904//3904 3893//3893
f 3733//3733 3893//3893 3734//3734
f 3734//3734 3893//3893 3564//3564
f 3734//3734 3564//3564 3927//3927
f 3927//3927 3564//3564 3563//3563
f 3927//3927 3563//3563 3928//3928
f 3928//3928 3563//3563 3582//3582
f 3928//3928 3582//3582 3626//3626
f 3626//3626 3582//3582 3634//3634
f 3626//3626 3634//3634 3624//3624
f 2538//2538 3595//3595 3664//3664
f 3664//3664 3595//3595 3691//3691
f 3664//3664 3691//3691 3668//3668
f 3668//3668 3691//3691 3692//3692
f 3668//3668 3692//3692 3670//3670
f 3670//3670 3692//3692 3759//3759
f 3670//3670 3759//3759 3671//3671
f 3671//3671 3759//3759 3685//3685
f 3671//3671 3685//3685 3672//3672
f 3672//3672 3685//3685 3687//3687
f 3672//3672 3687//3687 3682//3682
f 3682//3682 3687//3687 3688//3688
f 3682//3682 3688//3688 3681//3681
f 3681//3681 3688//3688 3740//3740
f 3681//3681 3740//3740 3680//3680
f 3680//3680 3740//3740 3734//3734
f 3680//3680 3734//3734 3920//3920
f 3920//3920 3734//3734 3927//3927
f 3920//3920 3927//3927 3914//3914
f 3914//3914 3927//3927 3928//3928
f 3914//3914 3928//3928 3915//3915
f 3915//3915 3928//3928 3626//3626
f 3915//3915 3626//3626 3621//3621
f 3621//3621 3626//3626 3627//3627
f 3621//3621 3627//3627 3622//3622
f 3929//3929 3930//3930 3931//3931
f 3932//3932 3933//3933 3934//3934
f 3935//3935 3936//3936 3937//3937
f 3937//3937 3938//3938 3939//3939
f 3940//3940 3941//3941 3942//3942
f 3943//3943 3944//3944 3945//3945
f 3946//3946 3947//3947 3948//3948
f 2656//2656 2655//2655 3949//3949
f 3950//3950 3951//3951 3952//3952
f 2753//2753 2751//2751 3953//3953
f 2774//2774 2773//2773 3954//3954
f 2784//2784 2782//2782 3955//3955
f 2787//2787 2786//2786 3956//3956
f 2793//2793 2791//2791 3957//3957
f 2790//2790 2639//2639 2640//2640
f 2793//2793 3957//3957 2794//2794
f 2781//2781 2780//2780 3958//3958
f 3958//3958 2780//2780 2779//2779
f 2787//2787 3956//3956 2788//2788
f 2784//2784 3955//3955 2785//2785
f 2769//2769 2768//2768 3959//3959
f 3959//3959 2768//2768 2772//2772
f 3959//3959 2772//2772 3960//3960
f 3960//3960 2772//2772 2777//2777
f 3960//3960 2777//2777 2776//2776
f 2766//2766 2764//2764 3961//3961
f 3961//3961 2764//2764 2763//2763
f 3961//3961 2763//2763 3959//3959
f 3959//3959 2763//2763 2770//2770
f 3959//3959 2770//2770 2769//2769
f 3962//3962 2760//2760 2759//2759
f 2758//2758 2767//2767 3931//3931
f 2756//2756 2755//2755 3963//3963
f 3963//3963 2755//2755 2762//2762
f 3963//3963 2762//2762 2761//2761
f 3939//3939 2748//2748 2746//2746
f 2753//2753 3953//3953 2745//2745
f 3964//3964 2741//2741 2749//2749
f 2743//2743 2744//2744 3964//3964
f 3964//3964 2744//2744 2742//2742
f 3964//3964 2742//2742 2741//2741
f 2717//2717 1862//1862 2743//2743
f 2743//2743 3964//3964 2717//2717
f 2717//2717 3964//3964 3965//3965
f 2717//2717 3965//3965 2715//2715
f 2716//2716 2715//2715 3966//3966
f 3966//3966 2715//2715 3967//3967
f 3968//3968 3969//3969 3965//3965
f 3965//3965 3969//3969 3970//3970
f 3965//3965 3970//3970 2715//2715
f 2715//2715 3970//3970 3971//3971
f 2715//2715 3971//3971 3967//3967
f 3937//3937 3972//3972 3973//3973
f 3973//3973 3974//3974 3937//3937
f 3937//3937 3974//3974 3975//3975
f 3937//3937 3975//3975 3938//3938
f 3938//3938 3975//3975 3976//3976
f 3938//3938 3976//3976 3977//3977
f 3978//3978 3979//3979 3980//3980
f 3980//3980 3979//3979 3981//3981
f 3980//3980 3981//3981 3936//3936
f 3936//3936 3981//3981 3982//3982
f 3936//3936 3982//3982 3937//3937
f 3937//3937 3982//3982 3983//3983
f 3937//3937 3983//3983 3972//3972
f 3984//3984 3985//3985 3986//3986
f 3986//3986 3985//3985 3987//3987
f 3986//3986 3987//3987 3988//3988
f 3989//3989 3950//3950 3990//3990
f 3933//3933 3991//3991 3992//3992
f 3992//3992 3993//3993 3990//3990
f 3990//3990 3993//3993 3994//3994
f 3990//3990 3994//3994 3989//3989
f 3995//3995 3996//3996 3932//3932
f 3932//3932 3996//3996 3997//3997
f 3932//3932 3997//3997 3933//3933
f 3933//3933 3997//3997 3998//3998
f 3933//3933 3998//3998 3991//3991
f 3999//3999 4000//4000 4001//4001
f 3999//3999 4001//4001 3932//3932
f 3932//3932 4001//4001 4002//4002
f 3932//3932 4002//4002 3995//3995
f 4003//4003 4004//4004 4005//4005
f 4005//4005 4004//4004 4006//4006
f 4005//4005 4006//4006 4007//4007
f 4007//4007 4006//4006 4008//4008
f 4008//4008 4006//4006 4009//4009
f 4008//4008 4009//4009 4010//4010
f 4011//4011 4009//4009 4012//4012
f 4011//4011 4013//4013 4009//4009
f 4009//4009 4013//4013 4014//4014
f 4009//4009 4014//4014 4010//4010
f 4015//4015 4016//4016 4017//4017
f 4017//4017 4016//4016 4018//4018
f 4017//4017 4018//4018 4012//4012
f 4012//4012 4018//4018 4019//4019
f 4012//4012 4019//4019 4011//4011
f 4020//4020 4021//4021 4022//4022
f 4022//4022 4021//4021 4023//4023
f 4024//4024 4025//4025 4026//4026
f 4027//4027 4028//4028 4029//4029
f 4029//4029 4028//4028 4030//4030
f 4031//4031 4032//4032 4030//4030
f 4030//4030 4032//4032 4033//4033
f 4030//4030 4033//4033 4029//4029
f 4034//4034 4035//4035 4036//4036
f 4036//4036 4035//4035 4037//4037
f 4036//4036 4037//4037 4038//4038
f 4039//4039 4040//4040 4041//4041
f 4041//4041 4040//4040 4042//4042
f 4041//4041 4042//4042 4043//4043
f 4043//4043 4042//4042 4044//4044
f 4043//4043 4044//4044 4045//4045
f 4045//4045 4044//4044 4046//4046
f 4045//4045 4046//4046 4047//4047
f 2673//2673 2672//2672 4048//4048
f 4048//4048 4034//4034 2673//2673
f 2673//2673 4034//4034 4036//4036
f 2673//2673 4036//4036 2674//2674
f 2674//2674 4036//4036 4049//4049
f 2674//2674 4049//4049 2667//2667
f 2667//2667 4049//4049 2668//2668
f 2668//2668 4049//4049 4050//4050
f 2668//2668 4050//4050 2669//2669
f 2669//2669 4050//4050 2670//2670
f 2670//2670 4050//4050 4051//4051
f 2670//2670 4051//4051 2671//2671
f 2658//2658 2664//2664 4051//4051
f 2664//2664 2665//2665 4051//4051
f 4051//4051 2665//2665 2666//2666
f 4051//4051 2666//2666 2671//2671
f 4051//4051 4052//4052 2658//2658
f 2658//2658 4052//4052 4053//4053
f 2658//2658 4053//4053 2659//2659
f 2659//2659 4053//4053 2660//2660
f 2660//2660 4053//4053 4054//4054
f 2660//2660 4054//4054 2661//2661
f 2657//2657 2663//2663 4054//4054
f 4054//4054 2663//2663 2662//2662
f 4054//4054 2662//2662 2661//2661
f 4055//4055 2653//2653 2654//2654
f 2649//2649 2648//2648 4056//4056
f 4056//4056 2648//2648 2651//2651
f 2647//2647 2646//2646 4057//4057
f 4057//4057 2646//2646 2650//2650
f 4058//4058 2644//2644 2645//2645
f 2790//2790 2640//2640 2791//2791
f 2791//2791 2640//2640 2641//2641
f 2791//2791 2641//2641 3957//3957
f 3957//3957 2641//2641 2642//2642
f 3957//3957 2642//2642 2643//2643
f 2786//2786 2794//2794 3956//3956
f 3956//3956 2794//2794 3957//3957
f 3956//3956 3957//3957 4058//4058
f 4058//4058 3957//3957 2643//2643
f 4058//4058 2643//2643 2644//2644
f 2779//2779 2788//2788 3958//3958
f 3958//3958 2788//2788 3956//3956
f 3958//3958 3956//3956 4059//4059
f 4059//4059 3956//3956 4058//4058
f 4059//4059 4058//4058 4057//4057
f 4057//4057 4058//4058 2645//2645
f 4057//4057 2645//2645 2647//2647
f 4060//4060 4061//4061 4062//4062
f 4062//4062 4061//4061 4063//4063
f 4062//4062 4063//4063 4064//4064
f 4064//4064 4063//4063 4065//4065
f 4064//4064 4065//4065 4066//4066
f 4066//4066 4065//4065 4067//4067
f 4066//4066 4067//4067 4068//4068
f 2776//2776 2774//2774 3960//3960
f 3960//3960 2774//2774 3954//3954
f 3960//3960 3954//3954 4069//4069
f 4069//4069 3954//3954 4070//4070
f 4069//4069 4070//4070 4071//4071
f 4071//4071 4070//4070 4072//4072
f 4071//4071 4072//4072 4073//4073
f 4073//4073 4072//4072 4074//4074
f 4073//4073 4074//4074 4075//4075
f 4075//4075 4074//4074 4076//4076
f 2782//2782 2781//2781 3955//3955
f 3955//3955 2781//2781 3958//3958
f 3955//3955 3958//3958 4077//4077
f 4077//4077 3958//3958 4059//4059
f 4077//4077 4059//4059 4078//4078
f 4078//4078 4059//4059 4057//4057
f 4078//4078 4057//4057 4056//4056
f 4056//4056 4057//4057 2650//2650
f 4056//4056 2650//2650 2649//2649
f 2773//2773 2785//2785 3954//3954
f 3954//3954 2785//2785 3955//3955
f 3954//3954 3955//3955 4070//4070
f 4070//4070 3955//3955 4077//4077
f 4070//4070 4077//4077 4072//4072
f 4072//4072 4077//4077 4078//4078
f 4072//4072 4078//4078 4074//4074
f 4074//4074 4078//4078 4056//4056
f 4074//4074 4056//4056 4076//4076
f 4076//4076 4056//4056 2651//2651
f 4076//4076 2651//2651 2652//2652
f 4079//4079 3941//3941 4080//4080
f 4080//4080 3941//3941 3940//3940
f 4080//4080 3940//3940 3948//3948
f 4081//4081 3944//3944 4082//4082
f 4082//4082 3944//3944 3943//3943
f 4082//4082 3943//3943 4083//4083
f 3948//3948 3947//3947 4080//4080
f 4080//4080 3947//3947 4084//4084
f 4080//4080 4084//4084 4079//4079
f 4027//4027 4085//4085 4028//4028
f 4028//4028 4085//4085 4086//4086
f 4028//4028 4086//4086 4087//4087
f 4087//4087 4086//4086 4088//4088
f 4087//4087 4088//4088 4089//4089
f 4089//4089 4088//4088 4090//4090
f 4089//4089 4090//4090 4091//4091
f 4091//4091 4090//4090 4083//4083
f 4091//4091 4083//4083 4092//4092
f 4092//4092 4083//4083 3943//3943
f 4092//4092 3943//3943 4093//4093
f 4093//4093 3943//3943 3945//3945
f 4093//4093 3945//3945 4094//4094
f 4047//4047 4031//4031 4045//4045
f 4045//4045 4031//4031 4030//4030
f 4045//4045 4030//4030 4095//4095
f 4095//4095 4030//4030 4028//4028
f 4095//4095 4028//4028 4096//4096
f 4096//4096 4028//4028 4087//4087
f 4096//4096 4087//4087 4097//4097
f 4097//4097 4087//4087 4089//4089
f 4097//4097 4089//4089 3942//3942
f 3942//3942 4089//4089 4091//4091
f 3942//3942 4091//4091 3940//3940
f 3940//3940 4091//4091 4092//4092
f 3940//3940 4092//4092 3948//3948
f 3948//3948 4092//4092 4093//4093
f 3948//3948 4093//4093 3946//3946
f 3946//3946 4093//4093 4094//4094
f 4098//4098 4099//4099 4100//4100
f 4100//4100 4099//4099 4101//4101
f 4100//4100 4101//4101 4102//4102
f 4102//4102 4101//4101 4103//4103
f 4102//4102 4103//4103 4104//4104
f 4104//4104 4103//4103 4105//4105
f 4104//4104 4105//4105 4106//4106
f 4106//4106 4105//4105 4107//4107
f 4106//4106 4108//4108 4104//4104
f 4104//4104 4108//4108 4109//4109
f 4104//4104 4109//4109 4102//4102
f 4102//4102 4109//4109 4110//4110
f 4102//4102 4110//4110 4100//4100
f 4100//4100 4110//4110 4111//4111
f 4100//4100 4111//4111 4098//4098
f 4098//4098 4111//4111 4112//4112
f 4108//4108 4113//4113 4109//4109
f 4109//4109 4113//4113 4114//4114
f 4109//4109 4114//4114 4110//4110
f 4110//4110 4114//4114 4115//4115
f 4110//4110 4115//4115 4111//4111
f 4111//4111 4115//4115 4116//4116
f 4111//4111 4116//4116 4112//4112
f 4112//4112 4116//4116 4117//4117
f 4084//4084 4107//4107 4079//4079
f 4079//4079 4107//4107 4105//4105
f 4079//4079 4105//4105 3941//3941
f 3941//3941 4105//4105 4103//4103
f 3941//3941 4103//4103 3942//3942
f 3942//3942 4103//4103 4101//4101
f 3942//3942 4101//4101 4097//4097
f 4097//4097 4101//4101 4099//4099
f 4097//4097 4099//4099 4096//4096
f 4096//4096 4099//4099 4098//4098
f 4096//4096 4098//4098 4095//4095
f 4095//4095 4098//4098 4112//4112
f 4095//4095 4112//4112 4045//4045
f 4045//4045 4112//4112 4117//4117
f 4045//4045 4117//4117 4043//4043
f 4113//4113 4054//4054 4114//4114
f 4114//4114 4054//4054 4053//4053
f 4114//4114 4053//4053 4115//4115
f 4115//4115 4053//4053 4052//4052
f 4115//4115 4052//4052 4116//4116
f 4116//4116 4052//4052 4051//4051
f 4116//4116 4051//4051 4117//4117
f 4117//4117 4051//4051 4050//4050
f 4117//4117 4050//4050 4043//4043
f 4043//4043 4050//4050 4049//4049
f 4043//4043 4049//4049 4041//4041
f 4041//4041 4049//4049 4036//4036
f 4041//4041 4036//4036 4039//4039
f 4039//4039 4036//4036 4038//4038
f 4118//4118 3968//3968 3977//3977
f 3977//3977 3968//3968 3965//3965
f 3977//3977 3965//3965 3938//3938
f 3938//3938 3965//3965 3964//3964
f 3938//3938 3964//3964 3939//3939
f 3939//3939 3964//3964 2749//2749
f 3939//3939 2749//2749 2748//2748
f 4119//4119 4120//4120 4121//4121
f 4121//4121 4120//4120 4122//4122
f 4121//4121 4122//4122 4123//4123
f 4123//4123 4122//4122 4124//4124
f 4123//4123 4124//4124 4125//4125
f 4125//4125 4124//4124 4126//4126
f 4120//4120 4127//4127 4122//4122
f 4122//4122 4127//4127 4128//4128
f 4122//4122 4128//4128 4124//4124
f 4124//4124 4128//4128 4129//4129
f 4124//4124 4129//4129 4126//4126
f 2746//2746 2745//2745 3939//3939
f 3939//3939 2745//2745 3953//3953
f 3939//3939 3953//3953 3937//3937
f 3937//3937 3953//3953 4130//4130
f 3937//3937 4130//4130 3935//3935
f 3951//3951 3984//3984 3952//3952
f 3952//3952 3984//3984 3986//3986
f 3952//3952 3986//3986 4131//4131
f 4132//4132 4133//4133 4134//4134
f 4085//4085 4024//4024 4086//4086
f 4086//4086 4024//4024 4026//4026
f 4086//4086 4026//4026 4088//4088
f 4088//4088 4026//4026 4135//4135
f 4088//4088 4135//4135 4090//4090
f 4090//4090 4135//4135 4136//4136
f 4090//4090 4136//4136 4083//4083
f 4083//4083 4136//4136 4137//4137
f 4083//4083 4137//4137 4082//4082
f 4082//4082 4137//4137 4138//4138
f 4082//4082 4138//4138 4081//4081
f 4081//4081 4138//4138 4133//4133
f 2654//2654 2656//2656 4055//4055
f 4055//4055 2656//2656 3949//3949
f 4055//4055 3949//3949 4139//4139
f 4139//4139 3949//3949 4140//4140
f 4139//4139 4140//4140 4141//4141
f 4141//4141 4140//4140 4142//4142
f 4141//4141 4142//4142 4143//4143
f 4143//4143 4142//4142 4144//4144
f 4143//4143 4144//4144 4145//4145
f 4145//4145 4144//4144 4146//4146
f 4145//4145 4146//4146 4147//4147
f 4147//4147 4146//4146 4148//4148
f 4147//4147 4148//4148 4149//4149
f 4149//4149 4148//4148 4150//4150
f 4149//4149 4150//4150 4151//4151
f 4151//4151 4150//4150 4152//4152
f 4151//4151 4152//4152 4119//4119
f 4119//4119 4152//4152 4153//4153
f 4119//4119 4153//4153 4120//4120
f 4120//4120 4153//4153 4154//4154
f 4120//4120 4154//4154 4127//4127
f 4127//4127 4154//4154 4155//4155
f 4127//4127 4155//4155 4128//4128
f 4128//4128 4155//4155 4132//4132
f 4128//4128 4132//4132 4129//4129
f 4129//4129 4132//4132 4134//4134
f 4129//4129 4134//4134 4126//4126
f 3992//3992 3990//3990 3933//3933
f 3933//3933 3990//3990 4156//4156
f 3933//3933 4156//4156 3934//3934
f 4023//4023 4015//4015 4022//4022
f 4022//4022 4015//4015 4017//4017
f 4022//4022 4017//4017 4157//4157
f 4157//4157 4017//4017 4012//4012
f 4157//4157 4012//4012 4158//4158
f 4158//4158 4012//4012 4009//4009
f 4158//4158 4009//4009 4159//4159
f 4159//4159 4009//4009 4006//4006
f 4159//4159 4006//4006 4160//4160
f 4160//4160 4006//4006 4004//4004
f 4160//4160 4004//4004 3999//3999
f 3999//3999 4004//4004 4003//4003
f 3999//3999 4003//4003 4000//4000
f 4133//4133 4132//4132 4081//4081
f 4081//4081 4132//4132 4155//4155
f 4081//4081 4155//4155 3944//3944
f 3944//3944 4155//4155 4154//4154
f 3944//3944 4154//4154 3945//3945
f 3945//3945 4154//4154 4153//4153
f 3945//3945 4153//4153 4094//4094
f 4094//4094 4153//4153 4152//4152
f 4094//4094 4152//4152 3946//3946
f 3946//3946 4152//4152 4150//4150
f 3946//3946 4150//4150 3947//3947
f 3947//3947 4150//4150 4148//4148
f 3947//3947 4148//4148 4084//4084
f 4084//4084 4148//4148 4146//4146
f 4084//4084 4146//4146 4107//4107
f 4107//4107 4146//4146 4144//4144
f 4107//4107 4144//4144 4106//4106
f 4106//4106 4144//4144 4142//4142
f 4106//4106 4142//4142 4108//4108
f 4108//4108 4142//4142 4140//4140
f 4108//4108 4140//4140 4113//4113
f 4113//4113 4140//4140 3949//3949
f 4113//4113 3949//3949 4054//4054
f 4054//4054 3949//3949 2655//2655
f 4054//4054 2655//2655 2657//2657
f 2751//2751 2750//2750 3953//3953
f 3953//3953 2750//2750 2756//2756
f 3953//3953 2756//2756 4130//4130
f 4130//4130 2756//2756 3963//3963
f 4130//4130 3963//3963 3962//3962
f 3962//3962 3963//3963 2761//2761
f 3962//3962 2761//2761 2760//2760
f 2758//2758 3931//3931 2759//2759
f 2759//2759 3931//3931 3930//3930
f 2759//2759 3930//3930 3962//3962
f 3962//3962 3930//3930 4161//4161
f 3962//3962 4161//4161 4130//4130
f 3950//3950 3952//3952 3990//3990
f 3990//3990 3952//3952 4131//4131
f 3990//3990 4131//4131 4156//4156
f 4156//4156 4131//4131 4162//4162
f 4156//4156 4162//4162 4163//4163
f 4163//4163 4162//4162 4164//4164
f 4163//4163 4164//4164 4165//4165
f 4165//4165 4164//4164 4166//4166
f 4165//4165 4166//4166 4167//4167
f 4168//4168 4169//4169 4170//4170
f 4170//4170 4169//4169 4171//4171
f 4170//4170 4171//4171 4172//4172
f 4172//4172 4171//4171 4173//4173
f 4172//4172 4173//4173 4167//4167
f 4167//4167 4173//4173 4174//4174
f 4167//4167 4174//4174 4165//4165
f 4061//4061 4168//4168 4063//4063
f 4063//4063 4168//4168 4170//4170
f 4063//4063 4170//4170 4065//4065
f 4065//4065 4170//4170 4172//4172
f 4065//4065 4172//4172 4067//4067
f 4067//4067 4172//4172 4167//4167
f 4068//4068 4067//4067 3929//3929
f 3929//3929 4067//4067 4167//4167
f 3929//3929 4167//4167 3930//3930
f 3930//3930 4167//4167 4166//4166
f 3930//3930 4166//4166 4161//4161
f 4161//4161 4166//4166 4164//4164
f 4161//4161 4164//4164 4130//4130
f 4130//4130 4164//4164 4162//4162
f 4130//4130 4162//4162 3935//3935
f 3935//3935 4162//4162 4131//4131
f 3935//3935 4131//4131 3936//3936
f 3936//3936 4131//4131 3986//3986
f 3936//3936 3986//3986 3980//3980
f 3980//3980 3986//3986 3988//3988
f 3980//3980 3988//3988 3978//3978
f 4075//4075 4060//4060 4073//4073
f 4073//4073 4060//4060 4062//4062
f 4073//4073 4062//4062 4071//4071
f 4071//4071 4062//4062 4064//4064
f 4071//4071 4064//4064 4069//4069
f 4069//4069 4064//4064 4066//4066
f 4069//4069 4066//4066 3960//3960
f 3960//3960 4066//4066 4068//4068
f 3960//3960 4068//4068 3959//3959
f 3959//3959 4068//4068 3929//3929
f 3959//3959 3929//3929 3961//3961
f 3961//3961 3929//3929 3931//3931
f 3961//3961 3931//3931 2766//2766
f 2766//2766 3931//3931 2767//2767
f 2652//2652 2653//2653 4076//4076
f 4076//4076 2653//2653 4055//4055
f 4076//4076 4055//4055 4075//4075
f 4075//4075 4055//4055 4139//4139
f 4075//4075 4139//4139 4060//4060
f 4060//4060 4139//4139 4141//4141
f 4060//4060 4141//4141 4061//4061
f 4061//4061 4141//4141 4143//4143
f 4061//4061 4143//4143 4168//4168
f 4168//4168 4143//4143 4145//4145
f 4168//4168 4145//4145 4169//4169
f 4169//4169 4145//4145 4147//4147
f 4169//4169 4147//4147 4171//4171
f 4171//4171 4147//4147 4149//4149
f 4171//4171 4149//4149 4173//4173
f 4173//4173 4149//4149 4151//4151
f 4173//4173 4151//4151 4174//4174
f 4174//4174 4151//4151 4119//4119
f 4174//4174 4119//4119 4165//4165
f 4165//4165 4119//4119 4121//4121
f 4165//4165 4121//4121 4163//4163
f 4163//4163 4121//4121 4123//4123
f 4163//4163 4123//4123 4156//4156
f 4156//4156 4123//4123 4125//4125
f 4156//4156 4125//4125 3934//3934
f 3934//3934 4125//4125 4126//4126
f 3934//3934 4126//4126 3932//3932
f 3932//3932 4126//4126 4134//4134
f 3932//3932 4134//4134 3999//3999
f 3999//3999 4134//4134 4133//4133
f 3999//3999 4133//4133 4160//4160
f 4160//4160 4133//4133 4138//4138
f 4160//4160 4138//4138 4159//4159
f 4159//4159 4138//4138 4137//4137
f 4159//4159 4137//4137 4158//4158
f 4158//4158 4137//4137 4136//4136
f 4158//4158 4136//4136 4157//4157
f 4157//4157 4136//4136 4135//4135
f 4157//4157 4135//4135 4022//4022
f 4022//4022 4135//4135 4026//4026
f 4022//4022 4026//4026 4020//4020
f 4020//4020 4026//4026 4025//4025
f 4175//4175 4176//4176 2682//2682
f 4177//4177 4178//4178 2683//2683
f 4179//4179 4180//4180 2684//2684
f 4181//4181 4182//4182 2685//2685
f 4183//4183 4184//4184 2688//2688
f 4185//4185 4186//4186 2690//2690
f 4187//4187 4188//4188 2691//2691
f 4189//4189 4190//4190 2692//2692
f 4191//4191 4192//4192 2695//2695
f 4193//4193 4194//4194 2696//2696
f 4195//4195 4196//4196 2699//2699
f 4197//4197 4198//4198 2700//2700
f 4199//4199 4200//4200 2701//2701
f 4201//4201 4202//4202 2702//2702
f 4203//4203 4204//4204 2703//2703
f 4205//4205 4206//4206 2704//2704
f 4207//4207 4208//4208 2706//2706
f 4209//4209 4210//4210 2708//2708
f 4211//4211 4212//4212 2709//2709
f 4213//4213 4214//4214 2710//2710
f 4215//4215 4216//4216 2711//2711
f 4217//4217 4218//4218 2712//2712
f 4219//4219 4220//4220 2713//2713
f 2678//2678 2676//2676 4221//4221
f 4221//4221 2676//2676 2714//2714
f 4221//4221 2714//2714 4222//4222
f 4220//4220 4223//4223 2713//2713
f 2713//2713 4223//4223 4224//4224
f 2713//2713 4224//4224 2714//2714
f 2714//2714 4224//4224 4225//4225
f 2714//2714 4225//4225 4222//4222
f 4218//4218 4226//4226 2712//2712
f 2712//2712 4226//4226 4227//4227
f 2712//2712 4227//4227 2713//2713
f 2713//2713 4227//4227 4228//4228
f 2713//2713 4228//4228 4219//4219
f 4216//4216 4229//4229 2711//2711
f 2711//2711 4229//4229 4230//4230
f 2711//2711 4230//4230 2712//2712
f 2712//2712 4230//4230 4231//4231
f 2712//2712 4231//4231 4217//4217
f 4214//4214 4232//4232 2710//2710
f 2710//2710 4232//4232 4233//4233
f 2710//2710 4233//4233 2711//2711
f 2711//2711 4233//4233 4234//4234
f 2711//2711 4234//4234 4215//4215
f 4212//4212 4235//4235 2709//2709
f 2709//2709 4235//4235 4236//4236
f 2709//2709 4236//4236 2710//2710
f 2710//2710 4236//4236 4237//4237
f 2710//2710 4237//4237 4213//4213
f 4210//4210 4238//4238 2708//2708
f 2708//2708 4238//4238 4239//4239
f 2708//2708 4239//4239 2709//2709
f 2709//2709 4239//4239 4240//4240
f 2709//2709 4240//4240 4211//4211
f 4241//4241 4242//4242 2707//2707
f 2707//2707 4242//4242 4243//4243
f 4243//4243 4244//4244 2707//2707
f 2707//2707 4244//4244 4245//4245
f 2707//2707 4245//4245 2708//2708
f 2708//2708 4245//4245 4246//4246
f 2708//2708 4246//4246 4209//4209
f 4208//4208 4247//4247 2706//2706
f 2706//2706 4247//4247 4248//4248
f 2706//2706 4248//4248 2707//2707
f 2707//2707 4248//4248 4249//4249
f 2707//2707 4249//4249 4241//4241
f 4250//4250 4251//4251 2705//2705
f 2705//2705 4251//4251 4252//4252
f 2705//2705 4252//4252 2706//2706
f 2706//2706 4252//4252 4253//4253
f 2706//2706 4253//4253 4207//4207
f 4206//4206 4254//4254 2704//2704
f 2704//2704 4254//4254 4255//4255
f 2704//2704 4255//4255 2705//2705
f 2705//2705 4255//4255 4256//4256
f 2705//2705 4256//4256 4250//4250
f 4204//4204 4257//4257 2703//2703
f 2703//2703 4257//4257 4258//4258
f 2703//2703 4258//4258 2704//2704
f 2704//2704 4258//4258 4259//4259
f 2704//2704 4259//4259 4205//4205
f 4202//4202 4260//4260 2702//2702
f 2702//2702 4260//4260 4261//4261
f 2702//2702 4261//4261 2703//2703
f 2703//2703 4261//4261 4262//4262
f 2703//2703 4262//4262 4203//4203
f 4200//4200 4263//4263 2701//2701
f 2701//2701 4263//4263 4264//4264
f 2701//2701 4264//4264 2702//2702
f 2702//2702 4264//4264 4265//4265
f 2702//2702 4265//4265 4201//4201
f 4198//4198 4266//4266 2700//2700
f 2700//2700 4266//4266 4267//4267
f 2700//2700 4267//4267 2701//2701
f 2701//2701 4267//4267 4268//4268
f 2701//2701 4268//4268 4199//4199
f 4196//4196 4269//4269 2699//2699
f 2699//2699 4269//4269 4270//4270
f 2699//2699 4270//4270 2700//2700
f 2700//2700 4270//4270 4271//4271
f 2700//2700 4271//4271 4197//4197
f 4272//4272 4273//4273 2698//2698
f 2698//2698 4273//4273 4274//4274
f 4274//4274 4275//4275 2698//2698
f 2698//2698 4275//4275 4276//4276
f 2698//2698 4276//4276 2699//2699
f 2699//2699 4276//4276 4277//4277
f 2699//2699 4277//4277 4195//4195
f 2697//2697 4278//4278 4279//4279
f 2697//2697 4279//4279 2698//2698
f 2698//2698 4279//4279 4280//4280
f 2698//2698 4280//4280 4272//4272
f 4194//4194 4281//4281 2696//2696
f 2696//2696 4281//4281 4282//4282
f 2696//2696 4282//4282 2697//2697
f 2697//2697 4282//4282 4283//4283
f 2697//2697 4283//4283 4278//4278
f 4192//4192 4284//4284 2695//2695
f 2695//2695 4284//4284 4285//4285
f 2695//2695 4285//4285 2696//2696
f 2696//2696 4285//4285 4286//4286
f 2696//2696 4286//4286 4193//4193
f 4287//4287 4288//4288 2694//2694
f 2694//2694 4288//4288 4289//4289
f 2694//2694 4289//4289 2695//2695
f 2695//2695 4289//4289 4290//4290
f 2695//2695 4290//4290 4191//4191
f 4291//4291 4292//4292 2693//2693
f 2693//2693 4292//4292 4293//4293
f 4293//4293 4294//4294 2693//2693
f 2693//2693 4294//4294 4295//4295
f 2693//2693 4295//4295 2694//2694
f 2694//2694 4295//4295 4296//4296
f 2694//2694 4296//4296 4287//4287
f 4190//4190 4297//4297 2692//2692
f 2692//2692 4297//4297 4298//4298
f 2692//2692 4298//4298 2693//2693
f 2693//2693 4298//4298 4299//4299
f 2693//2693 4299//4299 4291//4291
f 4188//4188 4300//4300 2691//2691
f 2691//2691 4300//4300 4301//4301
f 2691//2691 4301//4301 2692//2692
f 2692//2692 4301//4301 4302//4302
f 2692//2692 4302//4302 4189//4189
f 4186//4186 4303//4303 2690//2690
f 2690//2690 4303//4303 4304//4304
f 2690//2690 4304//4304 2691//2691
f 2691//2691 4304//4304 4305//4305
f 2691//2691 4305//4305 4187//4187
f 4306//4306 4307//4307 2689//2689
f 2689//2689 4307//4307 4308//4308
f 2689//2689 4308//4308 2690//2690
f 2690//2690 4308//4308 4309//4309
f 2690//2690 4309//4309 4185//4185
f 4184//4184 4310//4310 2688//2688
f 2688//2688 4310//4310 4311//4311
f 2688//2688 4311//4311 2689//2689
f 2689//2689 4311//4311 4312//4312
f 2689//2689 4312//4312 4306//4306
f 2687//2687 4313//4313 4314//4314
f 2687//2687 4314//4314 2688//2688
f 2688//2688 4314//4314 4315//4315
f 2688//2688 4315//4315 4183//4183
f 4316//4316 2687//2687 4317//4317
f 4317//4317 2687//2687 4318//4318
f 4316//4316 4319//4319 2687//2687
f 2687//2687 4319//4319 4320//4320
f 2687//2687 4320//4320 4313//4313
f 4321//4321 2686//2686 4322//4322
f 4322//4322 2686//2686 2685//2685
f 4322//4322 2685//2685 4323//4323
f 4323//4323 2685//2685 4182//4182
f 4321//4321 4324//4324 2686//2686
f 2686//2686 4324//4324 4325//4325
f 2686//2686 4325//4325 2687//2687
f 2687//2687 4325//4325 4326//4326
f 2687//2687 4326//4326 4318//4318
f 4180//4180 4327//4327 2684//2684
f 2684//2684 4327//4327 4328//4328
f 2684//2684 4328//4328 2685//2685
f 2685//2685 4328//4328 4329//4329
f 2685//2685 4329//4329 4181//4181
f 4178//4178 4330//4330 2683//2683
f 2683//2683 4330//4330 4331//4331
f 2683//2683 4331//4331 2684//2684
f 2684//2684 4331//4331 4332//4332
f 2684//2684 4332//4332 4179//4179
f 4176//4176 4333//4333 2682//2682
f 2682//2682 4333//4333 4334//4334
f 2682//2682 4334//4334 2683//2683
f 2683//2683 4334//4334 4335//4335
f 2683//2683 4335//4335 4177//4177
f 4336//4336 4337//4337 2681//2681
f 2681//2681 4337//4337 4338//4338
f 2681//2681 4338//4338 2682//2682
f 2682//2682 4338//4338 4339//4339
f 2682//2682 4339//4339 4175//4175
f 2680//2680 4340//4340 4341//4341
f 2680//2680 4341//4341 2681//2681
f 2681//2681 4341//4341 4342//4342
f 2681//2681 4342//4342 4336//4336
f 4340//4340 2680//2680 4343//4343
f 4343//4343 2680//2680 2679//2679
f 4343//4343 2679//2679 2716//2716
f 4344//4344 4345//4345 4346//4346
f 4347//4347 4348//4348 4349//4349
f 4350//4350 4351//4351 4352//4352
f 3120//3120 3149//3149 4348//4348
f 3150//3150 3151//3151 4353//4353
f 3144//3144 3145//3145 4354//4354
f 3147//3147 3148//3148 4355//4355
f 3143//3143 3138//3138 4356//4356
f 3139//3139 3140//3140 4357//4357
f 3131//3131 3133//3133 4358//4358
f 4359//4359 4360//4360 4361//4361
f 4362//4362 4363//4363 4364//4364
f 4365//4365 4366//4366 4367//4367
f 4347//4347 4368//4368 4369//4369
f 4370//4370 3153//3153 3152//3152
f 4371//4371 4372//4372 4347//4347
f 4347//4347 4372//4372 4373//4373
f 4347//4347 4373//4373 4368//4368
f 4374//4374 4375//4375 4376//4376
f 4376//4376 4375//4375 4377//4377
f 4378//4378 4379//4379 4380//4380
f 4379//4379 4378//4378 4381//4381
f 4382//4382 4383//4383 4384//4384
f 4384//4384 4383//4383 4385//4385
f 4384//4384 4385//4385 4386//4386
f 4386//4386 4385//4385 4387//4387
f 4386//4386 4387//4387 4388//4388
f 4388//4388 4387//4387 4389//4389
f 4389//4389 4387//4387 4390//4390
f 4389//4389 4390//4390 4391//4391
f 4391//4391 4390//4390 4392//4392
f 4392//4392 4390//4390 4393//4393
f 4392//4392 4393//4393 4394//4394
f 4395//4395 4396//4396 4397//4397
f 4397//4397 4396//4396 4398//4398
f 4399//4399 4400//4400 4401//4401
f 4401//4401 4400//4400 4402//4402
f 4403//4403 4404//4404 4405//4405
f 4404//4404 4403//4403 4406//4406
f 4407//4407 4408//4408 4409//4409
f 4409//4409 4408//4408 4410//4410
f 4409//4409 4410//4410 4403//4403
f 4403//4403 4410//4410 4411//4411
f 4403//4403 4411//4411 4406//4406
f 4412//4412 4413//4413 4414//4414
f 4414//4414 4413//4413 4367//4367
f 4414//4414 4367//4367 4415//4415
f 4415//4415 4367//4367 4366//4366
f 4416//4416 4417//4417 4418//4418
f 4418//4418 4417//4417 4419//4419
f 4420//4420 4421//4421 4422//4422
f 4422//4422 4421//4421 4423//4423
f 4362//4362 4364//4364 4424//4424
f 4425//4425 4426//4426 4427//4427
f 4427//4427 4426//4426 4428//4428
f 4426//4426 4429//4429 4428//4428
f 4428//4428 4429//4429 4430//4430
f 4428//4428 4430//4430 4431//4431
f 4359//4359 4361//4361 4432//4432
f 4433//4433 4434//4434 4435//4435
f 4436//4436 4437//4437 4435//4435
f 4435//4435 4437//4437 4438//4438
f 4435//4435 4438//4438 4433//4433
f 2677//2677 2678//2678 4436//4436
f 2864//2864 1911//1911 2675//2675
f 4436//4436 4435//4435 2677//2677
f 2677//2677 4435//4435 4439//4439
f 2677//2677 4439//4439 2675//2675
f 2675//2675 4439//4439 2865//2865
f 2675//2675 2865//2865 2864//2864
f 4351//4351 2856//2856 2855//2855
f 2855//2855 2861//2861 4439//4439
f 4439//4439 2861//2861 2860//2860
f 4439//4439 2860//2860 2865//2865
f 2849//2849 2848//2848 4350//4350
f 4350//4350 2848//2848 2859//2859
f 4350//4350 2859//2859 4351//4351
f 4351//4351 2859//2859 2858//2858
f 4351//4351 2858//2858 2856//2856
f 4440//4440 2853//2853 2852//2852
f 4441//4441 4440//4440 4442//4442
f 4442//4442 4440//4440 2852//2852
f 4442//4442 2852//2852 4350//4350
f 4350//4350 2852//2852 2851//2851
f 4350//4350 2851//2851 2849//2849
f 2839//2839 2838//2838 4443//4443
f 4443//4443 2838//2838 2836//2836
f 2835//2835 2846//2846 4441//4441
f 4441//4441 2846//2846 2845//2845
f 4441//4441 2845//2845 4440//4440
f 4440//4440 2845//2845 2854//2854
f 4440//4440 2854//2854 2853//2853
f 4444//4444 2843//2843 4445//4445
f 4445//4445 2843//2843 2841//2841
f 4445//4445 2841//2841 2840//2840
f 2728//2728 2727//2727 4444//4444
f 4444//4444 2727//2727 2844//2844
f 4444//4444 2844//2844 2843//2843
f 4446//4446 2833//2833 4447//4447
f 4447//4447 2833//2833 2831//2831
f 4447//4447 2831//2831 2830//2830
f 2827//2827 2731//2731 4448//4448
f 4448//4448 2731//2731 2730//2730
f 4448//4448 2730//2730 4446//4446
f 4446//4446 2730//2730 2834//2834
f 4446//4446 2834//2834 2833//2833
f 2827//2827 4448//4448 2828//2828
f 2828//2828 4448//4448 4449//4449
f 2828//2828 4449//4449 2829//2829
f 4450//4450 2824//2824 2734//2734
f 4450//4450 2734//2734 4449//4449
f 4449//4449 2734//2734 2733//2733
f 4449//4449 2733//2733 2829//2829
f 4451//4451 2826//2826 4450//4450
f 4450//4450 2826//2826 2825//2825
f 4450//4450 2825//2825 2824//2824
f 2822//2822 2820//2820 4451//4451
f 4451//4451 2820//2820 2819//2819
f 4451//4451 2819//2819 2826//2826
f 3124//3124 3123//3123 4451//4451
f 4451//4451 3123//3123 3122//3122
f 4451//4451 3122//3122 2822//2822
f 2822//2822 3122//3122 3121//3121
f 2822//2822 3121//3121 2823//2823
f 4452//4452 3125//3125 3124//3124
f 3128//3128 3127//3127 4453//4453
f 4453//4453 3127//3127 3126//3126
f 3133//3133 3132//3132 4454//4454
f 3132//3132 3130//3130 4454//4454
f 4454//4454 3130//3130 3129//3129
f 4454//4454 3129//3129 3128//3128
f 3135//3135 3134//3134 4455//4455
f 4455//4455 3134//3134 3131//3131
f 3141//3141 3142//3142 4456//4456
f 3142//3142 3137//3137 4456//4456
f 4456//4456 3137//3137 3136//3136
f 4456//4456 3136//3136 3135//3135
f 3147//3147 4355//4355 3146//3146
f 4369//4369 4370//4370 4347//4347
f 4347//4347 4370//4370 3152//3152
f 4347//4347 3152//3152 4348//4348
f 4348//4348 3152//3152 3154//3154
f 4348//4348 3154//3154 3120//3120
f 4457//4457 4458//4458 4459//4459
f 4459//4459 4458//4458 4460//4460
f 4461//4461 4457//4457 4462//4462
f 4462//4462 4457//4457 4459//4459
f 4462//4462 4459//4459 4463//4463
f 2840//2840 2839//2839 4445//4445
f 4445//4445 2839//2839 4443//4443
f 4445//4445 4443//4443 4464//4464
f 4464//4464 4443//4443 4465//4465
f 4464//4464 4465//4465 4466//4466
f 4466//4466 4465//4465 4467//4467
f 4466//4466 4467//4467 4430//4430
f 4430//4430 4467//4467 4361//4361
f 4430//4430 4361//4361 4431//4431
f 4431//4431 4361//4361 4360//4360
f 2855//2855 4439//4439 4351//4351
f 4351//4351 4439//4439 4435//4435
f 4351//4351 4435//4435 4352//4352
f 4352//4352 4435//4435 4434//4434
f 4352//4352 4434//4434 4468//4468
f 2836//2836 2835//2835 4443//4443
f 4443//4443 2835//2835 4441//4441
f 4443//4443 4441//4441 4465//4465
f 4465//4465 4441//4441 4442//4442
f 4465//4465 4442//4442 4467//4467
f 4467//4467 4442//4442 4350//4350
f 4467//4467 4350//4350 4361//4361
f 4361//4361 4350//4350 4352//4352
f 4361//4361 4352//4352 4432//4432
f 4432//4432 4352//4352 4468//4468
f 4469//4469 4470//4470 4471//4471
f 4472//4472 4473//4473 4474//4474
f 4474//4474 4473//4473 4475//4475
f 4476//4476 4477//4477 4478//4478
f 4412//4412 4407//4407 4413//4413
f 4413//4413 4407//4407 4409//4409
f 4413//4413 4409//4409 4479//4479
f 4479//4479 4409//4409 4403//4403
f 4476//4476 4367//4367 4477//4477
f 4477//4477 4367//4367 4413//4413
f 4477//4477 4413//4413 4480//4480
f 4480//4480 4413//4413 4479//4479
f 4480//4480 4479//4479 4481//4481
f 4481//4481 4479//4479 4403//4403
f 4481//4481 4403//4403 4401//4401
f 4401//4401 4403//4403 4405//4405
f 4401//4401 4405//4405 4399//4399
f 4419//4419 4365//4365 4418//4418
f 4418//4418 4365//4365 4367//4367
f 4418//4418 4367//4367 4416//4416
f 4416//4416 4367//4367 4476//4476
f 4416//4416 4476//4476 4482//4482
f 4482//4482 4476//4476 4478//4478
f 4482//4482 4478//4478 4483//4483
f 4425//4425 4424//4424 4426//4426
f 4426//4426 4424//4424 4364//4364
f 4426//4426 4364//4364 4429//4429
f 4429//4429 4364//4364 4484//4484
f 4429//4429 4484//4484 4430//4430
f 4430//4430 4484//4484 4485//4485
f 4430//4430 4485//4485 4466//4466
f 4466//4466 4485//4485 4463//4463
f 4466//4466 4463//4463 4464//4464
f 4464//4464 4463//4463 4459//4459
f 4464//4464 4459//4459 4445//4445
f 4445//4445 4459//4459 4460//4460
f 4445//4445 4460//4460 4444//4444
f 3140//3140 3141//3141 4357//4357
f 4357//4357 3141//3141 4456//4456
f 4357//4357 4456//4456 4486//4486
f 4486//4486 4456//4456 4487//4487
f 4486//4486 4487//4487 4488//4488
f 4488//4488 4487//4487 4489//4489
f 4488//4488 4489//4489 4490//4490
f 4490//4490 4489//4489 4491//4491
f 4490//4490 4491//4491 4492//4492
f 4492//4492 4491//4491 4493//4493
f 4492//4492 4493//4493 4494//4494
f 4493//4493 4495//4495 4494//4494
f 4494//4494 4495//4495 4496//4496
f 4494//4494 4496//4496 4497//4497
f 4498//4498 4499//4499 4497//4497
f 4497//4497 4499//4499 4500//4500
f 4497//4497 4500//4500 4494//4494
f 4494//4494 4500//4500 4501//4501
f 4494//4494 4501//4501 4492//4492
f 4492//4492 4501//4501 4502//4502
f 4492//4492 4502//4502 4490//4490
f 4490//4490 4502//4502 4503//4503
f 4490//4490 4503//4503 4488//4488
f 4488//4488 4503//4503 4504//4504
f 4488//4488 4504//4504 4486//4486
f 4486//4486 4504//4504 4505//4505
f 4486//4486 4505//4505 4357//4357
f 4357//4357 4505//4505 4356//4356
f 4357//4357 4356//4356 3139//3139
f 3139//3139 4356//4356 3138//3138
f 3148//3148 3143//3143 4355//4355
f 4355//4355 3143//3143 4356//4356
f 4355//4355 4356//4356 4506//4506
f 4506//4506 4356//4356 4505//4505
f 4506//4506 4505//4505 4507//4507
f 4507//4507 4505//4505 4504//4504
f 4507//4507 4504//4504 4508//4508
f 4508//4508 4504//4504 4503//4503
f 4508//4508 4503//4503 4509//4509
f 4509//4509 4503//4503 4502//4502
f 4509//4509 4502//4502 4510//4510
f 4510//4510 4502//4502 4501//4501
f 4510//4510 4501//4501 4511//4511
f 4511//4511 4501//4501 4500//4500
f 4511//4511 4500//4500 4512//4512
f 4512//4512 4500//4500 4499//4499
f 4512//4512 4499//4499 4513//4513
f 4513//4513 4499//4499 4498//4498
f 4513//4513 4498//4498 4514//4514
f 3151//3151 3144//3144 4353//4353
f 4353//4353 3144//3144 4354//4354
f 4353//4353 4354//4354 4515//4515
f 4515//4515 4354//4354 4516//4516
f 4515//4515 4516//4516 4517//4517
f 4517//4517 4516//4516 4518//4518
f 4517//4517 4518//4518 4519//4519
f 4520//4520 4521//4521 4522//4522
f 4522//4522 4521//4521 4377//4377
f 4522//4522 4377//4377 4349//4349
f 4349//4349 4377//4377 4375//4375
f 4349//4349 4375//4375 4347//4347
f 4347//4347 4375//4375 4374//4374
f 4347//4347 4374//4374 4371//4371
f 3149//3149 3150//3150 4348//4348
f 4348//4348 3150//3150 4353//4353
f 4348//4348 4353//4353 4349//4349
f 4349//4349 4353//4353 4515//4515
f 4349//4349 4515//4515 4522//4522
f 4522//4522 4515//4515 4517//4517
f 4522//4522 4517//4517 4523//4523
f 4523//4523 4517//4517 4519//4519
f 4523//4523 4519//4519 4524//4524
f 4346//4346 4345//4345 4525//4525
f 4525//4525 4345//4345 4526//4526
f 4525//4525 4526//4526 4527//4527
f 4528//4528 4529//4529 4530//4530
f 4530//4530 4529//4529 4531//4531
f 4530//4530 4531//4531 4532//4532
f 4532//4532 4531//4531 4533//4533
f 4346//4346 4533//4533 4344//4344
f 4344//4344 4533//4533 4531//4531
f 4344//4344 4531//4531 4534//4534
f 4534//4534 4531//4531 4529//4529
f 4518//4518 4527//4527 4519//4519
f 4519//4519 4527//4527 4526//4526
f 4519//4519 4526//4526 4524//4524
f 4524//4524 4526//4526 4345//4345
f 4524//4524 4345//4345 4535//4535
f 4535//4535 4345//4345 4344//4344
f 4535//4535 4344//4344 4536//4536
f 4536//4536 4344//4344 4534//4534
f 4536//4536 4537//4537 4535//4535
f 4535//4535 4537//4537 4538//4538
f 4535//4535 4538//4538 4524//4524
f 4524//4524 4538//4538 4539//4539
f 4524//4524 4539//4539 4523//4523
f 4523//4523 4539//4539 4378//4378
f 4523//4523 4378//4378 4522//4522
f 4522//4522 4378//4378 4380//4380
f 4522//4522 4380//4380 4520//4520
f 4471//4471 4540//4540 4469//4469
f 4469//4469 4540//4540 4541//4541
f 4469//4469 4541//4541 4542//4542
f 4542//4542 4541//4541 4543//4543
f 4542//4542 4543//4543 4544//4544
f 4544//4544 4543//4543 4545//4545
f 4544//4544 4545//4545 4546//4546
f 4546//4546 4545//4545 4547//4547
f 4546//4546 4547//4547 4548//4548
f 4548//4548 4547//4547 4549//4549
f 4548//4548 4549//4549 4550//4550
f 4550//4550 4549//4549 4397//4397
f 4550//4550 4397//4397 4393//4393
f 4393//4393 4397//4397 4398//4398
f 4393//4393 4398//4398 4394//4394
f 4540//4540 4483//4483 4541//4541
f 4541//4541 4483//4483 4478//4478
f 4541//4541 4478//4478 4543//4543
f 4543//4543 4478//4478 4477//4477
f 4543//4543 4477//4477 4545//4545
f 4545//4545 4477//4477 4480//4480
f 4545//4545 4480//4480 4547//4547
f 4547//4547 4480//4480 4481//4481
f 4547//4547 4481//4481 4549//4549
f 4549//4549 4481//4481 4401//4401
f 4549//4549 4401//4401 4397//4397
f 4397//4397 4401//4401 4402//4402
f 4397//4397 4402//4402 4395//4395
f 4514//4514 4528//4528 4513//4513
f 4513//4513 4528//4528 4530//4530
f 4513//4513 4530//4530 4512//4512
f 4512//4512 4530//4530 4532//4532
f 4512//4512 4532//4532 4511//4511
f 4511//4511 4532//4532 4533//4533
f 4511//4511 4533//4533 4510//4510
f 4510//4510 4533//4533 4346//4346
f 4510//4510 4346//4346 4509//4509
f 4509//4509 4346//4346 4525//4525
f 4509//4509 4525//4525 4508//4508
f 4508//4508 4525//4525 4527//4527
f 4508//4508 4527//4527 4507//4507
f 4507//4507 4527//4527 4518//4518
f 4507//4507 4518//4518 4506//4506
f 4506//4506 4518//4518 4516//4516
f 4506//4506 4516//4516 4355//4355
f 4355//4355 4516//4516 4354//4354
f 4355//4355 4354//4354 3146//3146
f 3146//3146 4354//4354 3145//3145
f 3124//3124 4451//4451 4452//4452
f 4452//4452 4451//4451 4450//4450
f 4452//4452 4450//4450 4551//4551
f 4551//4551 4450//4450 4449//4449
f 4551//4551 4449//4449 4552//4552
f 4552//4552 4449//4449 4448//4448
f 4552//4552 4448//4448 4553//4553
f 4553//4553 4448//4448 4446//4446
f 4553//4553 4446//4446 4554//4554
f 4554//4554 4446//4446 4447//4447
f 4554//4554 4447//4447 4555//4555
f 3128//3128 4453//4453 4454//4454
f 4454//4454 4453//4453 4556//4556
f 4454//4454 4556//4556 4557//4557
f 4557//4557 4556//4556 4558//4558
f 4557//4557 4558//4558 4559//4559
f 4559//4559 4558//4558 4560//4560
f 4559//4559 4560//4560 4561//4561
f 4561//4561 4560//4560 4562//4562
f 4561//4561 4562//4562 4563//4563
f 4563//4563 4562//4562 4564//4564
f 4563//4563 4564//4564 4565//4565
f 3133//3133 4454//4454 4358//4358
f 4358//4358 4454//4454 4557//4557
f 4358//4358 4557//4557 4566//4566
f 4566//4566 4557//4557 4559//4559
f 4566//4566 4559//4559 4567//4567
f 4567//4567 4559//4559 4561//4561
f 4567//4567 4561//4561 4568//4568
f 4568//4568 4561//4561 4563//4563
f 4568//4568 4563//4563 4569//4569
f 4569//4569 4563//4563 4565//4565
f 4569//4569 4565//4565 4570//4570
f 4423//4423 4417//4417 4422//4422
f 4422//4422 4417//4417 4416//4416
f 4422//4422 4416//4416 4473//4473
f 4473//4473 4416//4416 4482//4482
f 4473//4473 4482//4482 4475//4475
f 4475//4475 4482//4482 4483//4483
f 4475//4475 4483//4483 4474//4474
f 4474//4474 4483//4483 4540//4540
f 4474//4474 4540//4540 4472//4472
f 4472//4472 4540//4540 4471//4471
f 4472//4472 4471//4471 4571//4571
f 4571//4571 4471//4471 4470//4470
f 4571//4571 4470//4470 4572//4572
f 4572//4572 4470//4470 4573//4573
f 4572//4572 4573//4573 4574//4574
f 4574//4574 4573//4573 4570//4570
f 4574//4574 4570//4570 4575//4575
f 4575//4575 4570//4570 4565//4565
f 4575//4575 4565//4565 4576//4576
f 4576//4576 4565//4565 4564//4564
f 4576//4576 4564//4564 4555//4555
f 4555//4555 4564//4564 4562//4562
f 4555//4555 4562//4562 4554//4554
f 4554//4554 4562//4562 4560//4560
f 4554//4554 4560//4560 4553//4553
f 4553//4553 4560//4560 4558//4558
f 4553//4553 4558//4558 4552//4552
f 4552//4552 4558//4558 4556//4556
f 4552//4552 4556//4556 4551//4551
f 4551//4551 4556//4556 4453//4453
f 4551//4551 4453//4453 4452//4452
f 4452//4452 4453//4453 3126//3126
f 4452//4452 3126//3126 3125//3125
f 2830//2830 2728//2728 4447//4447
f 4447//4447 2728//2728 4444//4444
f 4447//4447 4444//4444 4555//4555
f 4555//4555 4444//4444 4460//4460
f 4555//4555 4460//4460 4576//4576
f 4576//4576 4460//4460 4458//4458
f 4576//4576 4458//4458 4575//4575
f 4575//4575 4458//4458 4457//4457
f 4575//4575 4457//4457 4574//4574
f 4574//4574 4457//4457 4461//4461
f 4574//4574 4461//4461 4572//4572
f 4572//4572 4461//4461 4462//4462
f 4572//4572 4462//4462 4571//4571
f 4571//4571 4462//4462 4463//4463
f 4571//4571 4463//4463 4472//4472
f 4472//4472 4463//4463 4485//4485
f 4472//4472 4485//4485 4473//4473
f 4473//4473 4485//4485 4484//4484
f 4473//4473 4484//4484 4422//4422
f 4422//4422 4484//4484 4364//4364
f 4422//4422 4364//4364 4420//4420
f 4420//4420 4364//4364 4363//4363
f 3135//3135 4455//4455 4456//4456
f 4456//4456 4455//4455 4577//4577
f 4456//4456 4577//4577 4487//4487
f 4487//4487 4577//4577 4578//4578
f 4487//4487 4578//4578 4489//4489
f 4489//4489 4578//4578 4579//4579
f 4489//4489 4579//4579 4491//4491
f 4491//4491 4579//4579 4580//4580
f 4491//4491 4580//4580 4493//4493
f 4493//4493 4580//4580 4581//4581
f 4493//4493 4581//4581 4495//4495
f 4495//4495 4581//4581 4582//4582
f 4495//4495 4582//4582 4496//4496
f 4496//4496 4582//4582 4583//4583
f 4496//4496 4583//4583 4497//4497
f 4497//4497 4583//4583 4584//4584
f 4497//4497 4584//4584 4498//4498
f 4498//4498 4584//4584 4585//4585
f 4498//4498 4585//4585 4514//4514
f 3131//3131 4358//4358 4455//4455
f 4455//4455 4358//4358 4566//4566
f 4455//4455 4566//4566 4577//4577
f 4577//4577 4566//4566 4567//4567
f 4577//4577 4567//4567 4578//4578
f 4578//4578 4567//4567 4568//4568
f 4578//4578 4568//4568 4579//4579
f 4579//4579 4568//4568 4569//4569
f 4579//4579 4569//4569 4580//4580
f 4580//4580 4569//4569 4570//4570
f 4580//4580 4570//4570 4581//4581
f 4581//4581 4570//4570 4573//4573
f 4581//4581 4573//4573 4582//4582
f 4582//4582 4573//4573 4470//4470
f 4582//4582 4470//4470 4583//4583
f 4583//4583 4470//4470 4469//4469
f 4583//4583 4469//4469 4584//4584
f 4584//4584 4469//4469 4542//4542
f 4584//4584 4542//4542 4585//4585
f 4585//4585 4542//4542 4544//4544
f 4585//4585 4544//4544 4514//4514
f 4514//4514 4544//4544 4546//4546
f 4514//4514 4546//4546 4528//4528
f 4528//4528 4546//4546 4548//4548
f 4528//4528 4548//4548 4529//4529
f 4529//4529 4548//4548 4550//4550
f 4529//4529 4550//4550 4534//4534
f 4534//4534 4550//4550 4393//4393
f 4534//4534 4393//4393 4536//4536
f 4536//4536 4393//4393 4390//4390
f 4536//4536 4390//4390 4537//4537
f 4537//4537 4390//4390 4387//4387
f 4537//4537 4387//4387 4538//4538
f 4538//4538 4387//4387 4385//4385
f 4538//4538 4385//4385 4539//4539
f 4539//4539 4385//4385 4383//4383
f 4539//4539 4383//4383 4378//4378
f 4378//4378 4383//4383 4382//4382
f 4378//4378 4382//4382 4381//4381
f 4586//4586 4587//4587 4588//4588
f 4199//4199 4268//4268 4589//4589
f 4590//4590 4591//4591 4592//4592
f 4593//4593 4592//4592 4594//4594
f 4595//4595 4596//4596 4597//4597
f 4598//4598 4599//4599 4600//4600
f 4601//4601 4602//4602 4603//4603
f 4604//4604 4605//4605 4606//4606
f 4607//4607 4608//4608 4609//4609
f 4610//4610 4611//4611 4612//4612
f 4613//4613 4614//4614 4615//4615
f 4616//4616 4617//4617 4618//4618
f 4614//4614 4613//4613 4619//4619
f 4620//4620 4621//4621 4622//4622
f 4623//4623 4624//4624 4625//4625
f 4626//4626 4627//4627 4628//4628
f 4629//4629 4630//4630 4631//4631
f 4632//4632 4633//4633 4634//4634
f 4635//4635 4636//4636 4637//4637
f 4342//4342 4341//4341 4638//4638
f 3983//3983 3982//3982 4639//4639
f 3985//3985 3984//3984 4640//4640
f 3640//3640 3639//3639 4641//4641
f 3650//3650 3649//3649 4642//4642
f 3201//3201 3208//3208 4643//4643
f 3212//3212 3210//3210 4644//4644
f 3233//3233 3231//3231 4645//4645
f 3230//3230 3240//3240 4646//4646
f 4388//4388 4389//4389 4647//4647
f 4408//4408 4407//4407 4648//4648
f 4366//4366 4365//4365 4649//4649
f 4419//4419 4417//4417 4650//4650
f 4363//4363 4362//4362 4651//4651
f 4360//4360 4359//4359 4652//4652
f 4222//4222 4225//4225 4653//4653
f 4653//4653 4437//4437 4436//4436
f 4222//4222 4653//4653 4221//4221
f 4221//4221 4653//4653 4436//4436
f 4221//4221 4436//4436 2678//2678
f 4654//4654 4433//4433 4438//4438
f 4359//4359 4432//4432 4652//4652
f 4652//4652 4432//4432 4468//4468
f 4652//4652 4468//4468 4654//4654
f 4654//4654 4468//4468 4434//4434
f 4654//4654 4434//4434 4433//4433
f 4425//4425 4427//4427 4655//4655
f 4655//4655 4427//4427 4428//4428
f 4655//4655 4428//4428 4656//4656
f 4656//4656 4428//4428 4431//4431
f 4651//4651 4362//4362 4655//4655
f 4655//4655 4362//4362 4424//4424
f 4655//4655 4424//4424 4425//4425
f 4423//4423 4421//4421 4657//4657
f 4657//4657 4421//4421 4420//4420
f 4657//4657 4420//4420 4363//4363
f 4419//4419 4650//4650 4365//4365
f 4366//4366 4649//4649 4415//4415
f 4407//4407 4412//4412 4658//4658
f 4658//4658 4412//4412 4414//4414
f 4658//4658 4414//4414 4415//4415
f 4659//4659 4405//4405 4660//4660
f 4660//4660 4405//4405 4404//4404
f 4660//4660 4404//4404 4661//4661
f 4661//4661 4404//4404 4406//4406
f 4661//4661 4406//4406 4662//4662
f 4662//4662 4406//4406 4411//4411
f 4662//4662 4411//4411 4410//4410
f 4663//4663 4400//4400 4659//4659
f 4659//4659 4400//4400 4399//4399
f 4659//4659 4399//4399 4405//4405
f 4396//4396 4395//4395 4663//4663
f 4663//4663 4395//4395 4402//4402
f 4663//4663 4402//4402 4400//4400
f 4394//4394 4398//4398 4664//4664
f 4664//4664 4398//4398 4396//4396
f 4665//4665 4392//4392 4394//4394
f 4647//4647 4389//4389 4665//4665
f 4665//4665 4389//4389 4391//4391
f 4665//4665 4391//4391 4392//4392
f 4388//4388 4647//4647 4386//4386
f 4386//4386 4647//4647 4666//4666
f 4386//4386 4666//4666 4384//4384
f 4384//4384 4666//4666 4667//4667
f 4384//4384 4667//4667 4382//4382
f 4520//4520 4380//4380 4668//4668
f 4668//4668 4380//4380 4379//4379
f 4668//4668 4379//4379 4667//4667
f 4667//4667 4379//4379 4381//4381
f 4667//4667 4381//4381 4382//4382
f 4669//4669 4376//4376 4377//4377
f 4669//4669 4377//4377 4668//4668
f 4668//4668 4377//4377 4521//4521
f 4668//4668 4521//4521 4520//4520
f 4670//4670 4372//4372 4371//4371
f 4670//4670 4371//4371 4669//4669
f 4669//4669 4371//4371 4374//4374
f 4669//4669 4374//4374 4376//4376
f 4671//4671 4368//4368 4670//4670
f 4670//4670 4368//4368 4373//4373
f 4670//4670 4373//4373 4372//4372
f 3246//3246 4370//4370 4671//4671
f 4671//4671 4370//4370 4369//4369
f 4671//4671 4369//4369 4368//4368
f 3246//3246 3245//3245 4370//4370
f 4370//4370 3245//3245 3244//3244
f 4370//4370 3244//3244 3153//3153
f 3249//3249 3248//3248 4671//4671
f 4671//4671 3248//3248 3247//3247
f 4671//4671 3247//3247 3246//3246
f 4646//4646 3236//3236 4672//4672
f 4672//4672 3236//3236 3235//3235
f 3176//3176 4673//4673 3177//3177
f 3177//3177 4673//4673 4672//4672
f 3177//3177 4672//4672 3242//3242
f 3242//3242 4672//4672 3235//3235
f 3240//3240 3239//3239 4646//4646
f 4646//4646 3239//3239 3238//3238
f 4646//4646 3238//3238 3236//3236
f 4645//4645 3231//3231 4674//4674
f 3229//3229 3180//3180 4675//4675
f 4675//4675 3180//3180 3179//3179
f 4675//4675 3179//3179 4645//4645
f 4645//4645 3179//3179 3234//3234
f 4645//4645 3234//3234 3233//3233
f 3227//3227 3226//3226 4676//4676
f 3224//3224 3223//3223 4677//4677
f 4677//4677 3223//3223 3182//3182
f 4677//4677 3182//3182 3228//3228
f 4677//4677 4678//4678 3224//3224
f 3224//3224 4678//4678 4679//4679
f 3224//3224 4679//4679 3225//3225
f 3225//3225 4679//4679 3220//3220
f 4644//4644 3216//3216 3215//3215
f 4644//4644 3215//3215 4679//4679
f 4679//4679 3215//3215 3222//3222
f 4679//4679 3222//3222 3220//3220
f 3210//3210 3209//3209 4644//4644
f 4644//4644 3209//3209 3218//3218
f 4644//4644 3218//3218 3216//3216
f 3212//3212 4680//4680 3213//3213
f 3213//3213 4680//4680 4681//4681
f 3213//3213 4681//4681 3214//3214
f 3214//3214 4681//4681 3202//3202
f 3208//3208 3207//3207 4643//4643
f 4643//4643 3207//3207 3205//3205
f 4643//4643 3205//3205 4681//4681
f 4681//4681 3205//3205 3203//3203
f 4681//4681 3203//3203 3202//3202
f 3651//3651 3196//3196 4682//4682
f 4682//4682 3196//3196 3198//3198
f 4682//4682 3198//3198 4643//4643
f 4643//4643 3198//3198 3200//3200
f 4643//4643 3200//3200 3201//3201
f 3649//3649 3648//3648 4642//4642
f 4642//4642 3648//3648 3653//3653
f 4642//4642 3653//3653 4682//4682
f 4682//4682 3653//3653 3652//3652
f 4682//4682 3652//3652 3651//3651
f 3643//3643 3647//3647 4683//4683
f 4683//4683 3647//3647 4642//4642
f 4642//4642 3647//3647 3646//3646
f 4642//4642 3646//3646 3650//3650
f 3639//3639 3580//3580 4684//4684
f 4684//4684 3580//3580 3579//3579
f 4684//4684 3579//3579 4683//4683
f 4683//4683 3579//3579 3644//3644
f 4683//4683 3644//3644 3643//3643
f 3640//3640 4641//4641 3641//3641
f 4685//4685 3630//3630 3629//3629
f 3629//3629 3628//3628 4685//4685
f 4685//4685 3628//3628 3635//3635
f 4685//4685 3635//3635 4641//4641
f 4641//4641 3635//3635 3637//3637
f 4641//4641 3637//3637 3641//3641
f 3630//3630 4685//4685 3631//3631
f 3631//3631 4685//4685 4686//4686
f 3631//3631 4686//4686 4687//4687
f 3634//3634 4687//4687 3624//3624
f 3624//3624 4687//4687 3625//3625
f 3634//3634 3633//3633 4687//4687
f 4687//4687 3633//3633 3632//3632
f 4687//4687 3632//3632 3631//3631
f 3627//3627 4688//4688 3622//3622
f 3622//3622 4688//4688 3623//3623
f 3623//3623 4688//4688 3617//3617
f 3617//3617 4688//4688 4689//4689
f 3617//3617 4689//4689 3618//3618
f 3613//3613 4690//4690 3614//3614
f 3614//3614 4690//4690 3616//3616
f 3608//3608 3607//3607 4691//4691
f 4691//4691 3607//3607 3606//3606
f 4691//4691 3606//3606 4692//4692
f 4692//4692 3606//3606 3612//3612
f 3612//3612 3611//3611 4692//4692
f 4692//4692 3611//3611 3610//3610
f 4692//4692 3610//3610 4690//4690
f 4690//4690 3610//3610 3609//3609
f 4690//4690 3609//3609 3616//3616
f 2672//2672 3605//3605 4048//4048
f 4048//4048 3605//3605 3604//3604
f 4048//4048 3604//3604 4693//4693
f 4693//4693 3604//3604 3602//3602
f 4693//4693 3602//3602 3601//3601
f 4694//4694 4035//4035 4693//4693
f 4693//4693 4035//4035 4034//4034
f 4693//4693 4034//4034 4048//4048
f 4044//4044 4042//4042 4695//4695
f 4695//4695 4042//4042 4040//4040
f 4695//4695 4040//4040 4039//4039
f 4039//4039 4038//4038 4694//4694
f 4694//4694 4038//4038 4037//4037
f 4694//4694 4037//4037 4035//4035
f 4027//4027 4029//4029 4696//4696
f 4696//4696 4029//4029 4033//4033
f 4032//4032 4031//4031 4697//4697
f 4697//4697 4031//4031 4047//4047
f 4697//4697 4047//4047 4046//4046
f 4698//4698 4024//4024 4085//4085
f 4699//4699 4020//4020 4025//4025
f 4015//4015 4023//4023 4700//4700
f 4700//4700 4023//4023 4021//4021
f 4013//4013 4011//4011 4701//4701
f 4701//4701 4011//4011 4019//4019
f 4701//4701 4019//4019 4702//4702
f 4702//4702 4019//4019 4018//4018
f 4702//4702 4018//4018 4016//4016
f 4013//4013 4701//4701 4014//4014
f 4014//4014 4701//4701 4703//4703
f 4014//4014 4703//4703 4010//4010
f 4704//4704 4007//4007 4703//4703
f 4703//4703 4007//4007 4008//4008
f 4703//4703 4008//4008 4010//4010
f 4000//4000 4003//4003 4704//4704
f 4704//4704 4003//4003 4005//4005
f 4704//4704 4005//4005 4007//4007
f 4705//4705 3996//3996 3995//3995
f 4706//4706 4707//4707 3997//3997
f 3997//3997 4707//4707 3998//3998
f 3998//3998 4707//4707 3991//3991
f 3991//3991 4707//4707 4708//4708
f 3991//3991 4708//4708 3992//3992
f 3993//3993 4709//4709 3994//3994
f 3994//3994 4709//4709 4710//4710
f 3994//3994 4710//4710 3989//3989
f 3989//3989 4710//4710 4711//4711
f 3989//3989 4711//4711 3950//3950
f 3950//3950 4711//4711 3951//3951
f 4712//4712 3988//3988 3987//3987
f 3981//3981 3979//3979 4713//4713
f 4713//4713 3979//3979 3978//3978
f 4714//4714 3974//3974 4715//4715
f 4715//4715 3974//3974 3973//3973
f 4715//4715 3973//3973 3972//3972
f 4716//4716 3976//3976 4714//4714
f 4714//4714 3976//3976 3975//3975
f 4714//4714 3975//3975 3974//3974
f 4717//4717 4118//4118 4716//4716
f 4716//4716 4118//4118 3977//3977
f 4716//4716 3977//3977 3976//3976
f 3971//3971 3970//3970 4718//4718
f 4718//4718 3970//3970 3969//3969
f 4718//4718 3969//3969 4717//4717
f 4717//4717 3969//3969 3968//3968
f 4717//4717 3968//3968 4118//4118
f 2716//2716 3966//3966 4343//4343
f 4343//4343 3966//3966 4340//4340
f 3971//3971 4718//4718 3967//3967
f 3967//3967 4718//4718 4638//4638
f 3967//3967 4638//4638 3966//3966
f 3966//3966 4638//4638 4341//4341
f 3966//3966 4341//4341 4340//4340
f 4719//4719 4336//4336 4342//4342
f 4175//4175 4339//4339 4720//4720
f 4720//4720 4339//4339 4338//4338
f 4720//4720 4338//4338 4337//4337
f 4334//4334 4333//4333 4721//4721
f 4721//4721 4333//4333 4176//4176
f 4177//4177 4335//4335 4722//4722
f 4722//4722 4335//4335 4334//4334
f 4331//4331 4330//4330 4723//4723
f 4723//4723 4330//4330 4178//4178
f 4723//4723 4178//4178 4177//4177
f 4724//4724 4179//4179 4332//4332
f 4329//4329 4328//4328 4725//4725
f 4725//4725 4328//4328 4327//4327
f 4725//4725 4327//4327 4180//4180
f 4323//4323 4182//4182 4726//4726
f 4726//4726 4182//4182 4181//4181
f 4726//4726 4181//4181 4329//4329
f 4727//4727 4322//4322 4323//4323
f 4728//4728 4324//4324 4321//4321
f 4317//4317 4318//4318 4729//4729
f 4729//4729 4318//4318 4326//4326
f 4729//4729 4326//4326 4728//4728
f 4728//4728 4326//4326 4325//4325
f 4728//4728 4325//4325 4324//4324
f 4319//4319 4316//4316 4730//4730
f 4730//4730 4316//4316 4317//4317
f 4731//4731 4314//4314 4732//4732
f 4732//4732 4314//4314 4313//4313
f 4732//4732 4313//4313 4730//4730
f 4730//4730 4313//4313 4320//4320
f 4730//4730 4320//4320 4319//4319
f 4184//4184 4731//4731 4310//4310
f 4310//4310 4731//4731 4733//4733
f 4184//4184 4183//4183 4731//4731
f 4731//4731 4183//4183 4315//4315
f 4731//4731 4315//4315 4314//4314
f 4307//4307 4306//4306 4734//4734
f 4734//4734 4306//4306 4312//4312
f 4734//4734 4312//4312 4733//4733
f 4733//4733 4312//4312 4311//4311
f 4733//4733 4311//4311 4310//4310
f 4307//4307 4734//4734 4308//4308
f 4308//4308 4734//4734 4735//4735
f 4308//4308 4735//4735 4309//4309
f 4736//4736 4186//4186 4735//4735
f 4735//4735 4186//4186 4185//4185
f 4735//4735 4185//4185 4309//4309
f 4737//4737 4304//4304 4736//4736
f 4736//4736 4304//4304 4303//4303
f 4736//4736 4303//4303 4186//4186
f 4279//4279 4278//4278 4738//4738
f 4738//4738 4278//4278 4283//4283
f 4738//4738 4283//4283 4739//4739
f 4194//4194 4740//4740 4281//4281
f 4281//4281 4740//4740 4739//4739
f 4281//4281 4739//4739 4282//4282
f 4282//4282 4739//4739 4283//4283
f 4194//4194 4193//4193 4740//4740
f 4740//4740 4193//4193 4286//4286
f 4740//4740 4286//4286 4741//4741
f 4192//4192 4742//4742 4284//4284
f 4284//4284 4742//4742 4741//4741
f 4284//4284 4741//4741 4285//4285
f 4285//4285 4741//4741 4286//4286
f 4192//4192 4191//4191 4742//4742
f 4742//4742 4191//4191 4290//4290
f 4742//4742 4290//4290 4743//4743
f 4287//4287 4744//4744 4288//4288
f 4288//4288 4744//4744 4743//4743
f 4288//4288 4743//4743 4289//4289
f 4289//4289 4743//4743 4290//4290
f 4287//4287 4296//4296 4744//4744
f 4744//4744 4296//4296 4295//4295
f 4744//4744 4295//4295 4745//4745
f 4295//4295 4294//4294 4745//4745
f 4745//4745 4294//4294 4293//4293
f 4745//4745 4293//4293 4746//4746
f 4746//4746 4293//4293 4292//4292
f 4746//4746 4292//4292 4291//4291
f 4291//4291 4299//4299 4746//4746
f 4746//4746 4299//4299 4298//4298
f 4746//4746 4298//4298 4747//4747
f 4747//4747 4298//4298 4297//4297
f 4747//4747 4297//4297 4748//4748
f 4748//4748 4297//4297 4190//4190
f 4748//4748 4190//4190 4189//4189
f 4300//4300 4749//4749 4301//4301
f 4301//4301 4749//4749 4748//4748
f 4301//4301 4748//4748 4302//4302
f 4302//4302 4748//4748 4189//4189
f 4300//4300 4188//4188 4749//4749
f 4749//4749 4188//4188 4187//4187
f 4749//4749 4187//4187 4737//4737
f 4737//4737 4187//4187 4305//4305
f 4737//4737 4305//4305 4304//4304
f 4750//4750 4751//4751 4752//4752
f 4753//4753 4754//4754 4755//4755
f 4755//4755 4754//4754 4756//4756
f 4755//4755 4756//4756 4757//4757
f 4757//4757 4756//4756 4758//4758
f 4759//4759 4760//4760 4761//4761
f 4761//4761 4762//4762 4759//4759
f 4759//4759 4762//4762 4763//4763
f 4759//4759 4763//4763 4764//4764
f 4764//4764 4763//4763 4765//4765
f 4764//4764 4765//4765 4766//4766
f 4767//4767 4760//4760 4768//4768
f 4768//4768 4760//4760 4759//4759
f 4768//4768 4759//4759 4769//4769
f 4769//4769 4759//4759 4764//4764
f 4769//4769 4764//4764 4770//4770
f 4770//4770 4764//4764 4766//4766
f 4771//4771 4767//4767 4772//4772
f 4772//4772 4767//4767 4768//4768
f 4772//4772 4768//4768 4773//4773
f 4773//4773 4768//4768 4769//4769
f 4773//4773 4769//4769 4774//4774
f 4774//4774 4769//4769 4770//4770
f 4775//4775 4632//4632 4776//4776
f 4633//4633 4626//4626 4777//4777
f 4635//4635 4637//4637 4778//4778
f 4778//4778 4637//4637 4779//4779
f 4778//4778 4779//4779 4780//4780
f 4781//4781 4782//4782 4728//4728
f 4728//4728 4782//4782 4783//4783
f 4728//4728 4783//4783 4729//4729
f 4784//4784 4785//4785 4786//4786
f 4786//4786 4785//4785 4787//4787
f 4786//4786 4787//4787 4788//4788
f 4788//4788 4787//4787 4789//4789
f 4788//4788 4789//4789 4790//4790
f 4790//4790 4789//4789 4791//4791
f 4790//4790 4791//4791 4792//4792
f 4792//4792 4791//4791 4793//4793
f 4792//4792 4793//4793 4794//4794
f 4794//4794 4793//4793 4795//4795
f 4794//4794 4795//4795 4796//4796
f 4796//4796 4795//4795 4797//4797
f 4796//4796 4797//4797 4798//4798
f 4798//4798 4797//4797 4799//4799
f 4798//4798 4799//4799 4800//4800
f 4800//4800 4799//4799 4801//4801
f 4800//4800 4801//4801 4802//4802
f 4802//4802 4801//4801 4803//4803
f 4802//4802 4803//4803 4804//4804
f 4804//4804 4803//4803 4805//4805
f 4804//4804 4805//4805 4806//4806
f 4806//4806 4805//4805 4807//4807
f 4806//4806 4807//4807 4808//4808
f 4808//4808 4807//4807 4809//4809
f 4808//4808 4809//4809 4810//4810
f 4810//4810 4809//4809 4811//4811
f 4810//4810 4811//4811 4812//4812
f 4812//4812 4811//4811 4813//4813
f 4812//4812 4813//4813 4814//4814
f 4814//4814 4813//4813 4815//4815
f 4814//4814 4815//4815 4816//4816
f 4816//4816 4815//4815 4754//4754
f 4816//4816 4754//4754 4817//4817
f 4817//4817 4754//4754 4753//4753
f 4817//4817 4753//4753 4818//4818
f 4819//4819 4623//4623 4820//4820
f 4624//4624 4821//4821 4822//4822
f 4823//4823 4824//4824 4825//4825
f 4825//4825 4824//4824 4826//4826
f 4825//4825 4826//4826 4827//4827
f 4827//4827 4826//4826 4828//4828
f 4827//4827 4828//4828 4829//4829
f 4829//4829 4828//4828 4721//4721
f 4829//4829 4721//4721 4720//4720
f 4720//4720 4721//4721 4176//4176
f 4720//4720 4176//4176 4175//4175
f 4830//4830 4823//4823 4831//4831
f 4831//4831 4823//4823 4825//4825
f 4831//4831 4825//4825 4832//4832
f 4832//4832 4825//4825 4827//4827
f 4832//4832 4827//4827 4833//4833
f 4833//4833 4827//4827 4829//4829
f 4833//4833 4829//4829 4834//4834
f 4834//4834 4829//4829 4720//4720
f 4834//4834 4720//4720 4719//4719
f 4719//4719 4720//4720 4337//4337
f 4719//4719 4337//4337 4336//4336
f 4342//4342 4638//4638 4719//4719
f 4719//4719 4638//4638 4718//4718
f 4719//4719 4718//4718 4834//4834
f 4834//4834 4718//4718 4717//4717
f 4834//4834 4717//4717 4833//4833
f 4833//4833 4717//4717 4716//4716
f 4833//4833 4716//4716 4832//4832
f 4832//4832 4716//4716 4714//4714
f 4832//4832 4714//4714 4831//4831
f 4831//4831 4714//4714 4715//4715
f 4831//4831 4715//4715 4830//4830
f 4835//4835 4836//4836 4837//4837
f 4837//4837 4836//4836 4838//4838
f 4837//4837 4838//4838 4839//4839
f 4839//4839 4838//4838 4840//4840
f 4839//4839 4840//4840 4841//4841
f 4841//4841 4840//4840 4842//4842
f 4841//4841 4842//4842 4843//4843
f 4843//4843 4842//4842 4844//4844
f 4843//4843 4844//4844 4845//4845
f 4845//4845 4844//4844 4846//4846
f 4845//4845 4846//4846 4847//4847
f 4847//4847 4846//4846 4725//4725
f 4847//4847 4725//4725 4724//4724
f 4724//4724 4725//4725 4180//4180
f 4724//4724 4180//4180 4179//4179
f 4621//4621 4620//4620 4848//4848
f 4848//4848 4620//4620 4849//4849
f 4848//4848 4849//4849 4850//4850
f 4632//4632 4634//4634 4776//4776
f 4776//4776 4634//4634 4851//4851
f 4776//4776 4851//4851 4852//4852
f 4852//4852 4851//4851 4853//4853
f 4852//4852 4853//4853 4854//4854
f 4854//4854 4853//4853 4855//4855
f 4854//4854 4855//4855 4856//4856
f 4633//4633 4777//4777 4634//4634
f 4634//4634 4777//4777 4857//4857
f 4634//4634 4857//4857 4851//4851
f 4851//4851 4857//4857 4858//4858
f 4851//4851 4858//4858 4853//4853
f 4853//4853 4858//4858 4859//4859
f 4853//4853 4859//4859 4855//4855
f 4855//4855 4859//4859 4860//4860
f 4855//4855 4860//4860 4856//4856
f 4856//4856 4860//4860 4861//4861
f 4856//4856 4861//4861 4862//4862
f 4862//4862 4861//4861 4863//4863
f 4862//4862 4863//4863 4864//4864
f 4864//4864 4863//4863 4865//4865
f 4864//4864 4865//4865 4866//4866
f 4866//4866 4865//4865 4867//4867
f 4866//4866 4867//4867 4868//4868
f 4868//4868 4867//4867 4869//4869
f 4868//4868 4869//4869 4870//4870
f 4626//4626 4628//4628 4777//4777
f 4777//4777 4628//4628 4871//4871
f 4777//4777 4871//4871 4857//4857
f 4857//4857 4871//4871 4872//4872
f 4857//4857 4872//4872 4858//4858
f 4858//4858 4872//4872 4873//4873
f 4858//4858 4873//4873 4859//4859
f 4859//4859 4873//4873 4874//4874
f 4859//4859 4874//4874 4860//4860
f 4629//4629 4631//4631 4875//4875
f 4875//4875 4631//4631 4876//4876
f 4875//4875 4876//4876 4877//4877
f 4877//4877 4876//4876 4878//4878
f 4877//4877 4878//4878 4879//4879
f 4879//4879 4878//4878 4880//4880
f 4879//4879 4880//4880 4881//4881
f 4881//4881 4880//4880 4882//4882
f 4881//4881 4882//4882 4883//4883
f 4883//4883 4882//4882 4884//4884
f 4883//4883 4884//4884 4885//4885
f 4886//4886 4887//4887 4888//4888
f 4888//4888 4887//4887 4889//4889
f 4888//4888 4889//4889 4890//4890
f 4890//4890 4889//4889 4891//4891
f 4890//4890 4891//4891 4892//4892
f 4892//4892 4891//4891 4893//4893
f 4892//4892 4893//4893 4894//4894
f 4894//4894 4893//4893 4895//4895
f 4894//4894 4895//4895 4896//4896
f 4896//4896 4895//4895 4897//4897
f 4896//4896 4897//4897 4819//4819
f 4898//4898 4899//4899 4900//4900
f 4819//4819 4820//4820 4896//4896
f 4896//4896 4820//4820 4901//4901
f 4896//4896 4901//4901 4894//4894
f 4894//4894 4901//4901 4902//4902
f 4894//4894 4902//4902 4892//4892
f 4892//4892 4902//4902 4903//4903
f 4892//4892 4903//4903 4890//4890
f 4890//4890 4903//4903 4904//4904
f 4890//4890 4904//4904 4888//4888
f 4888//4888 4904//4904 4905//4905
f 4888//4888 4905//4905 4886//4886
f 4623//4623 4625//4625 4820//4820
f 4820//4820 4625//4625 4906//4906
f 4820//4820 4906//4906 4901//4901
f 4901//4901 4906//4906 4907//4907
f 4901//4901 4907//4907 4902//4902
f 4902//4902 4907//4907 4908//4908
f 4902//4902 4908//4908 4903//4903
f 4903//4903 4908//4908 4909//4909
f 4903//4903 4909//4909 4904//4904
f 4904//4904 4909//4909 4910//4910
f 4904//4904 4910//4910 4905//4905
f 4911//4911 4912//4912 4835//4835
f 4835//4835 4912//4912 4913//4913
f 4835//4835 4913//4913 4836//4836
f 4177//4177 4722//4722 4723//4723
f 4723//4723 4722//4722 4914//4914
f 4723//4723 4914//4914 4915//4915
f 4915//4915 4914//4914 4916//4916
f 4915//4915 4916//4916 4917//4917
f 4917//4917 4916//4916 4918//4918
f 4917//4917 4918//4918 4919//4919
f 4919//4919 4918//4918 4920//4920
f 4919//4919 4920//4920 4921//4921
f 4921//4921 4920//4920 4922//4922
f 4921//4921 4922//4922 4923//4923
f 4923//4923 4922//4922 4924//4924
f 4923//4923 4924//4924 4925//4925
f 4925//4925 4924//4924 4926//4926
f 4925//4925 4926//4926 4927//4927
f 4927//4927 4926//4926 4928//4928
f 4927//4927 4928//4928 4929//4929
f 4930//4930 4931//4931 4932//4932
f 4932//4932 4931//4931 4639//4639
f 4932//4932 4639//4639 4713//4713
f 4713//4713 4639//4639 3982//3982
f 4713//4713 3982//3982 3981//3981
f 4933//4933 4930//4930 4934//4934
f 4934//4934 4930//4930 4932//4932
f 4934//4934 4932//4932 4935//4935
f 4935//4935 4932//4932 4713//4713
f 4935//4935 4713//4713 4712//4712
f 4712//4712 4713//4713 3978//3978
f 4712//4712 3978//3978 3988//3988
f 4936//4936 4937//4937 4938//4938
f 4938//4938 4937//4937 4939//4939
f 4938//4938 4939//4939 4940//4940
f 4940//4940 4939//4939 4850//4850
f 4940//4940 4850//4850 4941//4941
f 4941//4941 4850//4850 4849//4849
f 4941//4941 4849//4849 4830//4830
f 4830//4830 4849//4849 4620//4620
f 4830//4830 4620//4620 4823//4823
f 4823//4823 4620//4620 4622//4622
f 4823//4823 4622//4622 4824//4824
f 3972//3972 3983//3983 4715//4715
f 4715//4715 3983//3983 4639//4639
f 4715//4715 4639//4639 4830//4830
f 4830//4830 4639//4639 4931//4931
f 4830//4830 4931//4931 4941//4941
f 4941//4941 4931//4931 4930//4930
f 4941//4941 4930//4930 4940//4940
f 4940//4940 4930//4930 4933//4933
f 4940//4940 4933//4933 4938//4938
f 4938//4938 4933//4933 4942//4942
f 4938//4938 4942//4942 4936//4936
f 3984//3984 3951//3951 4640//4640
f 4640//4640 3951//3951 4711//4711
f 4640//4640 4711//4711 4943//4943
f 4943//4943 4711//4711 4710//4710
f 4943//4943 4710//4710 4944//4944
f 4624//4624 4822//4822 4625//4625
f 4625//4625 4822//4822 4945//4945
f 4625//4625 4945//4945 4906//4906
f 4906//4906 4945//4945 4946//4946
f 4906//4906 4946//4946 4907//4907
f 4907//4907 4946//4946 4947//4947
f 4907//4907 4947//4947 4908//4908
f 4908//4908 4947//4947 4948//4948
f 4908//4908 4948//4948 4909//4909
f 4909//4909 4948//4948 4949//4949
f 4909//4909 4949//4949 4910//4910
f 4910//4910 4949//4949 4950//4950
f 4910//4910 4950//4950 4905//4905
f 4905//4905 4950//4950 4898//4898
f 4905//4905 4898//4898 4886//4886
f 4886//4886 4898//4898 4900//4900
f 4886//4886 4900//4900 4887//4887
f 4323//4323 4726//4726 4727//4727
f 4727//4727 4726//4726 4951//4951
f 4727//4727 4951//4951 4952//4952
f 4952//4952 4951//4951 4953//4953
f 4952//4952 4953//4953 4954//4954
f 4954//4954 4953//4953 4955//4955
f 4954//4954 4955//4955 4956//4956
f 4956//4956 4955//4955 4957//4957
f 4956//4956 4957//4957 4958//4958
f 4958//4958 4957//4957 4959//4959
f 4958//4958 4959//4959 4960//4960
f 4960//4960 4959//4959 4961//4961
f 4960//4960 4961//4961 4962//4962
f 4962//4962 4961//4961 4963//4963
f 4962//4962 4963//4963 4964//4964
f 4964//4964 4963//4963 4965//4965
f 4964//4964 4965//4965 4966//4966
f 4966//4966 4965//4965 4967//4967
f 4966//4966 4967//4967 4968//4968
f 4968//4968 4967//4967 4969//4969
f 4968//4968 4969//4969 4970//4970
f 4970//4970 4969//4969 4971//4971
f 4970//4970 4971//4971 4972//4972
f 4972//4972 4971//4971 4973//4973
f 4972//4972 4973//4973 4616//4616
f 4616//4616 4973//4973 4974//4974
f 4616//4616 4974//4974 4617//4617
f 4618//4618 4975//4975 4616//4616
f 4616//4616 4975//4975 4976//4976
f 4616//4616 4976//4976 4972//4972
f 4972//4972 4976//4976 4977//4977
f 4972//4972 4977//4977 4970//4970
f 4970//4970 4977//4977 4978//4978
f 4970//4970 4978//4978 4968//4968
f 4968//4968 4978//4978 4979//4979
f 4968//4968 4979//4979 4966//4966
f 4966//4966 4979//4979 4980//4980
f 4966//4966 4980//4980 4964//4964
f 4964//4964 4980//4980 4981//4981
f 4964//4964 4981//4981 4962//4962
f 4962//4962 4981//4981 4982//4982
f 4962//4962 4982//4982 4960//4960
f 4960//4960 4982//4982 4983//4983
f 4960//4960 4983//4983 4958//4958
f 4958//4958 4983//4983 4984//4984
f 4958//4958 4984//4984 4956//4956
f 4956//4956 4984//4984 4985//4985
f 4956//4956 4985//4985 4954//4954
f 4954//4954 4985//4985 4781//4781
f 4954//4954 4781//4781 4952//4952
f 4952//4952 4781//4781 4728//4728
f 4952//4952 4728//4728 4727//4727
f 4727//4727 4728//4728 4321//4321
f 4727//4727 4321//4321 4322//4322
f 4618//4618 4986//4986 4975//4975
f 4975//4975 4986//4986 4987//4987
f 4975//4975 4987//4987 4976//4976
f 4976//4976 4987//4987 4988//4988
f 4976//4976 4988//4988 4977//4977
f 4977//4977 4988//4988 4989//4989
f 4977//4977 4989//4989 4978//4978
f 4978//4978 4989//4989 4990//4990
f 4978//4978 4990//4990 4979//4979
f 4979//4979 4990//4990 4991//4991
f 4979//4979 4991//4991 4980//4980
f 4980//4980 4991//4991 4992//4992
f 4980//4980 4992//4992 4981//4981
f 4981//4981 4992//4992 4993//4993
f 4981//4981 4993//4993 4982//4982
f 4982//4982 4993//4993 4994//4994
f 4982//4982 4994//4994 4983//4983
f 4983//4983 4994//4994 4995//4995
f 4983//4983 4995//4995 4984//4984
f 4984//4984 4995//4995 4996//4996
f 4984//4984 4996//4996 4985//4985
f 4985//4985 4996//4996 4997//4997
f 4985//4985 4997//4997 4781//4781
f 4781//4781 4997//4997 4998//4998
f 4781//4781 4998//4998 4782//4782
f 4999//4999 5000//5000 5001//5001
f 5001//5001 5000//5000 4911//4911
f 5001//5001 4911//4911 4929//4929
f 4929//4929 4911//4911 4835//4835
f 4929//4929 4835//4835 4927//4927
f 4927//4927 4835//4835 4837//4837
f 4927//4927 4837//4837 4925//4925
f 4925//4925 4837//4837 4839//4839
f 4925//4925 4839//4839 4923//4923
f 4923//4923 4839//4839 4841//4841
f 4923//4923 4841//4841 4921//4921
f 4921//4921 4841//4841 4843//4843
f 4921//4921 4843//4843 4919//4919
f 4919//4919 4843//4843 4845//4845
f 4919//4919 4845//4845 4917//4917
f 4917//4917 4845//4845 4847//4847
f 4917//4917 4847//4847 4915//4915
f 4915//4915 4847//4847 4724//4724
f 4915//4915 4724//4724 4723//4723
f 4723//4723 4724//4724 4332//4332
f 4723//4723 4332//4332 4331//4331
f 4334//4334 4721//4721 4722//4722
f 4722//4722 4721//4721 4828//4828
f 4722//4722 4828//4828 4914//4914
f 4914//4914 4828//4828 4826//4826
f 4914//4914 4826//4826 4916//4916
f 4916//4916 4826//4826 4824//4824
f 4916//4916 4824//4824 4918//4918
f 4918//4918 4824//4824 4622//4622
f 4918//4918 4622//4622 4920//4920
f 4920//4920 4622//4622 4621//4621
f 4920//4920 4621//4621 4922//4922
f 4922//4922 4621//4621 4848//4848
f 4922//4922 4848//4848 4924//4924
f 4924//4924 4848//4848 4850//4850
f 4924//4924 4850//4850 4926//4926
f 4926//4926 4850//4850 4939//4939
f 4926//4926 4939//4939 4928//4928
f 4928//4928 4939//4939 4937//4937
f 4928//4928 4937//4937 4929//4929
f 4929//4929 4937//4937 4936//4936
f 4929//4929 4936//4936 5001//5001
f 5001//5001 4936//4936 5002//5002
f 5001//5001 5002//5002 4999//4999
f 4944//4944 4710//4710 5003//5003
f 5003//5003 4710//4710 4709//4709
f 5003//5003 4709//4709 5004//5004
f 5005//5005 5006//5006 4615//4615
f 4615//4615 5006//5006 5007//5007
f 4615//4615 5007//5007 4613//4613
f 4936//4936 5008//5008 5002//5002
f 5002//5002 5008//5008 5009//5009
f 5002//5002 5009//5009 4999//4999
f 4999//4999 5009//5009 5010//5010
f 4999//4999 5010//5010 5011//5011
f 5011//5011 5010//5010 5012//5012
f 5011//5011 5012//5012 5013//5013
f 5014//5014 5006//5006 5015//5015
f 5015//5015 5006//5006 5005//5005
f 5015//5015 5005//5005 5016//5016
f 5016//5016 5005//5005 4615//4615
f 5016//5016 4615//4615 5004//5004
f 5004//5004 4615//4615 4614//4614
f 5004//5004 4614//4614 5003//5003
f 5003//5003 4614//4614 4619//4619
f 5003//5003 4619//4619 4944//4944
f 5008//5008 5017//5017 5009//5009
f 5009//5009 5017//5017 5018//5018
f 5009//5009 5018//5018 5010//5010
f 5010//5010 5018//5018 5019//5019
f 5010//5010 5019//5019 5012//5012
f 3997//3997 3996//3996 4706//4706
f 4706//4706 3996//3996 4705//4705
f 4706//4706 4705//4705 5020//5020
f 5020//5020 4705//4705 5021//5021
f 3993//3993 3992//3992 4709//4709
f 4709//4709 3992//3992 4708//4708
f 4709//4709 4708//4708 5004//5004
f 5004//5004 4708//4708 4707//4707
f 5004//5004 4707//4707 5016//5016
f 5016//5016 4707//4707 4706//4706
f 5016//5016 4706//4706 5015//5015
f 5015//5015 4706//4706 5020//5020
f 5015//5015 5020//5020 5014//5014
f 5014//5014 5020//5020 5021//5021
f 5014//5014 5021//5021 5022//5022
f 4329//4329 4725//4725 4726//4726
f 4726//4726 4725//4725 4846//4846
f 4726//4726 4846//4846 4951//4951
f 4951//4951 4846//4846 4844//4844
f 4951//4951 4844//4844 4953//4953
f 4953//4953 4844//4844 4842//4842
f 4953//4953 4842//4842 4955//4955
f 4955//4955 4842//4842 4840//4840
f 4955//4955 4840//4840 4957//4957
f 4957//4957 4840//4840 4838//4838
f 4957//4957 4838//4838 4959//4959
f 4959//4959 4838//4838 4836//4836
f 4959//4959 4836//4836 4961//4961
f 4961//4961 4836//4836 4913//4913
f 4961//4961 4913//4913 4963//4963
f 4963//4963 4913//4913 4912//4912
f 4963//4963 4912//4912 4965//4965
f 4965//4965 4912//4912 4911//4911
f 4965//4965 4911//4911 4967//4967
f 4967//4967 4911//4911 5000//5000
f 4967//4967 5000//5000 4969//4969
f 4969//4969 5000//5000 4999//4999
f 4969//4969 4999//4999 4971//4971
f 4971//4971 4999//4999 5011//5011
f 4971//4971 5011//5011 4973//4973
f 4973//4973 5011//5011 5013//5013
f 4973//4973 5013//5013 4974//4974
f 5023//5023 5024//5024 5025//5025
f 5023//5023 5025//5025 5026//5026
f 5025//5025 5027//5027 5026//5026
f 5026//5026 5027//5027 5028//5028
f 5026//5026 5028//5028 5029//5029
f 4986//4986 5030//5030 5031//5031
f 5031//5031 5030//5030 5032//5032
f 5031//5031 5032//5032 5033//5033
f 5033//5033 5032//5032 5034//5034
f 5033//5033 5034//5034 5035//5035
f 5035//5035 5034//5034 5036//5036
f 5035//5035 5036//5036 5037//5037
f 5037//5037 5036//5036 5038//5038
f 5037//5037 5038//5038 5039//5039
f 5039//5039 5038//5038 5040//5040
f 5039//5039 5040//5040 5041//5041
f 5041//5041 5040//5040 5042//5042
f 5041//5041 5042//5042 5043//5043
f 5043//5043 5042//5042 5044//5044
f 5043//5043 5044//5044 5045//5045
f 5045//5045 5044//5044 5046//5046
f 5045//5045 5046//5046 5047//5047
f 5047//5047 5046//5046 5048//5048
f 5028//5028 5049//5049 5029//5029
f 5029//5029 5049//5049 5050//5050
f 5029//5029 5050//5050 5051//5051
f 5050//5050 5052//5052 5051//5051
f 5051//5051 5052//5052 5053//5053
f 5051//5051 5053//5053 5054//5054
f 5055//5055 5056//5056 5057//5057
f 5057//5057 5056//5056 5058//5058
f 5057//5057 5058//5058 5059//5059
f 5059//5059 5058//5058 5060//5060
f 5053//5053 5061//5061 5054//5054
f 5054//5054 5061//5061 5062//5062
f 5054//5054 5062//5062 5063//5063
f 5062//5062 5064//5064 5063//5063
f 5063//5063 5064//5064 5065//5065
f 5063//5063 5065//5065 5066//5066
f 5067//5067 5068//5068 5069//5069
f 5069//5069 5068//5068 5070//5070
f 5069//5069 5070//5070 5022//5022
f 5071//5071 5072//5072 5073//5073
f 5073//5073 5072//5072 5074//5074
f 5073//5073 5074//5074 5060//5060
f 5060//5060 5074//5074 5075//5075
f 5060//5060 5075//5075 5059//5059
f 5076//5076 5077//5077 5078//5078
f 5079//5079 5080//5080 5081//5081
f 5081//5081 5080//5080 5082//5082
f 5081//5081 5082//5082 5083//5083
f 5083//5083 5082//5082 5084//5084
f 5085//5085 5084//5084 5086//5086
f 5086//5086 5084//5084 5082//5082
f 5086//5086 5082//5082 5087//5087
f 5087//5087 5082//5082 5080//5080
f 3995//3995 4002//4002 4705//4705
f 4705//4705 4002//4002 5079//5079
f 4705//4705 5079//5079 5021//5021
f 5021//5021 5079//5079 5081//5081
f 5021//5021 5081//5081 5022//5022
f 5022//5022 5081//5081 5083//5083
f 5022//5022 5083//5083 5069//5069
f 5069//5069 5083//5083 5084//5084
f 5069//5069 5084//5084 5067//5067
f 5067//5067 5084//5084 5085//5085
f 4002//4002 4001//4001 5079//5079
f 5079//5079 4001//4001 4000//4000
f 5079//5079 4000//4000 5080//5080
f 5080//5080 4000//4000 4704//4704
f 5080//5080 4704//4704 5087//5087
f 5087//5087 4704//4704 4703//4703
f 5087//5087 4703//4703 5086//5086
f 5086//5086 4703//4703 4701//4701
f 5086//5086 4701//4701 5085//5085
f 5085//5085 4701//4701 4702//4702
f 5085//5085 4702//4702 5067//5067
f 5067//5067 4702//4702 5076//5076
f 5067//5067 5076//5076 5068//5068
f 5068//5068 5076//5076 5078//5078
f 5068//5068 5078//5078 5070//5070
f 4698//4698 5088//5088 5089//5089
f 5089//5089 5088//5088 5090//5090
f 5089//5089 5090//5090 5091//5091
f 5091//5091 5090//5090 5066//5066
f 5091//5091 5066//5066 5092//5092
f 5092//5092 5066//5066 5065//5065
f 3639//3639 4684//4684 4641//4641
f 4641//4641 4684//4684 5093//5093
f 4641//4641 5093//5093 4685//4685
f 4685//4685 5093//5093 5094//5094
f 4685//4685 5094//5094 4686//4686
f 4686//4686 5094//5094 5095//5095
f 4686//4686 5095//5095 5096//5096
f 5097//5097 5098//5098 5099//5099
f 4033//4033 4032//4032 4696//4696
f 4696//4696 4032//4032 4697//4697
f 4696//4696 4697//4697 5100//5100
f 5101//5101 5100//5100 5102//5102
f 5102//5102 5100//5100 4697//4697
f 5102//5102 4697//4697 4695//4695
f 4695//4695 4697//4697 4046//4046
f 4695//4695 4046//4046 4044//4044
f 5098//5098 5097//5097 5103//5103
f 5103//5103 5104//5104 5098//5098
f 5098//5098 5104//5104 4689//4689
f 5098//5098 4689//4689 5099//5099
f 5099//5099 4689//4689 4688//4688
f 5099//5099 4688//4688 5105//5105
f 5105//5105 4688//4688 3627//3627
f 3601//3601 3608//3608 4693//4693
f 4693//4693 3608//3608 4691//4691
f 4693//4693 4691//4691 4694//4694
f 4694//4694 4691//4691 4692//4692
f 4694//4694 4692//4692 5103//5103
f 5103//5103 4692//4692 4690//4690
f 5103//5103 4690//4690 5104//5104
f 5104//5104 4690//4690 3613//3613
f 5104//5104 3613//3613 4689//4689
f 4689//4689 3613//3613 3620//3620
f 4689//4689 3620//3620 3618//3618
f 4396//4396 4663//4663 4664//4664
f 4664//4664 4663//4663 5106//5106
f 4664//4664 5106//5106 5107//5107
f 5107//5107 5106//5106 5108//5108
f 5107//5107 5108//5108 5109//5109
f 5110//5110 5111//5111 5112//5112
f 5113//5113 5114//5114 5115//5115
f 5116//5116 5117//5117 5118//5118
f 5110//5110 5119//5119 5120//5120
f 5120//5120 5119//5119 5116//5116
f 5120//5120 5116//5116 4610//4610
f 4610//4610 5116//5116 5118//5118
f 4610//4610 5118//5118 4611//4611
f 4394//4394 4664//4664 4665//4665
f 4665//4665 4664//4664 5107//5107
f 4665//4665 5107//5107 4647//4647
f 4647//4647 5107//5107 5109//5109
f 4647//4647 5109//5109 4666//4666
f 5121//5121 5122//5122 5123//5123
f 5123//5123 5122//5122 5124//5124
f 5123//5123 5124//5124 5125//5125
f 5125//5125 5124//5124 5126//5126
f 5125//5125 5126//5126 5127//5127
f 5128//5128 5129//5129 5130//5130
f 5130//5130 5129//5129 5131//5131
f 5132//5132 5131//5131 5133//5133
f 5133//5133 5131//5131 5129//5129
f 5133//5133 5129//5129 5134//5134
f 5134//5134 5129//5129 5128//5128
f 5135//5135 5136//5136 5137//5137
f 5137//5137 5136//5136 5138//5138
f 5137//5137 5138//5138 4608//4608
f 5139//5139 5140//5140 5141//5141
f 5142//5142 4612//4612 5143//5143
f 5143//5143 4612//4612 4611//4611
f 5143//5143 4611//4611 5144//5144
f 5144//5144 4611//4611 5118//5118
f 5144//5144 5118//5118 5145//5145
f 5145//5145 5118//5118 5117//5117
f 5145//5145 5117//5117 5146//5146
f 5147//5147 5148//5148 5149//5149
f 5150//5150 5142//5142 5151//5151
f 5151//5151 5142//5142 5143//5143
f 5151//5151 5143//5143 5152//5152
f 5152//5152 5143//5143 5144//5144
f 5152//5152 5144//5144 5153//5153
f 5153//5153 5144//5144 5145//5145
f 5153//5153 5145//5145 5154//5154
f 5154//5154 5145//5145 5146//5146
f 5154//5154 5146//5146 5155//5155
f 5156//5156 5048//5048 5157//5157
f 5157//5157 5048//5048 5046//5046
f 5157//5157 5046//5046 5158//5158
f 5158//5158 5046//5046 5044//5044
f 5158//5158 5044//5044 5159//5159
f 5159//5159 5044//5044 5042//5042
f 5159//5159 5042//5042 5160//5160
f 5160//5160 5042//5042 5040//5040
f 5160//5160 5040//5040 5161//5161
f 5161//5161 5040//5040 5038//5038
f 5161//5161 5038//5038 5162//5162
f 5162//5162 5038//5038 5036//5036
f 5162//5162 5036//5036 5163//5163
f 5163//5163 5036//5036 5034//5034
f 5163//5163 5034//5034 5164//5164
f 5164//5164 5034//5034 5032//5032
f 5164//5164 5032//5032 5165//5165
f 5165//5165 5032//5032 5030//5030
f 5165//5165 5030//5030 5166//5166
f 5166//5166 5030//5030 4986//4986
f 5166//5166 4986//4986 5055//5055
f 5055//5055 4986//4986 4618//4618
f 5055//5055 4618//4618 5056//5056
f 5056//5056 4618//4618 4617//4617
f 5056//5056 4617//4617 5058//5058
f 5058//5058 4617//4617 4974//4974
f 5058//5058 4974//4974 5060//5060
f 5060//5060 4974//4974 5013//5013
f 5060//5060 5013//5013 5073//5073
f 5073//5073 5013//5013 5012//5012
f 5073//5073 5012//5012 5071//5071
f 5071//5071 5012//5012 5019//5019
f 5167//5167 5168//5168 5169//5169
f 5169//5169 5168//5168 5170//5170
f 5169//5169 5170//5170 5171//5171
f 5171//5171 5170//5170 5172//5172
f 5171//5171 5172//5172 5173//5173
f 5173//5173 5172//5172 5174//5174
f 5173//5173 5174//5174 5175//5175
f 5175//5175 5174//5174 5176//5176
f 5175//5175 5176//5176 5177//5177
f 5177//5177 5176//5176 5178//5178
f 5177//5177 5178//5178 5179//5179
f 5179//5179 5178//5178 5180//5180
f 5179//5179 5180//5180 5181//5181
f 5181//5181 5180//5180 5182//5182
f 5181//5181 5182//5182 5183//5183
f 5183//5183 5182//5182 5184//5184
f 5183//5183 5184//5184 5185//5185
f 5185//5185 5184//5184 5186//5186
f 5185//5185 5186//5186 5187//5187
f 5187//5187 5186//5186 5188//5188
f 5187//5187 5188//5188 5189//5189
f 5189//5189 5188//5188 5190//5190
f 5189//5189 5190//5190 5191//5191
f 5191//5191 5190//5190 5192//5192
f 5191//5191 5192//5192 5193//5193
f 5193//5193 5192//5192 5194//5194
f 5193//5193 5194//5194 5195//5195
f 5195//5195 5194//5194 5196//5196
f 5195//5195 5196//5196 5197//5197
f 5197//5197 5196//5196 5198//5198
f 5197//5197 5198//5198 5199//5199
f 5199//5199 5198//5198 5077//5077
f 5199//5199 5077//5077 5200//5200
f 5200//5200 5077//5077 5076//5076
f 5200//5200 5076//5076 5201//5201
f 5201//5201 5076//5076 4702//4702
f 5201//5201 4702//4702 4700//4700
f 4700//4700 4702//4702 4016//4016
f 4700//4700 4016//4016 4015//4015
f 5168//5168 5156//5156 5170//5170
f 5170//5170 5156//5156 5157//5157
f 5170//5170 5157//5157 5172//5172
f 5172//5172 5157//5157 5158//5158
f 5172//5172 5158//5158 5174//5174
f 5174//5174 5158//5158 5159//5159
f 5174//5174 5159//5159 5176//5176
f 5176//5176 5159//5159 5160//5160
f 5176//5176 5160//5160 5178//5178
f 5178//5178 5160//5160 5161//5161
f 5178//5178 5161//5161 5180//5180
f 5180//5180 5161//5161 5162//5162
f 5180//5180 5162//5162 5182//5182
f 5182//5182 5162//5162 5163//5163
f 5182//5182 5163//5163 5184//5184
f 5184//5184 5163//5163 5164//5164
f 5184//5184 5164//5164 5186//5186
f 5186//5186 5164//5164 5165//5165
f 5186//5186 5165//5165 5188//5188
f 5188//5188 5165//5165 5166//5166
f 5188//5188 5166//5166 5190//5190
f 5190//5190 5166//5166 5055//5055
f 5190//5190 5055//5055 5192//5192
f 5192//5192 5055//5055 5057//5057
f 5192//5192 5057//5057 5194//5194
f 5194//5194 5057//5057 5059//5059
f 5194//5194 5059//5059 5196//5196
f 5196//5196 5059//5059 5075//5075
f 5196//5196 5075//5075 5198//5198
f 5198//5198 5075//5075 5074//5074
f 5198//5198 5074//5074 5077//5077
f 5077//5077 5074//5074 5072//5072
f 5077//5077 5072//5072 5078//5078
f 5078//5078 5072//5072 5071//5071
f 5078//5078 5071//5071 5070//5070
f 5070//5070 5071//5071 5019//5019
f 5070//5070 5019//5019 5022//5022
f 5022//5022 5019//5019 5018//5018
f 5022//5022 5018//5018 5014//5014
f 5014//5014 5018//5018 5017//5017
f 5014//5014 5017//5017 5006//5006
f 5006//5006 5017//5017 5008//5008
f 5006//5006 5008//5008 5007//5007
f 5007//5007 5008//5008 4936//4936
f 5007//5007 4936//4936 4613//4613
f 4613//4613 4936//4936 4942//4942
f 4613//4613 4942//4942 4619//4619
f 4619//4619 4942//4942 4933//4933
f 4619//4619 4933//4933 4944//4944
f 4944//4944 4933//4933 4934//4934
f 4944//4944 4934//4934 4943//4943
f 4943//4943 4934//4934 4935//4935
f 4943//4943 4935//4935 4640//4640
f 4640//4640 4935//4935 4712//4712
f 4640//4640 4712//4712 3985//3985
f 3985//3985 4712//4712 3987//3987
f 5150//5150 5202//5202 5142//5142
f 5142//5142 5202//5202 5203//5203
f 5142//5142 5203//5203 4612//4612
f 4612//4612 5203//5203 5204//5204
f 4612//4612 5204//5204 4610//4610
f 4610//4610 5204//5204 5205//5205
f 4610//4610 5205//5205 5120//5120
f 5120//5120 5205//5205 5113//5113
f 5120//5120 5113//5113 5110//5110
f 5110//5110 5113//5113 5115//5115
f 5110//5110 5115//5115 5111//5111
f 5206//5206 5207//5207 5208//5208
f 5209//5209 5210//5210 5211//5211
f 5211//5211 5210//5210 5206//5206
f 5211//5211 5206//5206 4609//4609
f 4609//4609 5206//5206 5208//5208
f 4609//4609 5208//5208 4607//4607
f 5148//5148 5147//5147 5212//5212
f 5212//5212 5147//5147 5213//5213
f 5212//5212 5213//5213 5214//5214
f 5214//5214 5213//5213 5215//5215
f 5214//5214 5215//5215 5216//5216
f 5140//5140 5139//5139 5217//5217
f 5217//5217 5139//5139 5218//5218
f 5217//5217 5218//5218 5219//5219
f 5219//5219 5218//5218 5220//5220
f 5219//5219 5220//5220 5221//5221
f 5221//5221 5220//5220 5222//5222
f 5221//5221 5222//5222 5223//5223
f 5223//5223 5222//5222 5224//5224
f 5223//5223 5224//5224 5024//5024
f 5024//5024 5224//5224 5225//5225
f 5024//5024 5225//5225 5025//5025
f 5025//5025 5225//5225 5226//5226
f 5025//5025 5226//5226 5027//5027
f 5027//5027 5226//5226 5227//5227
f 5027//5027 5227//5227 5028//5028
f 5028//5028 5227//5227 5228//5228
f 5028//5028 5228//5228 5049//5049
f 5049//5049 5228//5228 5229//5229
f 5049//5049 5229//5229 5050//5050
f 5050//5050 5229//5229 5230//5230
f 5050//5050 5230//5230 5052//5052
f 5052//5052 5230//5230 5231//5231
f 5052//5052 5231//5231 5053//5053
f 5053//5053 5231//5231 5232//5232
f 5053//5053 5232//5232 5061//5061
f 5061//5061 5232//5232 5233//5233
f 5061//5061 5233//5233 5062//5062
f 5062//5062 5233//5233 5234//5234
f 5062//5062 5234//5234 5064//5064
f 5064//5064 5234//5234 5235//5235
f 5064//5064 5235//5235 5065//5065
f 5065//5065 5235//5235 5236//5236
f 5065//5065 5236//5236 5092//5092
f 5092//5092 5236//5236 5237//5237
f 5092//5092 5237//5237 5091//5091
f 5091//5091 5237//5237 5238//5238
f 5091//5091 5238//5238 5089//5089
f 5089//5089 5238//5238 4699//4699
f 5089//5089 4699//4699 4698//4698
f 4698//4698 4699//4699 4025//4025
f 4698//4698 4025//4025 4024//4024
f 5239//5239 5207//5207 5216//5216
f 5216//5216 5207//5207 5206//5206
f 5216//5216 5206//5206 5214//5214
f 5214//5214 5206//5206 5210//5210
f 5214//5214 5210//5210 5212//5212
f 5212//5212 5210//5210 5209//5209
f 5212//5212 5209//5209 5148//5148
f 5023//5023 5239//5239 5024//5024
f 5024//5024 5239//5239 5216//5216
f 5024//5024 5216//5216 5223//5223
f 5223//5223 5216//5216 5215//5215
f 5223//5223 5215//5215 5221//5221
f 5221//5221 5215//5215 5213//5213
f 5221//5221 5213//5213 5219//5219
f 5219//5219 5213//5213 5147//5147
f 5219//5219 5147//5147 5217//5217
f 5217//5217 5147//5147 5149//5149
f 5217//5217 5149//5149 5140//5140
f 5141//5141 5167//5167 5139//5139
f 5139//5139 5167//5167 5169//5169
f 5139//5139 5169//5169 5218//5218
f 5218//5218 5169//5169 5171//5171
f 5218//5218 5171//5171 5220//5220
f 5220//5220 5171//5171 5173//5173
f 5220//5220 5173//5173 5222//5222
f 5222//5222 5173//5173 5175//5175
f 5222//5222 5175//5175 5224//5224
f 5224//5224 5175//5175 5177//5177
f 5224//5224 5177//5177 5225//5225
f 5225//5225 5177//5177 5179//5179
f 5225//5225 5179//5179 5226//5226
f 5226//5226 5179//5179 5181//5181
f 5226//5226 5181//5181 5227//5227
f 5227//5227 5181//5181 5183//5183
f 5227//5227 5183//5183 5228//5228
f 5228//5228 5183//5183 5185//5185
f 5228//5228 5185//5185 5229//5229
f 5229//5229 5185//5185 5187//5187
f 5229//5229 5187//5187 5230//5230
f 5230//5230 5187//5187 5189//5189
f 5230//5230 5189//5189 5231//5231
f 5231//5231 5189//5189 5191//5191
f 5231//5231 5191//5191 5232//5232
f 5232//5232 5191//5191 5193//5193
f 5232//5232 5193//5193 5233//5233
f 5233//5233 5193//5193 5195//5195
f 5233//5233 5195//5195 5234//5234
f 5234//5234 5195//5195 5197//5197
f 5234//5234 5197//5197 5235//5235
f 5235//5235 5197//5197 5199//5199
f 5235//5235 5199//5199 5236//5236
f 5236//5236 5199//5199 5200//5200
f 5236//5236 5200//5200 5237//5237
f 5237//5237 5200//5200 5201//5201
f 5237//5237 5201//5201 5238//5238
f 5238//5238 5201//5201 4700//4700
f 5238//5238 4700//4700 4699//4699
f 4699//4699 4700//4700 4021//4021
f 4699//4699 4021//4021 4020//4020
f 5132//5132 5135//5135 5131//5131
f 5131//5131 5135//5135 5137//5137
f 5131//5131 5137//5137 5130//5130
f 5130//5130 5137//5137 4608//4608
f 5130//5130 4608//4608 5128//5128
f 5128//5128 4608//4608 4607//4607
f 5128//5128 4607//4607 5240//5240
f 5122//5122 5241//5241 5124//5124
f 5124//5124 5241//5241 5242//5242
f 5124//5124 5242//5242 5126//5126
f 5126//5126 5242//5242 5243//5243
f 5126//5126 5243//5243 5127//5127
f 5244//5244 5245//5245 5246//5246
f 5242//5242 5247//5247 5243//5243
f 5243//5243 5247//5247 5248//5248
f 5243//5243 5248//5248 5249//5249
f 4672//4672 5250//5250 4646//4646
f 4646//4646 5250//5250 4674//4674
f 4646//4646 4674//4674 3230//3230
f 3230//3230 4674//4674 3231//3231
f 5250//5250 4605//4605 4674//4674
f 4674//4674 4605//4605 4604//4604
f 4674//4674 4604//4604 4645//4645
f 4645//4645 4604//4604 5251//5251
f 4645//4645 5251//5251 4675//4675
f 4667//4667 4606//4606 4668//4668
f 4668//4668 4606//4606 4605//4605
f 4668//4668 4605//4605 4669//4669
f 4669//4669 4605//4605 5250//5250
f 4669//4669 5250//5250 4670//4670
f 4670//4670 5250//5250 4672//4672
f 4670//4670 4672//4672 4671//4671
f 4671//4671 4672//4672 4673//4673
f 4671//4671 4673//4673 3249//3249
f 3249//3249 4673//4673 3176//3176
f 5108//5108 5121//5121 5109//5109
f 5109//5109 5121//5121 5123//5123
f 5109//5109 5123//5123 4666//4666
f 4666//4666 5123//5123 5125//5125
f 4666//4666 5125//5125 4667//4667
f 4667//4667 5125//5125 5127//5127
f 4667//4667 5127//5127 4606//4606
f 4606//4606 5127//5127 5243//5243
f 4606//4606 5243//5243 4604//4604
f 4604//4604 5243//5243 5249//5249
f 4604//4604 5249//5249 5251//5251
f 5251//5251 5249//5249 4676//4676
f 5251//5251 4676//4676 4675//4675
f 4675//4675 4676//4676 3226//3226
f 4675//4675 3226//3226 3229//3229
f 3212//3212 4644//4644 4680//4680
f 4680//4680 4644//4644 4679//4679
f 4680//4680 4679//4679 5252//5252
f 5252//5252 4679//4679 4678//4678
f 5252//5252 4678//4678 5244//5244
f 4039//4039 4694//4694 4695//4695
f 4695//4695 4694//4694 5103//5103
f 4695//4695 5103//5103 5102//5102
f 5102//5102 5103//5103 5097//5097
f 5102//5102 5097//5097 5101//5101
f 5101//5101 5097//5097 5253//5253
f 5101//5101 5253//5253 5254//5254
f 5254//5254 5253//5253 5255//5255
f 5254//5254 5255//5255 5256//5256
f 5256//5256 5255//5255 5257//5257
f 5256//5256 5257//5257 5258//5258
f 5258//5258 5257//5257 5259//5259
f 5258//5258 5259//5259 5260//5260
f 5260//5260 5259//5259 5261//5261
f 5260//5260 5261//5261 5262//5262
f 5262//5262 5261//5261 5263//5263
f 5262//5262 5263//5263 5264//5264
f 5264//5264 5263//5263 5265//5265
f 5264//5264 5265//5265 5266//5266
f 5266//5266 5265//5265 5267//5267
f 5266//5266 5267//5267 5268//5268
f 5268//5268 5267//5267 5269//5269
f 5268//5268 5269//5269 5270//5270
f 5270//5270 5269//5269 5271//5271
f 5270//5270 5271//5271 5272//5272
f 5272//5272 5271//5271 5246//5246
f 5272//5272 5246//5246 5273//5273
f 5273//5273 5246//5246 5245//5245
f 5273//5273 5245//5245 5240//5240
f 5244//5244 5246//5246 5252//5252
f 5252//5252 5246//5246 5271//5271
f 5252//5252 5271//5271 4680//4680
f 4680//4680 5271//5271 5269//5269
f 4680//4680 5269//5269 4681//4681
f 4681//4681 5269//5269 5267//5267
f 4681//4681 5267//5267 4643//4643
f 4643//4643 5267//5267 5265//5265
f 4643//4643 5265//5265 4682//4682
f 4682//4682 5265//5265 5263//5263
f 4682//4682 5263//5263 4642//4642
f 4642//4642 5263//5263 5261//5261
f 4642//4642 5261//5261 4683//4683
f 4683//4683 5261//5261 5259//5259
f 4683//4683 5259//5259 4684//4684
f 4684//4684 5259//5259 5257//5257
f 4684//4684 5257//5257 5093//5093
f 5093//5093 5257//5257 5255//5255
f 5093//5093 5255//5255 5094//5094
f 5094//5094 5255//5255 5253//5253
f 5094//5094 5253//5253 5095//5095
f 5095//5095 5253//5253 5097//5097
f 5095//5095 5097//5097 5096//5096
f 5096//5096 5097//5097 5099//5099
f 5096//5096 5099//5099 4686//4686
f 4686//4686 5099//5099 5105//5105
f 4686//4686 5105//5105 4687//4687
f 4687//4687 5105//5105 3627//3627
f 4687//4687 3627//3627 3625//3625
f 5240//5240 4607//4607 5273//5273
f 5273//5273 4607//4607 5208//5208
f 5273//5273 5208//5208 5272//5272
f 5272//5272 5208//5208 5207//5207
f 5272//5272 5207//5207 5270//5270
f 5270//5270 5207//5207 5239//5239
f 5270//5270 5239//5239 5268//5268
f 5268//5268 5239//5239 5023//5023
f 5268//5268 5023//5023 5266//5266
f 5266//5266 5023//5023 5026//5026
f 5266//5266 5026//5026 5264//5264
f 5264//5264 5026//5026 5029//5029
f 5264//5264 5029//5029 5262//5262
f 5262//5262 5029//5029 5051//5051
f 5262//5262 5051//5051 5260//5260
f 5260//5260 5051//5051 5054//5054
f 5260//5260 5054//5054 5258//5258
f 5258//5258 5054//5054 5063//5063
f 5258//5258 5063//5063 5256//5256
f 5256//5256 5063//5063 5066//5066
f 5256//5256 5066//5066 5254//5254
f 5254//5254 5066//5066 5090//5090
f 5254//5254 5090//5090 5101//5101
f 5101//5101 5090//5090 5088//5088
f 5101//5101 5088//5088 5100//5100
f 5100//5100 5088//5088 4698//4698
f 5100//5100 4698//4698 4696//4696
f 4696//4696 4698//4698 4085//4085
f 4696//4696 4085//4085 4027//4027
f 5274//5274 4219//4219 5275//5275
f 5275//5275 4219//4219 4228//4228
f 4227//4227 4226//4226 5276//5276
f 5276//5276 4226//4226 4218//4218
f 4225//4225 4224//4224 4653//4653
f 4653//4653 4224//4224 4223//4223
f 4653//4653 4223//4223 5274//5274
f 5274//5274 4223//4223 4220//4220
f 5274//5274 4220//4220 4219//4219
f 5277//5277 5278//5278 5279//5279
f 5279//5279 5278//5278 5280//5280
f 5279//5279 5280//5280 5281//5281
f 5281//5281 5280//5280 5282//5282
f 5281//5281 5282//5282 5283//5283
f 5277//5277 4654//4654 4653//4653
f 4653//4653 4654//4654 4438//4438
f 4653//4653 4438//4438 4437//4437
f 5277//5277 4653//4653 5278//5278
f 5278//5278 4653//4653 5274//5274
f 5278//5278 5274//5274 5280//5280
f 5280//5280 5274//5274 5275//5275
f 5280//5280 5275//5275 5282//5282
f 4218//4218 4217//4217 5276//5276
f 5276//5276 4217//4217 4231//4231
f 5276//5276 4231//4231 5284//5284
f 4216//4216 5285//5285 4229//4229
f 4229//4229 5285//5285 5284//5284
f 4229//4229 5284//5284 4230//4230
f 4230//4230 5284//5284 4231//4231
f 4216//4216 4215//4215 5285//5285
f 5285//5285 4215//4215 4234//4234
f 5285//5285 4234//4234 5286//5286
f 4234//4234 4233//4233 5286//5286
f 5286//5286 4233//4233 4232//4232
f 5286//5286 4232//4232 5287//5287
f 5287//5287 4232//4232 4214//4214
f 5287//5287 4214//4214 4213//4213
f 5288//5288 5289//5289 5290//5290
f 5290//5290 5289//5289 5291//5291
f 5290//5290 5291//5291 5292//5292
f 5293//5293 5288//5288 5294//5294
f 5294//5294 5288//5288 5290//5290
f 5294//5294 5290//5290 5295//5295
f 5295//5295 5290//5290 5292//5292
f 5295//5295 5292//5292 5296//5296
f 5297//5297 5293//5293 5298//5298
f 5298//5298 5293//5293 5294//5294
f 5298//5298 5294//5294 5299//5299
f 5299//5299 5294//5294 5295//5295
f 5299//5299 5295//5295 5300//5300
f 5300//5300 5295//5295 5296//5296
f 5300//5300 5296//5296 5301//5301
f 4235//4235 5302//5302 4236//4236
f 4236//4236 5302//5302 5287//5287
f 4236//4236 5287//5287 4237//4237
f 4237//4237 5287//5287 4213//4213
f 4240//4240 4600//4600 4211//4211
f 4211//4211 4600//4600 5302//5302
f 4211//4211 5302//5302 4212//4212
f 4212//4212 5302//5302 4235//4235
f 4239//4239 4238//4238 5303//5303
f 5303//5303 4238//4238 4210//4210
f 4600//4600 4599//4599 5302//5302
f 5302//5302 4599//4599 5304//5304
f 5302//5302 5304//5304 5287//5287
f 5287//5287 5304//5304 5305//5305
f 5287//5287 5305//5305 5286//5286
f 5286//5286 5305//5305 5306//5306
f 5286//5286 5306//5306 5285//5285
f 5285//5285 5306//5306 4602//4602
f 5285//5285 4602//4602 5284//5284
f 5284//5284 4602//4602 4601//4601
f 5284//5284 4601//4601 5276//5276
f 4603//4603 4602//4602 5307//5307
f 5307//5307 4602//4602 5306//5306
f 5307//5307 5306//5306 5308//5308
f 5308//5308 5306//5306 5305//5305
f 5308//5308 5305//5305 5309//5309
f 5309//5309 5305//5305 5304//5304
f 5309//5309 5304//5304 5310//5310
f 5310//5310 5304//5304 4599//4599
f 5310//5310 4599//4599 5311//5311
f 5311//5311 4599//4599 4598//4598
f 5311//5311 4598//4598 5312//5312
f 4244//4244 5313//5313 4245//4245
f 4245//4245 5313//5313 5314//5314
f 4245//4245 5314//5314 4246//4246
f 4246//4246 5314//5314 4209//4209
f 4244//4244 4243//4243 5313//5313
f 5313//5313 4243//4243 4242//4242
f 5313//5313 4242//4242 5315//5315
f 4242//4242 4241//4241 5315//5315
f 5315//5315 4241//4241 4249//4249
f 5315//5315 4249//4249 5316//5316
f 5316//5316 4249//4249 4248//4248
f 5316//5316 4248//4248 4247//4247
f 4247//4247 4208//4208 5316//5316
f 5316//5316 4208//4208 4207//4207
f 5316//5316 4207//4207 5317//5317
f 5318//5318 5319//5319 5320//5320
f 5320//5320 5319//5319 5321//5321
f 5320//5320 5321//5321 5322//5322
f 5322//5322 5321//5321 5323//5323
f 5322//5322 5323//5323 5324//5324
f 5324//5324 5323//5323 5325//5325
f 5324//5324 5325//5325 5326//5326
f 5326//5326 5325//5325 5327//5327
f 4598//4598 5327//5327 5312//5312
f 5312//5312 5327//5327 5325//5325
f 5312//5312 5325//5325 5328//5328
f 5328//5328 5325//5325 5323//5323
f 5328//5328 5323//5323 5329//5329
f 5329//5329 5323//5323 5321//5321
f 5329//5329 5321//5321 5330//5330
f 5330//5330 5321//5321 5319//5319
f 5331//5331 4596//4596 5332//5332
f 5332//5332 4596//4596 4595//4595
f 5332//5332 4595//4595 5333//5333
f 5334//5334 4597//4597 5335//5335
f 5335//5335 4597//4597 4596//4596
f 5335//5335 4596//4596 5336//5336
f 5336//5336 4596//4596 5331//5331
f 5336//5336 5331//5331 5337//5337
f 5338//5338 5334//5334 5339//5339
f 5339//5339 5334//5334 5335//5335
f 5339//5339 5335//5335 5340//5340
f 5340//5340 5335//5335 5336//5336
f 5340//5340 5336//5336 5341//5341
f 5341//5341 5336//5336 5337//5337
f 5341//5341 5337//5337 5342//5342
f 5343//5343 5344//5344 5345//5345
f 5345//5345 5344//5344 5346//5346
f 5347//5347 5346//5346 5348//5348
f 5348//5348 5346//5346 5344//5344
f 5348//5348 5344//5344 5349//5349
f 5349//5349 5344//5344 5343//5343
f 5349//5349 5343//5343 5350//5350
f 5350//5350 5343//5343 5351//5351
f 5350//5350 5351//5351 5352//5352
f 5353//5353 5347//5347 5354//5354
f 5354//5354 5347//5347 5348//5348
f 5354//5354 5348//5348 5355//5355
f 5355//5355 5348//5348 5349//5349
f 5355//5355 5349//5349 5356//5356
f 5356//5356 5349//5349 5350//5350
f 5356//5356 5350//5350 5357//5357
f 5357//5357 5350//5350 5352//5352
f 5357//5357 5352//5352 5358//5358
f 5358//5358 5297//5297 5357//5357
f 5357//5357 5297//5297 5298//5298
f 5357//5357 5298//5298 5356//5356
f 5356//5356 5298//5298 5299//5299
f 5356//5356 5299//5299 5355//5355
f 5355//5355 5299//5299 5300//5300
f 5355//5355 5300//5300 5354//5354
f 5354//5354 5300//5300 5301//5301
f 5354//5354 5301//5301 5353//5353
f 5353//5353 5301//5301 5359//5359
f 5360//5360 5361//5361 5362//5362
f 5362//5362 5361//5361 5363//5363
f 5362//5362 5363//5363 5364//5364
f 5364//5364 5363//5363 5365//5365
f 5364//5364 5365//5365 5366//5366
f 5366//5366 5365//5365 5367//5367
f 4407//4407 4658//4658 4648//4648
f 4648//4648 4658//4658 5368//5368
f 4648//4648 5368//5368 5369//5369
f 5369//5369 5368//5368 5370//5370
f 5369//5369 5370//5370 5371//5371
f 4365//4365 4650//4650 4649//4649
f 4649//4649 4650//4650 5372//5372
f 4649//4649 5372//5372 5373//5373
f 5373//5373 5372//5372 5374//5374
f 5373//5373 5374//5374 5375//5375
f 5375//5375 5374//5374 5376//5376
f 5375//5375 5376//5376 5377//5377
f 5377//5377 5376//5376 5378//5378
f 5377//5377 5378//5378 5379//5379
f 3228//3228 3227//3227 4677//4677
f 4677//4677 3227//3227 4676//4676
f 4677//4677 4676//4676 4678//4678
f 4678//4678 4676//4676 5249//5249
f 4678//4678 5249//5249 5244//5244
f 5244//5244 5249//5249 5248//5248
f 5244//5244 5248//5248 5245//5245
f 5245//5245 5248//5248 5247//5247
f 5245//5245 5247//5247 5240//5240
f 5240//5240 5247//5247 5242//5242
f 5240//5240 5242//5242 5128//5128
f 5128//5128 5242//5242 5241//5241
f 5128//5128 5241//5241 5134//5134
f 5134//5134 5241//5241 5122//5122
f 5134//5134 5122//5122 5133//5133
f 5133//5133 5122//5122 5121//5121
f 5133//5133 5121//5121 5132//5132
f 5132//5132 5121//5121 5108//5108
f 5132//5132 5108//5108 5380//5380
f 5380//5380 5108//5108 5106//5106
f 5380//5380 5106//5106 5381//5381
f 5381//5381 5106//5106 4663//4663
f 5381//5381 4663//4663 5382//5382
f 5382//5382 4663//4663 4659//4659
f 5382//5382 4659//4659 5383//5383
f 5383//5383 4659//4659 4660//4660
f 5383//5383 4660//4660 5371//5371
f 5371//5371 4660//4660 4661//4661
f 5371//5371 4661//4661 5369//5369
f 5369//5369 4661//4661 4662//4662
f 5369//5369 4662//4662 4648//4648
f 4648//4648 4662//4662 4410//4410
f 4648//4648 4410//4410 4408//4408
f 4363//4363 4651//4651 4657//4657
f 4657//4657 4651//4651 5384//5384
f 4657//4657 5384//5384 5385//5385
f 5385//5385 5384//5384 5386//5386
f 5385//5385 5386//5386 5387//5387
f 5387//5387 5386//5386 5388//5388
f 5387//5387 5388//5388 5389//5389
f 5389//5389 5388//5388 5390//5390
f 5389//5389 5390//5390 5391//5391
f 5391//5391 5390//5390 5392//5392
f 5391//5391 5392//5392 5393//5393
f 5393//5393 5392//5392 5394//5394
f 5393//5393 5394//5394 5112//5112
f 5395//5395 5396//5396 5397//5397
f 5397//5397 5396//5396 5398//5398
f 5397//5397 5398//5398 5399//5399
f 5399//5399 5398//5398 5400//5400
f 5202//5202 5401//5401 5203//5203
f 5203//5203 5401//5401 5402//5402
f 5203//5203 5402//5402 5204//5204
f 5204//5204 5402//5402 5403//5403
f 5204//5204 5403//5403 5205//5205
f 5205//5205 5403//5403 5404//5404
f 5205//5205 5404//5404 5113//5113
f 5113//5113 5404//5404 5405//5405
f 5113//5113 5405//5405 5114//5114
f 5114//5114 5405//5405 5406//5406
f 5114//5114 5406//5406 5115//5115
f 5115//5115 5406//5406 5407//5407
f 5115//5115 5407//5407 5111//5111
f 5111//5111 5407//5407 5408//5408
f 5111//5111 5408//5408 5112//5112
f 5112//5112 5408//5408 5379//5379
f 5112//5112 5379//5379 5393//5393
f 5393//5393 5379//5379 5378//5378
f 5393//5393 5378//5378 5391//5391
f 5391//5391 5378//5378 5376//5376
f 5391//5391 5376//5376 5389//5389
f 5389//5389 5376//5376 5374//5374
f 5389//5389 5374//5374 5387//5387
f 5387//5387 5374//5374 5372//5372
f 5387//5387 5372//5372 5385//5385
f 5385//5385 5372//5372 4650//4650
f 5385//5385 4650//4650 4657//4657
f 4657//4657 4650//4650 4417//4417
f 4657//4657 4417//4417 4423//4423
f 4415//4415 4649//4649 4658//4658
f 4658//4658 4649//4649 5373//5373
f 4658//4658 5373//5373 5368//5368
f 5368//5368 5373//5373 5375//5375
f 5368//5368 5375//5375 5370//5370
f 5370//5370 5375//5375 5377//5377
f 5370//5370 5377//5377 5371//5371
f 5371//5371 5377//5377 5379//5379
f 5371//5371 5379//5379 5383//5383
f 5383//5383 5379//5379 5408//5408
f 5383//5383 5408//5408 5382//5382
f 5382//5382 5408//5408 5407//5407
f 5382//5382 5407//5407 5381//5381
f 5381//5381 5407//5407 5406//5406
f 5381//5381 5406//5406 5380//5380
f 5380//5380 5406//5406 5405//5405
f 5380//5380 5405//5405 5132//5132
f 5132//5132 5405//5405 5404//5404
f 5132//5132 5404//5404 5135//5135
f 5135//5135 5404//5404 5403//5403
f 5135//5135 5403//5403 5136//5136
f 5136//5136 5403//5403 5402//5402
f 5136//5136 5402//5402 5138//5138
f 5138//5138 5402//5402 5401//5401
f 5138//5138 5401//5401 4608//4608
f 4608//4608 5401//5401 5202//5202
f 4608//4608 5202//5202 4609//4609
f 4609//4609 5202//5202 5150//5150
f 4609//4609 5150//5150 5211//5211
f 5211//5211 5150//5150 5151//5151
f 5211//5211 5151//5151 5209//5209
f 5209//5209 5151//5151 5152//5152
f 5209//5209 5152//5152 5148//5148
f 5148//5148 5152//5152 5153//5153
f 5148//5148 5153//5153 5149//5149
f 5149//5149 5153//5153 5154//5154
f 5149//5149 5154//5154 5140//5140
f 5140//5140 5154//5154 5155//5155
f 5140//5140 5155//5155 5141//5141
f 5409//5409 5360//5360 5359//5359
f 5359//5359 5360//5360 5362//5362
f 5359//5359 5362//5362 5353//5353
f 5353//5353 5362//5362 5364//5364
f 5353//5353 5364//5364 5347//5347
f 5347//5347 5364//5364 5366//5366
f 5347//5347 5366//5366 5346//5346
f 5346//5346 5366//5366 5367//5367
f 5346//5346 5367//5367 5345//5345
f 5410//5410 5411//5411 5412//5412
f 5412//5412 5411//5411 5413//5413
f 5412//5412 5413//5413 5414//5414
f 5414//5414 5413//5413 5415//5415
f 5414//5414 5415//5415 5416//5416
f 5417//5417 5338//5338 5418//5418
f 5418//5418 5338//5338 5339//5339
f 5418//5418 5339//5339 5419//5419
f 5419//5419 5339//5339 5340//5340
f 5419//5419 5340//5340 5420//5420
f 5420//5420 5340//5340 5341//5341
f 5420//5420 5341//5341 5421//5421
f 5421//5421 5341//5341 5342//5342
f 5421//5421 5342//5342 5422//5422
f 5423//5423 5417//5417 5424//5424
f 5424//5424 5417//5417 5418//5418
f 5424//5424 5418//5418 5425//5425
f 5425//5425 5418//5418 5419//5419
f 5425//5425 5419//5419 5426//5426
f 5426//5426 5419//5419 5420//5420
f 5426//5426 5420//5420 5427//5427
f 5427//5427 5420//5420 5421//5421
f 5427//5427 5421//5421 5428//5428
f 5428//5428 5421//5421 5422//5422
f 5428//5428 5422//5422 5429//5429
f 5430//5430 5333//5333 5431//5431
f 5431//5431 5333//5333 4595//4595
f 5431//5431 4595//4595 5432//5432
f 5432//5432 4595//4595 4597//4597
f 5432//5432 4597//4597 5433//5433
f 5433//5433 4597//4597 5334//5334
f 5433//5433 5334//5334 5434//5434
f 5434//5434 5334//5334 5338//5338
f 5434//5434 5338//5338 5435//5435
f 5435//5435 5338//5338 5417//5417
f 5435//5435 5417//5417 5436//5436
f 5436//5436 5417//5417 5423//5423
f 5436//5436 5423//5423 5437//5437
f 5437//5437 5423//5423 5438//5438
f 4591//4591 4590//4590 5439//5439
f 5439//5439 4590//4590 5440//5440
f 5439//5439 5440//5440 5441//5441
f 5441//5441 5440//5440 5442//5442
f 5441//5441 5442//5442 5443//5443
f 5443//5443 5442//5442 5444//5444
f 5443//5443 5444//5444 5445//5445
f 5446//5446 5447//5447 5448//5448
f 5448//5448 5447//5447 5449//5449
f 5448//5448 5449//5449 5395//5395
f 5395//5395 5449//5449 5450//5450
f 5395//5395 5450//5450 5396//5396
f 5396//5396 5450//5450 5451//5451
f 5396//5396 5451//5451 5398//5398
f 5398//5398 5451//5451 5452//5452
f 5398//5398 5452//5452 5400//5400
f 5400//5400 5452//5452 5453//5453
f 5445//5445 5410//5410 5443//5443
f 5443//5443 5410//5410 5412//5412
f 5443//5443 5412//5412 5441//5441
f 5441//5441 5412//5412 5414//5414
f 5441//5441 5414//5414 5439//5439
f 5439//5439 5414//5414 5416//5416
f 5439//5439 5416//5416 4591//4591
f 4592//4592 4593//4593 4590//4590
f 4590//4590 4593//4593 5454//5454
f 4590//4590 5454//5454 5440//5440
f 5440//5440 5454//5454 5455//5455
f 5440//5440 5455//5455 5442//5442
f 5442//5442 5455//5455 5456//5456
f 5442//5442 5456//5456 5444//5444
f 5444//5444 5456//5456 5457//5457
f 5444//5444 5457//5457 5445//5445
f 5291//5291 4594//4594 5292//5292
f 5292//5292 4594//4594 4592//4592
f 5292//5292 4592//4592 5296//5296
f 5296//5296 4592//4592 4591//4591
f 5296//5296 4591//4591 5301//5301
f 5301//5301 4591//4591 5416//5416
f 5301//5301 5416//5416 5359//5359
f 5359//5359 5416//5416 5415//5415
f 5359//5359 5415//5415 5409//5409
f 5409//5409 5415//5415 5413//5413
f 5409//5409 5413//5413 5458//5458
f 5458//5458 5413//5413 5411//5411
f 5458//5458 5411//5411 5459//5459
f 5459//5459 5411//5411 5410//5410
f 5459//5459 5410//5410 5460//5460
f 5460//5460 5410//5410 5445//5445
f 5460//5460 5445//5445 5461//5461
f 5461//5461 5445//5445 5457//5457
f 5460//5460 5453//5453 5459//5459
f 5459//5459 5453//5453 5452//5452
f 5459//5459 5452//5452 5458//5458
f 5458//5458 5452//5452 5451//5451
f 5458//5458 5451//5451 5409//5409
f 5409//5409 5451//5451 5450//5450
f 5409//5409 5450//5450 5360//5360
f 5360//5360 5450//5450 5449//5449
f 5360//5360 5449//5449 5361//5361
f 5361//5361 5449//5449 5447//5447
f 5361//5361 5447//5447 5363//5363
f 5363//5363 5447//5447 5446//5446
f 5363//5363 5446//5446 5365//5365
f 5365//5365 5446//5446 5462//5462
f 5365//5365 5462//5462 5367//5367
f 5367//5367 5462//5462 5463//5463
f 5367//5367 5463//5463 5345//5345
f 5345//5345 5463//5463 5464//5464
f 5345//5345 5464//5464 5343//5343
f 5343//5343 5464//5464 5465//5465
f 5343//5343 5465//5465 5351//5351
f 5351//5351 5465//5465 4652//4652
f 5351//5351 4652//4652 5352//5352
f 5352//5352 4652//4652 4654//4654
f 5352//5352 4654//4654 5358//5358
f 5358//5358 4654//4654 5277//5277
f 5358//5358 5277//5277 5297//5297
f 5297//5297 5277//5277 5279//5279
f 5297//5297 5279//5279 5293//5293
f 5293//5293 5279//5279 5281//5281
f 5293//5293 5281//5281 5288//5288
f 5288//5288 5281//5281 5283//5283
f 5288//5288 5283//5283 5289//5289
f 4251//4251 5466//5466 4252//4252
f 4252//4252 5466//5466 5317//5317
f 4252//4252 5317//5317 4253//4253
f 4253//4253 5317//5317 4207//4207
f 4251//4251 4250//4250 5466//5466
f 5466//5466 4250//4250 4256//4256
f 5466//5466 4256//4256 5467//5467
f 5468//5468 5469//5469 5470//5470
f 5470//5470 5469//5469 5471//5471
f 5470//5470 5471//5471 5472//5472
f 5472//5472 5471//5471 5473//5473
f 5472//5472 5473//5473 5474//5474
f 5474//5474 5473//5473 5475//5475
f 5474//5474 5475//5475 5476//5476
f 5476//5476 5475//5475 5477//5477
f 5476//5476 5477//5477 5478//5478
f 5478//5478 5477//5477 5479//5479
f 5478//5478 5479//5479 5480//5480
f 5480//5480 5479//5479 5481//5481
f 5480//5480 5481//5481 5482//5482
f 5482//5482 5481//5481 5303//5303
f 4206//4206 5483//5483 4254//4254
f 4254//4254 5483//5483 5467//5467
f 4254//4254 5467//5467 4255//4255
f 4255//4255 5467//5467 4256//4256
f 4210//4210 4209//4209 5303//5303
f 5303//5303 4209//4209 5314//5314
f 5303//5303 5314//5314 5482//5482
f 5482//5482 5314//5314 5313//5313
f 5482//5482 5313//5313 5480//5480
f 5480//5480 5313//5313 5315//5315
f 5480//5480 5315//5315 5478//5478
f 5478//5478 5315//5315 5316//5316
f 5478//5478 5316//5316 5476//5476
f 5476//5476 5316//5316 5317//5317
f 5476//5476 5317//5317 5474//5474
f 5474//5474 5317//5317 5466//5466
f 5474//5474 5466//5466 5472//5472
f 5472//5472 5466//5466 5467//5467
f 5472//5472 5467//5467 5470//5470
f 5470//5470 5467//5467 5483//5483
f 5470//5470 5483//5483 5468//5468
f 5468//5468 5483//5483 5484//5484
f 4240//4240 4239//4239 4600//4600
f 4600//4600 4239//4239 5303//5303
f 4600//4600 5303//5303 4598//4598
f 4598//4598 5303//5303 5481//5481
f 4598//4598 5481//5481 5327//5327
f 5327//5327 5481//5481 5479//5479
f 5327//5327 5479//5479 5326//5326
f 5326//5326 5479//5479 5477//5477
f 5326//5326 5477//5477 5324//5324
f 5324//5324 5477//5477 5475//5475
f 5324//5324 5475//5475 5322//5322
f 5322//5322 5475//5475 5473//5473
f 5322//5322 5473//5473 5320//5320
f 5320//5320 5473//5473 5471//5471
f 5320//5320 5471//5471 5318//5318
f 5318//5318 5471//5471 5469//5469
f 4257//4257 4204//4204 5485//5485
f 4206//4206 4205//4205 5483//5483
f 5483//5483 4205//4205 4259//4259
f 5483//5483 4259//4259 5484//5484
f 5484//5484 4259//4259 4258//4258
f 5484//5484 4258//4258 4257//4257
f 4257//4257 5485//5485 5484//5484
f 5484//5484 5485//5485 5486//5486
f 5484//5484 5486//5486 5468//5468
f 5468//5468 5486//5486 5487//5487
f 5468//5468 5487//5487 5469//5469
f 5469//5469 5487//5487 5488//5488
f 5469//5469 5488//5488 5318//5318
f 5318//5318 5488//5488 5489//5489
f 5318//5318 5489//5489 5319//5319
f 5319//5319 5489//5489 5490//5490
f 5319//5319 5490//5490 5330//5330
f 5330//5330 5490//5490 5491//5491
f 5330//5330 5491//5491 5329//5329
f 5329//5329 5491//5491 5429//5429
f 5329//5329 5429//5429 5328//5328
f 5328//5328 5429//5429 5422//5422
f 5328//5328 5422//5422 5312//5312
f 5312//5312 5422//5422 5342//5342
f 5312//5312 5342//5342 5311//5311
f 5311//5311 5342//5342 5337//5337
f 5311//5311 5337//5337 5310//5310
f 5310//5310 5337//5337 5331//5331
f 5310//5310 5331//5331 5309//5309
f 5309//5309 5331//5331 5332//5332
f 5309//5309 5332//5332 5308//5308
f 5308//5308 5332//5332 5333//5333
f 5308//5308 5333//5333 5307//5307
f 5307//5307 5333//5333 5430//5430
f 5307//5307 5430//5430 4603//4603
f 5438//5438 5423//5423 5492//5492
f 5492//5492 5423//5423 5424//5424
f 5492//5492 5424//5424 5493//5493
f 5493//5493 5424//5424 5425//5425
f 5493//5493 5425//5425 5494//5494
f 5494//5494 5425//5425 5426//5426
f 5494//5494 5426//5426 5495//5495
f 5495//5495 5426//5426 5427//5427
f 5495//5495 5427//5427 5496//5496
f 5496//5496 5427//5427 5428//5428
f 5496//5496 5428//5428 5497//5497
f 5497//5497 5428//5428 5429//5429
f 5497//5497 5429//5429 5498//5498
f 5498//5498 5429//5429 5491//5491
f 5498//5498 5491//5491 5499//5499
f 5499//5499 5491//5491 5490//5490
f 5499//5499 5490//5490 5500//5500
f 5500//5500 5490//5490 5489//5489
f 5500//5500 5489//5489 5501//5501
f 5501//5501 5489//5489 5488//5488
f 5501//5501 5488//5488 5502//5502
f 5502//5502 5488//5488 5487//5487
f 5502//5502 5487//5487 5503//5503
f 5503//5503 5487//5487 5486//5486
f 5503//5503 5486//5486 5504//5504
f 5504//5504 5486//5486 5485//5485
f 5504//5504 5485//5485 5505//5505
f 4260//4260 4202//4202 5505//5505
f 4204//4204 4203//4203 5485//5485
f 5485//5485 4203//4203 4262//4262
f 5485//5485 4262//4262 5505//5505
f 5505//5505 4262//4262 4261//4261
f 5505//5505 4261//4261 4260//4260
f 4202//4202 4201//4201 5506//5506
f 5506//5506 4201//4201 4265//4265
f 5506//5506 4265//4265 4264//4264
f 4202//4202 5506//5506 5505//5505
f 5505//5505 5506//5506 5507//5507
f 5505//5505 5507//5507 5504//5504
f 5504//5504 5507//5507 5508//5508
f 5504//5504 5508//5508 5503//5503
f 5503//5503 5508//5508 5509//5509
f 5503//5503 5509//5509 5502//5502
f 5502//5502 5509//5509 5510//5510
f 5502//5502 5510//5510 5501//5501
f 5501//5501 5510//5510 5511//5511
f 5501//5501 5511//5511 5500//5500
f 5500//5500 5511//5511 5512//5512
f 5500//5500 5512//5512 5499//5499
f 5499//5499 5512//5512 5513//5513
f 5499//5499 5513//5513 5498//5498
f 5498//5498 5513//5513 5514//5514
f 5498//5498 5514//5514 5497//5497
f 5497//5497 5514//5514 5515//5515
f 5497//5497 5515//5515 5496//5496
f 5496//5496 5515//5515 5516//5516
f 5496//5496 5516//5516 5495//5495
f 5495//5495 5516//5516 5517//5517
f 5495//5495 5517//5517 5494//5494
f 5494//5494 5517//5517 5518//5518
f 5494//5494 5518//5518 5493//5493
f 5493//5493 5518//5518 5519//5519
f 5493//5493 5519//5519 5492//5492
f 5492//5492 5519//5519 5520//5520
f 5492//5492 5520//5520 5438//5438
f 4263//4263 4200//4200 5521//5521
f 5521//5521 4200//4200 4199//4199
f 4267//4267 4266//4266 5522//5522
f 5522//5522 4266//4266 4198//4198
f 5522//5522 4198//4198 4197//4197
f 4197//4197 4271//4271 5523//5523
f 5523//5523 4271//4271 4270//4270
f 4269//4269 4196//4196 5524//5524
f 5524//5524 4196//4196 4195//4195
f 4195//4195 4277//4277 5525//5525
f 5525//5525 4277//4277 4276//4276
f 4273//4273 5526//5526 4274//4274
f 4274//4274 5526//5526 4275//4275
f 4272//4272 4280//4280 5527//5527
f 5527//5527 4280//4280 4279//4279
f 4279//4279 4738//4738 5527//5527
f 5527//5527 4738//4738 5528//5528
f 5527//5527 5528//5528 5529//5529
f 5529//5529 5528//5528 5530//5530
f 5529//5529 5530//5530 5531//5531
f 5531//5531 5530//5530 5532//5532
f 5531//5531 5532//5532 5533//5533
f 5533//5533 5532//5532 5534//5534
f 5533//5533 5534//5534 5535//5535
f 5535//5535 5534//5534 5536//5536
f 5535//5535 5536//5536 5537//5537
f 5537//5537 5536//5536 5538//5538
f 5537//5537 5538//5538 5539//5539
f 5539//5539 5538//5538 5540//5540
f 5539//5539 5540//5540 5541//5541
f 5541//5541 5540//5540 5542//5542
f 5541//5541 5542//5542 5543//5543
f 5543//5543 5542//5542 5544//5544
f 5543//5543 5544//5544 5545//5545
f 4730//4730 5546//5546 4732//4732
f 4732//4732 5546//5546 5547//5547
f 4732//4732 5547//5547 4731//4731
f 4731//4731 5547//5547 5548//5548
f 4731//4731 5548//5548 4733//4733
f 4733//4733 5548//5548 5549//5549
f 4733//4733 5549//5549 4734//4734
f 4734//4734 5549//5549 5550//5550
f 4734//4734 5550//5550 4735//4735
f 4735//4735 5550//5550 5551//5551
f 4735//4735 5551//5551 4736//4736
f 4736//4736 5551//5551 5552//5552
f 4736//4736 5552//5552 4737//4737
f 4737//4737 5552//5552 5553//5553
f 4737//4737 5553//5553 4749//4749
f 4749//4749 5553//5553 5554//5554
f 4749//4749 5554//5554 4748//4748
f 4748//4748 5554//5554 5555//5555
f 4748//4748 5555//5555 4747//4747
f 4747//4747 5555//5555 5556//5556
f 4747//4747 5556//5556 4746//4746
f 4746//4746 5556//5556 5557//5557
f 4746//4746 5557//5557 4745//4745
f 4745//4745 5557//5557 5558//5558
f 4745//4745 5558//5558 4744//4744
f 4744//4744 5558//5558 5559//5559
f 4744//4744 5559//5559 4743//4743
f 4743//4743 5559//5559 5560//5560
f 4743//4743 5560//5560 4742//4742
f 4742//4742 5560//5560 5561//5561
f 4742//4742 5561//5561 4741//4741
f 4741//4741 5561//5561 5562//5562
f 4741//4741 5562//5562 4740//4740
f 4740//4740 5562//5562 5563//5563
f 4740//4740 5563//5563 4739//4739
f 4739//4739 5563//5563 5564//5564
f 4739//4739 5564//5564 4738//4738
f 4738//4738 5564//5564 5565//5565
f 4738//4738 5565//5565 5528//5528
f 5528//5528 5565//5565 5566//5566
f 5528//5528 5566//5566 5530//5530
f 5530//5530 5566//5566 5567//5567
f 5530//5530 5567//5567 5532//5532
f 5532//5532 5567//5567 5568//5568
f 5532//5532 5568//5568 5534//5534
f 5534//5534 5568//5568 5569//5569
f 5534//5534 5569//5569 5536//5536
f 5536//5536 5569//5569 5570//5570
f 5536//5536 5570//5570 5538//5538
f 5538//5538 5570//5570 5571//5571
f 5538//5538 5571//5571 5540//5540
f 5540//5540 5571//5571 5572//5572
f 5540//5540 5572//5572 5542//5542
f 5542//5542 5572//5572 5573//5573
f 5542//5542 5573//5573 5544//5544
f 5546//5546 5574//5574 5547//5547
f 5547//5547 5574//5574 5575//5575
f 5547//5547 5575//5575 5548//5548
f 5548//5548 5575//5575 5576//5576
f 5548//5548 5576//5576 5549//5549
f 5549//5549 5576//5576 5577//5577
f 5549//5549 5577//5577 5550//5550
f 5550//5550 5577//5577 5578//5578
f 5550//5550 5578//5578 5551//5551
f 5551//5551 5578//5578 5579//5579
f 5551//5551 5579//5579 5552//5552
f 5552//5552 5579//5579 5580//5580
f 5552//5552 5580//5580 5553//5553
f 5553//5553 5580//5580 5581//5581
f 5553//5553 5581//5581 5554//5554
f 5554//5554 5581//5581 5582//5582
f 5554//5554 5582//5582 5555//5555
f 5555//5555 5582//5582 5583//5583
f 5555//5555 5583//5583 5556//5556
f 5556//5556 5583//5583 5584//5584
f 5556//5556 5584//5584 5557//5557
f 5557//5557 5584//5584 5585//5585
f 5557//5557 5585//5585 5558//5558
f 5558//5558 5585//5585 5586//5586
f 5558//5558 5586//5586 5559//5559
f 5559//5559 5586//5586 5587//5587
f 5559//5559 5587//5587 5560//5560
f 5560//5560 5587//5587 5588//5588
f 5560//5560 5588//5588 5561//5561
f 5561//5561 5588//5588 5589//5589
f 5561//5561 5589//5589 5562//5562
f 5562//5562 5589//5589 5590//5590
f 5562//5562 5590//5590 5563//5563
f 5563//5563 5590//5590 5591//5591
f 5563//5563 5591//5591 5564//5564
f 5564//5564 5591//5591 5592//5592
f 5564//5564 5592//5592 5565//5565
f 5565//5565 5592//5592 5593//5593
f 5565//5565 5593//5593 5566//5566
f 5566//5566 5593//5593 5594//5594
f 5566//5566 5594//5594 5567//5567
f 5567//5567 5594//5594 5595//5595
f 5567//5567 5595//5595 5568//5568
f 5568//5568 5595//5595 5596//5596
f 5568//5568 5596//5596 5569//5569
f 5569//5569 5596//5596 5597//5597
f 5569//5569 5597//5597 5570//5570
f 5570//5570 5597//5597 5598//5598
f 5570//5570 5598//5598 5571//5571
f 5571//5571 5598//5598 5599//5599
f 5571//5571 5599//5599 5572//5572
f 5572//5572 5599//5599 5600//5600
f 5572//5572 5600//5600 5573//5573
f 5573//5573 5600//5600 5601//5601
f 5573//5573 5601//5601 5544//5544
f 5544//5544 5601//5601 5602//5602
f 5544//5544 5602//5602 5545//5545
f 5545//5545 5602//5602 5603//5603
f 4818//4818 4752//4752 5604//5604
f 5604//5604 4752//4752 4751//4751
f 5604//5604 4751//4751 5605//5605
f 5605//5605 4751//4751 4750//4750
f 5605//5605 4750//4750 5606//5606
f 5607//5607 5608//5608 5609//5609
f 5609//5609 5608//5608 5610//5610
f 5609//5609 5610//5610 5611//5611
f 5611//5611 5610//5610 5612//5612
f 5611//5611 5612//5612 5613//5613
f 5613//5613 5612//5612 5614//5614
f 5613//5613 5614//5614 5615//5615
f 5615//5615 5614//5614 5616//5616
f 5615//5615 5616//5616 5617//5617
f 5617//5617 5616//5616 5618//5618
f 5617//5617 5618//5618 5619//5619
f 5619//5619 5618//5618 5620//5620
f 5619//5619 5620//5620 5621//5621
f 5621//5621 5620//5620 5622//5622
f 5621//5621 5622//5622 5623//5623
f 5623//5623 5622//5622 5624//5624
f 5623//5623 5624//5624 5625//5625
f 5625//5625 5624//5624 5626//5626
f 5625//5625 5626//5626 5627//5627
f 5627//5627 5626//5626 5628//5628
f 5627//5627 5628//5628 5629//5629
f 5629//5629 5628//5628 5630//5630
f 5629//5629 5630//5630 5631//5631
f 5631//5631 5630//5630 5632//5632
f 5631//5631 5632//5632 5633//5633
f 5633//5633 5632//5632 5634//5634
f 5633//5633 5634//5634 5635//5635
f 5635//5635 5634//5634 5636//5636
f 5635//5635 5636//5636 5637//5637
f 5637//5637 5636//5636 5638//5638
f 5637//5637 5638//5638 5639//5639
f 5639//5639 5638//5638 5640//5640
f 5639//5639 5640//5640 5641//5641
f 5641//5641 5640//5640 5642//5642
f 5641//5641 5642//5642 5643//5643
f 5643//5643 5642//5642 5644//5644
f 5643//5643 5644//5644 5645//5645
f 5645//5645 5644//5644 5646//5646
f 5645//5645 5646//5646 5647//5647
f 5647//5647 5646//5646 5648//5648
f 5647//5647 5648//5648 5649//5649
f 5649//5649 5648//5648 5650//5650
f 5649//5649 5650//5650 5651//5651
f 5651//5651 5650//5650 5652//5652
f 5651//5651 5652//5652 5653//5653
f 5653//5653 5652//5652 5654//5654
f 5653//5653 5654//5654 5655//5655
f 5655//5655 5654//5654 5656//5656
f 5655//5655 5656//5656 5657//5657
f 5657//5657 5656//5656 5658//5658
f 4818//4818 4753//4753 4752//4752
f 4752//4752 4753//4753 4755//4755
f 4752//4752 4755//4755 4750//4750
f 4750//4750 4755//4755 4757//4757
f 4750//4750 4757//4757 5606//5606
f 5606//5606 4757//4757 4758//4758
f 5606//5606 4758//4758 5659//5659
f 5574//5574 5607//5607 5575//5575
f 5575//5575 5607//5607 5609//5609
f 5575//5575 5609//5609 5576//5576
f 5576//5576 5609//5609 5611//5611
f 5576//5576 5611//5611 5577//5577
f 5577//5577 5611//5611 5613//5613
f 5577//5577 5613//5613 5578//5578
f 5578//5578 5613//5613 5615//5615
f 5578//5578 5615//5615 5579//5579
f 5579//5579 5615//5615 5617//5617
f 5579//5579 5617//5617 5580//5580
f 5580//5580 5617//5617 5619//5619
f 5580//5580 5619//5619 5581//5581
f 5581//5581 5619//5619 5621//5621
f 5581//5581 5621//5621 5582//5582
f 5582//5582 5621//5621 5623//5623
f 5582//5582 5623//5623 5583//5583
f 5583//5583 5623//5623 5625//5625
f 5583//5583 5625//5625 5584//5584
f 5584//5584 5625//5625 5627//5627
f 5584//5584 5627//5627 5585//5585
f 5585//5585 5627//5627 5629//5629
f 5585//5585 5629//5629 5586//5586
f 5586//5586 5629//5629 5631//5631
f 5586//5586 5631//5631 5587//5587
f 5587//5587 5631//5631 5633//5633
f 5587//5587 5633//5633 5588//5588
f 5588//5588 5633//5633 5635//5635
f 5588//5588 5635//5635 5589//5589
f 5589//5589 5635//5635 5637//5637
f 5589//5589 5637//5637 5590//5590
f 5590//5590 5637//5637 5639//5639
f 5590//5590 5639//5639 5591//5591
f 5591//5591 5639//5639 5641//5641
f 5591//5591 5641//5641 5592//5592
f 5592//5592 5641//5641 5643//5643
f 5592//5592 5643//5643 5593//5593
f 5593//5593 5643//5643 5645//5645
f 5593//5593 5645//5645 5594//5594
f 5594//5594 5645//5645 5647//5647
f 5594//5594 5647//5647 5595//5595
f 5595//5595 5647//5647 5649//5649
f 5595//5595 5649//5649 5596//5596
f 5596//5596 5649//5649 5651//5651
f 5596//5596 5651//5651 5597//5597
f 5597//5597 5651//5651 5653//5653
f 5597//5597 5653//5653 5598//5598
f 5598//5598 5653//5653 5655//5655
f 5598//5598 5655//5655 5599//5599
f 5599//5599 5655//5655 5657//5657
f 5599//5599 5657//5657 5600//5600
f 5600//5600 5657//5657 5658//5658
f 5600//5600 5658//5658 5601//5601
f 5601//5601 5658//5658 4588//4588
f 5601//5601 4588//4588 5602//5602
f 5602//5602 4588//4588 4587//4587
f 5602//5602 4587//4587 5603//5603
f 5660//5660 5661//5661 5659//5659
f 5659//5659 5661//5661 5662//5662
f 5659//5659 5662//5662 5606//5606
f 5606//5606 5662//5662 5663//5663
f 5606//5606 5663//5663 5605//5605
f 5605//5605 5663//5663 5664//5664
f 5605//5605 5664//5664 5604//5604
f 5604//5604 5664//5664 5665//5665
f 5604//5604 5665//5665 4818//4818
f 4818//4818 5665//5665 5666//5666
f 4818//4818 5666//5666 4817//4817
f 4817//4817 5666//5666 5667//5667
f 4817//4817 5667//5667 4816//4816
f 4816//4816 5667//5667 5668//5668
f 4816//4816 5668//5668 4814//4814
f 4814//4814 5668//5668 5669//5669
f 4814//4814 5669//5669 4812//4812
f 4812//4812 5669//5669 5670//5670
f 4812//4812 5670//5670 4810//4810
f 4810//4810 5670//5670 5671//5671
f 4810//4810 5671//5671 4808//4808
f 4808//4808 5671//5671 5672//5672
f 4808//4808 5672//5672 4806//4806
f 4806//4806 5672//5672 5673//5673
f 4806//4806 5673//5673 4804//4804
f 4804//4804 5673//5673 5674//5674
f 4804//4804 5674//5674 4802//4802
f 4802//4802 5674//5674 5675//5675
f 4802//4802 5675//5675 4800//4800
f 4800//4800 5675//5675 5676//5676
f 4800//4800 5676//5676 4798//4798
f 4798//4798 5676//5676 5677//5677
f 4798//4798 5677//5677 4796//4796
f 4796//4796 5677//5677 5678//5678
f 4796//4796 5678//5678 4794//4794
f 4794//4794 5678//5678 5679//5679
f 4794//4794 5679//5679 4792//4792
f 4792//4792 5679//5679 5680//5680
f 4792//4792 5680//5680 4790//4790
f 4790//4790 5680//5680 5681//5681
f 4790//4790 5681//5681 4788//4788
f 4788//4788 5681//5681 5682//5682
f 4788//4788 5682//5682 4786//4786
f 4786//4786 5682//5682 5683//5683
f 4786//4786 5683//5683 4784//4784
f 5684//5684 5685//5685 5686//5686
f 5686//5686 5685//5685 5687//5687
f 5686//5686 5687//5687 5688//5688
f 5688//5688 5687//5687 5689//5689
f 5688//5688 5689//5689 5690//5690
f 5690//5690 5689//5689 5691//5691
f 5690//5690 5691//5691 5692//5692
f 5692//5692 5691//5691 5693//5693
f 5692//5692 5693//5693 5694//5694
f 5694//5694 5693//5693 5695//5695
f 5694//5694 5695//5695 5696//5696
f 5696//5696 5695//5695 5697//5697
f 5696//5696 5697//5697 5698//5698
f 5698//5698 5697//5697 5699//5699
f 5698//5698 5699//5699 5700//5700
f 5700//5700 5699//5699 5701//5701
f 5700//5700 5701//5701 5702//5702
f 5702//5702 5701//5701 5703//5703
f 5702//5702 5703//5703 5704//5704
f 5704//5704 5703//5703 5705//5705
f 5704//5704 5705//5705 5706//5706
f 5706//5706 5705//5705 5525//5525
f 5706//5706 5525//5525 5526//5526
f 5526//5526 5525//5525 4276//4276
f 5526//5526 4276//4276 4275//4275
f 5707//5707 5708//5708 5709//5709
f 5709//5709 5708//5708 5710//5710
f 5709//5709 5710//5710 5711//5711
f 5711//5711 5710//5710 5712//5712
f 5711//5711 5712//5712 5713//5713
f 5713//5713 5712//5712 5714//5714
f 5713//5713 5714//5714 5715//5715
f 5715//5715 5714//5714 5716//5716
f 5715//5715 5716//5716 5717//5717
f 5717//5717 5716//5716 5718//5718
f 5717//5717 5718//5718 5719//5719
f 5719//5719 5718//5718 5720//5720
f 5719//5719 5720//5720 5721//5721
f 5721//5721 5720//5720 5722//5722
f 5721//5721 5722//5722 5723//5723
f 5723//5723 5722//5722 5724//5724
f 5723//5723 5724//5724 5725//5725
f 5725//5725 5724//5724 5726//5726
f 5725//5725 5726//5726 5727//5727
f 5727//5727 5726//5726 5728//5728
f 5727//5727 5728//5728 5729//5729
f 5729//5729 5728//5728 5730//5730
f 5729//5729 5730//5730 5731//5731
f 5731//5731 5730//5730 5523//5523
f 5731//5731 5523//5523 5524//5524
f 5524//5524 5523//5523 4270//4270
f 5524//5524 4270//4270 4269//4269
f 5732//5732 5684//5684 4586//4586
f 4586//4586 5684//5684 5686//5686
f 4586//4586 5686//5686 4587//4587
f 4587//4587 5686//5686 5688//5688
f 4587//4587 5688//5688 5603//5603
f 5603//5603 5688//5688 5690//5690
f 5603//5603 5690//5690 5545//5545
f 5545//5545 5690//5690 5692//5692
f 5545//5545 5692//5692 5543//5543
f 5543//5543 5692//5692 5694//5694
f 5543//5543 5694//5694 5541//5541
f 5541//5541 5694//5694 5696//5696
f 5541//5541 5696//5696 5539//5539
f 5539//5539 5696//5696 5698//5698
f 5539//5539 5698//5698 5537//5537
f 5537//5537 5698//5698 5700//5700
f 5537//5537 5700//5700 5535//5535
f 5535//5535 5700//5700 5702//5702
f 5535//5535 5702//5702 5533//5533
f 5533//5533 5702//5702 5704//5704
f 5533//5533 5704//5704 5531//5531
f 5531//5531 5704//5704 5706//5706
f 5531//5531 5706//5706 5529//5529
f 5529//5529 5706//5706 5526//5526
f 5529//5529 5526//5526 5527//5527
f 5527//5527 5526//5526 4273//4273
f 5527//5527 4273//4273 4272//4272
f 5733//5733 5734//5734 5735//5735
f 5735//5735 5734//5734 5736//5736
f 5735//5735 5736//5736 5737//5737
f 5737//5737 5736//5736 5738//5738
f 5737//5737 5738//5738 5739//5739
f 5739//5739 5738//5738 5740//5740
f 5739//5739 5740//5740 5741//5741
f 5741//5741 5740//5740 5742//5742
f 5741//5741 5742//5742 5743//5743
f 5743//5743 5742//5742 5744//5744
f 5743//5743 5744//5744 5745//5745
f 5745//5745 5744//5744 5746//5746
f 5745//5745 5746//5746 5747//5747
f 5747//5747 5746//5746 5748//5748
f 5747//5747 5748//5748 5749//5749
f 5749//5749 5748//5748 5750//5750
f 5749//5749 5750//5750 5751//5751
f 5751//5751 5750//5750 5752//5752
f 5751//5751 5752//5752 5753//5753
f 5753//5753 5752//5752 5754//5754
f 5753//5753 5754//5754 5755//5755
f 5755//5755 5754//5754 5756//5756
f 5755//5755 5756//5756 5757//5757
f 5757//5757 5756//5756 5758//5758
f 5757//5757 5758//5758 5759//5759
f 5759//5759 5758//5758 4589//4589
f 5759//5759 4589//4589 5522//5522
f 5522//5522 4589//4589 4268//4268
f 5522//5522 4268//4268 4267//4267
f 4228//4228 4227//4227 5275//5275
f 5275//5275 4227//4227 5276//5276
f 5275//5275 5276//5276 5282//5282
f 5282//5282 5276//5276 4601//4601
f 5282//5282 4601//4601 5283//5283
f 5283//5283 4601//4601 4603//4603
f 5283//5283 4603//4603 5289//5289
f 5289//5289 4603//4603 5430//5430
f 5289//5289 5430//5430 5291//5291
f 5291//5291 5430//5430 5431//5431
f 5291//5291 5431//5431 4594//4594
f 4594//4594 5431//5431 5432//5432
f 4594//4594 5432//5432 4593//4593
f 4593//4593 5432//5432 5433//5433
f 4593//4593 5433//5433 5454//5454
f 5454//5454 5433//5433 5434//5434
f 5454//5454 5434//5434 5455//5455
f 5455//5455 5434//5434 5435//5435
f 5455//5455 5435//5435 5456//5456
f 5456//5456 5435//5435 5436//5436
f 5456//5456 5436//5436 5457//5457
f 5457//5457 5436//5436 5437//5437
f 5457//5457 5437//5437 5461//5461
f 5461//5461 5437//5437 5438//5438
f 5461//5461 5438//5438 5760//5760
f 5760//5760 5438//5438 5520//5520
f 5760//5760 5520//5520 5761//5761
f 5761//5761 5520//5520 5519//5519
f 5761//5761 5519//5519 5762//5762
f 5762//5762 5519//5519 5518//5518
f 5762//5762 5518//5518 5763//5763
f 5763//5763 5518//5518 5517//5517
f 5763//5763 5517//5517 5764//5764
f 5764//5764 5517//5517 5516//5516
f 5764//5764 5516//5516 5765//5765
f 5765//5765 5516//5516 5515//5515
f 5765//5765 5515//5515 5766//5766
f 5766//5766 5515//5515 5514//5514
f 5766//5766 5514//5514 5767//5767
f 5767//5767 5514//5514 5513//5513
f 5767//5767 5513//5513 5768//5768
f 5768//5768 5513//5513 5512//5512
f 5768//5768 5512//5512 5769//5769
f 5769//5769 5512//5512 5511//5511
f 5769//5769 5511//5511 5770//5770
f 5770//5770 5511//5511 5510//5510
f 5770//5770 5510//5510 5771//5771
f 5771//5771 5510//5510 5509//5509
f 5771//5771 5509//5509 5772//5772
f 5772//5772 5509//5509 5508//5508
f 5772//5772 5508//5508 5773//5773
f 5773//5773 5508//5508 5507//5507
f 5773//5773 5507//5507 5774//5774
f 5774//5774 5507//5507 5506//5506
f 5774//5774 5506//5506 5521//5521
f 5521//5521 5506//5506 4264//4264
f 5521//5521 4264//4264 4263//4263
f 4199//4199 4589//4589 5521//5521
f 5521//5521 4589//4589 5758//5758
f 5521//5521 5758//5758 5774//5774
f 5774//5774 5758//5758 5756//5756
f 5774//5774 5756//5756 5773//5773
f 5773//5773 5756//5756 5754//5754
f 5773//5773 5754//5754 5772//5772
f 5772//5772 5754//5754 5752//5752
f 5772//5772 5752//5752 5771//5771
f 5771//5771 5752//5752 5750//5750
f 5771//5771 5750//5750 5770//5770
f 5770//5770 5750//5750 5748//5748
f 5770//5770 5748//5748 5769//5769
f 5769//5769 5748//5748 5746//5746
f 5769//5769 5746//5746 5768//5768
f 5768//5768 5746//5746 5744//5744
f 5768//5768 5744//5744 5767//5767
f 5767//5767 5744//5744 5742//5742
f 5767//5767 5742//5742 5766//5766
f 5766//5766 5742//5742 5740//5740
f 5766//5766 5740//5740 5765//5765
f 5765//5765 5740//5740 5738//5738
f 5765//5765 5738//5738 5764//5764
f 5764//5764 5738//5738 5736//5736
f 5764//5764 5736//5736 5763//5763
f 5763//5763 5736//5736 5734//5734
f 5763//5763 5734//5734 5762//5762
f 5762//5762 5734//5734 5733//5733
f 5762//5762 5733//5733 5761//5761
f 5761//5761 5733//5733 5775//5775
f 5761//5761 5775//5775 5760//5760
f 4197//4197 5523//5523 5522//5522
f 5522//5522 5523//5523 5730//5730
f 5522//5522 5730//5730 5759//5759
f 5759//5759 5730//5730 5728//5728
f 5759//5759 5728//5728 5757//5757
f 5757//5757 5728//5728 5726//5726
f 5757//5757 5726//5726 5755//5755
f 5755//5755 5726//5726 5724//5724
f 5755//5755 5724//5724 5753//5753
f 5753//5753 5724//5724 5722//5722
f 5753//5753 5722//5722 5751//5751
f 5751//5751 5722//5722 5720//5720
f 5751//5751 5720//5720 5749//5749
f 5749//5749 5720//5720 5718//5718
f 5749//5749 5718//5718 5747//5747
f 5747//5747 5718//5718 5716//5716
f 5747//5747 5716//5716 5745//5745
f 5745//5745 5716//5716 5714//5714
f 5745//5745 5714//5714 5743//5743
f 5743//5743 5714//5714 5712//5712
f 5743//5743 5712//5712 5741//5741
f 5741//5741 5712//5712 5710//5710
f 5741//5741 5710//5710 5739//5739
f 5739//5739 5710//5710 5708//5708
f 5739//5739 5708//5708 5737//5737
f 5737//5737 5708//5708 5707//5707
f 5737//5737 5707//5707 5735//5735
f 5735//5735 5707//5707 5776//5776
f 5735//5735 5776//5776 5733//5733
f 5733//5733 5776//5776 5777//5777
f 5733//5733 5777//5777 5775//5775
f 4195//4195 5525//5525 5524//5524
f 5524//5524 5525//5525 5705//5705
f 5524//5524 5705//5705 5731//5731
f 5731//5731 5705//5705 5703//5703
f 5731//5731 5703//5703 5729//5729
f 5729//5729 5703//5703 5701//5701
f 5729//5729 5701//5701 5727//5727
f 5727//5727 5701//5701 5699//5699
f 5727//5727 5699//5699 5725//5725
f 5725//5725 5699//5699 5697//5697
f 5725//5725 5697//5697 5723//5723
f 5723//5723 5697//5697 5695//5695
f 5723//5723 5695//5695 5721//5721
f 5721//5721 5695//5695 5693//5693
f 5721//5721 5693//5693 5719//5719
f 5719//5719 5693//5693 5691//5691
f 5719//5719 5691//5691 5717//5717
f 5717//5717 5691//5691 5689//5689
f 5717//5717 5689//5689 5715//5715
f 5715//5715 5689//5689 5687//5687
f 5715//5715 5687//5687 5713//5713
f 5713//5713 5687//5687 5685//5685
f 5713//5713 5685//5685 5711//5711
f 5711//5711 5685//5685 5684//5684
f 5711//5711 5684//5684 5709//5709
f 5709//5709 5684//5684 5732//5732
f 5709//5709 5732//5732 5707//5707
f 5707//5707 5732//5732 5778//5778
f 5707//5707 5778//5778 5776//5776
f 5776//5776 5778//5778 5779//5779
f 5776//5776 5779//5779 5777//5777
f 5608//5608 4784//4784 5610//5610
f 5610//5610 4784//4784 5683//5683
f 5610//5610 5683//5683 5612//5612
f 5612//5612 5683//5683 5682//5682
f 5612//5612 5682//5682 5614//5614
f 5614//5614 5682//5682 5681//5681
f 5614//5614 5681//5681 5616//5616
f 5616//5616 5681//5681 5680//5680
f 5616//5616 5680//5680 5618//5618
f 5618//5618 5680//5680 5679//5679
f 5618//5618 5679//5679 5620//5620
f 5620//5620 5679//5679 5678//5678
f 5620//5620 5678//5678 5622//5622
f 5622//5622 5678//5678 5677//5677
f 5622//5622 5677//5677 5624//5624
f 5624//5624 5677//5677 5676//5676
f 5624//5624 5676//5676 5626//5626
f 5626//5626 5676//5676 5675//5675
f 5626//5626 5675//5675 5628//5628
f 5628//5628 5675//5675 5674//5674
f 5628//5628 5674//5674 5630//5630
f 5630//5630 5674//5674 5673//5673
f 5630//5630 5673//5673 5632//5632
f 5632//5632 5673//5673 5672//5672
f 5632//5632 5672//5672 5634//5634
f 5634//5634 5672//5672 5671//5671
f 5634//5634 5671//5671 5636//5636
f 5636//5636 5671//5671 5670//5670
f 5636//5636 5670//5670 5638//5638
f 5638//5638 5670//5670 5669//5669
f 5638//5638 5669//5669 5640//5640
f 5640//5640 5669//5669 5668//5668
f 5640//5640 5668//5668 5642//5642
f 5642//5642 5668//5668 5667//5667
f 5642//5642 5667//5667 5644//5644
f 5644//5644 5667//5667 5666//5666
f 5644//5644 5666//5666 5646//5646
f 5646//5646 5666//5666 5665//5665
f 5646//5646 5665//5665 5648//5648
f 5648//5648 5665//5665 5664//5664
f 5648//5648 5664//5664 5650//5650
f 5650//5650 5664//5664 5663//5663
f 5650//5650 5663//5663 5652//5652
f 5652//5652 5663//5663 5662//5662
f 5652//5652 5662//5662 5654//5654
f 5654//5654 5662//5662 5661//5661
f 5654//5654 5661//5661 5656//5656
f 5656//5656 5661//5661 5660//5660
f 5656//5656 5660//5660 5658//5658
f 5658//5658 5660//5660 5780//5780
f 5658//5658 5780//5780 4588//4588
f 4588//4588 5780//5780 5781//5781
f 4588//4588 5781//5781 4586//4586
f 4586//4586 5781//5781 5782//5782
f 4586//4586 5782//5782 5732//5732
f 5732//5732 5782//5782 5783//5783
f 5732//5732 5783//5783 5778//5778
f 5778//5778 5783//5783 5784//5784
f 5778//5778 5784//5784 5779//5779
f 4775//4775 4636//4636 4766//4766
f 4766//4766 4636//4636 4635//4635
f 4766//4766 4635//4635 4770//4770
f 4770//4770 4635//4635 4778//4778
f 4770//4770 4778//4778 4774//4774
f 4774//4774 4778//4778 4780//4780
f 4774//4774 4780//4780 4773//4773
f 4773//4773 4780//4780 5785//5785
f 4773//4773 5785//5785 4772//4772
f 4772//4772 5785//5785 5786//5786
f 4772//4772 5786//5786 4771//4771
f 4771//4771 5786//5786 5787//5787
f 4771//4771 5787//5787 5788//5788
f 5788//5788 5787//5787 5789//5789
f 5788//5788 5789//5789 5790//5790
f 5790//5790 5789//5789 5791//5791
f 5790//5790 5791//5791 5792//5792
f 4775//4775 4776//4776 4636//4636
f 4636//4636 4776//4776 4852//4852
f 4636//4636 4852//4852 4637//4637
f 4637//4637 4852//4852 4854//4854
f 4637//4637 4854//4854 4779//4779
f 4779//4779 4854//4854 4856//4856
f 4779//4779 4856//4856 4780//4780
f 4780//4780 4856//4856 4862//4862
f 4780//4780 4862//4862 5785//5785
f 5785//5785 4862//4862 4864//4864
f 5785//5785 4864//4864 5786//5786
f 5786//5786 4864//4864 4866//4866
f 5786//5786 4866//4866 5787//5787
f 5787//5787 4866//4866 4868//4868
f 5787//5787 4868//4868 5789//5789
f 5789//5789 4868//4868 4870//4870
f 5789//5789 4870//4870 5791//5791
f 5793//5793 5794//5794 5795//5795
f 5795//5795 5794//5794 5796//5796
f 5795//5795 5796//5796 5797//5797
f 5797//5797 5796//5796 5798//5798
f 5797//5797 5798//5798 5799//5799
f 5799//5799 5798//5798 5800//5800
f 5799//5799 5800//5800 5801//5801
f 5801//5801 5800//5800 5802//5802
f 5801//5801 5802//5802 5803//5803
f 5803//5803 5802//5802 5804//5804
f 5803//5803 5804//5804 5805//5805
f 5805//5805 5804//5804 5806//5806
f 5805//5805 5806//5806 5807//5807
f 5807//5807 5806//5806 5808//5808
f 5807//5807 5808//5808 5809//5809
f 5809//5809 5808//5808 5810//5810
f 5809//5809 5810//5810 5811//5811
f 5811//5811 5810//5810 4885//4885
f 5811//5811 4885//4885 4899//4899
f 4899//4899 4885//4885 4884//4884
f 4899//4899 4884//4884 4900//4900
f 4900//4900 4884//4884 4882//4882
f 4900//4900 4882//4882 4887//4887
f 4887//4887 4882//4882 4880//4880
f 4887//4887 4880//4880 4889//4889
f 4889//4889 4880//4880 4878//4878
f 4889//4889 4878//4878 4891//4891
f 4891//4891 4878//4878 4876//4876
f 4891//4891 4876//4876 4893//4893
f 4893//4893 4876//4876 4631//4631
f 4893//4893 4631//4631 4895//4895
f 4895//4895 4631//4631 4630//4630
f 4895//4895 4630//4630 4897//4897
f 5794//5794 5792//5792 5796//5796
f 5796//5796 5792//5792 5791//5791
f 5796//5796 5791//5791 5798//5798
f 5798//5798 5791//5791 4870//4870
f 5798//5798 4870//4870 5800//5800
f 5800//5800 4870//4870 4869//4869
f 5800//5800 4869//4869 5802//5802
f 5802//5802 4869//4869 4867//4867
f 5802//5802 4867//4867 5804//5804
f 5804//5804 4867//4867 4865//4865
f 5804//5804 4865//4865 5806//5806
f 5806//5806 4865//4865 4863//4863
f 5806//5806 4863//4863 5808//5808
f 5808//5808 4863//4863 4861//4861
f 5808//5808 4861//4861 5810//5810
f 5810//5810 4861//4861 4860//4860
f 5810//5810 4860//4860 4885//4885
f 4885//4885 4860//4860 4874//4874
f 4885//4885 4874//4874 4883//4883
f 4883//4883 4874//4874 4873//4873
f 4883//4883 4873//4873 4881//4881
f 4881//4881 4873//4873 4872//4872
f 4881//4881 4872//4872 4879//4879
f 4879//4879 4872//4872 4871//4871
f 4879//4879 4871//4871 4877//4877
f 4877//4877 4871//4871 4628//4628
f 4877//4877 4628//4628 4875//4875
f 4875//4875 4628//4628 4627//4627
f 4875//4875 4627//4627 4629//4629
f 4785//4785 4821//4821 4787//4787
f 4787//4787 4821//4821 4624//4624
f 4787//4787 4624//4624 4789//4789
f 4789//4789 4624//4624 4623//4623
f 4789//4789 4623//4623 4791//4791
f 4791//4791 4623//4623 4819//4819
f 4791//4791 4819//4819 4793//4793
f 4793//4793 4819//4819 4897//4897
f 4793//4793 4897//4897 4795//4795
f 4795//4795 4897//4897 4630//4630
f 4795//4795 4630//4630 4797//4797
f 4797//4797 4630//4630 4629//4629
f 4797//4797 4629//4629 4799//4799
f 4799//4799 4629//4629 4627//4627
f 4799//4799 4627//4627 4801//4801
f 4801//4801 4627//4627 4626//4626
f 4801//4801 4626//4626 4803//4803
f 4803//4803 4626//4626 4633//4633
f 4803//4803 4633//4633 4805//4805
f 4805//4805 4633//4633 4632//4632
f 4805//4805 4632//4632 4807//4807
f 4807//4807 4632//4632 4775//4775
f 4807//4807 4775//4775 4809//4809
f 4809//4809 4775//4775 4766//4766
f 4809//4809 4766//4766 4811//4811
f 4811//4811 4766//4766 4765//4765
f 4811//4811 4765//4765 4813//4813
f 4813//4813 4765//4765 4763//4763
f 4813//4813 4763//4763 4815//4815
f 4815//4815 4763//4763 4762//4762
f 4815//4815 4762//4762 4754//4754
f 4754//4754 4762//4762 4761//4761
f 4754//4754 4761//4761 4756//4756
f 4756//4756 4761//4761 4760//4760
f 4756//4756 4760//4760 4758//4758
f 4758//4758 4760//4760 4767//4767
f 4758//4758 4767//4767 5659//5659
f 5659//5659 4767//4767 4771//4771
f 5659//5659 4771//4771 5660//5660
f 5660//5660 4771//4771 5788//5788
f 5660//5660 5788//5788 5780//5780
f 5780//5780 5788//5788 5790//5790
f 5780//5780 5790//5790 5781//5781
f 5781//5781 5790//5790 5792//5792
f 5781//5781 5792//5792 5782//5782
f 5782//5782 5792//5792 5794//5794
f 5782//5782 5794//5794 5783//5783
f 5783//5783 5794//5794 5793//5793
f 5783//5783 5793//5793 5784//5784
f 4317//4317 4729//4729 4730//4730
f 4730//4730 4729//4729 4783//4783
f 4730//4730 4783//4783 5546//5546
f 5546//5546 4783//4783 4782//4782
f 5546//5546 4782//4782 5574//5574
f 5574//5574 4782//4782 4998//4998
f 5574//5574 4998//4998 5607//5607
f 5607//5607 4998//4998 4997//4997
f 5607//5607 4997//4997 5608//5608
f 5608//5608 4997//4997 4996//4996
f 5608//5608 4996//4996 4784//4784
f 4784//4784 4996//4996 4995//4995
f 4784//4784 4995//4995 4785//4785
f 4785//4785 4995//4995 4994//4994
f 4785//4785 4994//4994 4821//4821
f 4821//4821 4994//4994 4993//4993
f 4821//4821 4993//4993 4822//4822
f 4822//4822 4993//4993 4992//4992
f 4822//4822 4992//4992 4945//4945
f 4945//4945 4992//4992 4991//4991
f 4945//4945 4991//4991 4946//4946
f 4946//4946 4991//4991 4990//4990
f 4946//4946 4990//4990 4947//4947
f 4947//4947 4990//4990 4989//4989
f 4947//4947 4989//4989 4948//4948
f 4948//4948 4989//4989 4988//4988
f 4948//4948 4988//4988 4949//4949
f 4949//4949 4988//4988 4987//4987
f 4949//4949 4987//4987 4950//4950
f 4950//4950 4987//4987 4986//4986
f 4950//4950 4986//4986 4898//4898
f 4898//4898 4986//4986 5031//5031
f 4898//4898 5031//5031 4899//4899
f 4899//4899 5031//5031 5033//5033
f 4899//4899 5033//5033 5811//5811
f 5811//5811 5033//5033 5035//5035
f 5811//5811 5035//5035 5809//5809
f 5809//5809 5035//5035 5037//5037
f 5809//5809 5037//5037 5807//5807
f 5807//5807 5037//5037 5039//5039
f 5807//5807 5039//5039 5805//5805
f 5805//5805 5039//5039 5041//5041
f 5805//5805 5041//5041 5803//5803
f 5803//5803 5041//5041 5043//5043
f 5803//5803 5043//5043 5801//5801
f 5801//5801 5043//5043 5045//5045
f 5801//5801 5045//5045 5799//5799
f 5799//5799 5045//5045 5047//5047
f 5799//5799 5047//5047 5797//5797
f 5797//5797 5047//5047 5048//5048
f 5797//5797 5048//5048 5795//5795
f 5795//5795 5048//5048 5156//5156
f 5795//5795 5156//5156 5793//5793
f 5793//5793 5156//5156 5168//5168
f 5793//5793 5168//5168 5784//5784
f 5784//5784 5168//5168 5167//5167
f 5784//5784 5167//5167 5779//5779
f 5779//5779 5167//5167 5141//5141
f 5779//5779 5141//5141 5777//5777
f 5777//5777 5141//5141 5155//5155
f 5777//5777 5155//5155 5775//5775
f 5775//5775 5155//5155 5146//5146
f 5775//5775 5146//5146 5760//5760
f 5760//5760 5146//5146 5117//5117
f 5760//5760 5117//5117 5461//5461
f 5461//5461 5117//5117 5116//5116
f 5461//5461 5116//5116 5460//5460
f 5460//5460 5116//5116 5119//5119
f 5460//5460 5119//5119 5453//5453
f 5453//5453 5119//5119 5110//5110
f 5453//5453 5110//5110 5400//5400
f 5400//5400 5110//5110 5112//5112
f 5400//5400 5112//5112 5399//5399
f 5399//5399 5112//5112 5394//5394
f 5399//5399 5394//5394 5397//5397
f 5397//5397 5394//5394 5392//5392
f 5397//5397 5392//5392 5395//5395
f 5395//5395 5392//5392 5390//5390
f 5395//5395 5390//5390 5448//5448
f 5448//5448 5390//5390 5388//5388
f 5448//5448 5388//5388 5446//5446
f 5446//5446 5388//5388 5386//5386
f 5446//5446 5386//5386 5462//5462
f 5462//5462 5386//5386 5384//5384
f 5462//5462 5384//5384 5463//5463
f 5463//5463 5384//5384 4651//4651
f 5463//5463 4651//4651 5464//5464
f 5464//5464 4651//4651 4655//4655
f 5464//5464 4655//4655 5465//5465
f 5465//5465 4655//4655 4656//4656
f 5465//5465 4656//4656 4652//4652
f 4652//4652 4656//4656 4431//4431
f 4652//4652 4431//4431 4360//4360

