# https://github.com/mikedh/trimesh

o link_3.stl
v 0.03543749 -0.05803606 0.01475812
v 0.04145755 -0.05390057 0.01475812
v 0.04046388 -0.05463649 0.01768239
v 0.03648093 -0.05737258 0.01768239
v 0.03947021 -0.05537240 0.02060671
v 0.03752436 -0.05670910 0.02060671
v -0.03543749 0.05803606 0.01475812
v -0.04145755 0.05390057 0.01475812
v -0.04046388 0.05463648 0.01768239
v -0.03648093 0.05737258 0.01768239
v -0.03947021 0.05537240 0.02060671
v -0.03752436 0.05670910 0.02060671
v 0.03946203 -0.05525539 0.02060671
v 0.03751634 -0.05659447 0.02060671
v 0.04045560 -0.05451810 0.01768239
v 0.04144918 -0.05378081 0.01475812
v 0.03542963 -0.05792366 0.01475812
v 0.03647299 -0.05725907 0.01768239
v -0.04144918 0.05378081 0.01475812
v -0.03542963 0.05792366 0.01475812
v -0.03751634 0.05659447 0.02060671
v -0.03647299 0.05725907 0.01768239
v -0.03946203 0.05525539 0.02060671
v -0.04045560 0.05451810 0.01768239
v -0.00000000 0.02500000 -0.00999998
v 0.00434120 0.02462019 -0.00999998
v 0.02462019 -0.00434120 -0.00999998
v 0.00855050 0.02349232 -0.00999998
v 0.01250000 0.02165063 -0.00999998
v -0.02462019 0.00434120 -0.00999998
v 0.02349232 -0.00855050 -0.00999998
v 0.02165063 -0.01250000 -0.00999998
v 0.01915111 -0.01606969 -0.00999998
v 0.01606969 -0.01915111 -0.00999998
v 0.01250000 -0.02165063 -0.00999998
v 0.00855050 -0.02349232 -0.00999998
v 0.00434120 -0.02462019 -0.00999998
v -0.00000000 -0.02500000 -0.00999998
v -0.02349232 0.00855050 -0.00999998
v -0.02165063 0.01250000 -0.00999998
v -0.01915111 0.01606969 -0.00999998
v -0.01606969 0.01915111 -0.00999998
v -0.01250000 0.02165063 -0.00999998
v 0.01606969 0.01915111 -0.00999998
v 0.01915111 0.01606969 -0.00999998
v 0.02165063 0.01250000 -0.00999998
v 0.02349232 0.00855050 -0.00999998
v 0.02462019 0.00434120 -0.00999998
v 0.02500000 0.00000000 -0.00999998
v -0.01606969 -0.01915111 -0.00999998
v -0.01915111 -0.01606969 -0.00999998
v -0.01250000 -0.02165063 -0.00999998
v -0.00855050 -0.02349232 -0.00999998
v -0.02165063 -0.01250000 -0.00999998
v -0.02349232 -0.00855050 -0.00999998
v -0.02462019 -0.00434120 -0.00999998
v -0.00855050 0.02349232 -0.00999998
v -0.00434120 0.02462019 -0.00999998
v -0.00434120 -0.02462019 -0.00999998
v -0.02500000 0.00000000 -0.00999998
v 0.03707067 0.05688739 0.02465112
v 0.04083003 0.05425235 0.02465112
v 0.04083004 0.05425235 0.00838364
v 0.03509097 0.05811897 0.01867433
v 0.03656343 0.05721473 0.01867433
v 0.03656343 0.05721473 0.01463003
v 0.03656343 0.05721473 0.02465112
v 0.04034607 0.05461323 0.00838364
v 0.03656343 0.05721473 0.00838364
v 0.02824795 0.06174515 0.00838364
v 0.02786224 0.06191225 0.00838364
v 0.03144289 0.06015053 0.01148899
v 0.02785045 0.06188732 0.01417263
v 0.03236220 0.05969169 0.01238252
v 0.03059004 0.06061897 0.01669718
v 0.03461084 0.05841660 0.01463003
v 0.03509190 0.05812050 0.01463003
v 0.02786014 0.06190695 0.02465112
v 0.02824795 0.06174515 0.02465112
v 0.02785094 0.06188735 0.01911248
v 0.03046593 0.06068145 0.02256365
v 0.02969653 0.06106168 0.01749481
v 0.03138084 0.06018275 0.02167935
v 0.03448997 0.05848805 0.01867433
v 0.02602575 0.06270389 0.02071233
v 0.02572873 0.06283677 0.02097262
v 0.02401082 0.06351298 0.02465112
v 0.02141771 0.06443363 0.02465112
v 0.02141771 0.06443363 0.00838364
v 0.02236871 0.06410969 0.00922377
v 0.02572303 0.06283904 0.00838364
v 0.02602715 0.06270019 0.01250262
v 0.02642947 0.06254519 0.01286323
v 0.01332192 0.06658030 0.01253225
v 0.01365529 0.06651270 0.01273699
v 0.01578742 0.06603712 0.00840898
v 0.01394539 0.06645251 0.01298512
v 0.01706851 0.06571968 0.00892342
v 0.01366428 0.06651088 0.01274253
v 0.01668952 0.06581546 0.00874866
v 0.01620465 0.06593800 0.00852509
v 0.01420075 0.06639841 0.01328994
v 0.01816131 0.06542541 0.00974704
v 0.01395729 0.06644998 0.01299931
v 0.01784406 0.06551336 0.00944681
v 0.01747096 0.06561261 0.00919504
v 0.01924190 0.06511650 0.01123734
v 0.01916241 0.06513976 0.01109232
v 0.01440399 0.06635462 0.01363463
v 0.01889335 0.06521849 0.01060153
v 0.01421139 0.06639612 0.01330800
v 0.01873222 0.06526455 0.01039238
v 0.01843335 0.06535000 0.01000447
v 0.01942542 0.06506193 0.01174791
v 0.01441317 0.06635261 0.01365800
v 0.01946720 0.06504951 0.01186414
v 0.01453908 0.06632515 0.01397802
v 0.01958218 0.06501494 0.01247121
v 0.01962979 0.06500062 0.01272256
v 0.01454803 0.06632318 0.01401771
v 0.01967555 0.06498679 0.01376392
v 0.01462286 0.06630673 0.01434959
v 0.01463111 0.06630491 0.01446660
v 0.01968825 0.06498294 0.01405300
v 0.01466721 0.06629693 0.02465100
v 0.01968825 0.06498294 0.02465100
v 0.01466721 0.06629693 0.01513023
v 0.01466688 0.06629700 0.01497389
v 0.00534968 0.06768874 0.01247509
v 0.00557927 0.06767039 0.01238526
v 0.00534950 0.06768613 0.00809379
v 0.00563042 0.06766603 0.01237388
v 0.00595238 0.06763859 0.01230217
v 0.00606193 0.06762840 0.01229484
v 0.00558827 0.06766964 0.00808222
v 0.01182376 0.06686261 0.01225699
v 0.01295019 0.06665360 0.00808222
v 0.00672914 0.06756574 0.01225699
v 0.00662676 0.06757586 0.01225699
v 0.01518205 0.06618093 0.00824047
v 0.01473283 0.06627901 0.00819327
v 0.01331819 0.06658104 0.01253076
v 0.01378373 0.06648623 0.00809355
v 0.01318595 0.06660713 0.01247669
v 0.01318578 0.06660630 0.00808544
v 0.01297137 0.06664948 0.01238902
v 0.01294843 0.06665388 0.01238371
v 0.01195183 0.06683920 0.01226444
v 0.01257329 0.06672563 0.01230038
v 0.01259037 0.06672250 0.01230134
v -0.00134946 0.06788659 0.01405300
v -0.00134946 0.06788659 0.02465100
v 0.00383898 0.06779139 0.02465100
v 0.00383898 0.06779139 0.01513023
v 0.00386388 0.06778997 0.01469959
v -0.00134238 0.06788673 0.01345272
v 0.00388394 0.06778882 0.01435263
v -0.00126139 0.06788827 0.01263936
v 0.00392139 0.06778666 0.01419098
v -0.00123221 0.06788882 0.01234634
v 0.00397204 0.06778372 0.01397241
v -0.00109717 0.06789108 0.01182849
v 0.00403989 0.06777967 0.01380767
v 0.00422127 0.06776857 0.01344658
v -0.00073722 0.06789600 0.01095135
v 0.00412446 0.06777462 0.01360233
v -0.00084898 0.06789453 0.01119913
v -0.00104829 0.06789191 0.01164104
v 0.00433580 0.06776143 0.01326228
v -0.00032540 0.06789922 0.01033433
v -0.00049306 0.06789791 0.01058556
v 0.00060551 0.06789647 0.00943948
v 0.00023692 0.06789958 0.00972743
v -0.00000729 0.06789943 0.00999100
v 0.00065496 0.06789605 0.00940086
v 0.00445396 0.06775365 0.01312668
v 0.00091225 0.06789387 0.00919987
v 0.00458319 0.06774514 0.01297839
v 0.00143438 0.06788366 0.00890936
v 0.00461334 0.06774303 0.01295329
v 0.00174446 0.06787759 0.00873680
v 0.00489164 0.06772357 0.01272179
v 0.00233193 0.06785846 0.00851877
v 0.00493048 0.06772067 0.01269908
v 0.00267488 0.06784729 0.00839151
v 0.00523924 0.06769756 0.01251830
v 0.00335684 0.06781495 0.00825245
v 0.00527543 0.06769467 0.01250417
v 0.00484972 0.06772061 0.00811787
v 0.00375822 0.06779591 0.00817056
v -0.02711212 0.06225225 0.02465112
v -0.02067802 0.06467480 0.02465112
v -0.02619464 0.06264384 0.02385290
v -0.02245709 0.06406783 0.02065195
v -0.01281753 0.06667924 0.01867433
v -0.01328051 0.06658857 0.01463003
v -0.01774118 0.06554129 0.01669718
v -0.01676804 0.06576952 0.01151307
v -0.02023502 0.06481477 0.00838364
v -0.02067802 0.06467480 0.00838364
v -0.01774988 0.06553894 0.01063551
v -0.02066739 0.06464171 0.01413609
v -0.01870215 0.06527358 0.01586284
v -0.02023502 0.06481477 0.02465112
v -0.02066784 0.06464185 0.01914759
v -0.02212959 0.06419261 0.02037145
v -0.01683573 0.06575114 0.02165724
v -0.01580890 0.06603400 0.02075286
v -0.01341809 0.06656098 0.01867433
v -0.02711212 0.06225225 0.00838364
v -0.02284344 0.06394206 0.01222403
v -0.02245793 0.06406602 0.01256276
v -0.00587751 0.06764514 0.00838364
v -0.01102647 0.06699871 0.00838364
v -0.00587751 0.06764514 0.02465112
v -0.01102647 0.06699871 0.01463003
v -0.01102647 0.06699871 0.02465112
v -0.01102647 0.06699871 0.01867433
v -0.01281753 0.06667924 0.01463003
v -0.02824795 -0.06174515 0.00838364
v -0.02786224 -0.06191225 0.00838364
v -0.03144287 -0.06015055 0.01148899
v -0.02785050 -0.06188731 0.01417257
v -0.03236210 -0.05969175 0.01238246
v -0.03059004 -0.06061897 0.01669718
v -0.03461084 -0.05841660 0.01463003
v -0.03509097 -0.05811897 0.01867433
v -0.03509190 -0.05812050 0.01463003
v -0.02786014 -0.06190695 0.02465112
v -0.02824795 -0.06174515 0.02465112
v -0.02785089 -0.06188733 0.01911242
v -0.03046599 -0.06068142 0.02256359
v -0.02969585 -0.06106200 0.01749541
v -0.03138087 -0.06018274 0.02167935
v -0.03448997 -0.05848805 0.01867433
v -0.03656343 -0.05721473 0.00838364
v -0.03656343 -0.05721473 0.01463003
v -0.04034607 -0.05461323 0.00838364
v -0.04083004 -0.05425235 0.00838364
v -0.03656343 -0.05721473 0.01867433
v -0.03656343 -0.05721473 0.02465112
v -0.03707067 -0.05688739 0.02465112
v -0.04083003 -0.05425235 0.02465112
v -0.02602560 -0.06270386 0.02071221
v -0.02572774 -0.06283711 0.02097328
v -0.02401082 -0.06351298 0.02465112
v -0.02141771 -0.06443363 0.02465112
v -0.02141771 -0.06443363 0.00838364
v -0.02236741 -0.06411015 0.00922258
v -0.02572303 -0.06283904 0.00838364
v -0.02602730 -0.06270024 0.01250256
v -0.02642815 -0.06254582 0.01286180
v -0.01620320 -0.06593835 0.00852461
v -0.01579185 -0.06603606 0.00841023
v -0.01366222 -0.06651130 0.01274098
v -0.01332715 -0.06657924 0.01253558
v -0.01517994 -0.06618141 0.00824006
v -0.01332041 -0.06658060 0.01253141
v -0.01440425 -0.06635456 0.01363517
v -0.01924188 -0.06511651 0.01123751
v -0.01916465 -0.06513911 0.01109673
v -0.01889363 -0.06521841 0.01060243
v -0.01873152 -0.06526475 0.01039196
v -0.01421469 -0.06639540 0.01331354
v -0.01843292 -0.06535012 0.01000423
v -0.01420108 -0.06639834 0.01329042
v -0.01816351 -0.06542480 0.00974925
v -0.01396227 -0.06644893 0.01300527
v -0.01784320 -0.06551359 0.00944610
v -0.01394555 -0.06645247 0.01298530
v -0.01747243 -0.06561222 0.00919600
v -0.01366258 -0.06651123 0.01274128
v -0.01706789 -0.06571984 0.00892313
v -0.01669229 -0.06581476 0.00874997
v -0.01942531 -0.06506196 0.01174731
v -0.01441574 -0.06635205 0.01366438
v -0.01946721 -0.06504951 0.01186378
v -0.01453913 -0.06632514 0.01397820
v -0.01958186 -0.06501503 0.01246918
v -0.01962997 -0.06500057 0.01272322
v -0.01454953 -0.06632285 0.01402433
v -0.01967536 -0.06498684 0.01375891
v -0.01462285 -0.06630673 0.01434959
v -0.01463198 -0.06630471 0.01447911
v -0.01968825 -0.06498294 0.01405300
v -0.01466721 -0.06629693 0.02465100
v -0.01968825 -0.06498294 0.02465100
v -0.01466721 -0.06629693 0.01513023
v -0.01466688 -0.06629700 0.01497401
v -0.00564283 -0.06766497 0.01237108
v -0.00595402 -0.06763845 0.01230170
v -0.00535056 -0.06768606 0.00809367
v -0.00608519 -0.06762625 0.01229299
v -0.00558827 -0.06766964 0.00808222
v -0.01182376 -0.06686261 0.01225699
v -0.01295019 -0.06665360 0.00808222
v -0.00672914 -0.06756574 0.01225699
v -0.00662690 -0.06757584 0.01225699
v -0.01473826 -0.06627783 0.00819374
v -0.01378117 -0.06648676 0.00809343
v -0.01318643 -0.06660704 0.01247681
v -0.01318626 -0.06660620 0.00808544
v -0.01297052 -0.06664965 0.01238878
v -0.01295892 -0.06665187 0.01238610
v -0.01195236 -0.06683911 0.01226444
v -0.01258155 -0.06672412 0.01230080
v -0.01258918 -0.06672273 0.01230128
v 0.00134946 -0.06788659 0.01405300
v 0.00134946 -0.06788659 0.02465100
v -0.00383898 -0.06779139 0.02465100
v -0.00404043 -0.06777964 0.01380588
v -0.00412046 -0.06777486 0.01361008
v 0.00084728 -0.06789455 0.01119502
v -0.00383898 -0.06779139 0.01513023
v -0.00386343 -0.06778999 0.01470621
v 0.00134349 -0.06788671 0.01345081
v -0.00388358 -0.06778885 0.01435680
v 0.00126349 -0.06788822 0.01264853
v -0.00392177 -0.06778663 0.01418991
v 0.00123337 -0.06788880 0.01234652
v -0.00397050 -0.06778381 0.01397700
v 0.00109790 -0.06789108 0.01182969
v 0.00104865 -0.06789190 0.01164175
v -0.00432956 -0.06776182 0.01327075
v 0.00000560 -0.06789943 0.00998886
v 0.00032729 -0.06789921 0.01033635
v -0.00422183 -0.06776854 0.01344557
v 0.00049088 -0.06789793 0.01058174
v 0.00073783 -0.06789599 0.01095219
v -0.00023417 -0.06789960 0.00972987
v -0.00445472 -0.06775359 0.01312645
v -0.00060621 -0.06789646 0.00943894
v -0.00458273 -0.06774517 0.01297886
v -0.00090983 -0.06789391 0.00920148
v -0.00133608 -0.06788558 0.00896407
v -0.00462157 -0.06774246 0.01294656
v -0.00174196 -0.06787765 0.00873805
v -0.00489103 -0.06772362 0.01272221
v -0.00221821 -0.06786215 0.00856121
v -0.00267687 -0.06784721 0.00839092
v -0.00493882 -0.06772004 0.01269419
v -0.00323043 -0.06782094 0.00827814
v -0.00523866 -0.06769761 0.01251860
v -0.00376183 -0.06779572 0.00816990
v -0.00528568 -0.06769385 0.01250018
v -0.00464780 -0.06773456 0.00812734
v -0.00535074 -0.06768865 0.01247467
v -0.00557866 -0.06767044 0.01238538
v 0.02711212 -0.06225225 0.02465112
v 0.02067802 -0.06467480 0.02465112
v 0.02619464 -0.06264384 0.02385290
v 0.02245707 -0.06406784 0.02065195
v 0.01281753 -0.06667924 0.01867433
v 0.01328051 -0.06658857 0.01463003
v 0.01774118 -0.06554129 0.01669718
v 0.01676803 -0.06576952 0.01151307
v 0.02023502 -0.06481477 0.00838364
v 0.02067802 -0.06467480 0.00838364
v 0.01774988 -0.06553894 0.01063551
v 0.02066739 -0.06464171 0.01413609
v 0.01870215 -0.06527358 0.01586284
v 0.02023502 -0.06481477 0.02465112
v 0.02066784 -0.06464185 0.01914759
v 0.02212959 -0.06419261 0.02037145
v 0.01683573 -0.06575114 0.02165724
v 0.01580890 -0.06603400 0.02075286
v 0.01341809 -0.06656098 0.01867433
v 0.02711212 -0.06225225 0.00838364
v 0.02284344 -0.06394206 0.01222403
v 0.02245795 -0.06406601 0.01256276
v 0.00587751 -0.06764514 0.00838364
v 0.01102647 -0.06699871 0.00838364
v 0.00587751 -0.06764514 0.02465112
v 0.01102647 -0.06699871 0.01463003
v 0.01102647 -0.06699871 0.02465112
v 0.01102647 -0.06699871 0.01867433
v 0.01281753 -0.06667924 0.01463003
v 0.04462714 -0.05117451 0.00838364
v 0.04798315 -0.04804194 0.00838364
v 0.04634554 -0.04962358 0.01376237
v 0.03082732 -0.06046560 0.01650972
v 0.02774014 -0.06197495 0.00838364
v 0.02902030 -0.06138595 0.00838364
v 0.03310200 -0.05928463 0.00838364
v 0.03362645 -0.05898565 0.00981076
v 0.03415091 -0.05868667 0.01123793
v 0.03187224 -0.05995473 0.01926012
v 0.03463417 -0.05839903 0.01123793
v 0.03386742 -0.05885072 0.02465112
v 0.04355244 -0.05209218 0.00838364
v 0.04308568 -0.05247542 0.00981076
v 0.04261893 -0.05285865 0.01123793
v 0.04546368 -0.05039286 0.01652796
v 0.04287350 -0.05265238 0.02465112
v 0.04217969 -0.05320261 0.02465112
v 0.04217325 -0.05319381 0.01123793
v 0.03894779 -0.05561939 0.01123793
v 0.03530791 -0.05799801 0.01123793
v 0.03462304 -0.05838124 0.02465112
v 0.03776966 -0.05642613 0.02465112
v 0.04149465 -0.05374587 0.02465112
v -0.04462714 0.05117451 0.00838364
v -0.04798315 0.04804194 0.00838364
v -0.04634555 0.04962355 0.01376231
v -0.04355244 0.05209218 0.00838364
v -0.04308568 0.05247542 0.00981076
v -0.04261893 0.05285865 0.01123793
v -0.04546367 0.05039286 0.01652802
v -0.04287350 0.05265238 0.02465112
v -0.04217969 0.05320261 0.02465112
v -0.04217882 0.05320141 0.01123793
v -0.04080540 0.05427105 0.01123793
v -0.03463110 0.05839393 0.02465112
v -0.03463417 0.05839903 0.01123793
v -0.03530791 0.05799801 0.01123793
v -0.03894779 0.05561939 0.01123793
v -0.03584060 0.05767047 0.02465112
v -0.03776966 0.05642613 0.02465112
v -0.04149465 0.05374587 0.02465112
v -0.03082731 0.06046560 0.01650967
v -0.02774014 0.06197495 0.00838364
v -0.02902030 0.06138595 0.00838364
v -0.03386742 0.05885072 0.02465112
v -0.03187222 0.05995474 0.01926012
v -0.03415091 0.05868667 0.01123793
v -0.03362645 0.05898565 0.00981076
v -0.03310200 0.05928463 0.00838364
v -0.02500000 0.00000000 0.00000001
v -0.02484502 -0.00278101 0.00000001
v -0.02458079 -0.00433450 0.00000001
v -0.02436746 -0.00558872 0.00000001
v -0.02355982 -0.00836298 0.00000001
v -0.02244808 -0.01100450 0.00000001
v -0.02348262 -0.00854642 0.00000001
v -0.01913723 -0.01605706 0.00000001
v -0.01940493 -0.01576281 0.00000001
v -0.02106452 -0.01346426 0.00000001
v -0.02161741 -0.01248131 0.00000001
v -0.01752553 -0.01782853 0.00000001
v -0.01604857 -0.01912710 0.00000001
v -0.01543398 -0.01966746 0.00000001
v -0.01315944 -0.02125635 0.00000001
v -0.01075491 -0.02256866 0.00000001
v -0.01248554 -0.02162414 0.00000001
v -0.00433503 -0.02458473 0.00000001
v -0.00560731 -0.02436317 0.00000001
v -0.00821691 -0.02361121 0.00000001
v -0.00854413 -0.02347680 0.00000001
v -0.00295690 -0.02482471 0.00000001
v -0.00023982 -0.02499885 0.00000001
v 0.00254270 -0.02487057 0.00000001
v -0.00000056 -0.02498782 0.00000001
v 0.00854252 -0.02347282 0.00000001
v 0.00813685 -0.02363892 0.00000001
v 0.00534081 -0.02442295 0.00000001
v 0.00433538 -0.02458379 0.00000001
v 0.01078022 -0.02255660 0.00000001
v 0.01248341 -0.02162046 0.00000001
v 0.01326147 -0.02119281 0.00000001
v 0.01557601 -0.01955519 0.00000001
v 0.01766272 -0.01769261 0.00000001
v 0.01605152 -0.01913075 0.00000001
v 0.02161889 -0.01248198 0.00000001
v 0.02103578 -0.01350913 0.00000001
v 0.01940460 -0.01576323 0.00000001
v 0.01913833 -0.01605815 0.00000001
v 0.02238417 -0.01113392 0.00000001
v 0.02347504 -0.00859802 0.00000001
v 0.02426527 -0.00601716 0.00000001
v 0.02348982 -0.00854974 0.00000001
v 0.02497197 -0.00000082 0.00000001
v 0.02499128 -0.00066183 0.00000001
v 0.02477455 -0.00335093 0.00000001
v 0.02458662 -0.00433479 0.00000001
v 0.02490990 0.00212315 0.00000001
v 0.02459493 0.00433761 0.00000001
v 0.02451449 0.00490315 0.00000001
v 0.02386190 0.00745801 0.00000001
v 0.02286740 0.01010391 0.00000001
v 0.02345635 0.00853699 0.00000001
v 0.01912104 0.01604437 0.00000001
v 0.02000125 0.01499879 0.00000001
v 0.02156370 0.01264970 0.00000001
v 0.02164250 0.01249583 0.00000001
v 0.01819144 0.01714862 0.00000001
v 0.01616974 0.01906715 0.00000001
v 0.01394787 0.02074747 0.00000001
v 0.01606570 0.01914583 0.00000001
v 0.00854176 0.02346624 0.00000001
v 0.00920237 0.02324471 0.00000001
v 0.01159826 0.02214716 0.00000001
v 0.01248213 0.02162063 0.00000001
v 0.00666717 0.02409486 0.00000001
v 0.00433748 0.02460310 0.00000001
v 0.00397783 0.02468156 0.00000001
v 0.00133289 0.02496458 0.00000001
v -0.00433966 0.02461357 0.00000001
v -0.00422163 0.02464099 0.00000001
v -0.00145409 0.02495785 0.00000001
v 0.00000009 0.02496136 0.00000001
v -0.00707845 0.02397726 0.00000001
v -0.00853717 0.02345506 0.00000001
v -0.00974330 0.02302327 0.00000001
v -0.01232348 0.02175186 0.00000001
v -0.01468953 0.02022937 0.00000001
v -0.01249438 0.02164190 0.00000001
v -0.01913309 0.01605563 0.00000001
v -0.01882163 0.01645480 0.00000001
v -0.01687260 0.01844784 0.00000001
v -0.01604616 0.01912227 0.00000001
v -0.02053478 0.01425925 0.00000001
v -0.02162740 0.01248569 0.00000001
v -0.02197378 0.01192345 0.00000001
v -0.02315816 0.00941807 0.00000001
v -0.02403456 0.00688142 0.00000001
v -0.02346157 0.00853988 0.00000001
v -0.02495122 0.00156392 0.00000001
v -0.02464574 0.00419392 0.00000001
v -0.02461263 0.00433948 0.00000001
v 0.02399916 0.01050000 0.22250386
v 0.02345548 0.01050000 0.22403742
v -0.00433517 0.01050000 0.19091006
v 0.02407595 0.01050000 0.20876487
v 0.02460591 0.01050000 0.21116193
v 0.02467038 0.01050000 0.21145357
v -0.01086941 0.01050000 0.23801376
v -0.01248245 0.01050000 0.23711903
v -0.00854685 0.01050000 0.19201930
v -0.02348524 0.01050000 0.22404756
v -0.02247610 0.01050000 0.22644712
v -0.02162070 0.01050000 0.22798331
v -0.02431449 0.01050000 0.22131498
v -0.02458487 0.01050000 0.21983476
v -0.02162500 0.01050000 0.20301379
v 0.02496059 0.01050000 0.21409382
v 0.02496129 0.01050000 0.21550001
v 0.02496198 0.01050000 0.21688099
v 0.02465334 0.01050000 0.21964903
v 0.02460984 0.01050000 0.21983881
v 0.00853941 0.01050000 0.23896052
v 0.00694918 0.01050000 0.23951508
v 0.00434025 0.01050000 0.24011607
v -0.00621803 0.01050000 0.19128539
v 0.00163741 0.01050000 0.24044652
v 0.00000000 0.01050000 0.24049999
v -0.01913163 0.01050000 0.23155226
v -0.01767767 0.01050000 0.23317768
v -0.01605412 0.01050000 0.23463376
v -0.02354305 0.01050000 0.22391005
v -0.01248144 0.01050000 0.19388147
v -0.01131930 0.01050000 0.19320901
v -0.00878490 0.01050000 0.19209428
v -0.00354433 0.01050000 0.19075240
v 0.00853693 0.01050000 0.19204481
v 0.00989528 0.01050000 0.19254161
v 0.01246096 0.01050000 0.19382663
v 0.02204725 0.01050000 0.20371296
v 0.02321737 0.01050000 0.20622887
v 0.02346453 0.01050000 0.20695890
v 0.02163901 0.01050000 0.22799255
v 0.02027332 0.01050000 0.23012878
v 0.01912306 0.01050000 0.23154695
v 0.01849741 0.01050000 0.23231830
v 0.01650994 0.01050000 0.23427321
v 0.01605403 0.01050000 0.23463114
v 0.01431968 0.01050000 0.23599274
v 0.01248674 0.01050000 0.23712923
v -0.00263780 0.01050000 0.24036069
v -0.00433499 0.01050000 0.24008234
v -0.00543934 0.01050000 0.23990120
v -0.00822662 0.01050000 0.23910780
v -0.00854394 0.01050000 0.23897649
v -0.01334192 0.01050000 0.23664226
v -0.01565179 0.01050000 0.23499461
v -0.01953494 0.01050000 0.23110141
v -0.02114538 0.01050000 0.22883697
v -0.02480010 0.01050000 0.21865638
v -0.02499592 0.01050000 0.21595372
v -0.02497891 0.01050000 0.21550079
v -0.02370749 0.01050000 0.20756496
v -0.02346589 0.01050000 0.20696004
v -0.02447027 0.01050000 0.21038063
v -0.02458848 0.01050000 0.21116360
v -0.02489137 0.01050000 0.21316965
v -0.02265125 0.01050000 0.20492019
v -0.02130529 0.01050000 0.20241989
v -0.01968987 0.01050000 0.20009466
v -0.01912626 0.01050000 0.19945212
v -0.01784311 0.01050000 0.19798930
v -0.01605782 0.01050000 0.19636191
v -0.00086904 0.01050000 0.19051500
v -0.00000070 0.01050000 0.19053324
v 0.00191698 0.01050000 0.19057341
v 0.00433893 0.01050000 0.19089682
v 0.00468704 0.01050000 0.19094332
v 0.00724920 0.01050000 0.19157381
v 0.01249875 0.01050000 0.19385131
v 0.01482000 0.01050000 0.19536598
v 0.01604497 0.01050000 0.19637878
v 0.02305309 0.01050000 0.22517247
v 0.02178802 0.01050000 0.22775950
v 0.01198653 0.01050000 0.23743941
v 0.00948645 0.01050000 0.23863025
v 0.00426262 0.01050000 0.24013396
v -0.01578392 0.01050000 0.19611223
v -0.01368024 0.01050000 0.19457509
v 0.01913786 0.01050000 0.19944049
v 0.02062466 0.01050000 0.20137109
v 0.02162399 0.01050000 0.20301618
v 0.01698905 0.01050000 0.19715936
v 0.01892539 0.01050000 0.19916464
v 0.02824001 0.06185872 0.00838364
v 0.02141016 0.06454150 0.00838364
v 0.02979301 0.06108531 0.00989319
v 0.03460237 0.05853782 0.01463003
v 0.03235259 0.05981062 0.01238121
v 0.03143471 0.06026773 0.01148899
v 0.03655475 0.05733890 0.01463003
v 0.03655475 0.05733890 0.00838364
v 0.04082081 0.05438439 0.00838364
v 0.03802512 0.05637455 0.00838364
v 0.04082080 0.05438439 0.02465112
v 0.03802512 0.05637455 0.02465112
v 0.03655475 0.05733890 0.02465112
v 0.03655475 0.05733890 0.01867433
v 0.03448150 0.05860909 0.01867433
v 0.03044520 0.06080370 0.02257563
v 0.02980532 0.06110983 0.02317788
v 0.02824001 0.06185872 0.02465112
v 0.03137258 0.06029947 0.02167924
v 0.02141016 0.06454150 0.02465112
v 0.03058192 0.06073505 0.01669718
v 0.02601785 0.06281525 0.02071221
v 0.02969462 0.06117376 0.01748933
v 0.02980888 0.06111727 0.01738734
v 0.02571949 0.06294845 0.02097370
v 0.02234738 0.06422301 0.00921161
v 0.02601940 0.06281195 0.01250256
v 0.02641096 0.06266148 0.01285352
v 0.02979925 0.06109654 0.01597591
v 0.00558121 0.06777057 0.00808222
v 0.01180808 0.06696693 0.00808222
v 0.01294297 0.06675687 0.00808222
v 0.01472817 0.06638571 0.00816996
v 0.01473826 0.06638361 0.00817044
v 0.01578567 0.06614229 0.00838931
v 0.01579497 0.06614015 0.00839127
v 0.01668963 0.06592000 0.00873317
v 0.01670076 0.06591725 0.00873740
v 0.01747332 0.06571648 0.00918163
v 0.01750641 0.06570788 0.00920064
v 0.01815810 0.06553078 0.00972838
v 0.01816479 0.06552890 0.00973589
v 0.01869905 0.06537848 0.01033516
v 0.01873206 0.06536893 0.01038660
v 0.01909405 0.06526421 0.01095135
v 0.01915465 0.06524633 0.01109148
v 0.01939204 0.06517629 0.01164032
v 0.01941872 0.06516831 0.01174690
v 0.01956837 0.06512357 0.01234473
v 0.01958031 0.06511997 0.01246936
v 0.01967381 0.06509179 0.01344533
v 0.01967746 0.06509069 0.01376338
v 0.01968079 0.06508968 0.01405300
v 0.01968079 0.06508968 0.02465100
v 0.01465994 0.06640095 0.02465100
v 0.01465994 0.06640095 0.01513023
v 0.01462246 0.06640921 0.01446660
v 0.01461617 0.06641060 0.01435519
v 0.01454050 0.06642720 0.01401777
v 0.01453120 0.06642924 0.01397623
v 0.01440410 0.06645690 0.01365871
v 0.01438482 0.06646109 0.01361055
v 0.01420282 0.06650019 0.01330884
v 0.01418042 0.06650501 0.01327170
v 0.01394943 0.06655381 0.01299984
v 0.01393291 0.06655730 0.01298041
v 0.01364735 0.06661640 0.01273770
v 0.01363073 0.06661984 0.01272358
v 0.01331010 0.06668459 0.01253219
v 0.01328906 0.06668884 0.01251961
v 0.01295406 0.06675472 0.01238586
v 0.01294139 0.06675714 0.01238294
v 0.01257904 0.06682640 0.01230086
v 0.01256612 0.06682876 0.01229997
v 0.01194495 0.06694251 0.01225878
v 0.01191731 0.06694757 0.01225699
v 0.01181657 0.06696543 0.01225699
v 0.01180808 0.06696693 0.01225699
v 0.00672206 0.06766693 0.01225699
v 0.00526920 0.06779540 0.01250602
v 0.00555934 0.06777237 0.01238925
v 0.00562357 0.06776691 0.01237471
v 0.00594606 0.06773953 0.01230146
v 0.00605483 0.06772935 0.01229520
v 0.00520260 0.06780069 0.01253284
v 0.00492459 0.06782130 0.01270081
v 0.00485478 0.06782648 0.01274301
v 0.00460659 0.06784372 0.01295359
v 0.00456893 0.06784634 0.01298554
v 0.00444781 0.06785426 0.01312734
v 0.00430673 0.06786348 0.01329250
v 0.00421425 0.06786921 0.01344646
v 0.00410007 0.06787628 0.01363648
v 0.00403152 0.06788035 0.01380707
v 0.00396354 0.06788439 0.01397623
v 0.00391418 0.06788724 0.01419092
v 0.00387929 0.06788926 0.01434268
v 0.00385309 0.06789074 0.01469959
v 0.00383228 0.06789193 0.01498319
v 0.00383195 0.06789195 0.01513023
v 0.00383194 0.06789195 0.02465100
v 0.00237317 0.06795858 0.02465100
v -0.00135644 0.06798647 0.02465100
v -0.00135644 0.06798647 0.01405300
v 0.00225719 0.06796253 0.00852431
v 0.00142061 0.06798483 0.00889809
v 0.00136664 0.06798626 0.00892223
v 0.00064212 0.06799655 0.00939442
v 0.00058965 0.06799730 0.00942863
v 0.00056379 0.06799766 0.00944550
v -0.00002455 0.06799989 0.00998182
v -0.00004811 0.06799998 0.01000328
v -0.00050964 0.06799803 0.01057930
v -0.00052746 0.06799795 0.01060159
v -0.00086632 0.06799442 0.01119484
v -0.00089056 0.06799417 0.01123728
v -0.00111179 0.06799088 0.01182688
v -0.00112581 0.06799068 0.01186426
v -0.00127896 0.06798796 0.01263906
v -0.00129562 0.06798766 0.01272334
v 0.00484092 0.06782690 0.00809206
v 0.00473757 0.06783476 0.00809343
v 0.00334602 0.06791723 0.00823606
v 0.00330736 0.06791952 0.00824000
v 0.00237313 0.06795778 0.00849290
v 0.00232009 0.06795995 0.00850726
v -0.01342513 0.06666158 0.01867433
v -0.01644279 0.06594698 0.02130766
v -0.01684305 0.06585220 0.02165694
v -0.01789584 0.06560289 0.02257569
v -0.02024219 0.06491728 0.02465112
v -0.02547325 0.06304850 0.02465112
v -0.02711952 0.06235809 0.02465112
v -0.02246420 0.06416987 0.02065201
v -0.02284686 0.06404702 0.02097370
v -0.02545966 0.06301422 0.02322252
v -0.01870191 0.06537766 0.01748933
v -0.01774829 0.06564296 0.01669718
v -0.02214035 0.06429467 0.01285352
v -0.02246523 0.06417103 0.01256270
v -0.02546579 0.06302907 0.00987680
v -0.02620894 0.06274625 0.00921161
v -0.02711952 0.06235809 0.00838364
v -0.02024219 0.06491728 0.00838364
v -0.02547325 0.06304850 0.00838364
v -0.01644571 0.06596175 0.01180978
v -0.01677485 0.06587120 0.01151271
v -0.01581242 0.06613598 0.01238127
v -0.01328755 0.06668914 0.01463003
v -0.01103348 0.06709890 0.01463003
v -0.01103348 0.06709890 0.00838364
v -0.00710794 0.06762749 0.00838364
v -0.00588449 0.06774491 0.00838364
v -0.00588449 0.06774491 0.02465112
v -0.00710794 0.06762749 0.02465112
v -0.01103348 0.06709890 0.02465112
v -0.01103348 0.06709890 0.01867433
v -0.03448150 -0.05860909 0.01867433
v -0.03399204 -0.05887522 0.01914741
v -0.02824001 -0.06185872 0.02465112
v -0.03044520 -0.06080370 0.02257563
v -0.03137260 -0.06029945 0.02167924
v -0.02141016 -0.06454150 0.02465112
v -0.02547325 -0.06304850 0.02465112
v -0.02547028 -0.06304058 0.02118636
v -0.02571949 -0.06294845 0.02097370
v -0.02601780 -0.06281527 0.02071221
v -0.03058192 -0.06073505 0.01669718
v -0.02969462 -0.06117376 0.01748933
v -0.02141016 -0.06454150 0.00838364
v -0.02234738 -0.06422301 0.00921161
v -0.02546426 -0.06302527 0.01200504
v -0.02601945 -0.06281193 0.01250262
v -0.02641096 -0.06266148 0.01285352
v -0.02547325 -0.06304850 0.00838364
v -0.02824001 -0.06185872 0.00838364
v -0.03143468 -0.06026775 0.01148899
v -0.03235259 -0.05981062 0.01238121
v -0.03399522 -0.05888131 0.01402314
v -0.03460237 -0.05853782 0.01463003
v -0.03655475 -0.05733890 0.01463003
v -0.03655475 -0.05733890 0.00838364
v -0.04082081 -0.05438439 0.00838364
v -0.04082080 -0.05438439 0.02465112
v -0.03655475 -0.05733890 0.02465112
v -0.03655475 -0.05733890 0.01867433
v -0.00558121 -0.06777057 0.00808222
v -0.00710794 -0.06762749 0.00808222
v -0.01294297 -0.06675687 0.00808222
v -0.01968079 -0.06508968 0.01405300
v -0.01967577 -0.06509120 0.01375843
v -0.01966817 -0.06509349 0.01331217
v -0.01957478 -0.06512162 0.01246799
v -0.01955168 -0.06512858 0.01225920
v -0.01941488 -0.06516943 0.01174743
v -0.01936623 -0.06518397 0.01156540
v -0.01915751 -0.06524550 0.01109577
v -0.01909222 -0.06526475 0.01094885
v -0.01873064 -0.06536932 0.01038672
v -0.01869382 -0.06537998 0.01032944
v -0.01816643 -0.06552842 0.00973870
v -0.01815421 -0.06553186 0.00972499
v -0.01750483 -0.06570830 0.00919957
v -0.01747491 -0.06571608 0.00918235
v -0.01669921 -0.06591765 0.00873656
v -0.01669256 -0.06591929 0.00873400
v -0.01645038 -0.06597888 0.00864155
v -0.01579453 -0.06614025 0.00839115
v -0.01579015 -0.06614126 0.00839020
v -0.01473466 -0.06638440 0.00816972
v -0.01473356 -0.06638464 0.00816966
v -0.01968079 -0.06508968 0.02465100
v -0.01645069 -0.06598011 0.02465100
v -0.01465994 -0.06640095 0.02465100
v -0.01465994 -0.06640095 0.01513023
v -0.01181657 -0.06696543 0.01225699
v -0.01193020 -0.06694528 0.01225705
v -0.01329812 -0.06668703 0.01252390
v -0.01296156 -0.06675326 0.01238818
v -0.01194550 -0.06694248 0.01225806
v -0.01257433 -0.06682724 0.01230092
v -0.01258412 -0.06682544 0.01230158
v -0.01295173 -0.06675514 0.01238592
v -0.01331931 -0.06668275 0.01253666
v -0.01363943 -0.06661806 0.01272966
v -0.01365439 -0.06661496 0.01274247
v -0.01393836 -0.06655616 0.01298530
v -0.01395506 -0.06655262 0.01300521
v -0.01418970 -0.06650303 0.01328458
v -0.01420705 -0.06649929 0.01331378
v -0.01439147 -0.06645966 0.01362385
v -0.01440773 -0.06645612 0.01366473
v -0.01452964 -0.06642959 0.01397098
v -0.01454179 -0.06642692 0.01402445
v -0.01461536 -0.06641078 0.01434804
v -0.01462282 -0.06640913 0.01447911
v -0.00710794 -0.06762749 0.01225699
v -0.00672206 -0.06766693 0.01225699
v -0.00383195 -0.06789195 0.01513023
v -0.00383234 -0.06789193 0.01497413
v -0.00385194 -0.06789081 0.01470615
v -0.00387833 -0.06788931 0.01434548
v -0.00391458 -0.06788722 0.01418991
v -0.00396623 -0.06788423 0.01396824
v -0.00403239 -0.06788030 0.01380546
v -0.00410491 -0.06787599 0.01362695
v -0.00421497 -0.06786916 0.01344563
v -0.00431404 -0.06786302 0.01328231
v -0.00444814 -0.06785423 0.01312680
v -0.00457567 -0.06784588 0.01297886
v -0.00461441 -0.06784318 0.01294638
v -0.00486785 -0.06782554 0.01273359
v -0.00493240 -0.06782074 0.01269509
v -0.00521381 -0.06779982 0.01252724
v -0.00527915 -0.06779463 0.01250125
v -0.00556549 -0.06777186 0.01238723
v -0.00563590 -0.06776588 0.01237149
v -0.00595104 -0.06773910 0.01230110
v -0.00607810 -0.06772720 0.01229383
v -0.00383194 -0.06789195 0.02465100
v 0.00135644 -0.06798647 0.02465100
v 0.00135644 -0.06798647 0.01405300
v -0.00477394 -0.06783222 0.00809218
v -0.00463980 -0.06784022 0.00810553
v -0.00332821 -0.06791850 0.00823618
v -0.00322113 -0.06792292 0.00826479
v -0.00228040 -0.06796175 0.00851609
v -0.00220683 -0.06796373 0.00854863
v -0.00138519 -0.06798589 0.00891234
v -0.00132297 -0.06798679 0.00895257
v -0.00058953 -0.06799739 0.00942684
v -0.00057970 -0.06799753 0.00943316
v 0.00002411 -0.06799996 0.00997837
v 0.00003259 -0.06799999 0.00998600
v 0.00050918 -0.06799809 0.01057423
v 0.00051150 -0.06799807 0.01057709
v 0.00086510 -0.06799445 0.01119049
v 0.00088454 -0.06799424 0.01122416
v 0.00111304 -0.06799087 0.01182778
v 0.00112567 -0.06799068 0.01186116
v 0.00128240 -0.06798789 0.01264788
v 0.00129831 -0.06798761 0.01272775
v 0.02024219 -0.06491728 0.02465112
v 0.01789584 -0.06560289 0.02257569
v 0.01684305 -0.06585220 0.02165694
v 0.01342513 -0.06666158 0.01867433
v 0.02711952 -0.06235809 0.02465112
v 0.02101316 -0.06467184 0.02465112
v 0.01774829 -0.06564296 0.01669718
v 0.01870191 -0.06537766 0.01748933
v 0.02100262 -0.06463907 0.01942338
v 0.02246418 -0.06416988 0.02065201
v 0.02284686 -0.06404702 0.02097370
v 0.02100435 -0.06464341 0.01384766
v 0.02711952 -0.06235809 0.00838364
v 0.02620894 -0.06274625 0.00921161
v 0.02246524 -0.06417102 0.01256270
v 0.02214035 -0.06429467 0.01285352
v 0.02024219 -0.06491728 0.00838364
v 0.02101316 -0.06467184 0.00838364
v 0.01328755 -0.06668914 0.01463003
v 0.01581242 -0.06613598 0.01238127
v 0.01677484 -0.06587120 0.01151271
v 0.01180808 -0.06696693 0.01463003
v 0.01103348 -0.06709890 0.01463003
v 0.01103348 -0.06709890 0.00838364
v 0.00588449 -0.06774491 0.00838364
v 0.00588449 -0.06774491 0.02465112
v 0.01103348 -0.06709890 0.02465112
v 0.01103348 -0.06709890 0.01867433
v 0.01180808 -0.06696693 0.01867433
v 0.04356105 -0.05221528 0.00838364
v 0.04309424 -0.05259774 0.00981076
v 0.04262742 -0.05298021 0.01123793
v 0.03802512 -0.05637455 0.01123793
v 0.03415868 -0.05879783 0.01123793
v 0.03363419 -0.05909634 0.00981076
v 0.03310971 -0.05939484 0.00838364
v 0.02774757 -0.06208117 0.00838364
v 0.02980924 -0.06111800 0.00838364
v 0.02979222 -0.06108312 0.01376523
v 0.03387517 -0.05896162 0.02465112
v 0.03187624 -0.06006584 0.01925041
v 0.03083495 -0.06057413 0.01650972
v 0.03802512 -0.05637455 0.02465112
v 0.04288203 -0.05277435 0.02465112
v 0.04799238 -0.04817397 0.00838364
v 0.04634771 -0.04975831 0.01378436
v 0.04548167 -0.05051199 0.01649983
v 0.04547269 -0.05051981 0.01652802
v 0.04550088 -0.05053385 0.00838364
v -0.03387517 0.05896162 0.02465112
v -0.03187624 0.06006584 0.01925041
v -0.03083494 0.06057413 0.01650967
v -0.02774757 0.06208117 0.00838364
v -0.03802512 0.05637455 0.02465112
v -0.03400000 0.05888973 0.02465112
v -0.04288203 0.05277435 0.02465112
v -0.04186498 0.05358473 0.02465112
v -0.04799238 0.04817397 0.00838364
v -0.04634771 0.04975831 0.01378436
v -0.04547268 0.05051982 0.01652802
v -0.04356105 0.05221528 0.00838364
v -0.04262742 0.05298021 0.01123793
v -0.04309424 0.05259774 0.00981076
v -0.03810109 0.05632323 0.01123793
v -0.03415868 0.05879783 0.01123793
v -0.04186498 0.05358473 0.01123793
v -0.03399932 0.05888853 0.01080431
v -0.03363419 0.05909634 0.00981076
v -0.03310971 0.05939484 0.00838364
v -0.00710794 0.06762749 0.00000001
v -0.01645069 0.06598011 0.00000001
v 0.02980924 -0.06111800 0.00000001
v 0.02101316 -0.06467184 0.00000001
v -0.02547325 0.06304850 0.00000001
v -0.03400000 0.05888973 0.00000001
v -0.04186498 0.05358473 0.00000001
v -0.06783435 -0.00474344 0.00000001
v -0.06651404 -0.01413800 0.00000001
v -0.06389910 -0.02325737 0.00000001
v -0.06004044 -0.03192407 0.00000001
v -0.04891511 0.04723677 0.00000001
v -0.05501316 -0.03996940 0.00000001
v 0.05209102 0.04370956 0.00000001
v 0.05766727 0.03603451 0.00000001
v 0.06212109 0.02765809 0.00000001
v 0.00237317 -0.06795858 0.00000001
v 0.01180808 -0.06696693 0.00000001
v -0.05501316 0.03996940 0.00000001
v -0.06004044 0.03192407 0.00000001
v -0.06389910 0.02325737 0.00000001
v 0.06536580 0.01874334 0.00000001
v -0.04891511 -0.04723677 0.00000001
v -0.04186498 -0.05358473 0.00000001
v -0.03400000 -0.05888973 0.00000001
v 0.06733823 0.00946377 0.00000001
v -0.06651404 0.01413800 0.00000001
v -0.06783435 0.00474344 0.00000001
v -0.06798659 -0.00135027 0.00000001
v 0.03802512 -0.05637455 0.00000001
v 0.04550088 -0.05053385 0.00000001
v 0.05209102 -0.04370956 0.00000001
v 0.05766727 -0.03603451 0.00000001
v 0.06212109 -0.02765809 0.00000001
v 0.06800000 0.00000000 0.00000001
v 0.04550088 0.05053385 0.00000001
v 0.03802512 0.05637455 0.00000001
v -0.02547325 -0.06304850 0.00000001
v 0.06536580 -0.01874334 0.00000001
v 0.00237317 0.06795858 0.00000001
v -0.01645069 -0.06598011 0.00000001
v 0.06733823 -0.00946377 0.00000001
v 0.02101316 0.06467184 0.00000001
v 0.01180808 0.06696693 0.00000001
v -0.00710794 -0.06762749 0.00000001
v 0.02980924 0.06111800 0.00000001
v 0.06536580 -0.01874334 0.03300000
v 0.06651404 -0.01413800 0.03300000
v 0.06548426 -0.01806565 0.03300000
v 0.06656501 -0.01359538 0.03300000
v 0.06733823 0.00946377 0.03300000
v 0.06708673 0.01110728 0.03300000
v 0.06737828 0.00910562 0.03300006
v 0.06519396 -0.01906436 0.03300000
v 0.06502784 -0.01963586 0.03300000
v 0.06389910 -0.02325737 0.03300000
v 0.06795858 -0.00237317 0.03300000
v 0.06780668 -0.00450056 0.03300000
v 0.06783435 -0.00474344 0.03300000
v 0.06765961 -0.00593959 0.03300000
v 0.06733823 -0.00946377 0.03300000
v 0.05703649 -0.03686082 0.03300000
v 0.05766727 -0.03603451 0.03300000
v 0.05825426 -0.03490725 0.03300000
v 0.06004044 -0.03192407 0.03300000
v 0.06017025 -0.03145575 0.03300000
v 0.01691729 -0.06583455 0.03300000
v 0.01645069 -0.06598011 0.03300000
v 0.01874334 -0.06536580 0.03300000
v 0.06762749 0.00710794 0.03300000
v 0.06734007 -0.00906628 0.03300000
v 0.06699093 -0.01133589 0.03300000
v 0.06675966 -0.01256277 0.03300000
v 0.06410049 -0.02246870 0.03300000
v 0.06296702 -0.02537360 0.03300000
v 0.06212109 -0.02765809 0.03300000
v 0.06242931 -0.02675165 0.03300000
v 0.06149106 -0.02883820 0.03300000
v 0.06048501 -0.03088875 0.03300000
v 0.05678204 -0.03723994 0.03300000
v 0.05575134 -0.03877562 0.03300000
v 0.05501316 -0.03996940 0.03300000
v 0.05298128 -0.04247969 0.03300000
v 0.05209102 -0.04370956 0.03300000
v 0.05282899 -0.04266329 0.03300000
v 0.04891511 -0.04723677 0.03300000
v 0.04675540 -0.04925836 0.03300000
v 0.04550088 -0.05053385 0.03300000
v 0.04506532 -0.05081267 0.03300000
v 0.05150576 -0.04425844 0.03300000
v 0.04997843 -0.04597892 0.03300000
v 0.04833257 -0.04765359 0.03300000
v 0.03400000 -0.05888973 0.03300000
v 0.03802512 -0.05637455 0.03300000
v 0.03586102 -0.05769723 0.03300000
v 0.03780291 -0.05643924 0.03300000
v 0.03226971 -0.05977238 0.03300000
v 0.03186562 -0.06000587 0.03300000
v 0.02980924 -0.06111800 0.03300000
v 0.06800000 0.00000000 0.03300000
v 0.06795331 -0.00105556 0.03300000
v 0.06792381 -0.00220575 0.03300000
v 0.04341022 -0.05223493 0.03300000
v 0.04332618 -0.05230715 0.03300000
v 0.04186498 -0.05358473 0.03300000
v 0.04075264 -0.05430110 0.03300000
v 0.03969228 -0.05512266 0.03300000
v 0.03802986 -0.05628109 0.03300000
v 0.01242951 -0.06683505 0.03300000
v 0.01180808 -0.06696693 0.03300000
v 0.01413800 -0.06651404 0.03300000
v 0.06795858 0.00237317 0.03300000
v 0.06795511 0.00119489 0.03300000
v 0.06796343 0.00009649 0.03300000
v 0.02620190 -0.06269819 0.03300000
v 0.02547325 -0.06304850 0.03300000
v 0.02775818 -0.06202313 0.03300000
v 0.02982786 -0.06104955 0.03300000
v 0.02101316 -0.06467184 0.03300000
v 0.01987044 -0.06499583 0.03300000
v 0.01914173 -0.06521795 0.03300000
v 0.06751767 0.00788055 0.03300006
v 0.06764058 0.00680028 0.03300006
v 0.06783435 0.00474344 0.03300000
v 0.06782559 0.00448772 0.03300006
v 0.06792935 0.00229307 0.03300006
v 0.02606772 -0.06275640 0.03300000
v 0.02350631 -0.06376581 0.03300000
v 0.02325737 -0.06389910 0.03300000
v 0.02133989 -0.06452760 0.03300000
v 0.02024605 -0.06488133 0.03300000
v 0.01662835 -0.06590413 0.03300000
v 0.01467616 -0.06637426 0.03300000
v 0.01334630 -0.06664702 0.03300000
v 0.00946377 -0.06733823 0.03300000
v 0.00903368 -0.06738325 0.03300000
v 0.00828712 -0.06749314 0.03300000
v 0.00789719 -0.06752738 0.03300000
v 0.00710794 -0.06762749 0.03300000
v 0.01129984 -0.06703708 0.03300000
v 0.01016802 -0.06721980 0.03300000
v 0.01003594 -0.06723883 0.03300000
v -0.00000000 -0.06799489 0.03300000
v 0.00118676 -0.06798964 0.03300000
v 0.00127197 -0.06798216 0.03300000
v 0.00237317 -0.06795858 0.03300000
v 0.00344873 -0.06790465 0.03300000
v 0.00355885 -0.06790681 0.03300000
v 0.00453420 -0.06783985 0.03300000
v 0.00474344 -0.06783435 0.03300000
v 0.00561773 -0.06775769 0.03300000
v 0.00592659 -0.06774124 0.03300000
v 0.00670154 -0.06765747 0.03300000
v 0.00675854 -0.06765220 0.03300000
v 0.02482471 0.00050000 0.21845688
v 0.02458473 0.00050000 0.21983506
v 0.02436317 0.00050000 0.22110732
v 0.02361121 0.00050000 0.22371693
v 0.02347680 0.00050000 0.22404416
v 0.02256866 0.00050000 0.22625490
v 0.02162414 0.00050000 0.22798552
v 0.02125635 0.00050000 0.22865947
v 0.01966746 0.00050000 0.23093398
v 0.01912710 0.00050000 0.23154856
v 0.01782853 0.00050000 0.23302551
v 0.01605706 0.00050000 0.23463722
v 0.01576281 0.00050000 0.23490496
v 0.01346426 0.00050000 0.23656453
v 0.01248131 0.00050000 0.23711742
v 0.01100450 0.00050000 0.23794807
v 0.00854642 0.00050000 0.23898263
v 0.00836298 0.00050000 0.23905982
v 0.00558872 0.00050000 0.23986746
v 0.00433450 0.00050000 0.24008079
v 0.00278101 0.00050000 0.24034502
v 0.02487057 0.00050000 0.21295728
v 0.02498782 0.00050000 0.21550055
v 0.02499885 0.00050000 0.21573980
v 0.02458379 0.00050000 0.21116461
v 0.02442295 0.00050000 0.21015920
v 0.02363892 0.00050000 0.20736314
v 0.02347282 0.00050000 0.20695747
v 0.02255660 0.00050000 0.20471980
v 0.02162046 0.00050000 0.20301659
v 0.02119281 0.00050000 0.20223852
v 0.01955519 0.00050000 0.19992401
v 0.01913075 0.00050000 0.19944848
v 0.01769261 0.00050000 0.19783731
v 0.01605815 0.00050000 0.19636168
v 0.01576323 0.00050000 0.19609542
v 0.01350913 0.00050000 0.19446422
v 0.01248198 0.00050000 0.19388111
v 0.01113392 0.00050000 0.19311585
v 0.00601716 0.00050000 0.19123472
v 0.00854974 0.00050000 0.19201018
v 0.00859802 0.00050000 0.19202496
v -0.00212315 0.00050000 0.19059010
v 0.00000082 0.00050000 0.19052805
v 0.00066183 0.00050000 0.19050874
v 0.00335093 0.00050000 0.19072546
v 0.00433479 0.00050000 0.19091339
v -0.02409486 0.00050000 0.20883282
v -0.02346624 0.00050000 0.20695825
v -0.02324471 0.00050000 0.20629765
v -0.02214716 0.00050000 0.20390172
v -0.02162063 0.00050000 0.20301791
v -0.02074747 0.00050000 0.20155211
v -0.01914583 0.00050000 0.19943430
v -0.01906715 0.00050000 0.19933029
v -0.01714862 0.00050000 0.19730856
v -0.01604437 0.00050000 0.19637896
v -0.01499879 0.00050000 0.19549878
v -0.01264970 0.00050000 0.19393630
v -0.01249583 0.00050000 0.19385751
v -0.01010391 0.00050000 0.19263263
v -0.00853699 0.00050000 0.19204368
v -0.00745801 0.00050000 0.19163813
v -0.00490315 0.00050000 0.19098552
v -0.00433761 0.00050000 0.19090505
v -0.02460310 0.00050000 0.21116252
v -0.02468156 0.00050000 0.21152218
v -0.02496458 0.00050000 0.21416713
v -0.02397726 0.00050000 0.22257848
v -0.02461357 0.00050000 0.21983965
v -0.02464099 0.00050000 0.21972163
v -0.02495785 0.00050000 0.21695407
v -0.02496136 0.00050000 0.21549989
v -0.00688142 0.00050000 0.23953457
v -0.00853988 0.00050000 0.23896159
v -0.00941807 0.00050000 0.23865815
v -0.01192345 0.00050000 0.23747380
v -0.01248569 0.00050000 0.23712738
v -0.01425925 0.00050000 0.23603477
v -0.01605563 0.00050000 0.23463310
v -0.01645480 0.00050000 0.23432161
v -0.01844784 0.00050000 0.23237260
v -0.01912227 0.00050000 0.23154618
v -0.02022937 0.00050000 0.23018952
v -0.02164190 0.00050000 0.22799440
v -0.02175186 0.00050000 0.22782351
v -0.02302327 0.00050000 0.22524329
v -0.02345506 0.00050000 0.22403719
v 0.00000000 0.00050000 0.24049999
v -0.00433948 0.00050000 0.24011262
v -0.00419392 0.00050000 0.24014576
v -0.00156392 0.00050000 0.24045123
v 0.04072337 -0.05394725 0.03651173
v 0.04335514 -0.05180898 0.03660173
v 0.04309473 -0.05083407 0.04178483
v 0.00953231 -0.05971075 0.06864448
v 0.00635007 -0.06049785 0.06823654
v 0.00639039 -0.06267768 0.06377263
v 0.03527852 0.00205702 0.15705712
v 0.03234981 0.00198819 0.15536322
v 0.03235860 0.00292445 0.15495963
v 0.04384810 0.01733221 0.14837070
v 0.04492641 0.01824125 0.14961506
v 0.04535309 0.01806150 0.15161277
v 0.03707581 0.01226246 0.14312543
v 0.03577822 0.01146127 0.14199175
v 0.03544880 0.01114924 0.14016165
v 0.03673425 0.01201025 0.14127697
v 0.03512269 0.01067843 0.13828452
v 0.02146776 0.00501776 0.14739390
v 0.02306489 0.00509504 0.14805694
v 0.02308633 0.00464138 0.14877416
v 0.01665109 0.00302249 0.14831908
v 0.01990513 0.00305904 0.14928658
v 0.01990663 0.00267264 0.14958771
v 0.01665453 0.00221860 0.14892741
v 0.01336380 0.00219871 0.14815660
v 0.01336190 0.00262001 0.14785202
v 0.01335133 0.00365196 0.14676292
v 0.01334606 0.00392597 0.14636059
v 0.01663811 0.00396436 0.14723648
v -0.00000000 0.00164544 0.14709313
v -0.00000000 0.00174404 0.14703281
v 0.00335387 0.00173015 0.14713491
v -0.00000000 0.00221090 0.14674713
v -0.00000000 0.00223592 0.14672585
v 0.00335267 0.00220911 0.14683636
v -0.00000000 0.00429101 0.14374711
v -0.00000000 0.00438402 0.14336874
v 0.00333859 0.00435881 0.14367576
v 0.00333249 0.00462925 0.14261349
v -0.00000000 0.00465596 0.14226241
v -0.00000000 0.00475182 0.14108415
v -0.00000000 0.00464866 0.13848920
v -0.00000000 0.00446004 0.13762994
v 0.00329854 0.00463597 0.13826360
v -0.00000000 0.00098144 0.12910767
v -0.00000000 0.00096172 0.12907942
v 0.00319252 0.00157732 0.13010074
v 0.02077905 -0.00023739 0.12504090
v 0.02366944 0.00155978 0.12676455
v 0.02409909 0.00370613 0.13026930
v 0.04083283 0.01498338 0.14189042
v 0.03968505 0.01398003 0.14075120
v 0.03933748 0.01339580 0.13869376
v 0.03220558 0.00814357 0.13428940
v 0.03192724 0.00727254 0.13239856
v 0.03450469 0.00927270 0.13442613
v 0.03103952 0.00256502 0.12476535
v 0.02844292 0.00033286 0.12303229
v 0.02819126 -0.00268802 0.11936255
v 0.03966722 0.00370779 0.11941595
v 0.03756339 0.00094333 0.11788304
v 0.03760134 -0.00245597 0.11378343
v 0.02116063 0.00207832 0.12847795
v 0.01817352 0.00050236 0.12677260
v 0.01784091 -0.00197609 0.12339391
v -0.00000000 -0.02281337 0.10488434
v -0.00000000 -0.02889163 0.10009809
v 0.00562427 -0.02583290 0.10231318
v 0.05216254 0.01356777 0.16822441
v 0.05186716 0.01514734 0.16698511
v 0.05561268 0.01694768 0.17273070
v 0.04911470 0.01673249 0.16134454
v 0.04694116 0.01557889 0.15865250
v 0.04657567 0.01644778 0.15704812
v 0.05008076 0.02580858 0.13975681
v 0.04873428 0.02303451 0.13769485
v 0.04839079 0.02083150 0.13261624
v 0.04610097 0.02010339 0.14782609
v 0.04568417 0.01982928 0.14557691
v 0.04753914 0.02202439 0.14798631
v 0.04348873 0.00940029 0.12258364
v 0.04164396 0.00652881 0.12098326
v 0.04166847 0.00328313 0.11659707
v 0.04361254 0.01228981 0.12714286
v 0.04388995 0.01486204 0.13173099
v 0.04200955 0.01220454 0.12982340
v 0.04181356 -0.00018945 0.11222036
v 0.04534599 0.00591092 0.11485036
v 0.04596137 -0.00138681 0.10550244
v 0.04241209 -0.00770854 0.10342641
v 0.04332278 -0.01579967 0.09437843
v 0.05519718 -0.01153514 0.07740434
v 0.05733728 -0.00437751 0.07859732
v 0.05578597 0.00338370 0.09001364
v 0.06725422 0.00203614 0.04276026
v 0.06686369 0.00315481 0.04577876
v 0.06664349 -0.00299090 0.04534073
v 0.05634103 0.04370996 0.12050922
v 0.05622216 0.04455077 0.12229915
v 0.05614546 0.03864910 0.11974366
v 0.05598839 0.04647140 0.12663265
v 0.05587960 0.04747819 0.12899347
v 0.05579382 0.04166457 0.12617303
v 0.05569549 0.05317019 0.14564265
v 0.05581015 0.05417847 0.14985545
v 0.05567646 0.04874461 0.14611758
v 0.05950738 0.05282626 0.18513025
v 0.05960038 0.05261523 0.18562330
v 0.05939174 0.04875111 0.18028511
v 0.06739487 0.01378949 0.21421434
v 0.06740452 0.01365762 0.21423681
v 0.06715065 0.01293657 0.20823713
v 0.01320842 -0.06634783 0.04064138
v 0.04835527 -0.04756172 0.03407962
v 0.05282069 -0.04251866 0.03420211
v 0.06785204 0.00039546 0.03524620
v 0.06669242 -0.01231974 0.03493996
v 0.06760596 -0.00569684 0.03510417
v 0.06513565 -0.01882931 0.03477956
v 0.06015066 -0.03126331 0.03447546
v 0.06294926 -0.02516413 0.03462429
v 0.05676480 -0.03706754 0.03433431
v 0.04340955 -0.05214388 0.03396768
v 0.03798866 -0.05595209 0.03642685
v 0.03223791 -0.05953830 0.03627260
v 0.02616420 -0.06252746 0.03614010
v 0.01969749 -0.06455382 0.04078515
v 0.01647083 -0.06553869 0.04070754
v 0.01983239 -0.06488417 0.03603042
v 0.00992012 -0.06697842 0.04058714
v 0.00661594 -0.06742952 0.04054500
v 0.00330589 -0.06770070 0.04051537
v 0.00670778 0.00066856 0.14776839
v 0.00457133 0.00050000 0.14761855
v 0.00335576 0.00066166 0.14751889
v 0.00335494 0.00050000 0.14757718
v -0.00000000 0.00050000 0.14746322
v 0.01363312 0.00050000 0.14885010
v 0.01336334 0.00050000 0.14880414
v 0.01336508 0.00069944 0.14876391
v 0.01004303 0.00050000 0.14823832
v 0.01004719 0.00068122 0.14818348
v 0.00912500 0.00050000 0.14808185
v 0.00670410 0.00050000 0.14783551
v 0.01664411 0.00050000 0.14957447
v 0.01665263 0.00072300 0.14950903
v 0.01806798 0.00050000 0.14991702
v 0.01990115 0.00075171 0.15041675
v 0.01988847 0.00050000 0.15048738
v 0.02244715 0.00050000 0.15128894
v 0.02310200 0.00078538 0.15148456
v 0.02309215 0.00050000 0.15154006
v 0.02624656 0.00082382 0.15271021
v 0.02623652 0.00050000 0.15276398
v 0.03233354 0.00091436 0.15562250
v 0.03091679 0.00050000 0.15492167
v 0.02932636 0.00086686 0.15409084
v 0.02930454 0.00050000 0.15416463
v 0.02673457 0.00050000 0.15295787
v 0.03526036 0.00096620 0.15730084
v 0.03493647 0.00050000 0.15715070
v 0.03230865 0.00050000 0.15569349
v 0.03807502 0.00050000 0.15917899
v 0.03809910 0.00102225 0.15912165
v 0.03879859 0.00050000 0.15964665
v 0.04084229 0.00108239 0.16108026
v 0.04248304 0.00050000 0.16239698
v 0.04348337 0.00114649 0.16317125
v 0.05290099 0.00144001 0.17274220
v 0.05286865 0.00050000 0.17277409
v 0.05230039 0.00050000 0.17204048
v 0.04843360 0.00128609 0.16772725
v 0.04924882 0.00050000 0.16860898
v 0.04839776 0.00050000 0.16777296
v 0.04601594 0.00121443 0.16538884
v 0.04596791 0.00050000 0.16538610
v 0.04344972 0.00050000 0.16322614
v 0.05510988 0.00050000 0.17566748
v 0.05684491 0.00160694 0.17816360
v 0.05680739 0.00050000 0.17819460
v 0.06022893 0.00178546 0.18393703
v 0.05997498 0.00050000 0.18347038
v 0.05767168 0.00050000 0.17948134
v 0.06374294 0.00050000 0.19184871
v 0.06299874 0.00050000 0.19003113
v 0.06302475 0.00197383 0.19000496
v 0.06200821 0.00050000 0.18761195
v 0.06021243 0.00050000 0.18395407
v 0.06518786 0.00050000 0.19619031
v 0.06520813 0.00217026 0.19630904
v 0.06522404 0.00050000 0.19632985
v 0.06634001 0.00050000 0.20063479
v 0.06676230 0.00237280 0.20278962
v 0.06675316 0.00050000 0.20283015
v 0.06798000 0.00050000 0.21547206
v 0.06796634 0.00050000 0.21410497
v 0.06793880 0.00276830 0.21539785
v 0.06773809 0.00050000 0.20975824
v 0.06767422 0.00257953 0.20938666
v 0.06770025 0.00050000 0.20943935
v 0.06719369 0.00050000 0.20517106
v 0.06781124 0.00641413 0.21514006
v 0.06786533 0.00493911 0.21524997
v 0.06756225 0.00607207 0.20916350
v 0.06793277 0.00309991 0.21538700
v 0.06748924 0.01249876 0.21443416
v 0.06754151 0.01161889 0.21455081
v 0.06774756 0.00815107 0.21501072
v 0.06676853 0.02053319 0.21266069
v 0.06699888 0.01818930 0.21323998
v 0.06649847 0.01962706 0.20661618
v 0.06721681 0.01597203 0.21378799
v 0.06625503 0.02478621 0.21128912
v 0.06627749 0.02460017 0.21134914
v 0.06674228 0.02075059 0.21259059
v 0.06536653 0.03072136 0.20872511
v 0.06572751 0.02849863 0.20979972
v 0.06562445 0.02604505 0.20423217
v 0.06585673 0.02758921 0.21016456
v 0.06431028 0.03645580 0.20538874
v 0.06459052 0.03509223 0.20631994
v 0.06455587 0.03205812 0.20103510
v 0.06478179 0.03404691 0.20692022
v 0.06517883 0.03187706 0.20816632
v 0.06325550 0.04124872 0.20174880
v 0.06355359 0.03995196 0.20280047
v 0.06333299 0.03750542 0.19699468
v 0.06391360 0.03838591 0.20407058
v 0.06253380 0.04405592 0.19903077
v 0.06268103 0.03996066 0.19465984
v 0.06223085 0.04512701 0.19782157
v 0.06201370 0.04220656 0.19212408
v 0.06193773 0.04616339 0.19665147
v 0.06258572 0.04387235 0.19923802
v 0.06289980 0.04264206 0.20041539
v 0.06314465 0.04168295 0.20133324
v 0.06129345 0.04821271 0.19389899
v 0.06134071 0.04422282 0.18939956
v 0.06088592 0.04939520 0.19205119
v 0.06067258 0.04599255 0.18650384
v 0.06073056 0.04984603 0.19134672
v 0.06134996 0.04804872 0.19415523
v 0.06155608 0.04738757 0.19503058
v 0.06191387 0.04623992 0.19655015
v 0.06001962 0.04750372 0.18345757
v 0.06008935 0.05150562 0.18821599
v 0.06023086 0.05113937 0.18890686
v 0.06068050 0.04997560 0.19110228
v 0.05824501 0.05046145 0.17366023
v 0.05844603 0.05475589 0.17873509
v 0.05879779 0.04973461 0.17701121
v 0.05845257 0.05474521 0.17877658
v 0.05894863 0.05393526 0.18192531
v 0.05900126 0.05383188 0.18222888
v 0.05946963 0.05291194 0.18493004
v 0.05747346 0.05586425 0.17157866
v 0.05755123 0.05579889 0.17220165
v 0.05773927 0.05094213 0.17025472
v 0.05782819 0.05556614 0.17442019
v 0.05793503 0.05543265 0.17517950
v 0.05834604 0.05491916 0.17810036
v 0.05728429 0.05119170 0.16681363
v 0.05704012 0.05608831 0.16776992
v 0.05737269 0.05594894 0.17077138
v 0.05631898 0.05575420 0.15957196
v 0.05663741 0.05604093 0.16357554
v 0.05653522 0.05106264 0.15988632
v 0.05670815 0.05604925 0.16431232
v 0.05682465 0.05606296 0.16552569
v 0.05600213 0.05020680 0.15296973
v 0.05582672 0.05432427 0.15046461
v 0.05590603 0.05464380 0.15220149
v 0.05604245 0.05519350 0.15518959
v 0.05615982 0.05543147 0.15704961
v 0.05627269 0.05566035 0.15883847
v 0.05565816 0.05124449 0.13919969
v 0.05554384 0.04677860 0.13935973
v 0.05568117 0.05010743 0.13577677
v 0.05558825 0.04439463 0.13271035
v 0.05575749 0.04899817 0.13286151
v 0.05564455 0.05191690 0.14122386
v 0.05566055 0.05236156 0.14277317
v 0.05568694 0.05309505 0.14532872
v 0.05583131 0.04792510 0.13004144
v 0.05611078 0.04533863 0.12397642
v 0.05728905 0.03803587 0.10924549
v 0.05714245 0.03877687 0.11060192
v 0.05662890 0.03540016 0.11341275
v 0.05669638 0.04138797 0.11572088
v 0.05653929 0.04230755 0.11752363
v 0.05873579 0.02468744 0.09485878
v 0.05880780 0.03089554 0.09656639
v 0.05876608 0.03108024 0.09688540
v 0.05723072 0.03196199 0.10716631
v 0.05795263 0.03468183 0.10310586
v 0.05736509 0.03765151 0.10854192
v 0.06055339 0.01716310 0.08267786
v 0.06065150 0.02347202 0.08409490
v 0.06044927 0.02426170 0.08540876
v 0.05923679 0.02899615 0.09328587
v 0.06301163 0.01504715 0.06999512
v 0.06272788 0.01604220 0.07166244
v 0.06257972 0.00974713 0.07050408
v 0.06233428 0.01742245 0.07397528
v 0.06102468 0.02201484 0.08167048
v 0.06469528 0.00281640 0.05817623
v 0.06439878 0.01054208 0.06200017
v 0.06432255 0.01078964 0.06243951
v 0.06594159 0.00583075 0.05251743
v 0.06545253 0.00728604 0.05568726
v 0.06531121 0.00772270 0.05653388
v 0.06489592 0.00900593 0.05902184
v 0.06679751 0.00334439 0.04629029
v 0.06625285 0.00490453 0.05049999
v 0.06571784 -0.00029326 0.05185242
v 0.06732742 0.00183437 0.04194928
v 0.06775398 0.00065867 0.03722377
v 0.06736881 -0.00503498 0.03858138
v 0.06773168 0.00072013 0.03747083
v 0.06760931 0.00105741 0.03882642
v 0.06000166 -0.03068288 0.03748561
v 0.05664478 -0.03653712 0.03723980
v 0.05620210 -0.03500956 0.04292298
v 0.05434587 -0.02816034 0.05945535
v 0.05734679 -0.02152921 0.06033189
v 0.05372576 -0.02528425 0.06502177
v 0.05662100 -0.01847458 0.06599183
v 0.05311461 -0.02208317 0.07064928
v 0.05590782 -0.01514179 0.07169636
v 0.05249589 -0.01855074 0.07628067
v 0.05561618 -0.03303793 0.04846800
v 0.05948770 -0.02899956 0.04336358
v 0.06277154 -0.02454494 0.03774483
v 0.05498140 -0.03074125 0.05395306
v 0.05881638 -0.02682861 0.04908020
v 0.06218863 -0.02272940 0.04382933
v 0.06493209 -0.01818375 0.03801544
v 0.06646835 -0.01166014 0.03829504
v 0.06428784 -0.01626316 0.04431660
v 0.06143551 -0.02038236 0.04972912
v 0.05808553 -0.02431727 0.05471100
v 0.06577523 -0.00966317 0.04482163
v 0.06346186 -0.01376791 0.05041040
v 0.06061259 -0.01767820 0.05551649
v 0.05894698 -0.01148850 0.06702490
v 0.05185927 -0.01473626 0.08183362
v 0.04808106 -0.01755224 0.08595999
v 0.04438495 -0.02408664 0.08472265
v 0.04866562 -0.02155931 0.08067550
v 0.04490551 -0.02808076 0.07957001
v 0.04922392 -0.02533763 0.07521988
v 0.04538720 -0.03180256 0.07421668
v 0.04975092 -0.02877875 0.06966682
v 0.04582630 -0.03513562 0.06874688
v 0.05026117 -0.03183262 0.06411566
v 0.04624100 -0.03802953 0.06327458
v 0.05077711 -0.03451548 0.05863858
v 0.04665877 -0.04050938 0.05788476
v 0.05131090 -0.03687429 0.05324711
v 0.04709675 -0.04263747 0.05259718
v 0.05185097 -0.03894017 0.04789705
v 0.04754777 -0.04446356 0.04737122
v 0.05235310 -0.04069481 0.04251100
v 0.04797180 -0.04599085 0.04213072
v 0.05272731 -0.04204779 0.03700949
v 0.04828425 -0.04715711 0.03679634
v 0.04895874 0.00513673 0.10764797
v 0.04692577 -0.00933059 0.09597875
v 0.04996838 -0.00262511 0.09763344
v 0.04384773 -0.01995507 0.08965053
v 0.05140573 0.01179488 0.10986789
v 0.04833502 0.01218675 0.11757292
v 0.06489028 -0.00705037 0.05111958
v 0.06255631 -0.01089765 0.05636514
v 0.06070842 -0.00440749 0.06812055
v 0.05893045 0.00283970 0.07986702
v 0.05726676 0.01053606 0.09151854
v 0.05582004 0.01816609 0.10303302
v 0.06391668 -0.00404406 0.05725290
v 0.06191567 0.00269460 0.06927975
v 0.05999608 0.01004307 0.08122344
v 0.05824189 0.01765793 0.09312703
v 0.05675654 0.02510691 0.10503186
v 0.05566363 0.03199919 0.11708833
v 0.04520728 0.00924011 0.11952408
v 0.04520014 0.01231609 0.12421586
v 0.04563823 0.01755625 0.13368012
v 0.04533908 0.01510374 0.12893291
v 0.04693213 0.01795282 0.13075794
v 0.04677745 0.01527009 0.12587871
v 0.04677464 0.01228350 0.12102796
v 0.04821990 0.01825618 0.12757082
v 0.04523604 0.01832186 0.13739838
v 0.04610801 0.01960239 0.13845779
v 0.04674816 0.02113500 0.14324714
v 0.04397915 0.01756239 0.13987233
v 0.04339285 0.01578380 0.13531382
v 0.04493521 0.01874660 0.14098461
v 0.04433093 0.01704881 0.13635029
v 0.04585828 0.01993765 0.14210965
v 0.04725334 0.02028210 0.13566871
v 0.04775196 0.02218350 0.14060934
v 0.04694671 0.02088979 0.13952823
v 0.04852363 0.02348292 0.14170088
v 0.04925999 0.02423813 0.15044756
v 0.04972191 0.02429472 0.15283479
v 0.04797870 0.02219072 0.15030368
v 0.04882649 0.02398413 0.14801647
v 0.04712696 0.02166793 0.14562894
v 0.04529367 0.01937251 0.14329161
v 0.04760468 0.02233810 0.14439662
v 0.04842764 0.02354641 0.14555790
v 0.04921687 0.02475941 0.14673044
v 0.05132869 0.02641154 0.15541579
v 0.05084497 0.02646649 0.15295739
v 0.05039065 0.02631694 0.15045102
v 0.05103307 0.01530223 0.11511566
v 0.05078154 0.01858098 0.12038644
v 0.04950286 0.01846665 0.12411250
v 0.05066624 0.02159412 0.12569286
v 0.05070262 0.02430153 0.13104011
v 0.05174778 0.02735028 0.13281710
v 0.05196875 0.02959347 0.13838108
v 0.05290325 0.03254012 0.14036484
v 0.05333387 0.03421623 0.14615013
v 0.05187781 0.03004626 0.14730670
v 0.05224320 0.03054689 0.15003480
v 0.05063629 0.02740979 0.14503540
v 0.05098584 0.02799765 0.14767797
v 0.04926155 0.02478748 0.14280261
v 0.04959475 0.02546080 0.14536114
v 0.05332479 0.02815063 0.16050197
v 0.05279782 0.02853737 0.15804328
v 0.05229302 0.02870552 0.15551265
v 0.05181853 0.02866226 0.15292986
v 0.04997218 0.02597653 0.14791407
v 0.05138102 0.02842113 0.15031309
v 0.04820646 0.01536117 0.12255760
v 0.04952754 0.02126843 0.12929137
v 0.04971499 0.02373439 0.13450648
v 0.05090682 0.02665664 0.13642819
v 0.05129468 0.02859982 0.14185376
v 0.05237830 0.03140383 0.14398505
v 0.05298810 0.03269279 0.14961542
v 0.05523898 0.02942625 0.16566904
v 0.05467774 0.03016085 0.16324122
v 0.05413000 0.03066859 0.16071482
v 0.05360506 0.03095149 0.15811123
v 0.05311127 0.03101627 0.15545107
v 0.05265548 0.03087626 0.15275349
v 0.04653709 0.02018659 0.15002336
v 0.04698469 0.02007435 0.15215220
v 0.05482150 0.02026665 0.16983201
v 0.05152984 0.01659448 0.16561247
v 0.05115467 0.01790004 0.16410895
v 0.04872787 0.01774374 0.15972753
v 0.04618493 0.01715700 0.15533681
v 0.04843833 0.02215882 0.15256418
v 0.04890985 0.02192458 0.15475030
v 0.04743560 0.01976764 0.15419824
v 0.04938478 0.02148965 0.15684660
v 0.04788153 0.01927136 0.15614863
v 0.04985445 0.02085984 0.15883936
v 0.04831470 0.01859339 0.15799405
v 0.05389119 0.02297671 0.16634835
v 0.05437086 0.02170465 0.16816200
v 0.05074643 0.01905372 0.16247661
v 0.05031084 0.02004412 0.16071852
v 0.05169127 0.02246010 0.16159023
v 0.05119819 0.02322417 0.15955336
v 0.05069966 0.02378839 0.15740515
v 0.05020463 0.02414604 0.15516020
v 0.05338940 0.02406898 0.16439624
v 0.05287344 0.02496786 0.16231389
v 0.05235187 0.02566225 0.16011246
v 0.05183392 0.02614452 0.15780737
v 0.04783645 0.01209404 0.16279770
v 0.04757576 0.01339528 0.16153009
v 0.04946962 0.01556966 0.16284217
v 0.04727604 0.01455892 0.16014732
v 0.05276408 0.00811970 0.17111082
v 0.05241244 0.01186420 0.16932698
v 0.05622745 0.01311882 0.17502947
v 0.05580415 0.02846947 0.16797949
v 0.05636352 0.02730000 0.17015602
v 0.05690811 0.02593100 0.17218639
v 0.05542616 0.04434361 0.14862354
v 0.05440121 0.03844573 0.14442660
v 0.05512666 0.04266187 0.14214696
v 0.05413145 0.03654038 0.13832058
v 0.05501693 0.04051825 0.13574852
v 0.05404597 0.03421207 0.13227840
v 0.05508040 0.03798649 0.12943901
v 0.05412805 0.03152400 0.12630726
v 0.05530105 0.03512890 0.12322070
v 0.05436166 0.02853004 0.12040748
v 0.05473150 0.02527762 0.11457194
v 0.05439444 0.01119142 0.10114659
v 0.05377427 -0.00373311 0.08859445
v 0.05555295 0.04065311 0.15675910
v 0.05396916 0.03534526 0.15196057
v 0.05518544 0.04033443 0.15367045
v 0.05362564 0.03485626 0.14905412
v 0.05416388 0.03703286 0.14834870
v 0.05121116 -0.01073854 0.08724727
v 0.05245175 0.00423905 0.09935184
v 0.05332181 0.01852722 0.11217166
v 0.05294856 0.02190689 0.11771180
v 0.05270452 0.02504250 0.12329520
v 0.05260495 0.02789217 0.12893130
v 0.05266566 0.03040944 0.13462235
v 0.05371300 0.03549210 0.14237960
v 0.05487132 0.03985029 0.15058185
v 0.05593089 0.04547418 0.15515663
v 0.05665105 0.04594333 0.16170706
v 0.05758363 0.04561992 0.16820236
v 0.06124073 0.03181096 0.18435140
v 0.05935770 0.02888344 0.17819776
v 0.06062604 0.03372908 0.18216033
v 0.05877484 0.03052810 0.17608674
v 0.05999597 0.03543964 0.17979403
v 0.05817680 0.03196847 0.17381455
v 0.05936006 0.03692566 0.17726554
v 0.05757289 0.03318945 0.17139401
v 0.05872868 0.03817394 0.17459281
v 0.05697323 0.03417968 0.16884269
v 0.05811206 0.03917635 0.17179652
v 0.05638779 0.03493280 0.16618039
v 0.05752010 0.03993186 0.16890045
v 0.05582621 0.03544945 0.16343005
v 0.05696168 0.04044455 0.16592808
v 0.05529720 0.03573520 0.16061373
v 0.05644413 0.04072572 0.16290148
v 0.05480789 0.03580260 0.15775217
v 0.05436402 0.03566661 0.15486337
v 0.06256352 0.03469191 0.19062372
v 0.06192527 0.03688046 0.18835683
v 0.06127157 0.03885973 0.18590148
v 0.06061212 0.04061101 0.18327047
v 0.05995742 0.04211925 0.18048181
v 0.05931780 0.04337443 0.17755641
v 0.05870327 0.04437358 0.17451872
v 0.05812276 0.04511889 0.17139287
v 0.04577508 0.01769783 0.15352298
v 0.05792074 0.02265794 0.17577721
v 0.05991676 0.02705234 0.18013872
v 0.06044459 0.02505299 0.18190433
v 0.06183118 0.02970498 0.18635829
v 0.06238981 0.02743113 0.18817623
v 0.06317733 0.03231543 0.19269367
v 0.06375901 0.02977258 0.19456233
v 0.06396052 0.03486363 0.19912083
v 0.06418280 0.03707609 0.20496513
v 0.05878827 0.01877849 0.17871822
v 0.06138206 0.02062156 0.18490268
v 0.06338659 0.02245875 0.19124104
v 0.06480061 0.02427236 0.19769593
v 0.06564830 0.01834479 0.20004399
v 0.06419139 0.01703773 0.19355525
v 0.06213097 0.01572089 0.18719287
v 0.05947236 0.01440947 0.18100150
v 0.04805465 0.01066037 0.16394563
v 0.04845385 0.00360934 0.16729416
v 0.05290648 0.00390454 0.17237188
v 0.05663883 0.00887041 0.17671694
v 0.05683051 0.00422644 0.17784579
v 0.05994571 0.00965709 0.18262757
v 0.06019140 0.00457064 0.18366016
v 0.06266389 0.01046846 0.18878801
v 0.06296340 0.00493230 0.18975718
v 0.06477679 0.01129314 0.19514431
v 0.06512488 0.00530648 0.19607885
v 0.06627470 0.01211964 0.20164438
v 0.06666149 0.00568810 0.20256700
v -0.00000000 -0.02161808 0.10588159
v 0.00565744 -0.01851794 0.10824896
v -0.00000000 -0.01474309 0.11161752
v 0.00579132 -0.01155946 0.11436589
v -0.00000000 -0.01449716 0.11185093
v -0.00000000 -0.00775814 0.11824723
v 0.00589361 -0.00829681 0.11752875
v -0.00000000 -0.00775813 0.11824723
v 0.00601411 -0.00523358 0.12077738
v -0.00000000 -0.00715728 0.11881752
v 0.00568440 -0.03331554 0.09640338
v 0.01135635 -0.02234955 0.10458894
v 0.01142296 -0.01507325 0.11075325
v 0.01717885 -0.01127356 0.11342360
v 0.01152825 -0.01161476 0.11389090
v 0.01733293 -0.00792860 0.11670579
v 0.01755587 -0.00480808 0.12003203
v 0.02329944 -0.00101374 0.12324579
v 0.01187799 -0.00526787 0.12032236
v 0.01515154 -0.00101920 0.12515189
v 0.02300871 -0.00393857 0.11974753
v 0.02280633 -0.00713732 0.11628754
v 0.02269300 -0.01054635 0.11286481
v 0.02266463 -0.01412278 0.10946818
v 0.03764660 0.00411462 0.12199862
v 0.03541002 0.00149692 0.12036486
v 0.03299854 -0.00439134 0.11492582
v 0.03305940 -0.00105786 0.11877437
v 0.03976307 0.00678970 0.12367399
v 0.04175336 0.00951661 0.12538935
v 0.02649854 0.00341269 0.12856616
v 0.02925483 0.00531807 0.13044466
v 0.02951016 0.00627881 0.13228686
v 0.02977904 0.00710631 0.13411076
v 0.02880122 0.00303161 0.12673511
v 0.03143191 0.00513987 0.12858190
v 0.03396748 0.00730036 0.13049532
v 0.04242195 0.01452742 0.13428928
v 0.03999868 0.00958882 0.12795939
v 0.04038290 0.01204288 0.13227709
v 0.03786236 0.00701992 0.12614091
v 0.03821889 0.00959979 0.13031615
v 0.03560670 0.00450286 0.12437011
v 0.03593608 0.00720274 0.12840898
v 0.03323782 0.00204266 0.12264903
v 0.03354067 0.00485632 0.12655796
v 0.03166807 0.00626754 0.13049336
v 0.03422379 0.00835189 0.13246508
v 0.03667434 0.01048153 0.13450535
v 0.03697710 0.01131507 0.13652559
v 0.03817169 0.01235088 0.13760133
v 0.03850769 0.01298464 0.13962902
v 0.03901279 0.01265247 0.13661124
v 0.04123286 0.01486066 0.13877966
v 0.04047368 0.01444935 0.13980259
v 0.04195021 0.01599424 0.14304622
v 0.04157951 0.01551102 0.14092727
v 0.04303642 0.01701215 0.14421810
v 0.04265416 0.01658034 0.14206751
v 0.04409066 0.01803662 0.14540572
v 0.04369685 0.01765682 0.14322276
v 0.04470694 0.01873996 0.14439274
v 0.04432737 0.01823389 0.14214267
v 0.04332824 0.01710203 0.14100744
v 0.03615094 0.00841171 0.13043983
v 0.03639776 0.00950935 0.13247390
v 0.03845039 0.01074019 0.13241448
v 0.03871582 0.01176270 0.13451500
v 0.04063125 0.01311175 0.13444586
v 0.04091540 0.01405618 0.13661571
v 0.04268729 0.01552199 0.13653125
v 0.04299027 0.01638556 0.13877322
v 0.00614561 -0.00241648 0.12412746
v -0.00000000 -0.00464305 0.12168844
v -0.00000000 -0.00464306 0.12168844
v -0.00000000 -0.00169916 0.12527259
v -0.00000000 -0.00246973 0.12417014
v 0.00325092 0.00346976 0.13405927
v -0.00000000 0.00306856 0.13321163
v 0.00322287 0.00259584 0.13204916
v -0.00000000 0.00306855 0.13321163
v -0.00000000 0.00283440 0.13259049
v 0.00962748 0.00295064 0.13246562
v 0.00640576 0.00224026 0.13122870
v 0.00627920 0.00009998 0.12760134
v 0.00944451 0.00105259 0.12892504
v 0.01210848 -0.00248384 0.12361433
v 0.01545661 0.00124817 0.12850417
v 0.01235832 -0.00002727 0.12695427
v 0.01853174 0.00257458 0.13014801
v 0.01576247 0.00310584 0.13187702
v 0.01590878 0.00386723 0.13357390
v 0.01273068 0.00293949 0.13207199
v 0.01260987 0.00205516 0.13034905
v 0.01871233 0.00344619 0.13183065
v 0.01888946 0.00420241 0.13350977
v 0.01905996 0.00483870 0.13518615
v 0.02136382 0.00307196 0.13018735
v 0.02157037 0.00394950 0.13188656
v 0.02177636 0.00470745 0.13357361
v 0.02197801 0.00534256 0.13524754
v 0.02217165 0.00585164 0.13690861
v 0.02109463 0.00625174 0.14099683
v 0.01950403 0.00594974 0.14020826
v 0.01936971 0.00572261 0.13853492
v 0.01629232 0.00537331 0.13872589
v 0.01617582 0.00501339 0.13699724
v 0.00660696 0.00481062 0.13904168
v 0.00327627 0.00416506 0.13613220
v 0.00656519 0.00445426 0.13701864
v -0.00000000 0.00446003 0.13762994
v -0.00000000 0.00407794 0.13588925
v -0.00000000 0.00388780 0.13538487
v -0.00000000 0.00388779 0.13538487
v 0.00330841 0.00476838 0.13934685
v 0.00331738 0.00481957 0.14043744
v -0.00000000 0.00474774 0.13992734
v -0.00000000 0.00466791 0.13876869
v -0.00000000 0.00475183 0.14108415
v -0.00000000 0.00479277 0.14058091
v 0.00646383 0.00313364 0.13310970
v 0.00971095 0.00371700 0.13428588
v 0.00651723 0.00388173 0.13503964
v 0.00978732 0.00433747 0.13614245
v 0.00985547 0.00478533 0.13803460
v 0.01313584 0.00515658 0.13918246
v -0.00000000 0.00438403 0.14336874
v -0.00000000 0.00398895 0.14445604
v 0.00334127 0.00417260 0.14419325
v -0.00000000 0.00398894 0.14445604
v 0.00334372 0.00394944 0.14469732
v -0.00000000 0.00384351 0.14479734
v 0.00669910 0.00300752 0.14639552
v -0.00000000 0.00307090 0.14592434
v 0.00669621 0.00335078 0.14598472
v -0.00000000 0.00307091 0.14592434
v -0.00000000 0.00332829 0.14562549
v -0.00000000 0.00373311 0.14497478
v 0.00668914 0.00391753 0.14509113
v -0.00000000 0.00373310 0.14497478
v 0.00669290 0.00365343 0.14554818
v -0.00000000 0.00342640 0.14546777
v -0.00000000 0.00342639 0.14546777
v 0.00668491 0.00414524 0.14461829
v 0.00668021 0.00433883 0.14413317
v -0.00000000 0.00174405 0.14703281
v -0.00000000 0.00121604 0.14727063
v -0.00000000 0.00065850 0.14742585
v -0.00000000 0.00065851 0.14742579
v 0.00335490 0.00121161 0.14736612
v -0.00000000 0.00108279 0.14732571
v -0.00000000 0.00121603 0.14727063
v -0.00000000 0.00267821 0.14634968
v -0.00000000 0.00267822 0.14634968
v -0.00000000 0.00277687 0.14626576
v 0.00332541 0.00477758 0.14152910
v 0.00666936 0.00463214 0.14313735
v 0.01001493 0.00434720 0.14474757
v 0.01002107 0.00414434 0.14520212
v 0.01002650 0.00391003 0.14564545
v 0.01003124 0.00364204 0.14607443
v 0.01003532 0.00333812 0.14648499
v 0.01335921 0.00300128 0.14751370
v 0.01004156 0.00261393 0.14723016
v 0.01004379 0.00219018 0.14755090
v 0.00670158 0.00262210 0.14677353
v 0.00670367 0.00219349 0.14711078
v 0.01956512 0.00600300 0.14104404
v 0.01634550 0.00549215 0.13959397
v 0.01304956 0.00483525 0.13737048
v 0.01295226 0.00434419 0.13558091
v 0.01317442 0.00524421 0.14009525
v 0.01644068 0.00559212 0.14133479
v 0.01320975 0.00527701 0.14101095
v 0.01648229 0.00556554 0.14220525
v 0.01324167 0.00524924 0.14192738
v 0.01651968 0.00548164 0.14307322
v 0.01327005 0.00515449 0.14284165
v 0.01655265 0.00533496 0.14393611
v 0.01658107 0.00511875 0.14479013
v 0.01983188 0.00528270 0.14598008
v 0.01985787 0.00494693 0.14676835
v 0.01967389 0.00597576 0.14271040
v 0.01972114 0.00588874 0.14353879
v 0.01976335 0.00574747 0.14436157
v 0.01980032 0.00554736 0.14517643
v 0.02095181 0.00609159 0.13934906
v 0.02252202 0.00646980 0.14019330
v 0.02267313 0.00656261 0.14181675
v 0.02423808 0.00688209 0.14266802
v 0.02437674 0.00674709 0.14424671
v 0.02593338 0.00700824 0.14510138
v 0.02605447 0.00663237 0.14661773
v 0.02759989 0.00683731 0.14747210
v 0.02610527 0.00637294 0.14735951
v 0.02303697 0.00547530 0.14731748
v 0.02144078 0.00537551 0.14663048
v 0.02300265 0.00579014 0.14656098
v 0.02140781 0.00566505 0.14585079
v 0.02296209 0.00604510 0.14579089
v 0.02136900 0.00589241 0.14505871
v 0.02291547 0.00624491 0.14501007
v 0.02132455 0.00606281 0.14425732
v 0.02121955 0.00624909 0.14263506
v 0.00988612 0.00493377 0.13899256
v 0.00991433 0.00502484 0.13995685
v 0.00993998 0.00505186 0.14092512
v 0.00996295 0.00500744 0.14189436
v 0.01329474 0.00498485 0.14374943
v 0.01660480 0.00482531 0.14563043
v 0.01987826 0.00453100 0.14753474
v 0.01663154 0.00421770 0.14684756
v 0.01333989 0.00416885 0.14594521
v 0.01662381 0.00444442 0.14644916
v 0.01333277 0.00438278 0.14551951
v 0.01331566 0.00473144 0.14464523
v 0.01000047 0.00466663 0.14381428
v 0.00998314 0.00488243 0.14285953
v 0.00665658 0.00481288 0.14211978
v 0.00664188 0.00489531 0.14109339
v 0.00662531 0.00489105 0.14006551
v 0.01335570 0.00334451 0.14714874
v 0.01664353 0.00368230 0.14761354
v 0.01990240 0.00341131 0.14896376
v 0.01664784 0.00336916 0.14797564
v 0.01989838 0.00373221 0.14862426
v 0.01988635 0.00428984 0.14790745
v 0.01990612 0.00178774 0.15009780
v 0.01990419 0.00128710 0.15028699
v 0.01665482 0.00175790 0.14917625
v 0.01665418 0.00125774 0.14937414
v 0.01336496 0.00173686 0.14841773
v 0.01336539 0.00123524 0.14862414
v 0.01004546 0.00172497 0.14782436
v 0.01004659 0.00121985 0.14803912
v 0.00670540 0.00172261 0.14739670
v 0.00670677 0.00121188 0.14761968
v 0.02311211 0.00311026 0.15041371
v 0.02151266 0.00343871 0.14951755
v 0.02311001 0.00347019 0.15011080
v 0.02150361 0.00406198 0.14884748
v 0.01989304 0.00402426 0.14827122
v 0.02310131 0.00410471 0.14946260
v 0.01639502 0.00556631 0.14046396
v 0.01962181 0.00601271 0.14187838
v -0.00000000 0.00223593 0.14672585
v 0.01665330 0.00263977 0.14863850
v 0.01990695 0.00224941 0.14986111
v 0.02311001 0.00182602 0.15117998
v 0.02625282 0.00136534 0.15259178
v 0.02673079 0.00445999 0.13036354
v 0.02697566 0.00538315 0.13214745
v 0.02432739 0.00460088 0.13200386
v 0.02722870 0.00617604 0.13391156
v 0.02455912 0.00537049 0.13372077
v 0.02748517 0.00683500 0.13565071
v 0.02478983 0.00601223 0.13541694
v 0.01168141 -0.00832945 0.11708017
v 0.02608666 0.00097920 0.12495603
v 0.03005655 0.00779450 0.13590868
v 0.02774013 0.00735809 0.13736059
v 0.02651071 0.00712940 0.13805164
v 0.02501526 0.00652396 0.13709064
v 0.02673776 0.00744395 0.13969864
v 0.02523130 0.00690384 0.13874115
v 0.02695084 0.00762122 0.14131673
v 0.02543426 0.00714844 0.14036818
v 0.02714648 0.00765731 0.14290555
v 0.02883758 0.00788985 0.14540781
v 0.02865458 0.00806991 0.14386882
v 0.02844994 0.00810256 0.14229347
v 0.02822681 0.00799301 0.14068319
v 0.02798886 0.00774425 0.13903858
v 0.03639599 0.01159537 0.13937791
v 0.03799253 0.01287939 0.14241232
v 0.03834624 0.01307127 0.14427991
v 0.03958869 0.01388728 0.14545466
v 0.03995084 0.01384986 0.14727511
v 0.04117646 0.01460813 0.14848615
v 0.04153986 0.01433901 0.15024479
v 0.04004956 0.01439668 0.14277120
v 0.04120931 0.01534582 0.14393844
v 0.04159626 0.01553135 0.14593311
v 0.04273778 0.01642878 0.14714320
v 0.04314015 0.01637458 0.14909495
v 0.04450300 0.01823305 0.14754160
v 0.04343683 0.01726444 0.14632411
v 0.04233867 0.01630188 0.14512290
v 0.03886022 0.01345494 0.14162172
v 0.04042434 0.01464036 0.14474089
v 0.04198646 0.01553933 0.14786275
v 0.04353818 0.01614241 0.15096720
v 0.03764210 0.01252101 0.14049043
v 0.03922283 0.01375623 0.14356710
v 0.04080237 0.01471010 0.14664914
v 0.04237251 0.01537244 0.14971705
v 0.04392475 0.01573793 0.15275206
v 0.03869645 0.01309801 0.14608456
v 0.04030268 0.01364799 0.14902176
v 0.04188616 0.01390892 0.15192004
v 0.03741410 0.01235295 0.14491506
v 0.03903676 0.01296306 0.14782001
v 0.04063799 0.01328718 0.15068991
v 0.04220976 0.01332376 0.15350826
v 0.03610462 0.01161505 0.14376725
v 0.03774293 0.01228458 0.14664014
v 0.03642199 0.01161289 0.14548279
v 0.03805640 0.01206157 0.14829655
v 0.03672462 0.01145835 0.14713462
v 0.03834933 0.01168758 0.14988144
v 0.03700747 0.01115431 0.14872022
v 0.03861709 0.01116572 0.15139283
v 0.03726603 0.01070306 0.15023763
v 0.03885571 0.01049760 0.15282847
v 0.04040157 0.01001174 0.15533872
v 0.04018821 0.01089583 0.15399845
v 0.03994126 0.01163446 0.15257330
v 0.03966421 0.01222711 0.15106697
v 0.03936113 0.01267129 0.14948185
v 0.03033747 0.00834023 0.13767429
v 0.02918816 0.00804558 0.13836934
v 0.02944841 0.00836818 0.14005108
v 0.02969721 0.00855071 0.14169432
v 0.02993031 0.00859216 0.14329793
v 0.03014391 0.00849045 0.14486094
v 0.03033473 0.00824139 0.14638181
v 0.03049984 0.00783761 0.14785697
v 0.03212567 0.00749449 0.15023197
v 0.03198359 0.00812862 0.14883770
v 0.03181187 0.00860034 0.14738531
v 0.03161324 0.00891867 0.14588143
v 0.03139070 0.00908975 0.14432962
v 0.03114766 0.00911676 0.14273168
v 0.03088808 0.00900089 0.14108874
v 0.03061637 0.00874233 0.13940217
v 0.02776722 0.00536404 0.15026785
v 0.02621584 0.00526834 0.14949419
v 0.02773662 0.00581485 0.14959575
v 0.02618615 0.00569515 0.14880039
v 0.02769840 0.00620800 0.14890410
v 0.02614923 0.00606181 0.14808787
v 0.02930102 0.00546557 0.15107758
v 0.02926948 0.00594084 0.15042640
v 0.03074275 0.00652019 0.15063973
v 0.02922994 0.00636085 0.14975490
v 0.02912765 0.00704945 0.14835961
v 0.02747357 0.00727720 0.14598830
v 0.02578804 0.00720996 0.14355047
v 0.02407885 0.00685700 0.14106752
v 0.02235398 0.00622963 0.13855703
v 0.01922092 0.00534831 0.13686086
v 0.01284542 0.00370671 0.13381512
v 0.01604731 0.00450663 0.13528015
v 0.02390149 0.00668448 0.13944824
v 0.02562081 0.00725292 0.14197166
v 0.02732161 0.00754596 0.14446385
v 0.02899611 0.00755373 0.14690699
v 0.03063663 0.00726858 0.14927973
v 0.03223571 0.00668582 0.15155806
v 0.03249835 0.00887245 0.13615717
v 0.03143957 0.00861903 0.13694008
v 0.03173263 0.00910720 0.13872035
v 0.03202343 0.00944800 0.14045872
v 0.03230656 0.00964203 0.14215107
v 0.03257690 0.00969085 0.14379485
v 0.03282986 0.00959505 0.14538814
v 0.03306134 0.00935430 0.14692982
v 0.03326782 0.00896645 0.14841790
v 0.03344619 0.00842653 0.14984865
v 0.03359364 0.00772700 0.15121569
v 0.03370772 0.00685758 0.15250929
v 0.03280018 0.00945324 0.13799287
v 0.03310537 0.00988328 0.13978882
v 0.03340803 0.01016223 0.14153869
v 0.03370257 0.01029129 0.14323784
v 0.03398366 0.01027268 0.14488335
v 0.03424654 0.01010776 0.14647307
v 0.03448699 0.00979709 0.14800562
v 0.03470136 0.00933947 0.14947899
v 0.03488646 0.00873112 0.15088935
v 0.03503941 0.00796588 0.15223046
v 0.03515768 0.00703528 0.15349288
v 0.02779013 0.00484909 0.15091677
v 0.02932448 0.00492901 0.15170516
v 0.02780534 0.00426179 0.15153821
v 0.02933985 0.00432340 0.15230556
v 0.02934734 0.00363516 0.15287133
v 0.02934730 0.00284449 0.15338661
v 0.02626263 0.00277554 0.15196432
v 0.02623825 0.00477442 0.15016516
v 0.02625335 0.00420473 0.15080829
v 0.02626137 0.00354506 0.15141423
v 0.02626282 0.00317551 0.15169807
v 0.02311277 0.00271808 0.15069713
v 0.02311206 0.00229068 0.15095545
v 0.02626088 0.00234198 0.15220787
v 0.02625760 0.00187241 0.15242036
v 0.02934461 0.00240287 0.15361567
v 0.02934021 0.00192656 0.15381612
v 0.03234260 0.00146795 0.15551634
v 0.03235959 0.00373981 0.15447791
v 0.03085586 0.00438944 0.15310974
v 0.03084026 0.00501406 0.15252979
v 0.03523908 0.00592702 0.15466566
v 0.03528241 0.00461316 0.15573753
v 0.03378629 0.00580366 0.15371735
v 0.03382818 0.00453443 0.15482630
v 0.03231163 0.00568553 0.15280290
v 0.03235231 0.00445983 0.15395017
v 0.03528849 0.00301495 0.15667893
v 0.03528994 0.00385835 0.15622933
v 0.03671398 0.00469589 0.15668328
v 0.04086267 0.00496707 0.15972181
v 0.03812185 0.00478253 0.15766306
v 0.03807478 0.00618886 0.15666135
v 0.03527046 0.00152787 0.15720107
v 0.02280499 0.00649396 0.14342459
v 0.02449256 0.00643484 0.14579697
v 0.02454129 0.00620534 0.14655788
v 0.02458356 0.00592246 0.14730670
v 0.02461919 0.00558191 0.14804085
v 0.02464800 0.00517862 0.14875712
v 0.03811846 0.00213279 0.15889342
v 0.03730154 0.01199770 0.13852437
v 0.03606739 0.01101966 0.13743760
v 0.03480605 0.01005099 0.13636930
v 0.03382307 0.00977066 0.13721086
v 0.03413704 0.01029677 0.13906683
v 0.03445435 0.01066809 0.14087941
v 0.03476887 0.01088470 0.14264162
v 0.03507482 0.01094836 0.14434852
v 0.03536665 0.01086195 0.14599676
v 0.03563949 0.01062761 0.14758392
v 0.03588896 0.01024676 0.14910842
v 0.03611131 0.00971917 0.15056814
v 0.03630324 0.00904216 0.15195931
v 0.03646183 0.00821094 0.15327562
v 0.03658447 0.00721875 0.15450825
v 0.03081618 0.00557279 0.15192278
v 0.04429318 0.01516862 0.15444382
v 0.04463759 0.01444183 0.15603860
v 0.04250568 0.01258906 0.15500720
v 0.04495279 0.01356463 0.15753372
v 0.04276970 0.01170904 0.15641440
v 0.04523439 0.01254288 0.15892686
v 0.04299815 0.01068620 0.15772624
v 0.04547862 0.01138092 0.16021450
v 0.04318779 0.00952174 0.15893729
v 0.04568211 0.01008203 0.16139175
v 0.04584200 0.00864918 0.16245253
v 0.04333580 0.00821622 0.16004075
v 0.04595579 0.00708446 0.16339262
v 0.04343974 0.00676878 0.16103084
v 0.04349820 0.00516592 0.16190787
v 0.04081059 0.00646985 0.15878506
v 0.04071530 0.00780194 0.15773953
v 0.03798700 0.00740780 0.15555497
v 0.04057818 0.00898116 0.15658833
v 0.03785977 0.00846198 0.15435077
v 0.03769537 0.00935943 0.15305789
v 0.03749646 0.01010529 0.15168484
v 0.04351178 0.00334507 0.16266699
v 0.04087225 0.00322572 0.16053791
v 0.03812893 0.00311553 0.15853997
v 0.03672039 0.00306401 0.15759201
v 0.04603390 0.00239894 0.16520573
v 0.04086204 0.00221521 0.16086747
v 0.04350265 0.00230402 0.16297354
v 0.04604112 0.00347309 0.16492106
v 0.04842760 0.00560306 0.16663726
v 0.04835226 0.00741568 0.16586412
v 0.04822743 0.00909936 0.16496874
v 0.00324025 -0.06682409 0.04979391
v -0.00000000 -0.06688078 0.04974247
v -0.00000000 -0.06771967 0.04049594
v -0.00000000 -0.06761165 0.04343797
v 0.00974360 -0.06599655 0.04993994
v 0.00649189 -0.06651194 0.04985775
v -0.00000000 -0.06672799 0.05106045
v -0.00000000 -0.06002184 0.06984271
v -0.00000000 -0.06130106 0.06734456
v 0.00316836 -0.06106259 0.06782158
v -0.00000000 -0.06311914 0.06379403
v 0.00318873 -0.06313846 0.06348075
v -0.00000000 -0.06601255 0.05429954
v 0.00644977 -0.06563743 0.05452402
v -0.00000000 -0.06525353 0.05773599
v 0.00320316 -0.06477018 0.05899168
v -0.00000000 -0.06488000 0.05879618
v -0.00000000 -0.06333644 0.06317724
v 0.01308922 -0.06593211 0.04533012
v 0.01953498 -0.06402382 0.04552520
v 0.01298407 -0.06527901 0.05004038
v 0.01938611 -0.06324684 0.05029554
v 0.01610212 -0.06333338 0.05495579
v 0.01926648 -0.06214901 0.05513455
v 0.01917056 -0.06063436 0.06004704
v 0.02226904 -0.05916920 0.06029899
v 0.02215446 -0.05706222 0.06530870
v 0.02517059 -0.05531043 0.06564094
v 0.02500166 -0.05256158 0.07066424
v 0.00963634 -0.06377131 0.05937583
v 0.01284201 -0.06294112 0.05958600
v 0.01278244 -0.06108356 0.06436683
v 0.01594781 -0.05995518 0.06467272
v 0.01584707 -0.05747874 0.06945010
v 0.01895386 -0.05604255 0.06985225
v 0.01878424 -0.05296464 0.07452662
v -0.00000000 -0.05331566 0.07869913
v -0.00000000 -0.05619236 0.07538702
v 0.00611243 -0.05158712 0.08026697
v 0.00620821 -0.05486927 0.07650955
v -0.00000000 -0.05897873 0.07135291
v 0.00313733 -0.05856660 0.07195844
v -0.00000000 -0.05633891 0.07517482
v 0.00944348 -0.05695924 0.07302006
v 0.01258604 -0.05583568 0.07353039
v 0.01243305 -0.05257544 0.07774623
v -0.00000000 -0.05154850 0.08073373
v 0.00601100 -0.04810826 0.08379401
v -0.00000000 -0.05013746 0.08207835
v -0.00000000 -0.04677411 0.08528341
v 0.00591202 -0.04449956 0.08713032
v -0.00000000 -0.04464269 0.08731450
v 0.00582171 -0.04080814 0.09031816
v -0.00000000 -0.03440945 0.09575309
v -0.00000000 -0.03616067 0.09430899
v -0.00000000 -0.04333035 0.08839668
v 0.01206688 -0.04532575 0.08535852
v 0.01225471 -0.04903812 0.08168019
v 0.00628953 -0.05787019 0.07249732
v 0.00641934 -0.06438161 0.05917807
v 0.00959246 -0.06199202 0.06406732
v 0.01270225 -0.05870342 0.06904812
v 0.01570404 -0.05450226 0.07403173
v 0.01856656 -0.04948870 0.07892658
v 0.01707671 -0.01843925 0.10696431
v 0.01722277 -0.02604015 0.10053433
v 0.01146511 -0.02993062 0.09845139
v 0.01757048 -0.03390971 0.09393401
v 0.01171760 -0.03765517 0.09213699
v 0.01805448 -0.04185272 0.08686490
v 0.01831622 -0.04574668 0.08303024
v 0.01290336 -0.06431238 0.05479456
v 0.01602415 -0.06189368 0.05980952
v 0.01907601 -0.05861260 0.06498636
v 0.02200969 -0.05440133 0.07025637
v 0.02477816 -0.04930225 0.07550664
v 0.02600413 -0.06207002 0.04097361
v 0.02580128 -0.06138775 0.04578168
v 0.02560795 -0.06044862 0.05062170
v 0.02238466 -0.06076468 0.05533088
v 0.02544489 -0.05918586 0.05554486
v 0.02530739 -0.05750423 0.06056584
v 0.02827387 -0.05564611 0.06084813
v 0.02811234 -0.05336430 0.06598409
v 0.03096943 -0.05123319 0.06633885
v 0.03074642 -0.04831756 0.07149740
v 0.03205150 -0.05892608 0.04120434
v 0.03180562 -0.05805976 0.04609687
v 0.03156237 -0.05692663 0.05101694
v 0.03134759 -0.05547116 0.05602564
v 0.03115838 -0.05360380 0.06114609
v 0.02804684 -0.00595759 0.11572857
v 0.02800420 -0.00942744 0.11212046
v 0.02819119 -0.01684956 0.10491838
v 0.02283672 -0.02166891 0.10268249
v 0.02867846 -0.02476986 0.09758098
v 0.02326196 -0.02960162 0.09574045
v 0.02937264 -0.03298934 0.08981825
v 0.02385959 -0.03772522 0.08834316
v 0.02975503 -0.03710450 0.08564903
v 0.02418536 -0.04175221 0.08434524
v 0.03012873 -0.04111768 0.08121492
v 0.02449993 -0.04565171 0.08007564
v 0.03046601 -0.04490435 0.07648833
v 0.03774844 -0.00605550 0.10968615
v 0.03318967 -0.01162811 0.10725148
v 0.03832080 -0.01375915 0.10141660
v 0.03372540 -0.01946894 0.09946968
v 0.03916933 -0.02195241 0.09282412
v 0.03450229 -0.02770846 0.09130724
v 0.03965019 -0.02612699 0.08828898
v 0.03493586 -0.03187129 0.08695872
v 0.04013422 -0.03025195 0.08352615
v 0.03536554 -0.03595825 0.08236046
v 0.04059198 -0.03420726 0.07850946
v 0.03576222 -0.03984550 0.07748534
v 0.04100119 -0.03785036 0.07326598
v 0.03610420 -0.04338621 0.07236172
v 0.04135935 -0.04105918 0.06788756
v 0.03639003 -0.04645554 0.06708606
v 0.04168746 -0.04378350 0.06249930
v 0.03664252 -0.04900420 0.06179000
v 0.04201686 -0.04605586 0.05719675
v 0.03689538 -0.05107041 0.05657656
v 0.04236872 -0.04795149 0.05200697
v 0.03717260 -0.05273930 0.05147941
v 0.04273985 -0.04953653 0.04689408
v 0.03747439 -0.05409048 0.04646845
v 0.03776999 -0.05516472 0.04147537
v -0.00313733 -0.05856660 0.07195844
v -0.04604112 0.00347311 0.16492106
v -0.04845385 0.00360936 0.16729416
v -0.04842760 0.00560307 0.16663726
v -0.04071530 0.00780194 0.15773953
v -0.04057818 0.00898117 0.15658833
v -0.03785977 0.00846199 0.15435077
v -0.03769537 0.00935944 0.15305789
v -0.03658447 0.00721876 0.15450825
v -0.03515768 0.00703529 0.15349282
v -0.03523908 0.00592703 0.15466566
v -0.02934461 0.00240288 0.15361567
v -0.02934730 0.00284450 0.15338661
v -0.02626263 0.00277555 0.15196432
v -0.04353817 0.01614241 0.15096720
v -0.04392475 0.01573793 0.15275206
v -0.04618493 0.01715701 0.15533681
v -0.04657567 0.01644779 0.15704812
v -0.04063798 0.01328719 0.15068991
v -0.03936113 0.01267129 0.14948185
v -0.03966421 0.01222712 0.15106697
v -0.04237251 0.01537244 0.14971699
v -0.04117646 0.01460813 0.14848615
v -0.04153985 0.01433901 0.15024479
v -0.03536665 0.01086195 0.14599670
v -0.03398366 0.01027268 0.14488335
v -0.03424654 0.01010776 0.14647307
v -0.02780534 0.00426180 0.15153821
v -0.02625335 0.00420474 0.15080823
v -0.02626137 0.00354507 0.15141423
v -0.02310131 0.00410471 0.14946260
v -0.02146776 0.00501776 0.14739390
v -0.01985787 0.00494694 0.14676835
v -0.01987826 0.00453101 0.14753474
v -0.01983188 0.00528270 0.14598008
v -0.01976335 0.00574747 0.14436157
v -0.01972114 0.00588874 0.14353879
v -0.01648229 0.00556554 0.14220525
v -0.01651968 0.00548164 0.14307316
v -0.01320975 0.00527701 0.14101095
v -0.00670158 0.00262211 0.14677353
v -0.00335576 0.00066168 0.14751889
v -0.00329854 0.00463596 0.13826354
v -0.02651071 0.00712940 0.13805164
v -0.02501526 0.00652396 0.13709064
v -0.02523130 0.00690383 0.13874115
v -0.02197801 0.00534255 0.13524754
v -0.01545661 0.00124817 0.12850417
v -0.01853174 0.00257457 0.13014801
v -0.01817352 0.00050236 0.12677260
v -0.00319252 0.00157732 0.13010074
v -0.00640576 0.00224026 0.13122870
v -0.00627920 0.00009998 0.12760134
v -0.00614561 -0.00241649 0.12412746
v -0.03966722 0.00370778 0.11941595
v -0.03756339 0.00094333 0.11788304
v -0.03764660 0.00411461 0.12199862
v -0.02800420 -0.00942745 0.11212046
v -0.03299854 -0.00439135 0.11492582
v -0.03318967 -0.01162811 0.10725142
v -0.00000000 -0.02161809 0.10588159
v -0.00565744 -0.01851795 0.10824896
v -0.05879779 0.04973461 0.17701115
v -0.05824501 0.05046145 0.17366023
v -0.05758363 0.04561993 0.16820236
v -0.05362564 0.03485626 0.14905412
v -0.05396916 0.03534526 0.15196057
v -0.05555294 0.04065311 0.15675904
v -0.05416388 0.03703286 0.14834870
v -0.05333387 0.03421622 0.14615013
v -0.05332478 0.02815063 0.16050197
v -0.05183392 0.02614453 0.15780737
v -0.05235186 0.02566226 0.16011246
v -0.04950286 0.01846665 0.12411250
v -0.05066624 0.02159411 0.12569286
v -0.05078154 0.01858098 0.12038644
v -0.04921687 0.02475940 0.14673044
v -0.04842764 0.02354641 0.14555784
v -0.04882649 0.02398413 0.14801647
v -0.04760468 0.02233810 0.14439662
v -0.04674816 0.02113499 0.14324708
v -0.04712696 0.02166793 0.14562894
v -0.04694671 0.02088979 0.13952823
v -0.04775196 0.02218350 0.14060934
v -0.04725334 0.02028209 0.13566871
v -0.04265416 0.01658034 0.14206751
v -0.04369685 0.01765682 0.14322276
v -0.04332824 0.01710203 0.14100744
v -0.04470694 0.01873996 0.14439274
v -0.04585828 0.01993765 0.14210965
v -0.04493521 0.01874660 0.14098461
v -0.04529367 0.01937251 0.14329161
v -0.04397915 0.01756239 0.13987233
v -0.04361254 0.01228981 0.12714286
v -0.04388995 0.01486203 0.13173099
v -0.04563823 0.01755624 0.13368012
v -0.04534599 0.00591092 0.11485036
v -0.04833502 0.01218674 0.11757292
v -0.04895874 0.00513672 0.10764797
v -0.05918721 0.05348542 0.18333198
v -0.05900474 0.05381019 0.18222238
v -0.05802178 0.05534809 0.17584617
v -0.05793523 0.05543303 0.17518057
v -0.05773927 0.05094213 0.17025466
v -0.06059668 0.02373942 0.08451839
v -0.06066644 0.02348221 0.08409138
v -0.06055339 0.01716310 0.08267786
v -0.06633539 -0.01464413 0.03300000
v -0.06518511 -0.01910461 0.03300000
v -0.06513565 -0.01882931 0.03477956
v -0.06374083 -0.02346638 0.03300000
v -0.06296300 -0.02537138 0.03300000
v -0.06294926 -0.02516413 0.03462429
v -0.06103236 -0.02979279 0.03300000
v -0.06018054 -0.03146170 0.03300000
v -0.06015066 -0.03126331 0.03447546
v -0.04926303 -0.04674662 0.03300000
v -0.04833825 -0.04765847 0.03300000
v -0.04835527 -0.04756172 0.03407962
v -0.04427194 -0.05150412 0.03300000
v -0.04340356 -0.05222691 0.03300000
v -0.04340955 -0.05214388 0.03396768
v -0.03880020 -0.05575577 0.03300000
v -0.03801851 -0.05626335 0.03300000
v -0.03798866 -0.05595209 0.03642685
v -0.05578314 0.00050000 0.17661758
v -0.05680482 0.00050000 0.17819561
v -0.05684491 0.00160696 0.17816360
v -0.05828195 0.00050000 0.18047698
v -0.06021321 0.00050000 0.18395461
v -0.06022893 0.00178547 0.18393703
v -0.06245268 0.00050000 0.18862249
v -0.06300151 0.00050000 0.19002940
v -0.06302475 0.00197385 0.19000496
v -0.06412313 0.00050000 0.19290461
v -0.06520114 0.00050000 0.19633724
v -0.06520813 0.00217028 0.19630904
v -0.06794991 0.00230948 0.21542020
v -0.06767422 0.00257955 0.20938666
v -0.06797861 0.00055947 0.21546979
v -0.06782451 0.00050000 0.21087356
v -0.06798005 0.00050000 0.21547110
v -0.06676459 0.00050000 0.20282753
v -0.06735911 0.00050000 0.20630737
v -0.06767854 0.00050000 0.20944138
v -0.06550624 0.00050000 0.19730879
v -0.06658527 0.00050000 0.20177789
v -0.06676230 0.00237282 0.20278962
v -0.06050960 0.00050000 0.18448831
v -0.05301743 0.00050000 0.17292310
v -0.04843360 0.00128611 0.16772725
v -0.04839083 0.00050000 0.16777910
v -0.05001622 0.00050000 0.16943027
v -0.03809910 0.00102227 0.15912165
v -0.03806650 0.00050000 0.15919097
v -0.04084229 0.00108241 0.16108026
v -0.03974568 0.00050000 0.16031708
v -0.04348337 0.00114650 0.16317125
v -0.04337788 0.00050000 0.16312595
v -0.04346742 0.00050000 0.16320540
v -0.02355239 0.00050000 0.15168853
v -0.02622855 0.00050000 0.15278281
v -0.02624656 0.00082383 0.15271021
v -0.02780117 0.00050000 0.15342589
v -0.02932636 0.00086687 0.15409084
v -0.02930472 0.00050000 0.15416284
v -0.03233354 0.00091438 0.15562250
v -0.03191699 0.00050000 0.15544321
v -0.03231871 0.00050000 0.15567483
v -0.01919452 0.00050000 0.15024306
v -0.01989210 0.00050000 0.15047444
v -0.01990115 0.00075172 0.15041675
v -0.02309433 0.00050000 0.15153660
v -0.01664125 0.00050000 0.14958347
v -0.01665263 0.00072301 0.14950903
v -0.01473708 0.00050000 0.14909150
v -0.01336508 0.00069945 0.14876391
v -0.01335783 0.00050000 0.14883287
v -0.01019650 0.00050000 0.14824010
v -0.01004719 0.00068123 0.14818348
v -0.01004621 0.00050000 0.14822234
v -0.00670778 0.00066857 0.14776833
v -0.00670442 0.00050000 0.14782746
v -0.00561479 0.00050000 0.14769872
v -0.00335415 0.00050000 0.14758207
v -0.00129152 0.00050000 0.14747567
v -0.00330589 -0.06770070 0.04051537
v -0.00345187 -0.06790447 0.03300000
v -0.00230338 -0.06795412 0.03300000
v -0.00115276 -0.06798439 0.03300000
v -0.00172834 -0.06797168 0.03300000
v -0.00661594 -0.06742952 0.04054500
v -0.00459822 -0.06783546 0.03300000
v -0.00402531 -0.06787238 0.03300000
v -0.00992012 -0.06697842 0.04058714
v -0.01003468 -0.06723067 0.03300000
v -0.00916016 -0.06736594 0.03300000
v -0.00802287 -0.06751236 0.03300000
v -0.00773822 -0.06754594 0.03300000
v -0.00745343 -0.06757830 0.03300000
v -0.00688346 -0.06763941 0.03300000
v -0.00670133 -0.06765503 0.03300000
v -0.01662871 -0.06590574 0.03300000
v -0.01591502 -0.06608555 0.03300000
v -0.01647083 -0.06553869 0.04070754
v -0.01367946 -0.06658848 0.03300000
v -0.01320842 -0.06634783 0.04064138
v -0.01334727 -0.06665141 0.03300000
v -0.01142518 -0.06701560 0.03300000
v -0.01986975 -0.06499390 0.03300000
v -0.01971790 -0.06504386 0.03300000
v -0.01983239 -0.06488417 0.03603042
v -0.01813919 -0.06550507 0.03300000
v -0.01702852 -0.06580501 0.03300000
v -0.02616420 -0.06252746 0.03614010
v -0.02619963 -0.06269258 0.03300000
v -0.02468288 -0.06331693 0.03300000
v -0.02252977 -0.06411880 0.03300000
v -0.03295261 -0.05941426 0.03300000
v -0.03227318 -0.05977791 0.03300000
v -0.03223791 -0.05953830 0.03627260
v -0.03092928 -0.06049721 0.03300000
v -0.02680273 -0.06244433 0.03300000
v -0.03493969 -0.05826253 0.03300000
v -0.04598984 -0.04997404 0.03300000
v -0.05511543 -0.03967471 0.03300000
v -0.05281537 -0.04265301 0.03300000
v -0.05282069 -0.04251866 0.03420211
v -0.05230477 -0.04331417 0.03300000
v -0.05081374 -0.04505495 0.03300000
v -0.05998985 -0.03183531 0.03300000
v -0.05768483 -0.03583844 0.03300000
v -0.05676480 -0.03706754 0.03433431
v -0.05678111 -0.03723948 0.03300000
v -0.05646193 -0.03773430 0.03300000
v -0.06200435 -0.02771926 0.03300000
v -0.06449882 -0.02130068 0.03300000
v -0.06767666 -0.00594111 0.03300000
v -0.06718621 -0.01009844 0.03300000
v -0.06669242 -0.01231974 0.03493996
v -0.06679887 -0.01237976 0.03300000
v -0.06676137 -0.01256297 0.03300000
v -0.06760596 -0.00569684 0.03510417
v -0.06786920 0.00034827 0.03525288
v -0.06788641 0.00030174 0.03498210
v -0.06772756 -0.00550966 0.03300000
v -0.06795089 -0.00117712 0.03300000
v -0.06796343 0.00009649 0.03300000
v -0.06772830 0.00072921 0.03747023
v -0.06736881 -0.00503498 0.03858138
v -0.06767938 0.00086148 0.03824015
v -0.06691271 0.00299964 0.04566355
v -0.06733784 0.00180354 0.04195745
v -0.06664349 -0.00299090 0.04534073
v -0.06735864 0.00174504 0.04177619
v -0.06762503 0.00101120 0.03883935
v -0.06571784 -0.00029326 0.05185242
v -0.06594831 0.00580252 0.05253131
v -0.06595915 0.00576978 0.05246372
v -0.06625285 0.00490453 0.05049999
v -0.06682255 0.00325992 0.04632438
v -0.06689173 0.00306021 0.04581733
v -0.06548537 0.00720171 0.05541868
v -0.06469528 0.00281640 0.05817623
v -0.06499580 0.00868131 0.05847205
v -0.06385639 0.01227349 0.06514610
v -0.06449934 0.01024649 0.06138004
v -0.06489992 0.00898360 0.05903364
v -0.06226983 0.01757052 0.07427718
v -0.06248741 0.01684408 0.07302494
v -0.06257972 0.00974713 0.07050408
v -0.06272508 0.01605058 0.07165708
v -0.05873580 0.02468744 0.09485878
v -0.05886319 0.03061343 0.09604891
v -0.05989901 0.02631172 0.08878876
v -0.05723072 0.03196199 0.10716631
v -0.05729548 0.03802610 0.10925068
v -0.05744701 0.03723111 0.10776950
v -0.05770008 0.03590345 0.10529591
v -0.05867681 0.03138744 0.09735520
v -0.05879112 0.03091272 0.09655406
v -0.05641138 0.04314572 0.11925401
v -0.05669939 0.04138172 0.11572315
v -0.05662890 0.03540016 0.11341275
v -0.05695942 0.03978907 0.11253531
v -0.05614546 0.03864910 0.11974366
v -0.05637953 0.04338487 0.11977519
v -0.05588511 0.04746616 0.12899770
v -0.05601123 0.04618998 0.12592329
v -0.05579382 0.04166457 0.12617303
v -0.05602640 0.04603656 0.12555368
v -0.05622515 0.04454408 0.12230130
v -0.05578271 0.04850233 0.13149388
v -0.05558825 0.04439463 0.13271035
v -0.05576806 0.04875541 0.13218011
v -0.05565111 0.05230007 0.14249749
v -0.05565930 0.05103595 0.13854940
v -0.05554384 0.04677860 0.13935973
v -0.05566222 0.05058413 0.13713826
v -0.05569039 0.05009752 0.13581891
v -0.05581838 0.05415454 0.14985950
v -0.05573719 0.05367801 0.14761885
v -0.05567646 0.04874461 0.14611758
v -0.05569366 0.05298122 0.14502914
v -0.05565568 0.05237328 0.14276959
v -0.05588189 0.05452728 0.15161218
v -0.05600213 0.05020680 0.15296967
v -0.05593280 0.05482606 0.15301712
v -0.05653522 0.05106264 0.15988626
v -0.05671195 0.05603513 0.16431226
v -0.05658001 0.05600884 0.16290911
v -0.05623137 0.05560877 0.15827991
v -0.05621767 0.05559305 0.15809806
v -0.05615889 0.05543478 0.15704955
v -0.05677726 0.05604815 0.16500677
v -0.05728429 0.05119170 0.16681363
v -0.05700804 0.05609414 0.16746111
v -0.05749170 0.05586833 0.17176993
v -0.05748718 0.05587044 0.17172958
v -0.05747048 0.05587824 0.17158087
v -0.05890001 0.05399657 0.18158557
v -0.05858944 0.05454932 0.17969711
v -0.05844755 0.05474897 0.17873456
v -0.05839073 0.05482893 0.17834903
v -0.05980844 0.05216768 0.18676133
v -0.05960177 0.05260608 0.18562044
v -0.05939174 0.04875111 0.18028511
v -0.05944411 0.05294050 0.18475015
v -0.06088661 0.04938846 0.19204797
v -0.06061633 0.05013639 0.19078411
v -0.06067257 0.04599255 0.18650384
v -0.06044577 0.05060840 0.18998648
v -0.06001962 0.04750373 0.18345751
v -0.06023186 0.05113176 0.18890400
v -0.06001826 0.05165436 0.18782307
v -0.06109517 0.04881130 0.19302334
v -0.06134070 0.04422282 0.18939956
v -0.06123098 0.04839114 0.19361396
v -0.06223116 0.04513229 0.19782694
v -0.06185433 0.04642667 0.19629486
v -0.06201370 0.04220657 0.19212408
v -0.06174868 0.04678956 0.19586535
v -0.06155641 0.04738440 0.19502915
v -0.06240323 0.04454125 0.19852652
v -0.06268103 0.03996067 0.19465978
v -0.06247814 0.04425651 0.19881250
v -0.06355499 0.03996091 0.20281203
v -0.06309453 0.04189611 0.20115574
v -0.06333299 0.03750543 0.19699462
v -0.06305064 0.04208057 0.20099784
v -0.06290060 0.04265082 0.20042516
v -0.06368837 0.03940031 0.20329185
v -0.06396052 0.03486364 0.19912083
v -0.06418527 0.03708646 0.20498075
v -0.06427431 0.03667185 0.20528336
v -0.06455586 0.03205814 0.20103510
v -0.06430809 0.03651455 0.20539816
v -0.06546838 0.03014768 0.20903905
v -0.06533863 0.03090141 0.20864297
v -0.06562444 0.02604507 0.20423217
v -0.06490417 0.03342514 0.20731677
v -0.06478343 0.03405092 0.20692815
v -0.06690095 0.01929080 0.21300174
v -0.06673659 0.02074454 0.21257158
v -0.06649847 0.01962707 0.20661618
v -0.06647433 0.02306403 0.21188523
v -0.06625222 0.02474111 0.21127363
v -0.06599434 0.02668836 0.21056344
v -0.06585738 0.02758920 0.21016647
v -0.06754176 0.01170025 0.21455474
v -0.06739603 0.01365281 0.21421279
v -0.06715065 0.01293659 0.20823713
v -0.06726442 0.01541616 0.21390398
v -0.06699286 0.01831110 0.21322991
v -0.06755666 0.01150073 0.21458967
v -0.06756225 0.00607209 0.20916350
v -0.06780771 0.00683457 0.21513923
v -0.06793552 0.00276772 0.21539177
v -0.06786599 0.00498015 0.21525438
v -0.06782085 0.00641649 0.21516515
v -0.05272731 -0.04204779 0.03700949
v -0.04828425 -0.04715711 0.03679634
v -0.05235311 -0.04069481 0.04251100
v -0.04797180 -0.04599085 0.04213072
v -0.05185097 -0.03894017 0.04789705
v -0.05498140 -0.03074126 0.05395306
v -0.05808553 -0.02431727 0.05471100
v -0.05561618 -0.03303794 0.04846800
v -0.05881638 -0.02682861 0.04908020
v -0.05620210 -0.03500956 0.04292293
v -0.05948770 -0.02899956 0.04336358
v -0.05664478 -0.03653712 0.03723980
v -0.06000166 -0.03068288 0.03748561
v -0.04624100 -0.03802953 0.06327458
v -0.04582630 -0.03513563 0.06874688
v -0.04975092 -0.02877876 0.06966682
v -0.04754777 -0.04446356 0.04737122
v -0.04709675 -0.04263747 0.05259718
v -0.05131090 -0.03687429 0.05324711
v -0.05077711 -0.03451548 0.05863858
v -0.05434587 -0.02816034 0.05945535
v -0.05372576 -0.02528425 0.06502177
v -0.05662100 -0.01847458 0.06599183
v -0.05590782 -0.01514180 0.07169636
v -0.04665877 -0.04050938 0.05788476
v -0.05026117 -0.03183262 0.06411566
v -0.05311461 -0.02208317 0.07064928
v -0.05519718 -0.01153515 0.07740434
v -0.05734679 -0.02152921 0.06033189
v -0.06061259 -0.01767820 0.05551649
v -0.06143551 -0.02038236 0.04972912
v -0.06218863 -0.02272940 0.04382933
v -0.06277154 -0.02454494 0.03774483
v -0.05894698 -0.01148850 0.06702490
v -0.06255631 -0.01089765 0.05636514
v -0.06346186 -0.01376791 0.05041040
v -0.06428784 -0.01626316 0.04431660
v -0.06493209 -0.01818375 0.03801544
v -0.06646835 -0.01166014 0.03829504
v -0.06577523 -0.00966317 0.04482163
v -0.06489029 -0.00705037 0.05111958
v -0.06391668 -0.00404406 0.05725290
v -0.06070842 -0.00440749 0.06812055
v -0.05733728 -0.00437751 0.07859732
v -0.04922392 -0.02533763 0.07521988
v -0.04538720 -0.03180256 0.07421668
v -0.04866562 -0.02155931 0.08067550
v -0.04490551 -0.02808076 0.07957001
v -0.04808106 -0.01755225 0.08595999
v -0.04438495 -0.02408664 0.08472265
v -0.04384773 -0.01995507 0.08965053
v -0.05377427 -0.00373311 0.08859445
v -0.04692577 -0.00933059 0.09597875
v -0.05121116 -0.01073854 0.08724727
v -0.05185927 -0.01473626 0.08183362
v -0.05249589 -0.01855074 0.07628067
v -0.04996838 -0.00262511 0.09763344
v -0.04596137 -0.00138682 0.10550244
v -0.06191567 0.00269459 0.06927975
v -0.05893046 0.00283969 0.07986702
v -0.05578597 0.00338370 0.09001364
v -0.05245175 0.00423905 0.09935184
v -0.05675654 0.02510691 0.10503180
v -0.04181356 -0.00018946 0.11222036
v -0.04166847 0.00328312 0.11659707
v -0.04520728 0.00924011 0.11952408
v -0.04348873 0.00940028 0.12258364
v -0.04164396 0.00652881 0.12098326
v -0.04175336 0.00951661 0.12538935
v -0.04200955 0.01220454 0.12982340
v -0.04242194 0.01452741 0.13428928
v -0.04339285 0.01578379 0.13531382
v -0.04433093 0.01704880 0.13635029
v -0.04523604 0.01832186 0.13739838
v -0.04610801 0.01960238 0.13845779
v -0.04533908 0.01510373 0.12893291
v -0.04520014 0.01231609 0.12421586
v -0.04693212 0.01795281 0.13075794
v -0.04873428 0.02303451 0.13769485
v -0.04568417 0.01982927 0.14557691
v -0.04610097 0.02010339 0.14782609
v -0.04797870 0.02219072 0.15030368
v -0.04843833 0.02215883 0.15256418
v -0.05020463 0.02414604 0.15516020
v -0.05999608 0.01004307 0.08122344
v -0.05726676 0.01053606 0.09151854
v -0.05439444 0.01119142 0.10114659
v -0.05140573 0.01179488 0.10986789
v -0.05103307 0.01530222 0.11511566
v -0.04820646 0.01536117 0.12255760
v -0.05260495 0.02789217 0.12893130
v -0.05270452 0.02504250 0.12329520
v -0.05294856 0.02190689 0.11771180
v -0.05332181 0.01852722 0.11217166
v -0.05582004 0.01816608 0.10303302
v -0.05824189 0.01765793 0.09312703
v -0.04821990 0.01825617 0.12757082
v -0.04952754 0.02126843 0.12929131
v -0.05070262 0.02430153 0.13104011
v -0.05174778 0.02735027 0.13281710
v -0.05266566 0.03040944 0.13462235
v -0.05129468 0.02859981 0.14185376
v -0.05090682 0.02665664 0.13642819
v -0.05008076 0.02580857 0.13975675
v -0.04971499 0.02373439 0.13450648
v -0.04839079 0.02083149 0.13261624
v -0.04677745 0.01527009 0.12587865
v -0.04677464 0.01228349 0.12102790
v -0.05224319 0.03054689 0.15003480
v -0.05187781 0.03004626 0.14730670
v -0.05098584 0.02799765 0.14767797
v -0.05063629 0.02740978 0.14503540
v -0.04959475 0.02546080 0.14536114
v -0.04926155 0.02478747 0.14280255
v -0.04852363 0.02348292 0.14170088
v -0.05229302 0.02870552 0.15551265
v -0.05181853 0.02866226 0.15292980
v -0.05084497 0.02646649 0.15295734
v -0.05039065 0.02631693 0.15045102
v -0.05279781 0.02853737 0.15804328
v -0.05132869 0.02641154 0.15541579
v -0.04925999 0.02423813 0.15044756
v -0.05237830 0.03140383 0.14398505
v -0.05298810 0.03269278 0.14961542
v -0.05644413 0.04072572 0.16290142
v -0.05436402 0.03566660 0.15486337
v -0.05480789 0.03580260 0.15775217
v -0.04972191 0.02429472 0.15283479
v -0.04753913 0.02202439 0.14798625
v -0.04743560 0.01976764 0.15419824
v -0.04698469 0.02007435 0.15215220
v -0.04492641 0.01824125 0.14961506
v -0.04409065 0.01803662 0.14540572
v -0.04653709 0.02018659 0.15002330
v -0.04890985 0.02192458 0.15475030
v -0.05069966 0.02378840 0.15740515
v -0.04938478 0.02148965 0.15684660
v -0.04985445 0.02085984 0.15883936
v -0.05119819 0.02322417 0.15955336
v -0.05169127 0.02246011 0.16159023
v -0.05287343 0.02496786 0.16231383
v -0.05482149 0.02026666 0.16983201
v -0.05437086 0.02170465 0.16816200
v -0.05074642 0.01905373 0.16247661
v -0.05031084 0.02004412 0.16071846
v -0.05389119 0.02297672 0.16634835
v -0.05338939 0.02406898 0.16439624
v -0.04535309 0.01806150 0.15161277
v -0.04788153 0.01927136 0.15614863
v -0.05186716 0.01514735 0.16698511
v -0.04757576 0.01339529 0.16153009
v -0.05216254 0.01356778 0.16822441
v -0.04783644 0.01209405 0.16279770
v -0.05241244 0.01186421 0.16932698
v -0.05276408 0.00811971 0.17111082
v -0.05290648 0.00390455 0.17237188
v -0.05290099 0.00144002 0.17274220
v -0.04805465 0.01066037 0.16394563
v -0.04822743 0.00909937 0.16496874
v -0.04835226 0.00741569 0.16586412
v -0.05115466 0.01790005 0.16410895
v -0.05152984 0.01659449 0.16561247
v -0.05561267 0.01694769 0.17273064
v -0.05580415 0.02846947 0.16797949
v -0.05523898 0.02942625 0.16566904
v -0.05467773 0.03016085 0.16324122
v -0.05413000 0.03066859 0.16071482
v -0.05360506 0.03095149 0.15811123
v -0.05311127 0.03101627 0.15545107
v -0.06019139 0.00457065 0.18366016
v -0.06296340 0.00493232 0.18975718
v -0.05994570 0.00965710 0.18262757
v -0.06266389 0.01046848 0.18878801
v -0.05947236 0.01440948 0.18100150
v -0.06213096 0.01572090 0.18719287
v -0.05878827 0.01877850 0.17871822
v -0.06138205 0.02062158 0.18490268
v -0.05792074 0.02265795 0.17577721
v -0.06044459 0.02505300 0.18190433
v -0.05991676 0.02705235 0.18013872
v -0.05690811 0.02593101 0.17218633
v -0.05935770 0.02888345 0.17819776
v -0.05636352 0.02730001 0.17015596
v -0.05877483 0.03052811 0.17608674
v -0.05817679 0.03196848 0.17381455
v -0.05757289 0.03318946 0.17139401
v -0.05697323 0.03417968 0.16884269
v -0.05638778 0.03493280 0.16618039
v -0.05582621 0.03544945 0.16343005
v -0.05196875 0.02959347 0.13838108
v -0.05290325 0.03254012 0.14036484
v -0.05371300 0.03549210 0.14237960
v -0.05413145 0.03654038 0.13832058
v -0.05404597 0.03421206 0.13227840
v -0.05412805 0.03152400 0.12630726
v -0.05436166 0.02853003 0.12040742
v -0.05473151 0.02527761 0.11457194
v -0.04997218 0.02597653 0.14791401
v -0.05138102 0.02842112 0.15031309
v -0.05265548 0.03087626 0.15275349
v -0.05529720 0.03573520 0.16061367
v -0.05696168 0.04044455 0.16592802
v -0.05593089 0.04547418 0.15515663
v -0.05487132 0.03985029 0.15058185
v -0.05518544 0.04033443 0.15367039
v -0.05665105 0.04594333 0.16170706
v -0.05440121 0.03844572 0.14442660
v -0.05542616 0.04434361 0.14862354
v -0.05512666 0.04266187 0.14214696
v -0.05501693 0.04051825 0.13574852
v -0.05508040 0.03798649 0.12943901
v -0.05530105 0.03512889 0.12322064
v -0.05566363 0.03199919 0.11708833
v -0.05812276 0.04511890 0.17139287
v -0.04241209 -0.00770854 0.10342641
v -0.04332278 -0.01579968 0.09437837
v -0.06512488 0.00530650 0.19607885
v -0.06477678 0.01129315 0.19514431
v -0.06419139 0.01703775 0.19355525
v -0.06338658 0.02245876 0.19124104
v -0.06238981 0.02743114 0.18817623
v -0.06183118 0.02970499 0.18635829
v -0.06124073 0.03181097 0.18435140
v -0.06062603 0.03372909 0.18216033
v -0.05999596 0.03543965 0.17979403
v -0.05936005 0.03692567 0.17726548
v -0.05872868 0.03817394 0.17459275
v -0.05811206 0.03917636 0.17179652
v -0.05752010 0.03993186 0.16890045
v -0.06666149 0.00568812 0.20256700
v -0.06627470 0.01211966 0.20164438
v -0.06564829 0.01834481 0.20004399
v -0.06480061 0.02427237 0.19769593
v -0.06375901 0.02977260 0.19456233
v -0.06317733 0.03231544 0.19269367
v -0.06256352 0.03469192 0.19062372
v -0.06192526 0.03688047 0.18835683
v -0.06127157 0.03885974 0.18590148
v -0.06061212 0.04061101 0.18327041
v -0.05995741 0.04211925 0.18048175
v -0.05931780 0.04337443 0.17755641
v -0.05870327 0.04437358 0.17451872
v -0.00562427 -0.02583290 0.10231318
v -0.00579132 -0.01155946 0.11436589
v -0.00589361 -0.00829682 0.11752875
v -0.01187799 -0.00526788 0.12032236
v -0.00000000 -0.01449717 0.11185093
v -0.01755587 -0.00480809 0.12003203
v -0.01784091 -0.00197609 0.12339391
v -0.02329944 -0.00101374 0.12324579
v -0.02077905 -0.00023739 0.12504090
v -0.00601411 -0.00523359 0.12077738
v -0.01235832 -0.00002727 0.12695427
v -0.01210848 -0.00248385 0.12361433
v -0.01515154 -0.00101921 0.12515189
v -0.01733293 -0.00792861 0.11670579
v -0.02300871 -0.00393858 0.11974753
v -0.01717885 -0.01127357 0.11342360
v -0.02280633 -0.00713733 0.11628754
v -0.02269300 -0.01054636 0.11286481
v -0.02819126 -0.00268803 0.11936255
v -0.03323782 0.00204266 0.12264903
v -0.02804684 -0.00595760 0.11572857
v -0.03305940 -0.00105786 0.11877437
v -0.02844292 0.00033285 0.12303223
v -0.03103952 0.00256501 0.12476535
v -0.03354067 0.00485632 0.12655796
v -0.02880122 0.00303161 0.12673511
v -0.02608666 0.00097920 0.12495603
v -0.02649854 0.00341268 0.12856616
v -0.03143190 0.00513986 0.12858190
v -0.03166807 0.00626754 0.13049330
v -0.02925483 0.00531807 0.13044466
v -0.03192724 0.00727254 0.13239850
v -0.03220558 0.00814357 0.13428940
v -0.02951016 0.00627881 0.13228686
v -0.03541002 0.00149691 0.12036480
v -0.03560670 0.00450285 0.12437011
v -0.03786236 0.00701992 0.12614091
v -0.03593608 0.00720274 0.12840898
v -0.03821888 0.00959979 0.13031615
v -0.03845039 0.01074019 0.13241448
v -0.04063125 0.01311175 0.13444580
v -0.04091540 0.01405617 0.13661571
v -0.04299027 0.01638556 0.13877322
v -0.04432737 0.01823389 0.14214267
v -0.03396748 0.00730036 0.13049532
v -0.03667434 0.01048153 0.13450535
v -0.03639776 0.00950935 0.13247390
v -0.03901279 0.01265247 0.13661124
v -0.03422378 0.00835189 0.13246508
v -0.03450469 0.00927270 0.13442613
v -0.03697709 0.01131506 0.13652559
v -0.03480605 0.01005099 0.13636930
v -0.03606739 0.01101965 0.13743760
v -0.03730153 0.01199769 0.13852437
v -0.03817168 0.01235088 0.13760133
v -0.03850769 0.01298464 0.13962902
v -0.03933748 0.01339580 0.13869376
v -0.03968505 0.01398002 0.14075120
v -0.04123286 0.01486066 0.13877966
v -0.04047368 0.01444934 0.13980253
v -0.04157950 0.01551102 0.14092727
v -0.04083282 0.01498338 0.14189042
v -0.04195021 0.01599424 0.14304622
v -0.04303642 0.01701214 0.14421810
v -0.03615094 0.00841170 0.13043983
v -0.03871582 0.01176270 0.13451500
v -0.03976307 0.00678969 0.12367399
v -0.03999868 0.00958882 0.12795933
v -0.04038290 0.01204287 0.13227709
v -0.04268729 0.01552199 0.13653125
v -0.03249834 0.00887245 0.13615717
v -0.00971095 0.00371700 0.13428588
v -0.00646383 0.00313363 0.13310970
v -0.00322287 0.00259583 0.13204910
v -0.01304956 0.00483525 0.13737048
v -0.00978732 0.00433747 0.13614245
v -0.00651723 0.00388173 0.13503958
v -0.00325092 0.00346975 0.13405927
v -0.02157037 0.00394950 0.13188656
v -0.02455912 0.00537049 0.13372077
v -0.02136381 0.00307196 0.13018735
v -0.02432739 0.00460087 0.13200386
v -0.02116063 0.00207831 0.12847795
v -0.02409908 0.00370613 0.13026930
v -0.02366944 0.00155977 0.12676455
v -0.02673079 0.00445999 0.13036348
v -0.02177636 0.00470744 0.13357355
v -0.01871233 0.00344619 0.13183065
v -0.01576247 0.00310583 0.13187702
v -0.01260987 0.00205515 0.13034905
v -0.01590878 0.00386723 0.13357390
v -0.01273067 0.00293948 0.13207199
v -0.01604731 0.00450662 0.13528009
v -0.01284542 0.00370670 0.13381512
v -0.01617582 0.00501339 0.13699724
v -0.01922092 0.00534831 0.13686086
v -0.02235398 0.00622963 0.13855703
v -0.01905996 0.00483869 0.13518615
v -0.02217165 0.00585164 0.13690861
v -0.01888946 0.00420241 0.13350977
v -0.01936971 0.00572261 0.13853492
v -0.01950403 0.00594974 0.14020826
v -0.02095181 0.00609159 0.13934906
v -0.02109463 0.00625174 0.14099683
v -0.02252202 0.00646980 0.14019324
v -0.02390149 0.00668448 0.13944824
v -0.00327627 0.00416505 0.13613220
v -0.00330841 0.00476838 0.13934685
v -0.00331738 0.00481957 0.14043738
v -0.00332541 0.00477758 0.14152904
v -0.00656519 0.00445426 0.13701858
v -0.00664188 0.00489531 0.14109339
v -0.00662531 0.00489105 0.14006551
v -0.00660696 0.00481062 0.13904168
v -0.00988612 0.00493377 0.13899256
v -0.00985547 0.00478533 0.13803460
v -0.01317442 0.00524421 0.14009525
v -0.01313584 0.00515658 0.13918246
v -0.00333249 0.00462925 0.14261349
v -0.00333859 0.00435881 0.14367576
v -0.00334127 0.00417261 0.14419325
v -0.00334372 0.00394944 0.14469732
v -0.00668914 0.00391753 0.14509113
v -0.00669621 0.00335079 0.14598466
v -0.00335267 0.00220912 0.14683636
v -0.00335387 0.00173016 0.14713491
v -0.00335490 0.00121162 0.14736612
v -0.00669910 0.00300753 0.14639552
v -0.00669290 0.00365344 0.14554818
v -0.01003532 0.00333813 0.14648499
v -0.01335921 0.00300129 0.14751370
v -0.00668491 0.00414524 0.14461829
v -0.01002650 0.00391003 0.14564545
v -0.01003124 0.00364205 0.14607443
v -0.01335133 0.00365196 0.14676292
v -0.01335570 0.00334452 0.14714868
v -0.01664784 0.00336917 0.14797564
v -0.00944451 0.00105259 0.12892504
v -0.00962748 0.00295064 0.13246562
v -0.01295226 0.00434418 0.13558091
v -0.01629232 0.00537331 0.13872583
v -0.01634550 0.00549215 0.13959397
v -0.01956511 0.00600300 0.14104398
v -0.02121955 0.00624910 0.14263506
v -0.01962181 0.00601271 0.14187838
v -0.01967389 0.00597577 0.14271040
v -0.01639502 0.00556631 0.14046396
v -0.01644068 0.00559212 0.14133479
v -0.02136900 0.00589241 0.14505871
v -0.02140781 0.00566505 0.14585079
v -0.02300265 0.00579015 0.14656092
v -0.02303697 0.00547531 0.14731742
v -0.02461919 0.00558191 0.14804085
v -0.02464800 0.00517863 0.14875712
v -0.02621584 0.00526835 0.14949419
v -0.02562081 0.00725292 0.14197166
v -0.02423808 0.00688209 0.14266802
v -0.02578804 0.00720996 0.14355047
v -0.02437673 0.00674709 0.14424671
v -0.02593338 0.00700825 0.14510138
v -0.02449256 0.00643484 0.14579691
v -0.02605447 0.00663238 0.14661767
v -0.02610527 0.00637294 0.14735951
v -0.00665658 0.00481288 0.14211978
v -0.00666936 0.00463214 0.14313735
v -0.00668021 0.00433883 0.14413317
v -0.01002107 0.00414434 0.14520212
v -0.01334606 0.00392597 0.14636059
v -0.01664353 0.00368231 0.14761354
v -0.01990240 0.00341132 0.14896376
v -0.00996295 0.00500744 0.14189430
v -0.00998314 0.00488244 0.14285953
v -0.01000047 0.00466663 0.14381428
v -0.01001493 0.00434720 0.14474757
v -0.01333989 0.00416885 0.14594521
v -0.01663811 0.00396437 0.14723642
v -0.01989838 0.00373222 0.14862426
v -0.02151265 0.00343871 0.14951755
v -0.00670540 0.00172262 0.14739670
v -0.00670677 0.00121189 0.14761968
v -0.01004546 0.00172498 0.14782436
v -0.01004659 0.00121987 0.14803912
v -0.01336496 0.00173687 0.14841773
v -0.01336539 0.00123525 0.14862414
v -0.01665482 0.00175791 0.14917625
v -0.01665418 0.00125776 0.14937414
v -0.01990612 0.00178775 0.15009780
v -0.01990419 0.00128712 0.15028699
v -0.02311001 0.00182604 0.15117998
v -0.01004156 0.00261394 0.14723016
v -0.01336190 0.00262002 0.14785196
v -0.01665108 0.00302250 0.14831908
v -0.01665330 0.00263977 0.14863850
v -0.01990513 0.00305905 0.14928658
v -0.01980032 0.00554736 0.14517643
v -0.02144078 0.00537551 0.14663042
v -0.02306489 0.00509505 0.14805694
v -0.02308633 0.00464139 0.14877410
v -0.00991433 0.00502484 0.13995685
v -0.00993998 0.00505186 0.14092512
v -0.01324167 0.00524924 0.14192732
v -0.01327005 0.00515449 0.14284159
v -0.01655265 0.00533497 0.14393605
v -0.01329474 0.00498486 0.14374943
v -0.01658106 0.00511875 0.14479007
v -0.01331566 0.00473145 0.14464517
v -0.01660480 0.00482531 0.14563037
v -0.01333277 0.00438278 0.14551951
v -0.01662381 0.00444443 0.14644910
v -0.01663154 0.00421770 0.14684756
v -0.01988635 0.00428985 0.14790739
v -0.01989304 0.00402427 0.14827122
v -0.02150361 0.00406198 0.14884748
v -0.02311211 0.00311027 0.15041371
v -0.02311001 0.00347020 0.15011074
v -0.02626282 0.00317552 0.15169807
v -0.02623825 0.00477443 0.15016516
v -0.02625760 0.00187242 0.15242036
v -0.02625282 0.00136535 0.15259178
v -0.02310200 0.00078539 0.15148456
v -0.02311277 0.00271809 0.15069707
v -0.01990663 0.00267265 0.14958765
v -0.02748517 0.00683500 0.13565071
v -0.02722870 0.00617604 0.13391156
v -0.02697566 0.00538314 0.13214745
v -0.02798885 0.00774425 0.13903858
v -0.02918816 0.00804558 0.13836934
v -0.02774013 0.00735808 0.13736059
v -0.03033747 0.00834022 0.13767429
v -0.02478983 0.00601223 0.13541694
v -0.03005655 0.00779450 0.13590868
v -0.02977904 0.00710630 0.13411076
v -0.03143957 0.00861902 0.13694002
v -0.03280018 0.00945324 0.13799281
v -0.03413704 0.01029677 0.13906677
v -0.03382307 0.00977066 0.13721086
v -0.02267313 0.00656261 0.14181675
v -0.02407885 0.00685700 0.14106746
v -0.02543426 0.00714843 0.14036818
v -0.02673776 0.00744395 0.13969864
v -0.03114766 0.00911676 0.14273168
v -0.02969720 0.00855071 0.14169432
v -0.02993031 0.00859216 0.14329787
v -0.03257690 0.00969085 0.14379485
v -0.03282986 0.00959505 0.14538814
v -0.03672462 0.01145835 0.14713462
v -0.03563949 0.01062761 0.14758392
v -0.03512269 0.01067843 0.13828452
v -0.03544880 0.01114923 0.14016159
v -0.03639599 0.01159536 0.13937791
v -0.03673425 0.01201025 0.14127697
v -0.03764210 0.01252101 0.14049043
v -0.03799253 0.01287939 0.14241226
v -0.03886022 0.01345493 0.14162172
v -0.03922283 0.01375623 0.14356710
v -0.04004956 0.01439668 0.14277120
v -0.04042434 0.01464036 0.14474089
v -0.04120931 0.01534581 0.14393844
v -0.04159626 0.01553135 0.14593311
v -0.04233867 0.01630188 0.14512290
v -0.04273778 0.01642878 0.14714320
v -0.04343683 0.01726444 0.14632411
v -0.04384810 0.01733221 0.14837070
v -0.04450300 0.01823305 0.14754154
v -0.04314015 0.01637458 0.14909489
v -0.04577507 0.01769783 0.15352292
v -0.04831470 0.01859339 0.15799405
v -0.04872787 0.01774374 0.15972753
v -0.04911469 0.01673249 0.16134454
v -0.04946961 0.01556967 0.16284217
v -0.04198646 0.01553933 0.14786275
v -0.04080237 0.01471010 0.14664914
v -0.03958869 0.01388728 0.14545466
v -0.03834624 0.01307126 0.14427991
v -0.03707581 0.01226246 0.14312537
v -0.03577822 0.01146127 0.14199169
v -0.03445434 0.01066808 0.14087941
v -0.03310537 0.00988328 0.13978882
v -0.03173263 0.00910720 0.13872035
v -0.04030268 0.01364799 0.14902176
v -0.03995084 0.01384986 0.14727511
v -0.03903676 0.01296306 0.14782001
v -0.03869645 0.01309801 0.14608456
v -0.03774293 0.01228458 0.14664014
v -0.03741410 0.01235295 0.14491506
v -0.03642199 0.01161289 0.14548279
v -0.03610462 0.01161505 0.14376725
v -0.03507481 0.01094836 0.14434852
v -0.03476887 0.01088470 0.14264162
v -0.03370257 0.01029129 0.14323784
v -0.03340803 0.01016223 0.14153869
v -0.03230656 0.00964203 0.14215107
v -0.03202343 0.00944799 0.14045872
v -0.03088808 0.00900089 0.14108868
v -0.03061637 0.00874233 0.13940217
v -0.02944841 0.00836818 0.14005108
v -0.03885571 0.01049760 0.15282847
v -0.03749646 0.01010530 0.15168478
v -0.03861708 0.01116573 0.15139283
v -0.03726603 0.01070307 0.15023763
v -0.03834933 0.01168758 0.14988144
v -0.03700747 0.01115431 0.14872016
v -0.03805640 0.01206157 0.14829655
v -0.04188616 0.01390892 0.15191998
v -0.04694116 0.01557890 0.15865250
v -0.04429318 0.01516863 0.15444382
v -0.05288139 0.00050000 0.17276479
v -0.05683051 0.00422646 0.17784579
v -0.05663883 0.00887042 0.17671694
v -0.05622745 0.01311883 0.17502947
v -0.04727603 0.01455892 0.16014726
v -0.02695084 0.00762122 0.14131673
v -0.02714648 0.00765731 0.14290555
v -0.02732161 0.00754596 0.14446385
v -0.02747357 0.00727720 0.14598824
v -0.02759989 0.00683731 0.14747210
v -0.02769840 0.00620801 0.14890410
v -0.02822681 0.00799301 0.14068319
v -0.02844994 0.00810256 0.14229347
v -0.02865458 0.00806991 0.14386882
v -0.02883758 0.00788985 0.14540781
v -0.02899611 0.00755373 0.14690699
v -0.02912765 0.00704945 0.14835961
v -0.02922994 0.00636086 0.14975490
v -0.02926948 0.00594084 0.15042640
v -0.03014391 0.00849045 0.14486094
v -0.03033473 0.00824140 0.14638181
v -0.03049984 0.00783761 0.14785697
v -0.03063663 0.00726858 0.14927973
v -0.03074274 0.00652019 0.15063973
v -0.03081618 0.00557279 0.15192278
v -0.02280499 0.00649397 0.14342459
v -0.02291547 0.00624491 0.14501007
v -0.02454129 0.00620535 0.14655788
v -0.02614923 0.00606182 0.14808787
v -0.02773662 0.00581485 0.14959575
v -0.02930102 0.00546558 0.15107752
v -0.03084026 0.00501406 0.15252979
v -0.03448699 0.00979709 0.14800562
v -0.03588896 0.01024677 0.14910842
v -0.03470136 0.00933948 0.14947899
v -0.03611131 0.00971917 0.15056814
v -0.03488646 0.00873112 0.15088935
v -0.03630324 0.00904217 0.15195926
v -0.03503941 0.00796589 0.15223046
v -0.03646183 0.00821095 0.15327562
v -0.02779013 0.00484910 0.15091677
v -0.02933985 0.00432340 0.15230556
v -0.02934734 0.00363517 0.15287133
v -0.03085586 0.00438945 0.15310968
v -0.02932448 0.00492902 0.15170516
v -0.02776722 0.00536405 0.15026785
v -0.02618615 0.00569515 0.14880039
v -0.02458356 0.00592247 0.14730670
v -0.02296209 0.00604510 0.14579089
v -0.02132455 0.00606281 0.14425726
v -0.03139070 0.00908975 0.14432962
v -0.03161324 0.00891867 0.14588143
v -0.03181187 0.00860034 0.14738531
v -0.03198359 0.00812862 0.14883770
v -0.03212567 0.00749450 0.15023197
v -0.03223571 0.00668583 0.15155806
v -0.03231163 0.00568554 0.15280290
v -0.03235231 0.00445983 0.15395017
v -0.00670367 0.00219350 0.14711078
v -0.01004379 0.00219019 0.14755090
v -0.01336380 0.00219872 0.14815660
v -0.01665453 0.00221861 0.14892741
v -0.01990695 0.00224942 0.14986111
v -0.02311206 0.00229069 0.15095545
v -0.02626088 0.00234199 0.15220787
v -0.02934021 0.00192657 0.15381612
v -0.03234260 0.00146796 0.15551634
v -0.03235860 0.00292446 0.15495963
v -0.03234981 0.00198820 0.15536316
v -0.03526036 0.00096622 0.15730084
v -0.03591624 0.00050000 0.15774901
v -0.03235959 0.00373982 0.15447791
v -0.03382818 0.00453444 0.15482624
v -0.03378629 0.00580366 0.15371735
v -0.03370772 0.00685759 0.15250923
v -0.03359364 0.00772700 0.15121569
v -0.03344618 0.00842653 0.14984865
v -0.03326782 0.00896645 0.14841790
v -0.03306134 0.00935430 0.14692982
v -0.03671398 0.00469590 0.15668328
v -0.03528241 0.00461317 0.15573753
v -0.03528994 0.00385836 0.15622927
v -0.03672039 0.00306402 0.15759201
v -0.03527046 0.00152789 0.15720107
v -0.03807478 0.00618887 0.15666135
v -0.03812185 0.00478254 0.15766300
v -0.03812893 0.00311554 0.15853997
v -0.04040157 0.01001175 0.15533872
v -0.04018821 0.01089584 0.15399845
v -0.03994125 0.01163447 0.15257330
v -0.04463759 0.01444183 0.15603860
v -0.04220976 0.01332377 0.15350826
v -0.04495278 0.01356463 0.15753372
v -0.04250568 0.01258907 0.15500720
v -0.04523439 0.01254288 0.15892686
v -0.04276970 0.01170905 0.15641440
v -0.04547862 0.01138093 0.16021450
v -0.04299815 0.01068620 0.15772624
v -0.04568211 0.01008204 0.16139175
v -0.04349820 0.00516593 0.16190787
v -0.04595579 0.00708447 0.16339262
v -0.04343974 0.00676879 0.16103084
v -0.04584200 0.00864919 0.16245253
v -0.04333580 0.00821622 0.16004075
v -0.04318779 0.00952174 0.15893729
v -0.03798700 0.00740781 0.15555491
v -0.04081059 0.00646986 0.15878506
v -0.04086267 0.00496708 0.15972181
v -0.04087225 0.00322573 0.16053791
v -0.03528849 0.00301496 0.15667893
v -0.03527852 0.00205703 0.15705706
v -0.03811846 0.00213280 0.15889342
v -0.04086204 0.00221522 0.16086747
v -0.04350265 0.00230403 0.16297354
v -0.04601594 0.00121445 0.16538884
v -0.04679963 0.00050000 0.16616268
v -0.04351178 0.00334508 0.16266699
v -0.04603390 0.00239895 0.16520573
v -0.00644977 -0.06563743 0.05452402
v -0.00320316 -0.06477018 0.05899168
v -0.00641934 -0.06438161 0.05917807
v -0.00963634 -0.06377131 0.05937583
v -0.01290336 -0.06431238 0.05479456
v -0.00639039 -0.06267768 0.06377263
v -0.00318873 -0.06313846 0.06348075
v -0.00316836 -0.06106259 0.06782158
v -0.00324025 -0.06682409 0.04979391
v -0.00649189 -0.06651194 0.04985775
v -0.00974360 -0.06599655 0.04993994
v -0.01308922 -0.06593211 0.04533012
v -0.01938611 -0.06324684 0.05029554
v -0.01298407 -0.06527901 0.05004038
v -0.00628953 -0.05787019 0.07249732
v -0.00635007 -0.06049785 0.06823654
v -0.00953231 -0.05971076 0.06864448
v -0.00959246 -0.06199202 0.06406732
v -0.01278244 -0.06108356 0.06436677
v -0.01284201 -0.06294113 0.05958600
v -0.01602415 -0.06189368 0.05980952
v -0.01610212 -0.06333338 0.05495579
v -0.01926648 -0.06214901 0.05513455
v -0.02560795 -0.06044863 0.05062170
v -0.00620821 -0.05486927 0.07650955
v -0.00611243 -0.05158712 0.08026697
v -0.00944348 -0.05695924 0.07302006
v -0.01270225 -0.05870342 0.06904812
v -0.01594781 -0.05995518 0.06467272
v -0.01917056 -0.06063436 0.06004704
v -0.02238466 -0.06076468 0.05533088
v -0.00601100 -0.04810826 0.08379401
v -0.00000000 -0.04677412 0.08528335
v -0.00591202 -0.04449956 0.08713032
v -0.00582171 -0.04080815 0.09031816
v -0.00568440 -0.03331555 0.09640338
v -0.00000000 -0.03616068 0.09430899
v -0.01206688 -0.04532575 0.08535852
v -0.01171760 -0.03765517 0.09213699
v -0.01146511 -0.02993063 0.09845139
v -0.01953498 -0.06402382 0.04552520
v -0.01969749 -0.06455382 0.04078515
v -0.02580128 -0.06138775 0.04578168
v -0.02600413 -0.06207002 0.04097361
v -0.03180562 -0.05805976 0.04609687
v -0.03205150 -0.05892608 0.04120434
v -0.03747439 -0.05409048 0.04646845
v -0.03776999 -0.05516472 0.04147537
v -0.04074799 -0.05429409 0.03300000
v -0.04072337 -0.05394725 0.03651173
v -0.03134759 -0.05547116 0.05602564
v -0.02544489 -0.05918586 0.05554486
v -0.02530739 -0.05750423 0.06056584
v -0.02226904 -0.05916920 0.06029899
v -0.02215446 -0.05706222 0.06530870
v -0.01907601 -0.05861260 0.06498630
v -0.01895386 -0.05604255 0.06985225
v -0.01584707 -0.05747874 0.06945004
v -0.01570404 -0.05450226 0.07403173
v -0.01258604 -0.05583569 0.07353039
v -0.01243305 -0.05257544 0.07774623
v -0.01135635 -0.02234956 0.10458894
v -0.01722277 -0.02604015 0.10053433
v -0.01757048 -0.03390971 0.09393401
v -0.01805448 -0.04185272 0.08686490
v -0.01225471 -0.04903813 0.08168019
v -0.01831622 -0.04574668 0.08303024
v -0.01856656 -0.04948870 0.07892658
v -0.01878424 -0.05296465 0.07452662
v -0.02200969 -0.05440133 0.07025637
v -0.02517059 -0.05531043 0.06564094
v -0.02827387 -0.05564611 0.06084813
v -0.04249581 -0.05298247 0.03300000
v -0.04335514 -0.05180898 0.03660173
v -0.04309473 -0.05083407 0.04178483
v -0.04273985 -0.04953653 0.04689408
v -0.03156237 -0.05692663 0.05101694
v -0.03717260 -0.05273930 0.05147935
v -0.04236872 -0.04795149 0.05200697
v -0.03689538 -0.05107042 0.05657656
v -0.04201686 -0.04605587 0.05719675
v -0.01707671 -0.01843926 0.10696431
v -0.02266463 -0.01412279 0.10946818
v -0.02283672 -0.02166891 0.10268249
v -0.02819119 -0.01684957 0.10491838
v -0.02326196 -0.02960162 0.09574045
v -0.02867846 -0.02476987 0.09758098
v -0.02385959 -0.03772523 0.08834316
v -0.02937264 -0.03298935 0.08981825
v -0.02418536 -0.04175221 0.08434524
v -0.02975503 -0.03710451 0.08564903
v -0.02449993 -0.04565172 0.08007564
v -0.03012873 -0.04111769 0.08121492
v -0.02477816 -0.04930225 0.07550664
v -0.03046601 -0.04490435 0.07648833
v -0.02500166 -0.05256159 0.07066424
v -0.03074642 -0.04831756 0.07149740
v -0.02811234 -0.05336430 0.06598409
v -0.03096943 -0.05123319 0.06633885
v -0.03115838 -0.05360380 0.06114609
v -0.03760134 -0.00245597 0.11378343
v -0.03774844 -0.00605551 0.10968615
v -0.03372540 -0.01946895 0.09946968
v -0.03832080 -0.01375915 0.10141660
v -0.03450229 -0.02770847 0.09130724
v -0.03916933 -0.02195241 0.09282412
v -0.03493586 -0.03187129 0.08695872
v -0.03965019 -0.02612699 0.08828898
v -0.03536554 -0.03595826 0.08236046
v -0.04013422 -0.03025195 0.08352609
v -0.03576222 -0.03984550 0.07748534
v -0.04059198 -0.03420726 0.07850946
v -0.03610420 -0.04338621 0.07236172
v -0.04100119 -0.03785037 0.07326593
v -0.03639003 -0.04645554 0.06708606
v -0.04135935 -0.04105919 0.06788756
v -0.03664252 -0.04900420 0.06179000
v -0.04168746 -0.04378350 0.06249930
v -0.01168141 -0.00832946 0.11708017
v -0.01152825 -0.01161476 0.11389090
v -0.01142296 -0.01507326 0.11075325
v -0.03400000 -0.05888973 0.03300000
v -0.03802512 -0.05637455 0.03300000
v -0.02547325 -0.06304850 0.03300000
v -0.02980924 -0.06111800 0.03300000
v -0.06212109 -0.02765809 0.03300000
v -0.06651404 -0.01413800 0.03300000
v -0.06536580 -0.01874334 0.03300000
v -0.06733823 -0.00946377 0.03300000
v -0.02101316 -0.06467184 0.03300000
v -0.01874334 -0.06536580 0.03300000
v -0.06389910 -0.02325737 0.03300000
v -0.06783435 -0.00474344 0.03300000
v -0.06798659 -0.00135027 0.03300000
v -0.06797879 0.00169829 0.03300000
v -0.06792552 0.00241784 0.03300000
v -0.06783435 0.00474344 0.03300000
v -0.04186498 -0.05358473 0.03300000
v -0.05766727 -0.03603451 0.03300000
v -0.05501316 -0.03996940 0.03300000
v -0.06004044 -0.03192407 0.03300000
v -0.06708673 0.01110728 0.03300000
v -0.06732982 0.00952337 0.03300000
v -0.06734663 0.00934529 0.03300000
v -0.06753554 0.00793417 0.03300000
v -0.06749156 0.00819451 0.03300000
v -0.01645069 -0.06598011 0.03300000
v -0.01413800 -0.06651404 0.03300000
v -0.02325737 -0.06389910 0.03300000
v -0.04891511 -0.04723677 0.03300000
v -0.04550088 -0.05053385 0.03300000
v -0.05209102 -0.04370956 0.03300000
v -0.06781007 0.00473325 0.03300000
v -0.06761711 0.00704224 0.03300000
v -0.06752564 0.00788171 0.03300000
v -0.01180808 -0.06696693 0.03300000
v -0.00946377 -0.06733823 0.03300000
v -0.00089009 -0.06799418 0.03300000
v -0.00828712 -0.06749314 0.03300000
v -0.00710794 -0.06762749 0.03300000
v -0.00178003 -0.06797670 0.03300000
v -0.00266967 -0.06794757 0.03300000
v -0.00355885 -0.06790681 0.03300000
v -0.00444741 -0.06785440 0.03300000
v -0.00533522 -0.06779038 0.03300000
v 0.02980833 0.06111596 0.03300000
v 0.02569440 0.06295905 0.03300000
v 0.02988296 0.06108252 0.03300000
v 0.03387792 0.05896004 0.03300000
v 0.03778229 0.05653821 0.03300000
v 0.03802001 0.05636745 0.03300000
v 0.04151236 0.05385882 0.03300000
v 0.04505835 0.05092895 0.03300000
v 0.04548900 0.05052130 0.03300000
v -0.00087007 0.06799447 0.03300000
v 0.00237249 0.06792653 0.03300000
v 0.01180466 0.06694498 0.03300000
v 0.00372545 0.06789818 0.03300000
v 0.00823488 0.06749979 0.03300000
v 0.02100954 0.06465960 0.03300000
v 0.02142322 0.06453726 0.03300000
v 0.01711516 0.06581138 0.03300000
v 0.01263493 0.06681594 0.03300000
v 0.01451330 0.06643315 0.01406266
v -0.01644137 0.06594394 0.03300000
v -0.01470209 0.06639199 0.03300000
v -0.01002278 0.06725735 0.03300000
v -0.00710389 0.06759226 0.03300000
v -0.00546046 0.06778082 0.03300000
v -0.01920484 0.06523206 0.03300000
v -0.02359663 0.06377465 0.03300000
v -0.04888866 0.04721091 0.03300000
v -0.04698576 0.04915691 0.03300000
v -0.04355527 0.05222011 0.03300000
v -0.04184139 0.05355443 0.03300000
v -0.03993112 0.05504163 0.03300000
v -0.03609619 0.05762901 0.03300000
v -0.03398028 0.05885571 0.03300000
v -0.03207904 0.05995795 0.03300000
v -0.02796054 0.06198616 0.03300000
v -0.02545817 0.06301172 0.03300000
v -0.06656064 0.01391810 0.03300000
v -0.06651097 0.01413730 0.03300000
v -0.06605584 0.01614563 0.03300000
v -0.06387968 0.02324980 0.03300000
v -0.06414784 0.02256227 0.03300000
v -0.06547646 0.01835429 0.03300000
v -0.06001606 0.03191058 0.03300000
v -0.06055797 0.03093150 0.03300000
v -0.06247883 0.02684137 0.03300000
v -0.05498666 0.03994967 0.03300000
v -0.05587899 0.03875064 0.03300000
v -0.05836581 0.03489212 0.03300000
v -0.05019584 0.04587412 0.03300000
v -0.05317220 0.04238775 0.03300000
v 0.05207270 0.04369484 0.03300000
v 0.05153879 0.04435959 0.03300000
v 0.04839256 0.04777280 0.03300000
v 0.05764188 0.03601929 0.03300000
v 0.05706277 0.03698526 0.03300000
v 0.05443695 0.04075115 0.03300000
v 0.06209196 0.02764567 0.03300000
v 0.06159161 0.02881896 0.03300000
v 0.05950365 0.03291376 0.03300000
v 0.06533480 0.01873491 0.03300000
v 0.06497808 0.02004664 0.03300000
v 0.06343197 0.02450342 0.03300000
v 0.06618313 0.01561550 0.03300000
v 0.05162016 0.04533664 0.05049999
v 0.05163202 0.04532235 0.05049999
v 0.05227035 0.04400102 0.04179336
v 0.04553068 0.05117623 0.03300000
v 0.04199781 0.05422658 0.03300000
v 0.04197182 0.05449971 0.03940637
v 0.04722635 0.04970642 0.04176367
v 0.04749597 0.04923840 0.03300000
v 0.04195875 0.05464281 0.04096777
v 0.04195239 0.05471255 0.04172881
v 0.05194561 0.04441760 0.03300000
v 0.04885298 0.04790036 0.03300000
v 0.05706009 0.03733974 0.03735210
v 0.05725427 0.03709221 0.03300000
v 0.05255631 0.04363271 0.03732742
v 0.05479085 0.04074880 0.03300000
v 0.05270714 0.04343564 0.03300000
v 0.06180082 0.02866703 0.03300000
v 0.06101653 0.03025527 0.03300000
v 0.06084763 0.03059152 0.03737600
v 0.05973263 0.03285529 0.03300000
v 0.05738919 0.03689195 0.03300000
v 0.06357357 0.02437800 0.03300000
v 0.06385192 0.02346190 0.03740038
v 0.06401870 0.02305612 0.03300000
v 0.06602094 0.01603841 0.03742547
v 0.06621658 0.01557078 0.03300000
v 0.06505233 0.01998667 0.03300000
v 0.06731900 0.00841874 0.03745056
v 0.06623202 0.01551223 0.03300000
v 0.06589528 0.01220499 0.05049999
v 0.06600179 0.01137979 0.05049999
v 0.06646695 0.01069787 0.04631431
v 0.06624437 0.00710905 0.05049999
v 0.06467877 0.01941870 0.05049999
v 0.06467999 0.01941268 0.05049999
v 0.06520901 0.01805946 0.04629452
v 0.06545693 0.01560128 0.05049999
v 0.06589489 0.01220801 0.05049999
v 0.06253783 0.02640892 0.05049999
v 0.06254098 0.02640023 0.05049999
v 0.06305789 0.02521300 0.04627443
v 0.06343349 0.02394073 0.05049999
v 0.06460363 0.01978730 0.05049999
v 0.05672365 0.03782040 0.04182072
v 0.05592515 0.03940675 0.05049999
v 0.05786742 0.03633057 0.05049999
v 0.06049675 0.03120210 0.04184748
v 0.05960154 0.03310287 0.05049999
v 0.05960738 0.03309199 0.05049999
v 0.06006779 0.03205823 0.04625548
v 0.06008294 0.03220684 0.05049999
v 0.06193115 0.02808075 0.05049999
v 0.05225086 0.04457723 0.05049999
v 0.05526210 0.04045688 0.05049999
v 0.05591689 0.03941982 0.05049999
v 0.04916948 0.04828742 0.05049999
v 0.04680466 0.05081368 0.05049999
v 0.04191852 0.05508346 0.04577602
v 0.04186251 0.05571937 0.05049993
v 0.04531002 0.05241035 0.05049999
v 0.04678983 0.05082952 0.05049999
v 0.06694955 0.00939507 0.04193277
v 0.06350234 0.02420199 0.04187519
v 0.06566842 0.01689970 0.04190410
v 0.06143174 0.05037289 0.21588452
v 0.06088790 0.05307238 0.21346976
v 0.05929878 0.05645236 0.22175850
v 0.05826005 0.03151035 0.24636348
v 0.05994041 0.03077423 0.24270321
v 0.05932964 0.03855198 0.24063446
v 0.06503500 0.03271695 0.21690936
v 0.06175840 0.04966009 0.20504661
v 0.06116854 0.05190309 0.20241691
v 0.06058362 0.05393399 0.19961865
v 0.05841922 0.05974156 0.18706150
v 0.05892301 0.05864586 0.19036742
v 0.05582685 0.05066994 0.12537213
v 0.05986548 0.03118898 0.08781423
v 0.06171295 0.02875698 0.05779482
v 0.05531076 0.04149571 0.05863405
v 0.04001392 0.08979708 0.14568605
v 0.04000014 0.09048086 0.14765342
v 0.04320649 0.08546076 0.14436288
v 0.03995646 0.09282771 0.15454514
v 0.03994869 0.09346384 0.15657015
v 0.04311039 0.08840837 0.15301342
v 0.03992947 0.09572284 0.16414244
v 0.03992850 0.09612158 0.16558929
v 0.04307352 0.09102892 0.16177018
v 0.03993843 0.09818427 0.17386068
v 0.03994032 0.09838539 0.17471536
v 0.04309817 0.09324861 0.17063691
v 0.04002569 0.10075799 0.18867250
v 0.04006957 0.10123838 0.19329287
v 0.04333746 0.09613165 0.18867178
v 0.04036874 0.10088363 0.21366484
v 0.04042728 0.10039266 0.21671225
v 0.04397936 0.09559584 0.21142371
v 0.04046418 0.10006619 0.21860869
v 0.04052028 0.09944659 0.22131349
v 0.04414652 0.09474926 0.21589936
v 0.04165506 0.06519777 0.26118696
v 0.04167772 0.06361782 0.26180220
v 0.04639816 0.06122487 0.25599194
v 0.04199061 0.01844848 0.26963741
v 0.04199279 0.01750918 0.26967740
v 0.04463990 0.01721835 0.26736635
v 0.05001990 0.00050000 0.26233166
v 0.05275115 0.00050000 0.25908285
v 0.05273256 0.00740896 0.25898147
v 0.06744386 0.00537381 0.22310235
v 0.06782540 0.00050000 0.22015049
v 0.06751118 0.00050000 0.22328837
v 0.06736075 0.00050000 0.22479059
v 0.06551038 0.00050000 0.23392911
v 0.06620280 0.00050000 0.23101057
v 0.06614549 0.00580196 0.23082848
v 0.06658796 0.00050000 0.22938712
v 0.06399732 0.00622258 0.23837127
v 0.06406981 0.00050000 0.23855306
v 0.06413306 0.00050000 0.23838802
v 0.06247236 0.00050000 0.24272181
v 0.06102174 0.00663209 0.24563862
v 0.06105445 0.00050000 0.24579360
v 0.05725186 0.00702797 0.25253874
v 0.05828364 0.00050000 0.25105107
v 0.06051881 0.00050000 0.24695398
v 0.05301355 0.00050000 0.25877076
v 0.05577158 0.00050000 0.25500703
v 0.05726200 0.00050000 0.25265992
v 0.04679361 0.00050000 0.26568764
v 0.04751691 0.00050000 0.26493526
v 0.04752098 0.00777494 0.26488054
v 0.04200350 0.00405151 0.26992863
v 0.04199993 0.00050000 0.26994097
v 0.04335069 0.00050000 0.26882035
v 0.04199759 0.01544179 0.26976538
v 0.04466048 0.00050000 0.26762861
v 0.04197567 0.02487735 0.26936382
v 0.04457249 0.02646726 0.26683587
v 0.04196858 0.02690010 0.26920575
v 0.04192133 0.03842989 0.26806682
v 0.04193137 0.03626015 0.26832122
v 0.04447269 0.03567655 0.26588839
v 0.04194950 0.03234174 0.26878059
v 0.04196312 0.02845922 0.26908392
v 0.04433896 0.04480521 0.26439184
v 0.04187428 0.04555640 0.26693362
v 0.04191895 0.03894291 0.26800668
v 0.04177884 0.05572701 0.26453072
v 0.04178922 0.05471232 0.26479739
v 0.04416998 0.05378387 0.26219797
v 0.04182857 0.05086385 0.26580900
v 0.04185062 0.04830443 0.26635134
v 0.04169055 0.06272363 0.26215047
v 0.04171693 0.06088433 0.26286668
v 0.04655420 0.05702160 0.25767374
v 0.04173712 0.05920246 0.26340938
v 0.04175164 0.05799257 0.26379973
v 0.04623250 0.06531683 0.25405908
v 0.04160865 0.06792399 0.25992244
v 0.04161867 0.06733557 0.26019537
v 0.04157855 0.06969299 0.25910193
v 0.04605800 0.06926960 0.25185853
v 0.04153667 0.07180613 0.25793660
v 0.04144846 0.07609026 0.25534272
v 0.04149835 0.07373957 0.25687039
v 0.04153082 0.07210120 0.25777388
v 0.04144800 0.07611225 0.25532848
v 0.04587561 0.07305267 0.24937738
v 0.04142157 0.07735734 0.25451934
v 0.04568663 0.07663173 0.24660970
v 0.04135955 0.07992147 0.25257951
v 0.04125581 0.08368261 0.24936946
v 0.04126109 0.08349676 0.24953230
v 0.04549245 0.07997213 0.24355491
v 0.04134234 0.08063298 0.25204128
v 0.04135404 0.08014934 0.25240713
v 0.04113375 0.08736947 0.24548341
v 0.04115461 0.08677939 0.24617346
v 0.04529479 0.08304065 0.24022342
v 0.04116694 0.08643081 0.24658103
v 0.04124789 0.08392747 0.24912097
v 0.04108659 0.08870367 0.24392338
v 0.04509563 0.08580901 0.23663421
v 0.04104630 0.08974113 0.24252792
v 0.04091425 0.09291116 0.23782058
v 0.04093705 0.09238372 0.23864503
v 0.04489686 0.08825621 0.23281439
v 0.04100214 0.09087816 0.24099858
v 0.04101805 0.09046847 0.24154963
v 0.04078591 0.09546416 0.23288198
v 0.04470063 0.09037098 0.22879638
v 0.04073213 0.09644221 0.23073716
v 0.04450892 0.09215293 0.22461559
v 0.04072106 0.09661839 0.23026837
v 0.04082409 0.09476983 0.23440470
v 0.04082798 0.09468946 0.23455240
v 0.04090147 0.09317454 0.23733653
v 0.04056612 0.09890367 0.22348161
v 0.04061828 0.09819296 0.22584184
v 0.04432360 0.09360746 0.22030611
v 0.04064465 0.09783363 0.22703512
v 0.04067343 0.09737589 0.22825296
v 0.04055193 0.09909704 0.22283949
v 0.04045780 0.10013674 0.21830066
v 0.04021681 0.10158256 0.20467348
v 0.04028098 0.10138721 0.20867981
v 0.04382362 0.09616812 0.20690151
v 0.04028268 0.10138202 0.20878614
v 0.04034025 0.10105504 0.21206124
v 0.04036519 0.10091336 0.21348031
v 0.04007327 0.10127220 0.19366051
v 0.04013238 0.10154787 0.19866498
v 0.04355142 0.09657447 0.19779010
v 0.04007220 0.10126723 0.19357033
v 0.04013746 0.10157159 0.19909556
v 0.04018851 0.10157865 0.20268400
v 0.04020260 0.10158060 0.20367385
v 0.03997062 0.09969597 0.18133987
v 0.03998768 0.10005382 0.18370803
v 0.04318595 0.09498291 0.17960937
v 0.03998950 0.10009202 0.18396081
v 0.04001642 0.10065646 0.18769599
v 0.03994145 0.09850614 0.17522849
v 0.03992655 0.09691709 0.16847576
v 0.03993156 0.09486667 0.16103579
v 0.03996202 0.09237202 0.15309460
v 0.04382683 0.07529552 0.11892064
v 0.04027281 0.08173988 0.12519105
v 0.04335953 0.08225113 0.13580765
v 0.04025535 0.08223162 0.12640406
v 0.04012154 0.08599830 0.13569559
v 0.04010671 0.08641577 0.13672538
v 0.04008485 0.08721230 0.13883628
v 0.04002034 0.08956308 0.14506598
v 0.04069827 0.07278828 0.10410114
v 0.04067215 0.07324525 0.10520495
v 0.04448759 0.06804177 0.10218085
v 0.04061747 0.07440843 0.10794170
v 0.04034828 0.08013444 0.12141378
v 0.04117631 0.06490142 0.08445604
v 0.04112078 0.06575372 0.08666350
v 0.04528947 0.06105991 0.08535720
v 0.04105218 0.06680665 0.08939059
v 0.04095440 0.06830744 0.09327759
v 0.04571117 0.05788721 0.07683159
v 0.04133881 0.06258008 0.07781418
v 0.04128570 0.06333868 0.07998468
v 0.04152949 0.05978156 0.06884827
v 0.04151927 0.05992670 0.06939514
v 0.04612209 0.05506085 0.06818964
v 0.04149735 0.06025165 0.07045533
v 0.04138029 0.06198737 0.07611831
v 0.04176915 0.05672960 0.05624301
v 0.04170191 0.05750567 0.05973048
v 0.04649982 0.05268562 0.05941291
v 0.04168210 0.05773425 0.06075765
v 0.04163719 0.05825257 0.06308682
v 0.04185562 0.05579386 0.05092348
v 0.05115289 0.04728914 0.05903591
v 0.05886613 0.03530797 0.05821742
v 0.06376280 0.02190767 0.05737258
v 0.06496404 0.01485479 0.05695451
v 0.06393992 0.01781332 0.06326421
v 0.06184364 0.02431935 0.07560827
v 0.05815024 0.03805863 0.10008581
v 0.05624860 0.04774539 0.11892380
v 0.05678194 0.04464433 0.11256762
v 0.05535392 0.05582416 0.13857736
v 0.05552540 0.05337854 0.13192160
v 0.05532199 0.05795489 0.14534171
v 0.05543920 0.05970735 0.15221073
v 0.05571361 0.06100623 0.15917183
v 0.05615035 0.06176417 0.16619863
v 0.05675085 0.06187858 0.17324521
v 0.05751090 0.06123912 0.18023647
v 0.05794759 0.06060313 0.18367817
v 0.05945488 0.05731212 0.19357558
v 0.06001033 0.05573982 0.19666566
v 0.06234622 0.04722043 0.20749624
v 0.06292532 0.04460202 0.20975901
v 0.06403229 0.03890504 0.21371211
v 0.06589951 0.02617056 0.21938814
v 0.06660112 0.01937673 0.22120656
v 0.06712089 0.01242190 0.22242399
v 0.05801545 0.03793631 0.06578638
v 0.05459218 0.04402946 0.06662150
v 0.05712031 0.04090632 0.07323392
v 0.05382933 0.04694261 0.07448222
v 0.05621906 0.04412690 0.08059432
v 0.05305767 0.05013913 0.08224650
v 0.05452235 0.05099675 0.09519275
v 0.05160401 0.05703056 0.09762247
v 0.05311032 0.05799332 0.10982336
v 0.05040408 0.06409504 0.11299933
v 0.05206644 0.06468046 0.12466528
v 0.04953438 0.07084975 0.12857153
v 0.05169618 0.06778485 0.13220860
v 0.04923498 0.07397620 0.13647772
v 0.05143388 0.07066303 0.13984944
v 0.04903141 0.07686297 0.14448114
v 0.05128513 0.07326249 0.14759602
v 0.04892822 0.07945329 0.15259047
v 0.05125630 0.07552315 0.15545054
v 0.04893049 0.08168260 0.16080786
v 0.05135268 0.07737786 0.16340931
v 0.04904222 0.08347818 0.16912897
v 0.05157801 0.07874665 0.17145975
v 0.04926579 0.08475372 0.17753942
v 0.05193234 0.07953414 0.17957599
v 0.04960008 0.08540609 0.18601008
v 0.05241033 0.07962786 0.18771155
v 0.05003883 0.08531316 0.19448866
v 0.05300090 0.07889763 0.19578953
v 0.05029394 0.08494368 0.19870569
v 0.05057036 0.08433432 0.20288821
v 0.05333348 0.07818066 0.19977124
v 0.05086590 0.08346671 0.20701803
v 0.05368784 0.07720810 0.20368893
v 0.05117824 0.08232488 0.21107210
v 0.05406160 0.07596627 0.20751972
v 0.05150500 0.08089484 0.21502478
v 0.05445239 0.07444740 0.21123810
v 0.05184393 0.07916965 0.21884771
v 0.05485777 0.07264750 0.21481712
v 0.05219274 0.07714681 0.22251125
v 0.05527469 0.07057033 0.21823068
v 0.05254867 0.07483255 0.22598721
v 0.05570035 0.06822604 0.22145547
v 0.05290934 0.07224068 0.22925104
v 0.05613122 0.06563117 0.22447272
v 0.05327178 0.06939160 0.23228414
v 0.05656370 0.06280637 0.22726883
v 0.05363312 0.06631010 0.23507388
v 0.05699411 0.05977514 0.22983749
v 0.05399051 0.06302334 0.23761643
v 0.05741856 0.05656206 0.23217620
v 0.05434099 0.05955908 0.23991205
v 0.06043558 0.02282134 0.24416633
v 0.05903602 0.01512966 0.24865313
v 0.06080040 0.01475815 0.24511547
v 0.05707910 0.01549465 0.25209016
v 0.05870759 0.02337049 0.24775834
v 0.05678913 0.02391043 0.25125229
v 0.05493527 0.01585287 0.25541496
v 0.05059208 0.06247757 0.24724193
v 0.04869680 0.05993233 0.25268543
v 0.05085000 0.05862148 0.24923719
v 0.04909064 0.05166003 0.25589353
v 0.05059299 0.04973850 0.06742908
v 0.04999253 0.05260374 0.07569100
v 0.04938168 0.05578427 0.08384658
v 0.04822811 0.06271299 0.09996952
v 0.04728029 0.06986314 0.11605401
v 0.04660436 0.07670729 0.13231184
v 0.04637809 0.07986880 0.14055713
v 0.04623063 0.08277868 0.14889868
v 0.04616540 0.08537600 0.15734608
v 0.04618614 0.08759163 0.16590215
v 0.04629560 0.08934704 0.17456223
v 0.04649514 0.09054921 0.18331100
v 0.04678318 0.09108665 0.19211639
v 0.04715384 0.09082700 0.20092089
v 0.04736707 0.09035128 0.20529462
v 0.04759663 0.08961860 0.20962752
v 0.04784056 0.08860936 0.21389915
v 0.04809676 0.08730686 0.21808393
v 0.04836306 0.08569676 0.22215338
v 0.04863734 0.08377293 0.22607620
v 0.04891747 0.08153430 0.22982003
v 0.04920100 0.07898964 0.23335446
v 0.04948584 0.07615634 0.23665382
v 0.04976956 0.07305873 0.23969932
v 0.05004990 0.06972580 0.24247940
v 0.05032477 0.06618841 0.24499257
v 0.05284769 0.05729182 0.24566002
v 0.05133114 0.05057408 0.25252122
v 0.04943501 0.04308961 0.25825906
v 0.04695902 0.04395422 0.26140314
v 0.04717237 0.03501179 0.26298475
v 0.04670000 0.05272977 0.25912315
v 0.05634542 0.05457608 0.23817237
v 0.05468183 0.05594329 0.24196734
v 0.05532442 0.04835214 0.24539931
v 0.05341171 0.04947146 0.24901880
v 0.05391401 0.04131770 0.25155240
v 0.05175652 0.04221089 0.25497139
v 0.05211676 0.03364749 0.25672144
v 0.04972374 0.03433556 0.25992531
v 0.04995186 0.02547276 0.26102620
v 0.04733811 0.02597455 0.26400906
v 0.04745471 0.01688683 0.26460224
v 0.05261140 0.01620428 0.25861597
v 0.05468566 0.02444083 0.25463623
v 0.05639219 0.03223484 0.24992819
v 0.05770662 0.03948789 0.24437125
v 0.05862036 0.04606455 0.23786117
v 0.05783340 0.05319097 0.23428817
v 0.05706234 0.04721629 0.24167581
v 0.05589968 0.04040999 0.24801476
v 0.05434214 0.03294726 0.25338495
v 0.05240404 0.02496160 0.25789815
v 0.05011498 0.01654888 0.26168203
v 0.05880491 0.05922368 0.21916707
v 0.06034063 0.05558044 0.21085836
v 0.05831114 0.06178703 0.21636792
v 0.05979581 0.05787865 0.20805897
v 0.05782206 0.06412251 0.21336980
v 0.05925905 0.05995062 0.20508273
v 0.05734207 0.06621356 0.21018757
v 0.05873563 0.06178383 0.20194586
v 0.05687537 0.06804752 0.20684005
v 0.05823045 0.06336947 0.19866718
v 0.05642521 0.06961779 0.20334943
v 0.05774738 0.06470450 0.19526805
v 0.05599501 0.07092317 0.19973989
v 0.05729012 0.06579027 0.19177063
v 0.05558730 0.07196915 0.19603552
v 0.05686138 0.06663380 0.18819650
v 0.05520451 0.07276434 0.19225933
v 0.06373240 0.01399709 0.23778512
v 0.06443430 0.02112489 0.23292054
v 0.06330223 0.02169769 0.23673584
v 0.06381667 0.02850427 0.23126902
v 0.06272165 0.02927008 0.23514439
v 0.06305774 0.03567137 0.22898574
v 0.06200783 0.03664233 0.23293014
v 0.06217933 0.04252608 0.22599228
v 0.06118122 0.04371780 0.23000790
v 0.06120946 0.04894207 0.22222246
v 0.06026759 0.05037205 0.22630180
v 0.05978788 0.05349457 0.22413673
v 0.06196651 0.04750178 0.21809943
v 0.06298753 0.04132502 0.22193141
v 0.06391275 0.03469206 0.22499414
v 0.06471207 0.02773128 0.22734429
v 0.06536249 0.02054626 0.22905339
v 0.06584545 0.01321613 0.23019131
v 0.05914163 0.05178904 0.23032744
v 0.05999422 0.04489789 0.23396792
v 0.06076436 0.03760304 0.23681684
v 0.06142868 0.03002713 0.23895957
v 0.06196832 0.02226348 0.24048825
v 0.06236717 0.01438045 0.24148895
v 0.06275292 0.02475093 0.06409778
v 0.05484891 0.07332215 0.18843122
v 0.05609855 0.06763577 0.18089582
v 0.05422764 0.07378577 0.18068756
v 0.05547404 0.06781682 0.17349686
v 0.05373764 0.07348647 0.17290999
v 0.05499795 0.06729510 0.16608985
v 0.05338757 0.07254463 0.16516538
v 0.05467479 0.06618179 0.15873124
v 0.05318059 0.07106373 0.15749384
v 0.05450423 0.06457199 0.15145452
v 0.05311470 0.06913191 0.14991738
v 0.05448160 0.06254715 0.14427717
v 0.05318453 0.06682321 0.14244635
v 0.05459957 0.06017578 0.13720675
v 0.05338342 0.06419945 0.13508298
v 0.05485007 0.05751463 0.13024350
v 0.05370382 0.06131629 0.12782462
v 0.05522443 0.05461500 0.12338366
v 0.05413907 0.05822195 0.12066318
v 0.05571496 0.05152076 0.11661901
v 0.05532959 0.05158243 0.10658534
v 0.05701579 0.04491303 0.10333009
v 0.05690464 0.04463791 0.09272708
v 0.05869450 0.03800879 0.09026040
v 0.05877716 0.03777583 0.07892264
v 0.06066388 0.03114476 0.07725580
v 0.05977126 0.03452403 0.07197125
v 0.06170769 0.02785664 0.07071276
v 0.06076279 0.03148916 0.06494094
v 0.01635830 0.00050000 0.28161293
v -0.06543742 0.00050019 0.23419459
v -0.06620384 0.00050019 0.23101093
v -0.06654937 0.00050020 0.22957565
v -0.06406970 0.00050012 0.23855378
v -0.06401658 0.00050012 0.23872311
v 0.02093301 0.00050000 0.28038174
v 0.01686691 0.00050000 0.28147608
v -0.05832044 0.00050012 0.25099218
v -0.06041045 0.00050001 0.24716897
v -0.06105363 0.00050002 0.24579354
v -0.06229339 0.00050002 0.24314232
v 0.02763635 0.00050000 0.27793223
v 0.02542110 0.00050000 0.27885264
v 0.02231939 0.00050000 0.27990937
v -0.05573494 0.00050023 0.25506294
v -0.05726112 0.00050016 0.25266004
v 0.03278599 0.00050000 0.27555186
v 0.02976826 0.00050000 0.27704644
v 0.03805818 0.00050000 0.27259195
v 0.03773624 0.00050000 0.27277893
v 0.03397783 0.00050000 0.27496159
v 0.00706251 0.00050000 0.28315198
v 0.01130398 0.00050000 0.28259248
v 0.01173102 0.00050000 0.28253615
v -0.03278085 0.00050000 0.27553767
v -0.06734612 0.00050013 0.22488947
v -0.06750768 0.00050010 0.22328807
v -0.06782371 0.00050004 0.22015597
v -0.05287812 0.00050026 0.25894254
v -0.05275533 0.00050026 0.25908726
v -0.04976778 0.00050020 0.26260906
v -0.04750900 0.00050012 0.26492852
v -0.04641978 0.00050009 0.26604694
v -0.02981987 0.00050000 0.27700543
v -0.04199993 0.00050000 0.26994097
v -0.04315026 0.00050001 0.26899010
v -0.04466098 0.00050004 0.26763016
v -0.03407569 0.00050000 0.27489579
v -0.03773339 0.00050000 0.27277070
v -0.03817400 0.00050000 0.27251470
v -0.02094617 0.00050000 0.28036112
v -0.02231602 0.00050000 0.27989382
v -0.02544475 0.00050000 0.27882648
v -0.02763160 0.00050000 0.27791625
v -0.01637185 0.00050000 0.28159463
v -0.01686501 0.00050000 0.28146166
v -0.00237603 0.00050000 0.28345859
v 0.00566769 0.00050000 0.28324324
v 0.00235372 0.00050000 0.28346008
v -0.00000102 0.00050000 0.28345931
v -0.00566940 0.00050000 0.28323865
v -0.00708013 0.00050000 0.28314447
v -0.01130443 0.00050000 0.28258079
v -0.01175314 0.00050000 0.28252095
v -0.06614423 0.00584632 0.23082621
v -0.06584069 0.01330415 0.23018111
v -0.06711582 0.01250551 0.22241290
v -0.05824779 0.03170286 0.24632384
v -0.05992693 0.03096214 0.24266173
v -0.06042763 0.02296478 0.24414535
v -0.06287748 0.04482697 0.20957752
v -0.06102067 0.00668067 0.24563701
v -0.04105378 0.06677719 0.08940090
v -0.04115957 0.06521178 0.08518930
v -0.04535927 0.06051128 0.08394118
v -0.04171553 0.05731759 0.05906291
v -0.04173386 0.05711816 0.05803687
v -0.04656354 0.05230454 0.05777569
v -0.04186251 0.05571938 0.05049993
v -0.04677389 0.05081275 0.05049999
v -0.04185621 0.05578782 0.05092449
v -0.04183294 0.05604072 0.05249329
v -0.04619227 0.05460054 0.06663020
v -0.04155722 0.05934137 0.06722762
v -0.04157383 0.05908824 0.06634589
v -0.04168255 0.05772969 0.06075795
v -0.04149650 0.06026680 0.07045127
v -0.04578311 0.05737139 0.07534666
v -0.04144628 0.06103226 0.07311775
v -0.04127158 0.06355442 0.08073033
v -0.04128848 0.06331039 0.07999380
v -0.04137394 0.06207658 0.07626976
v -0.04454533 0.06748326 0.10088350
v -0.04073521 0.07222962 0.10275336
v -0.04081668 0.07068335 0.09910829
v -0.04104991 0.06683449 0.08955504
v -0.04386769 0.07478085 0.11772098
v -0.04046162 0.07742258 0.11499484
v -0.04061944 0.07442693 0.10793312
v -0.04338335 0.08181465 0.13469239
v -0.04009863 0.08676508 0.13768788
v -0.04012439 0.08597849 0.13570358
v -0.04020646 0.08347271 0.12938257
v -0.04025921 0.08222194 0.12640812
v -0.04036971 0.07960194 0.12017758
v -0.04006824 0.08769299 0.14002861
v -0.04322223 0.08507256 0.14328726
v -0.04002270 0.08954076 0.14507432
v -0.03995308 0.09312508 0.15550210
v -0.03995813 0.09281059 0.15455122
v -0.04311844 0.08807335 0.15197702
v -0.03998821 0.09094030 0.14889605
v -0.04000941 0.09008022 0.14654739
v -0.03994060 0.09390098 0.15784819
v -0.04307431 0.09075135 0.16077323
v -0.03992742 0.09573441 0.16414078
v -0.03993480 0.09816237 0.17373540
v -0.03993029 0.09791604 0.17256434
v -0.04309219 0.09303267 0.16968073
v -0.03992412 0.09619282 0.16571410
v -0.03992654 0.09585651 0.16455980
v -0.03993529 0.09818895 0.17386182
v -0.04317381 0.09483259 0.17869611
v -0.03995580 0.09930909 0.17918719
v -0.04004919 0.10106570 0.19131131
v -0.04002566 0.10074734 0.18867458
v -0.04331993 0.09605107 0.18780483
v -0.03999892 0.10038557 0.18567838
v -0.03998584 0.10005901 0.18370916
v -0.03998128 0.09994512 0.18302245
v -0.04013209 0.10152709 0.19866623
v -0.04010509 0.10146612 0.19654144
v -0.04352947 0.09656775 0.19697441
v -0.04007432 0.10124573 0.19366278
v -0.04006082 0.10114904 0.19239987
v -0.04032046 0.10115176 0.21129002
v -0.04027667 0.10136170 0.20868184
v -0.04379847 0.09623899 0.20614417
v -0.04024725 0.10150277 0.20692922
v -0.04019935 0.10157839 0.20367600
v -0.04017314 0.10161977 0.20189621
v -0.04017252 0.10161835 0.20184697
v -0.04033490 0.10108251 0.21215029
v -0.04395310 0.09570647 0.21069898
v -0.04036349 0.10086594 0.21366687
v -0.04050119 0.09963456 0.22061379
v -0.04045978 0.10004956 0.21860875
v -0.04411953 0.09489984 0.21521021
v -0.04042417 0.10040641 0.21688463
v -0.04040703 0.10053620 0.21597578
v -0.04051478 0.09949832 0.22127201
v -0.04429625 0.09379759 0.21965541
v -0.04056380 0.09889235 0.22348060
v -0.04069469 0.09706660 0.22916491
v -0.04067336 0.09738029 0.22825529
v -0.04448156 0.09238132 0.22400679
v -0.04060614 0.09836887 0.22538860
v -0.04060154 0.09842563 0.22518171
v -0.04081398 0.09495279 0.23396273
v -0.04078874 0.09545052 0.23299094
v -0.04467363 0.09063546 0.22823264
v -0.04078637 0.09549137 0.23289420
v -0.04070641 0.09686521 0.22964175
v -0.04088688 0.09351530 0.23676933
v -0.04487051 0.08855303 0.23229863
v -0.04090223 0.09317029 0.23733260
v -0.04103292 0.09008368 0.24204977
v -0.04101839 0.09045345 0.24153896
v -0.04507025 0.08613377 0.23616870
v -0.04098251 0.09136640 0.24027772
v -0.04092347 0.09269309 0.23811169
v -0.04107629 0.08897995 0.24357457
v -0.04527065 0.08338737 0.23980923
v -0.04113326 0.08737621 0.24548967
v -0.04546975 0.08033434 0.24319185
v -0.04124560 0.08388150 0.24916585
v -0.04124424 0.08392925 0.24912275
v -0.04123503 0.08425181 0.24883153
v -0.04115231 0.08684007 0.24612994
v -0.04114119 0.08715300 0.24575622
v -0.04132066 0.08125338 0.25153875
v -0.04566555 0.07700260 0.24629624
v -0.04134458 0.08031926 0.25227165
v -0.04144688 0.07609602 0.25535315
v -0.04143731 0.07651078 0.25506926
v -0.04585627 0.07342561 0.24911071
v -0.04139342 0.07841261 0.25376755
v -0.04134898 0.08014734 0.25240654
v -0.04146761 0.07519788 0.25596786
v -0.04604044 0.06963862 0.25163478
v -0.04152337 0.07249698 0.25756460
v -0.04161012 0.06785551 0.26000154
v -0.04160175 0.06831517 0.25976795
v -0.04621676 0.06567668 0.25387412
v -0.04154283 0.07155468 0.25812167
v -0.04153733 0.07182101 0.25796425
v -0.04168937 0.06272752 0.26215923
v -0.04638419 0.06157129 0.25584114
v -0.04173272 0.05955569 0.26331872
v -0.04654196 0.05735102 0.25755262
v -0.04173789 0.05917773 0.26345688
v -0.04167552 0.06374036 0.26178896
v -0.04167154 0.06399111 0.26168007
v -0.04161818 0.06734816 0.26022190
v -0.04416268 0.05410125 0.26210523
v -0.04178580 0.05503578 0.26470780
v -0.04175154 0.05799745 0.26381338
v -0.04187136 0.04582659 0.26684642
v -0.04185146 0.04830674 0.26636082
v -0.04433383 0.04507565 0.26433796
v -0.04184329 0.04932593 0.26616126
v -0.04179534 0.05421063 0.26495707
v -0.04192540 0.03764236 0.26818126
v -0.04192065 0.03842904 0.26806343
v -0.04446928 0.03589553 0.26586032
v -0.04189028 0.04346774 0.26730829
v -0.04196744 0.02706759 0.26918620
v -0.04196295 0.02845995 0.26908982
v -0.04457035 0.02663251 0.26682359
v -0.04195599 0.03062076 0.26894033
v -0.04193044 0.03648442 0.26830649
v -0.04463863 0.01732883 0.26736259
v -0.04199199 0.01762126 0.26966894
v -0.04199026 0.01844875 0.26963878
v -0.04198107 0.02283984 0.26947868
v -0.04752015 0.00782934 0.26488018
v -0.05273167 0.00746149 0.25898069
v -0.05725089 0.00707856 0.25253755
v -0.06399614 0.00626908 0.23836930
v -0.06744254 0.00541600 0.22309984
v -0.06659011 0.01949990 0.22117962
v -0.06588069 0.02632997 0.21933712
v -0.06500695 0.03290723 0.21682484
v -0.06399424 0.03911817 0.21358396
v -0.06229391 0.04744621 0.20728482
v -0.06170211 0.04988282 0.20480348
v -0.06110892 0.05211888 0.20214088
v -0.06052143 0.05413877 0.19930901
v -0.05994639 0.05592985 0.19632234
v -0.05939013 0.05748376 0.19319899
v -0.05885830 0.05879610 0.18995859
v -0.05835547 0.05986781 0.18662192
v -0.05745142 0.06131231 0.17974044
v -0.05788558 0.06070355 0.18320943
v -0.05669852 0.06189533 0.17270006
v -0.05610762 0.06172412 0.16561075
v -0.05568251 0.06091081 0.15854628
v -0.06001082 0.03065262 0.08686818
v -0.06201658 0.02375664 0.07458670
v -0.06412610 0.01726569 0.06214459
v -0.06514728 0.01433924 0.05577381
v -0.06596957 0.01171812 0.05050005
v -0.06589078 0.01220370 0.05050005
v -0.06466706 0.01941434 0.05049999
v -0.06466873 0.01940869 0.05049999
v -0.06478614 0.01901134 0.05049999
v -0.06589031 0.01220658 0.05050005
v -0.06255634 0.02641462 0.05049999
v -0.06255991 0.02640650 0.05049999
v -0.06394210 0.02141827 0.05611468
v -0.06268568 0.02612010 0.05049999
v -0.05961518 0.03311181 0.05049999
v -0.05961994 0.03310097 0.05049999
v -0.06188039 0.02829279 0.05645878
v -0.05586306 0.03938321 0.05049999
v -0.05587134 0.03937088 0.05049999
v -0.05901486 0.03486751 0.05680300
v -0.05752594 0.03690938 0.05049999
v -0.05953336 0.03329812 0.05049999
v -0.05158190 0.04528253 0.05049999
v -0.05323672 0.04329036 0.05049999
v -0.05543528 0.04107708 0.05714221
v -0.05157050 0.04529625 0.05049999
v -0.04678863 0.05079802 0.05049999
v -0.05295133 0.07898716 0.19516845
v -0.05025118 0.08501928 0.19802929
v -0.05236581 0.07965004 0.18703385
v -0.04999827 0.08535320 0.19378312
v -0.05189538 0.07949055 0.17884894
v -0.04956561 0.08537660 0.18525185
v -0.05155079 0.07863993 0.17068888
v -0.04923945 0.08465764 0.17673446
v -0.05133696 0.07721096 0.16259862
v -0.04902563 0.08331878 0.16828169
v -0.05125335 0.07529913 0.15460290
v -0.04892487 0.08146324 0.15992136
v -0.05129594 0.07298427 0.14671345
v -0.04893451 0.07917721 0.15166683
v -0.05145917 0.07033382 0.13893326
v -0.04905031 0.07653365 0.14352180
v -0.05173660 0.06740794 0.13125934
v -0.04926710 0.07359724 0.13548316
v -0.05212258 0.06425961 0.12368287
v -0.04958032 0.07042529 0.12754156
v -0.05319959 0.05749866 0.10877176
v -0.05047929 0.06359511 0.11189504
v -0.05464525 0.05045388 0.09406312
v -0.05170898 0.05648375 0.09643389
v -0.05636827 0.04357596 0.07937028
v -0.05318545 0.04959029 0.08095582
v -0.05727633 0.04037282 0.07195367
v -0.05396251 0.04641649 0.07313116
v -0.05817186 0.03743885 0.06444253
v -0.05472476 0.04354612 0.06520303
v -0.05082850 0.05894845 0.24908067
v -0.05056817 0.06281598 0.24705197
v -0.05282271 0.05760894 0.24550076
v -0.05465356 0.05625046 0.24180533
v -0.05530222 0.04863073 0.24529184
v -0.05703761 0.04748688 0.24156554
v -0.05768841 0.03972250 0.24430211
v -0.05930965 0.03878039 0.24056293
v -0.05588337 0.04065073 0.24794807
v -0.05339219 0.04975796 0.24891420
v -0.05107778 0.05495836 0.25086468
v -0.05493251 0.01595565 0.25540859
v -0.05260899 0.01630903 0.25861031
v -0.05239915 0.02511779 0.25788200
v -0.05903261 0.01522838 0.24864550
v -0.05707601 0.01559541 0.25208318
v -0.05678263 0.02406034 0.25123370
v -0.05467995 0.02459390 0.25461888
v -0.05433252 0.03314883 0.25334907
v -0.05210857 0.03385350 0.25668746
v -0.05174434 0.04246372 0.25490975
v -0.04942505 0.04334837 0.25819999
v -0.04907690 0.05196213 0.25579482
v -0.04668941 0.05303955 0.25902748
v -0.04803320 0.04955465 0.05049999
v -0.05124889 0.04689032 0.05746920
v -0.05069664 0.04926755 0.06593825
v -0.05009752 0.05208352 0.07427116
v -0.04948283 0.05523621 0.08249141
v -0.04831122 0.06216097 0.09872468
v -0.04733925 0.06935655 0.11490007
v -0.04663942 0.07627763 0.13123734
v -0.04640189 0.07948608 0.13952018
v -0.04624369 0.08244742 0.14789905
v -0.04616828 0.08510014 0.15638424
v -0.04617944 0.08737496 0.16497935
v -0.04628015 0.08919317 0.17368068
v -0.04647197 0.09046184 0.18247391
v -0.04675366 0.09106945 0.19132854
v -0.04711969 0.09088328 0.20018871
v -0.04733130 0.09044516 0.20459343
v -0.04755976 0.08975027 0.20895995
v -0.04780308 0.08877846 0.21326794
v -0.04805914 0.08751222 0.21749218
v -0.04832572 0.08593647 0.22160394
v -0.04860067 0.08404361 0.22557189
v -0.04888184 0.08183200 0.22936286
v -0.04916676 0.07930896 0.23294558
v -0.04945325 0.07649140 0.23629321
v -0.04973890 0.07340326 0.23938574
v -0.05002135 0.07007372 0.24221052
v -0.05029848 0.06653407 0.24476494
v -0.05131444 0.05086841 0.25241953
v -0.05389971 0.04156452 0.25148821
v -0.05638122 0.03243191 0.24989040
v -0.05870035 0.02351718 0.24773856
v -0.06079667 0.01485478 0.24510731
v -0.04971706 0.03454596 0.25989324
v -0.04994784 0.02563202 0.26101136
v -0.05011293 0.01665558 0.26167697
v -0.04695141 0.04421885 0.26134664
v -0.04716727 0.03522650 0.26295471
v -0.04733501 0.02613683 0.26399553
v -0.04745304 0.01699544 0.26459789
v -0.04199966 0.01395595 0.26980257
v -0.05542133 0.05955860 0.15155138
v -0.06454489 0.03390319 0.22088303
v -0.06356853 0.04033853 0.21770926
v -0.06295241 0.04155474 0.22180809
v -0.06192232 0.04774756 0.21792246
v -0.06116743 0.04919824 0.22204788
v -0.06249228 0.04628941 0.21376289
v -0.06138336 0.05062168 0.21567698
v -0.05974437 0.05376623 0.22393318
v -0.06083572 0.05332026 0.21322925
v -0.05925171 0.05672524 0.22152080
v -0.06028517 0.05582333 0.21058334
v -0.05875470 0.05949346 0.21889313
v -0.05973770 0.05811219 0.20774807
v -0.05825828 0.06204905 0.21605588
v -0.05919896 0.06017059 0.20473541
v -0.05776707 0.06437211 0.21301867
v -0.05867433 0.06198611 0.20156224
v -0.05728559 0.06644609 0.20979710
v -0.05816865 0.06355050 0.19824804
v -0.05681795 0.06825885 0.20641078
v -0.05768584 0.06486113 0.19481476
v -0.05636752 0.06980422 0.20288266
v -0.05722956 0.06592025 0.19128485
v -0.05593764 0.07108203 0.19923736
v -0.05680248 0.06673533 0.18768026
v -0.06469461 0.02790029 0.22729625
v -0.06388681 0.03489516 0.22491373
v -0.06303308 0.03588085 0.22890742
v -0.06214596 0.04276407 0.22587146
v -0.06114977 0.04396402 0.22988959
v -0.06022793 0.05063855 0.22612955
v -0.05910453 0.05206583 0.23015763
v -0.05738078 0.05685635 0.23197688
v -0.06535222 0.02067628 0.22902830
v -0.06380006 0.02867806 0.23122253
v -0.06198461 0.03685817 0.23285402
v -0.05996485 0.04515230 0.23385222
v -0.05779906 0.05347797 0.23412092
v -0.05430974 0.05987563 0.23971726
v -0.05695309 0.06007270 0.22960289
v -0.05395642 0.06334518 0.23738517
v -0.05651974 0.06310268 0.22699626
v -0.05359638 0.06663247 0.23480298
v -0.05608470 0.06592125 0.22415985
v -0.05323265 0.06970920 0.23197074
v -0.05565165 0.06850477 0.22110076
v -0.05286810 0.07254791 0.22889324
v -0.05522432 0.07083251 0.21783365
v -0.05250571 0.07512370 0.22558405
v -0.05480618 0.07288846 0.21437807
v -0.05214839 0.07741657 0.22206290
v -0.05440011 0.07466286 0.21075822
v -0.05179864 0.07941321 0.21835531
v -0.05400916 0.07615312 0.20700099
v -0.05145921 0.08110867 0.21449037
v -0.05363576 0.07736378 0.20313360
v -0.05113240 0.08250601 0.21049823
v -0.05328234 0.07830369 0.19918175
v -0.05082052 0.08361344 0.20640726
v -0.05052600 0.08444564 0.20224340
v -0.06442453 0.02125831 0.23289640
v -0.06270599 0.02944861 0.23509951
v -0.06074269 0.03782519 0.23674299
v -0.05859323 0.04632709 0.23774816
v -0.05631403 0.05487321 0.23800768
v -0.06141407 0.03021038 0.23891641
v -0.06329300 0.02183448 0.23671271
v -0.06195970 0.02240361 0.24046619
v -0.06372810 0.01408947 0.23777582
v -0.06236315 0.01447497 0.24148019
v -0.06293727 0.02422086 0.06290419
v -0.06188920 0.02730478 0.06957538
v -0.05826223 0.03757352 0.09920253
v -0.05555319 0.05308413 0.13117452
v -0.05587099 0.05033186 0.12459822
v -0.05531858 0.05775512 0.14465137
v -0.05536579 0.05557593 0.13785805
v -0.05685972 0.04422662 0.11174031
v -0.05527959 0.05423762 0.12253191
v -0.05578748 0.05110294 0.11573853
v -0.05712405 0.04442542 0.10238947
v -0.05883835 0.03747075 0.08925267
v -0.06083659 0.03058647 0.07616712
v -0.06093687 0.03097600 0.06367244
v -0.05994377 0.03398183 0.07076259
v -0.05894170 0.03722163 0.07776625
v -0.05704079 0.04409785 0.09165795
v -0.05543011 0.05109178 0.10558851
v -0.05420426 0.05780322 0.11973085
v -0.05375208 0.06093981 0.12692316
v -0.05553088 0.07209825 0.19549955
v -0.05514966 0.07286243 0.19169195
v -0.05604502 0.06767782 0.18032475
v -0.05479629 0.07338854 0.18783481
v -0.05542850 0.06779873 0.17287822
v -0.05418150 0.07378850 0.18003888
v -0.05496277 0.06721831 0.16542943
v -0.05370048 0.07342705 0.17221572
v -0.05465195 0.06604849 0.15803345
v -0.05336158 0.07242544 0.16443034
v -0.05449528 0.06438463 0.15072258
v -0.05316749 0.07088744 0.15672167
v -0.05448762 0.06230841 0.14351346
v -0.05311573 0.06890135 0.14911075
v -0.05462142 0.05988810 0.13641281
v -0.05320064 0.06654105 0.14160712
v -0.05488832 0.05718073 0.12942041
v -0.05341531 0.06386862 0.13421239
v -0.06520890 0.01805992 0.04629452
v -0.06305765 0.02521367 0.04627443
v -0.04193369 0.05490199 0.04411377
v -0.04195149 0.05470931 0.04172952
v -0.04722517 0.04970764 0.04176367
v -0.04195718 0.05464775 0.04096777
v -0.04197741 0.05442865 0.03825672
v -0.04199773 0.05422662 0.03300000
v -0.04549510 0.05121063 0.03300000
v -0.04749572 0.04924059 0.03300000
v -0.06006736 0.03205908 0.04625548
v -0.05672299 0.03782142 0.04182072
v -0.05226944 0.04400216 0.04179336
v -0.06646693 0.01069811 0.04631431
v -0.06731897 0.00841898 0.03745056
v -0.06668238 0.01337994 0.03300000
v -0.06602083 0.01603889 0.03742547
v -0.06621612 0.01557127 0.03300000
v -0.06353506 0.02448103 0.03300000
v -0.06401718 0.02305633 0.03300000
v -0.06385167 0.02346259 0.03740038
v -0.06501532 0.02010670 0.03300000
v -0.06620106 0.01564204 0.03300000
v -0.06176995 0.02873959 0.03300000
v -0.06084720 0.03059241 0.03737600
v -0.06101837 0.03025724 0.03300000
v -0.05705943 0.03734078 0.03735210
v -0.05737356 0.03691589 0.03300000
v -0.05971294 0.03289326 0.03300000
v -0.04881566 0.04794082 0.03300000
v -0.05190460 0.04446667 0.03300000
v -0.05270486 0.04343574 0.03300000
v -0.05255539 0.04363386 0.03732742
v -0.05475949 0.04078891 0.03300000
v -0.05725377 0.03709336 0.03300000
v -0.06694952 0.00939531 0.04193277
v -0.06566831 0.01690017 0.04190410
v -0.06350210 0.02420267 0.04187519
v -0.06049632 0.03120297 0.04184748
v -0.02652434 0.06287855 0.03300000
v -0.02237626 0.06440763 0.03300000
v -0.02079011 0.06491555 0.03300000
v -0.01689958 0.06597681 0.03300000
v -0.01646809 0.06609452 0.03300000
v -0.03449621 0.05905852 0.03300000
v -0.03281190 0.05993108 0.03300000
v -0.03056579 0.06109468 0.03300000
v -0.02767501 0.06237065 0.03300000
v -0.03830947 0.05677009 0.03300000
v -0.03774869 0.05710662 0.03300000
v 0.03786425 0.05705432 0.03300000
v 0.03775434 0.05711919 0.03300000
v 0.02024305 0.06508119 0.03300000
v 0.04152839 0.05457004 0.03300000
v -0.01211310 0.06699218 0.03300000
v -0.01132673 0.06710365 0.03300000
v -0.00773129 0.06761333 0.03300000
v -0.00568072 0.06777463 0.03300000
v -0.00332787 0.06795971 0.03300000
v -0.00000042 0.06801258 0.03300000
v 0.03405231 0.05930425 0.03300000
v 0.03281244 0.05993525 0.03300000
v 0.03009745 0.06131698 0.03300000
v 0.02767136 0.06236584 0.03300000
v 0.02600319 0.06308702 0.03300000
v 0.02235453 0.06437822 0.03300000
v 0.02443757 0.06368472 0.03300000
v 0.00109375 0.06802997 0.03300000
v 0.00275900 0.06798433 0.03300000
v 0.00567948 0.06777693 0.03300000
v 0.00722697 0.06766704 0.03300000
v 0.01132675 0.06711511 0.03300000
v 0.01163286 0.06707390 0.03300000
v 0.01597279 0.06621102 0.03300000
v 0.01689536 0.06596693 0.03300000
v -0.03717002 0.08122189 0.25485790
v -0.03767343 0.03894450 0.27075922
v -0.03279775 0.00871211 0.27552247
v -0.02765097 0.00883293 0.27790815
v -0.02233175 0.00893257 0.27988046
v -0.01687235 0.00901049 0.28142530
v -0.01130728 0.00906641 0.28253537
v -0.00567177 0.00910011 0.28320539
v -0.00000103 0.00911139 0.28342992
v 0.00566974 0.00910011 0.28320551
v 0.01687047 0.00901051 0.28142565
v 0.02232999 0.00893260 0.27988094
v 0.02764932 0.00883297 0.27790880
v 0.03279622 0.00871215 0.27552325
v 0.03761153 0.04893785 0.26897895
v 0.03687574 0.09186841 0.24405058
v 0.03647522 0.10092404 0.22602321
v 0.03591443 0.09902390 0.16596331
v 0.03772329 0.05757448 0.04109932
v 0.02767896 0.06253094 0.03615905
v 0.02236075 0.06455573 0.03620620
v 0.01689770 0.06614216 0.03624309
v -0.00568218 0.06797063 0.03628547
v -0.01132714 0.06728216 0.03626950
v -0.03282059 0.06008203 0.03610177
v -0.03772469 0.05757358 0.04109926
v -0.02768049 0.06253029 0.03615899
v -0.02236232 0.06455520 0.03620620
v -0.01689931 0.06614176 0.03624309
v -0.00000083 0.06820145 0.03629078
v 0.00568052 0.06797077 0.03628547
v 0.01132550 0.06728242 0.03626956
v 0.03763042 0.05887530 0.05116386
v 0.03748877 0.06091904 0.06110353
v 0.03731212 0.06358714 0.07089873
v 0.03711487 0.06675123 0.08054407
v 0.03690992 0.07028050 0.09006400
v 0.03652028 0.07794610 0.10886653
v 0.03620480 0.08574349 0.12761541
v 0.03608610 0.08947428 0.13705803
v 0.03599698 0.09298637 0.14658339
v 0.03593933 0.09619923 0.15621383
v 0.03596660 0.10310172 0.18583734
v 0.03592331 0.10136420 0.17584015
v 0.03604462 0.10410344 0.19593449
v 0.03600129 0.10370448 0.19087638
v 0.03609647 0.10427614 0.20100273
v 0.03615671 0.10420014 0.20607133
v 0.03622519 0.10385253 0.21112879
v 0.03630151 0.10320770 0.21615608
v 0.03638512 0.10223947 0.22113056
v 0.03657083 0.09923968 0.23080154
v 0.03667057 0.09717240 0.23542656
v 0.03677284 0.09471342 0.23985679
v 0.03697727 0.08865106 0.24796768
v 0.03707551 0.08509035 0.25157821
v 0.03716864 0.08122231 0.25485885
v 0.03725534 0.07708925 0.25780183
v 0.03733458 0.07273552 0.26040775
v 0.03740586 0.06820185 0.26268888
v 0.03746898 0.06352642 0.26466316
v 0.03752408 0.05874038 0.26635325
v 0.03757144 0.05387080 0.26778370
v 0.03767202 0.03894466 0.27075994
v 0.03771018 0.02885639 0.27187723
v 0.03773084 0.01872120 0.27248740
v 0.03773896 0.00857074 0.27273965
v 0.01130531 0.00906642 0.28253561
v -0.03773226 0.01872111 0.27248657
v -0.03774038 0.00857069 0.27273875
v -0.03771159 0.02885626 0.27187645
v -0.03761294 0.04893764 0.26897824
v -0.03752548 0.05874014 0.26635253
v -0.03747039 0.06352618 0.26466250
v -0.03740726 0.06820153 0.26268810
v -0.03733597 0.07273506 0.26040679
v -0.03725672 0.07708873 0.25780076
v -0.03707690 0.08509006 0.25157750
v -0.03697865 0.08865081 0.24796702
v -0.03687712 0.09186798 0.24404980
v -0.03677421 0.09471264 0.23985584
v -0.03667193 0.09717146 0.23542555
v -0.03657220 0.09923890 0.23080058
v -0.03647658 0.10092348 0.22602238
v -0.03638648 0.10223892 0.22112979
v -0.03630286 0.10320704 0.21615525
v -0.03622654 0.10385182 0.21112795
v -0.03615805 0.10419939 0.20607056
v -0.03609781 0.10427535 0.20100196
v -0.03604596 0.10410261 0.19593371
v -0.03600263 0.10370360 0.19087560
v -0.03596794 0.10310079 0.18583663
v -0.03594195 0.10231514 0.18082376
v -0.03592464 0.10136317 0.17583950
v -0.03591576 0.09902284 0.16596271
v -0.03594067 0.09619828 0.15621324
v -0.03599833 0.09298550 0.14658280
v -0.03608746 0.08947335 0.13705756
v -0.03620616 0.08574241 0.12761499
v -0.03652166 0.07794479 0.10886635
v -0.03691134 0.07027915 0.09006388
v -0.03711627 0.06675005 0.08054395
v -0.03731350 0.06358615 0.07089855
v -0.03749016 0.06091812 0.06110341
v -0.03763181 0.05887437 0.05116380
v -0.03279871 0.06047215 0.04122521
v -0.03271862 0.06189961 0.05139728
v -0.03259673 0.06407791 0.06143488
v -0.03244482 0.06686293 0.07132716
v -0.03227529 0.07011151 0.08107658
v -0.03209915 0.07369385 0.09071018
v -0.00567843 0.06847478 0.04157062
v -0.01131965 0.06777672 0.04154063
v -0.00566486 0.07023685 0.05203826
v -0.01129255 0.06951050 0.05198253
v -0.00564433 0.07277106 0.06234581
v -0.01125151 0.07201459 0.06226660
v -0.00561879 0.07586463 0.07250555
v -0.01120047 0.07508209 0.07240309
v -0.00559031 0.07933487 0.08254112
v -0.01114355 0.07853372 0.08241369
v -0.00556073 0.08305423 0.09248687
v -0.01108444 0.08224171 0.09233238
v -0.01097197 0.09000633 0.11203559
v -0.01636727 0.08864848 0.11167784
v -0.01623055 0.09633009 0.13130786
v -0.02147233 0.09445871 0.13065358
v -0.01617893 0.09994669 0.14120765
v -0.02140368 0.09809615 0.14047261
v -0.01613998 0.10330623 0.15119655
v -0.02135193 0.10148324 0.15037955
v -0.01611452 0.10632189 0.16129465
v -0.02131815 0.10453423 0.16039504
v -0.01610310 0.10889059 0.17151381
v -0.02130310 0.10714854 0.17053123
v -0.01610615 0.11089848 0.18185861
v -0.02766209 0.06295674 0.04133279
v -0.02759500 0.06449033 0.05159683
v -0.02749308 0.06678148 0.06171836
v -0.02736615 0.06966443 0.07169373
v -0.02722452 0.07298366 0.08153214
v -0.02707739 0.07661003 0.09126295
v -0.03176418 0.08139123 0.10976984
v -0.00567091 0.01971198 0.28284252
v -0.00000102 0.01973309 0.28306460
v -0.00566825 0.03029852 0.28202504
v -0.00000102 0.03032926 0.28224254
v -0.00566310 0.04082301 0.28062880
v -0.00000101 0.04086306 0.28084028
v -0.00565475 0.05123197 0.27853101
v -0.00000100 0.05128091 0.27873570
v -0.00564255 0.06143223 0.27560127
v -0.00000099 0.06148968 0.27579939
v -0.00563483 0.06641980 0.27378303
v -0.00000099 0.06648155 0.27397835
v -0.00562596 0.07130566 0.27170664
v -0.00000098 0.07137191 0.27189982
v -0.00561592 0.07606577 0.26935631
v -0.00000098 0.07613686 0.26954794
v -0.00560475 0.08067219 0.26671851
v -0.00000097 0.08074866 0.26690936
v -0.00559251 0.08509485 0.26378274
v -0.00000097 0.08517745 0.26397359
v -0.00557935 0.08929989 0.26054394
v -0.00000096 0.08938962 0.26073557
v -0.00556546 0.09325308 0.25700194
v -0.00000096 0.09335109 0.25719488
v -0.00555110 0.09692040 0.25316554
v -0.00000095 0.09702791 0.25336009
v -0.00553655 0.10027044 0.24904908
v -0.00000095 0.10038860 0.24924512
v -0.00552208 0.10327802 0.24467649
v -0.00000094 0.10340773 0.24487366
v -0.00550798 0.10592309 0.24007554
v -0.00000094 0.10606495 0.24027307
v -0.00549447 0.10819619 0.23527969
v -0.00000093 0.10835040 0.23547681
v -0.00548174 0.11009368 0.23032339
v -0.00000093 0.11026012 0.23051907
v -0.00546995 0.11162293 0.22524084
v -0.00000092 0.11180118 0.22543414
v -0.00545919 0.11279573 0.22006454
v -0.00000092 0.11298510 0.22025467
v -0.00544955 0.11363102 0.21482261
v -0.00000091 0.11383066 0.21500869
v -0.00544109 0.11414990 0.20954008
v -0.00000091 0.11435887 0.20972164
v -0.00543384 0.11437603 0.20423634
v -0.00000090 0.11459343 0.20441289
v -0.00542779 0.11433359 0.19892801
v -0.00000090 0.11455853 0.19909926
v -0.00542298 0.11404680 0.19362731
v -0.00000089 0.11427844 0.19379301
v -0.00541709 0.11283046 0.18308319
v -0.00000089 0.11307319 0.18323727
v -0.00541612 0.11089050 0.17264344
v -0.00000088 0.11114179 0.17278560
v -0.00541998 0.10837442 0.16232897
v -0.00000087 0.10863235 0.16245909
v -0.00542851 0.10539962 0.15213592
v -0.00000087 0.10566272 0.15225412
v -0.00544154 0.10207207 0.14205290
v -0.00000086 0.10233923 0.14215930
v -0.00545880 0.09847980 0.13206024
v -0.00000086 0.09875008 0.13215502
v -0.00000085 0.09109799 0.11232348
v -0.01130552 0.01964890 0.28217995
v -0.01130018 0.03020669 0.28137589
v -0.01128984 0.04070337 0.27999765
v -0.01127312 0.05108581 0.27792019
v -0.01124869 0.06126067 0.27500993
v -0.01123323 0.06623538 0.27319992
v -0.01121547 0.07110781 0.27113020
v -0.01119538 0.07585349 0.26878440
v -0.01117302 0.08044384 0.26614887
v -0.01114853 0.08484814 0.26321286
v -0.01112220 0.08903187 0.25997180
v -0.01109441 0.09296026 0.25642574
v -0.01106568 0.09659918 0.25258458
v -0.01103655 0.09991734 0.24846347
v -0.01100761 0.10289034 0.24408753
v -0.01097939 0.10549905 0.23948534
v -0.01095236 0.10773511 0.23469086
v -0.01092689 0.10959595 0.22973885
v -0.01090328 0.11108986 0.22466327
v -0.01088175 0.11222939 0.21949656
v -0.01086247 0.11303394 0.21426637
v -0.01084553 0.11352485 0.20899750
v -0.01083100 0.11372579 0.20370872
v -0.01081890 0.11366080 0.19841625
v -0.01080927 0.11335398 0.19313218
v -0.01079746 0.11210452 0.18262281
v -0.01079548 0.11013900 0.17221870
v -0.01080316 0.10760312 0.16194005
v -0.01082020 0.10461291 0.15178265
v -0.01084622 0.10127328 0.14173503
v -0.01088070 0.09767180 0.13177730
v -0.00550447 0.09082430 0.11225124
v -0.00000085 0.08332618 0.09253861
v -0.01686962 0.01954424 0.28108203
v -0.01686151 0.03005434 0.28030020
v -0.01684590 0.04050491 0.27895164
v -0.01682073 0.05084336 0.27690780
v -0.01678400 0.06097612 0.27402991
v -0.01676076 0.06592949 0.27223355
v -0.01673408 0.07077967 0.27017480
v -0.01670390 0.07550140 0.26783651
v -0.01667031 0.08006509 0.26520455
v -0.01663353 0.08443889 0.26226819
v -0.01659399 0.08858720 0.25902307
v -0.01655226 0.09247438 0.25547022
v -0.01650912 0.09606607 0.25162095
v -0.01646539 0.09933124 0.24749209
v -0.01642193 0.10224674 0.24311043
v -0.01637956 0.10479495 0.23850609
v -0.01633895 0.10696937 0.23371376
v -0.01630071 0.10876925 0.22876866
v -0.01626525 0.11020438 0.22370465
v -0.01623292 0.11128856 0.21855380
v -0.01620394 0.11204197 0.21334316
v -0.01617849 0.11248641 0.20809688
v -0.01615665 0.11264545 0.20283295
v -0.01613845 0.11254299 0.19756688
v -0.01612396 0.11220291 0.19231041
v -0.00000085 0.07960308 0.08258380
v -0.00000084 0.07612665 0.07253988
v -0.00000084 0.07302444 0.06237234
v -0.00000084 0.07048022 0.05205692
v -0.00000083 0.06870876 0.04158063
v -0.02232794 0.01939840 0.27955389
v -0.02231695 0.02984205 0.27880299
v -0.02229597 0.04022838 0.27749568
v -0.02226222 0.05050556 0.27549863
v -0.02221307 0.06057968 0.27266562
v -0.02218200 0.06550336 0.27088833
v -0.02214634 0.07032251 0.26884472
v -0.02210601 0.07501089 0.26651675
v -0.02206114 0.07953741 0.26388979
v -0.02201201 0.08386868 0.26095265
v -0.02195920 0.08796755 0.25770175
v -0.02190347 0.09179719 0.25413918
v -0.02184586 0.09532291 0.25027841
v -0.02178747 0.09851407 0.24613859
v -0.02172944 0.10134923 0.24174882
v -0.02167285 0.10381290 0.23714127
v -0.02161863 0.10590118 0.23235185
v -0.02156755 0.10761586 0.22741629
v -0.02152018 0.10896884 0.22236837
v -0.02147698 0.10997571 0.21723951
v -0.02143826 0.11065767 0.21205612
v -0.02140424 0.11103722 0.20684130
v -0.02137503 0.11113778 0.20161201
v -0.02135068 0.11098299 0.19638278
v -0.02133127 0.11059652 0.19116475
v -0.02131683 0.11000093 0.18596686
v -0.02130735 0.10921545 0.18079330
v -0.02764591 0.01921191 0.27760273
v -0.02763189 0.02957059 0.27689093
v -0.02760538 0.03987478 0.27563632
v -0.02756291 0.05007367 0.27369899
v -0.02750119 0.06007288 0.27092332
v -0.02746221 0.06495860 0.26917017
v -0.02741749 0.06973813 0.26714581
v -0.02736693 0.07438385 0.26483101
v -0.02731070 0.07886281 0.26221013
v -0.02724915 0.08313964 0.25927186
v -0.02718300 0.08717518 0.25601327
v -0.02711320 0.09093107 0.25243807
v -0.02704104 0.09437222 0.24856229
v -0.02696791 0.09746847 0.24440809
v -0.02689523 0.10020056 0.24000765
v -0.02682436 0.10255576 0.23539574
v -0.02675643 0.10453352 0.23060979
v -0.02669244 0.10613891 0.22568633
v -0.02663309 0.10738651 0.22065885
v -0.02657894 0.10829421 0.21555807
v -0.02653040 0.10888456 0.21040942
v -0.02648774 0.10918089 0.20523490
v -0.02645108 0.10920651 0.20004989
v -0.02642050 0.10898469 0.19486775
v -0.02639609 0.10853881 0.18969889
v -0.02637790 0.10789096 0.18455191
v -0.02636591 0.10705966 0.17943038
v -0.02636031 0.10491735 0.16927417
v -0.02637885 0.10224487 0.15924419
v -0.02642078 0.09914893 0.14933456
v -0.02648518 0.09572690 0.13953246
v -0.02657071 0.09206312 0.12981696
v -0.02165427 0.08675512 0.11117943
v -0.01653578 0.08089339 0.09207608
v -0.01662436 0.07720456 0.08220245
v -0.01670964 0.07378417 0.07223310
v -0.01678611 0.07076032 0.06213523
v -0.01684757 0.06830665 0.05189015
v -0.01688812 0.06662025 0.04149086
v -0.03279127 0.01898577 0.27524191
v -0.03277403 0.02924144 0.27457732
v -0.03274180 0.03944610 0.27338618
v -0.03269044 0.04955014 0.27152097
v -0.03261595 0.05945863 0.26881462
v -0.03256897 0.06429838 0.26709068
v -0.03251510 0.06902989 0.26508951
v -0.03245423 0.07362391 0.26279026
v -0.03238655 0.07804517 0.26017648
v -0.03231248 0.08225588 0.25723636
v -0.03223289 0.08621442 0.25396806
v -0.03214892 0.08988059 0.25037688
v -0.03206213 0.09321881 0.24648245
v -0.03197416 0.09619947 0.24231030
v -0.03188674 0.09880603 0.23789640
v -0.03180149 0.10102907 0.23327877
v -0.03171977 0.10287218 0.22849663
v -0.03164278 0.10434439 0.22358759
v -0.03157135 0.10546362 0.21858461
v -0.03150617 0.10625053 0.21351780
v -0.03144771 0.10672934 0.20841123
v -0.03139631 0.10692438 0.20328553
v -0.03135211 0.10685880 0.19815435
v -0.03131521 0.10655551 0.19302930
v -0.03128571 0.10603742 0.18792023
v -0.03126368 0.10532613 0.18283494
v -0.03124908 0.10443924 0.17777665
v -0.03124195 0.10220562 0.16774900
v -0.03126378 0.09946288 0.15784813
v -0.03131369 0.09631284 0.14806695
v -0.03139056 0.09284894 0.13839228
v -0.03149278 0.08915383 0.12880243
v -0.02679756 0.08433222 0.11054225
v -0.02187859 0.07901401 0.09171917
v -0.02199652 0.07535230 0.08190818
v -0.02211005 0.07197596 0.07199635
v -0.02221182 0.06901355 0.06195224
v -0.02229359 0.06663077 0.05176140
v -0.02234749 0.06501102 0.04142148
v 0.01686775 0.01954428 0.28108239
v 0.02232618 0.01939845 0.27955443
v 0.01685965 0.03005440 0.28030056
v 0.02231520 0.02984212 0.27880341
v 0.01684405 0.04050498 0.27895200
v 0.01130356 0.01964892 0.28218019
v 0.01129823 0.03020673 0.28137612
v 0.01128790 0.04070342 0.27999789
v 0.01127119 0.05108587 0.27792042
v 0.02764427 0.01921197 0.27760333
v 0.03278974 0.01898585 0.27524269
v 0.02763025 0.02957068 0.27689153
v 0.03277251 0.02924155 0.27457798
v 0.02760374 0.03987490 0.27563679
v 0.03274029 0.03944624 0.27338678
v 0.02756129 0.05007382 0.27369952
v 0.03268892 0.04955032 0.27152163
v 0.02753303 0.05510548 0.27242661
v 0.03265480 0.05453645 0.27028459
v 0.02749957 0.06007306 0.27092385
v 0.03261445 0.05945884 0.26881522
v 0.02746059 0.06495878 0.26917070
v 0.03256747 0.06429860 0.26709127
v 0.02741588 0.06973835 0.26714641
v 0.03251360 0.06903016 0.26509011
v 0.02736534 0.07438418 0.26483172
v 0.03245274 0.07362431 0.26279110
v 0.02730911 0.07886319 0.26221091
v 0.03238507 0.07804561 0.26017737
v 0.02724756 0.08313995 0.25927252
v 0.03231099 0.08225624 0.25723714
v 0.02718141 0.08717539 0.25601381
v 0.03223141 0.08621467 0.25396866
v 0.02711162 0.09093126 0.25243855
v 0.03214744 0.08988082 0.25037748
v 0.02703947 0.09437253 0.24856289
v 0.03206066 0.09321918 0.24648310
v 0.02696634 0.09746902 0.24440880
v 0.03197270 0.09620013 0.24231108
v 0.02689366 0.10020125 0.24000843
v 0.03188528 0.09880685 0.23789729
v 0.02682280 0.10255632 0.23539646
v 0.03180003 0.10102974 0.23327960
v 0.02675488 0.10453393 0.23061039
v 0.03171832 0.10287266 0.22849740
v 0.02669090 0.10613932 0.22568692
v 0.03164133 0.10434487 0.22358830
v 0.02663155 0.10738698 0.22065945
v 0.03156991 0.10546418 0.21858533
v 0.02657741 0.10829473 0.21555866
v 0.03150473 0.10625115 0.21351852
v 0.02652887 0.10888510 0.21041001
v 0.03144627 0.10672998 0.20841195
v 0.02648621 0.10918146 0.20523550
v 0.03139488 0.10692506 0.20328625
v 0.02644956 0.10920711 0.20005049
v 0.03135068 0.10685953 0.19815500
v 0.02641898 0.10898533 0.19486828
v 0.03131379 0.10655627 0.19302996
v 0.02639458 0.10853948 0.18969943
v 0.03128429 0.10603822 0.18792082
v 0.02636440 0.10706041 0.17943086
v 0.03124767 0.10444014 0.17777719
v 0.02635881 0.10491811 0.16927458
v 0.03124054 0.10220654 0.16774954
v 0.02637734 0.10224556 0.15924467
v 0.03126236 0.09946370 0.15784867
v 0.02641927 0.09914955 0.14933498
v 0.03131226 0.09631358 0.14806749
v 0.02648368 0.09572758 0.13953282
v 0.03138913 0.09284975 0.13839276
v 0.02656921 0.09206390 0.12981726
v 0.03149136 0.08915477 0.12880279
v 0.02679605 0.08433317 0.11054237
v 0.03176273 0.08139236 0.10977007
v 0.02707586 0.07661101 0.09126301
v 0.03209767 0.07369502 0.09071030
v 0.02722299 0.07298451 0.08153225
v 0.03227382 0.07011253 0.08107670
v 0.02736463 0.06966516 0.07169385
v 0.03244337 0.06686378 0.07132728
v 0.02749156 0.06678215 0.06171842
v 0.03259527 0.06407872 0.06143500
v 0.02759348 0.06449100 0.05159689
v 0.03271716 0.06190041 0.05139733
v 0.02766056 0.06295740 0.04133279
v 0.03279725 0.06047294 0.04122527
v 0.03281912 0.06008281 0.03610183
v 0.02234591 0.06501156 0.04142148
v 0.01688651 0.06662066 0.04149086
v 0.02229202 0.06663132 0.05176146
v 0.01684595 0.06830706 0.05189021
v 0.02221025 0.06901409 0.06195236
v 0.01678449 0.07076074 0.06213529
v 0.02210847 0.07197655 0.07199641
v 0.01670802 0.07378461 0.07223316
v 0.02199493 0.07535298 0.08190830
v 0.01662273 0.07720507 0.08220251
v 0.02187700 0.07901480 0.09171923
v 0.01653415 0.08089399 0.09207614
v 0.02165269 0.08675588 0.11117955
v 0.01636564 0.08864905 0.11167796
v 0.02147076 0.09445934 0.13065381
v 0.01622892 0.09633057 0.13130803
v 0.02140210 0.09809671 0.14047290
v 0.01617729 0.09994710 0.14120783
v 0.02135035 0.10148375 0.15037991
v 0.01613834 0.10330661 0.15119679
v 0.02131657 0.10453479 0.16039540
v 0.01611287 0.10632231 0.16129495
v 0.02130151 0.10714915 0.17053159
v 0.01610144 0.10889105 0.17151411
v 0.02130576 0.10921605 0.18079372
v 0.01610449 0.11089893 0.18185891
v 0.02132967 0.11059707 0.19116516
v 0.01612228 0.11220332 0.19231077
v 0.02134908 0.11098351 0.19638319
v 0.01613677 0.11254337 0.19756724
v 0.02137342 0.11113826 0.20161249
v 0.01615496 0.11264582 0.20283331
v 0.02140263 0.11103767 0.20684178
v 0.01617680 0.11248676 0.20809723
v 0.02143664 0.11065811 0.21205659
v 0.01620224 0.11204229 0.21334352
v 0.02147536 0.10997612 0.21723999
v 0.01623121 0.11128888 0.21855415
v 0.02151855 0.10896922 0.22236885
v 0.01626354 0.11020466 0.22370507
v 0.02156591 0.10761619 0.22741677
v 0.01629899 0.10876950 0.22876902
v 0.02161698 0.10590151 0.23235233
v 0.01633722 0.10696962 0.23371418
v 0.02167120 0.10381334 0.23714180
v 0.01637782 0.10479529 0.23850651
v 0.02172778 0.10134978 0.24174942
v 0.01642018 0.10224716 0.24311091
v 0.02178580 0.09851452 0.24613918
v 0.01646363 0.09933157 0.24749251
v 0.02184419 0.09532316 0.25027889
v 0.01650735 0.09606625 0.25162125
v 0.02190179 0.09179734 0.25413960
v 0.01655049 0.09247450 0.25547051
v 0.02195751 0.08796772 0.25770217
v 0.01659221 0.08858733 0.25902337
v 0.02201031 0.08386893 0.26095319
v 0.01663174 0.08443908 0.26226860
v 0.02205944 0.07953770 0.26389039
v 0.01666852 0.08006531 0.26520509
v 0.02210430 0.07501116 0.26651734
v 0.01670209 0.07550160 0.26783693
v 0.02214462 0.07032270 0.26884514
v 0.01673227 0.07077980 0.27017510
v 0.02218028 0.06550350 0.27088875
v 0.01675894 0.06592961 0.27223390
v 0.02221134 0.06057983 0.27266604
v 0.01678217 0.06097623 0.27403021
v 0.02223799 0.05557492 0.27419651
v 0.01680209 0.05594211 0.27558231
v 0.02226049 0.05050568 0.27549905
v 0.01681889 0.05084345 0.27690816
v 0.02229422 0.04022847 0.27749610
v 0.00566889 0.01971199 0.28284264
v 0.00566624 0.03029854 0.28202516
v 0.00566110 0.04082303 0.28062892
v 0.00565277 0.05123200 0.27853113
v 0.00564059 0.06143226 0.27560139
v 0.01124678 0.06126074 0.27501017
v 0.00563287 0.06641983 0.27378309
v 0.01123133 0.06623545 0.27320015
v 0.00562401 0.07130571 0.27170676
v 0.01121358 0.07110791 0.27113044
v 0.00561398 0.07606584 0.26935643
v 0.01119350 0.07585362 0.26878470
v 0.00560282 0.08067227 0.26671869
v 0.01117115 0.08044399 0.26614922
v 0.00559059 0.08509491 0.26378286
v 0.01114666 0.08484826 0.26321316
v 0.00557744 0.08929994 0.26054406
v 0.01112034 0.08903196 0.25997198
v 0.00556356 0.09325312 0.25700200
v 0.01109256 0.09296034 0.25642592
v 0.00554922 0.09692047 0.25316566
v 0.01106384 0.09659930 0.25258482
v 0.00553467 0.10027055 0.24904920
v 0.01103473 0.09991756 0.24846376
v 0.00552022 0.10327815 0.24467660
v 0.01100579 0.10289062 0.24408783
v 0.00550613 0.10592321 0.24007566
v 0.01097758 0.10549928 0.23948564
v 0.00549262 0.10819627 0.23527987
v 0.01095056 0.10773528 0.23469116
v 0.00547991 0.11009376 0.23032357
v 0.01092510 0.10959612 0.22973908
v 0.00546812 0.11162303 0.22524096
v 0.01090150 0.11109006 0.22466351
v 0.00545737 0.11279584 0.22006465
v 0.01087998 0.11222960 0.21949680
v 0.00544775 0.11363114 0.21482272
v 0.01086070 0.11303416 0.21426661
v 0.00543929 0.11415001 0.20954020
v 0.01084378 0.11352509 0.20899774
v 0.00543204 0.11437615 0.20423646
v 0.01082925 0.11372603 0.20370896
v 0.00542601 0.11433372 0.19892813
v 0.01081716 0.11366105 0.19841649
v 0.00542121 0.11404694 0.19362743
v 0.01080753 0.11335425 0.19313242
v 0.00541533 0.11283062 0.18308331
v 0.01079574 0.11210483 0.18262298
v 0.00541437 0.11089066 0.17264356
v 0.01079377 0.11013931 0.17221893
v 0.00541824 0.10837457 0.16232903
v 0.01080146 0.10760339 0.16194023
v 0.00542678 0.10539975 0.15213598
v 0.01081850 0.10461316 0.15178283
v 0.00543982 0.10207220 0.14205296
v 0.01084454 0.10127355 0.14173521
v 0.00545709 0.09847996 0.13206036
v 0.01087902 0.09767211 0.13177742
v 0.00550277 0.09082449 0.11225130
v 0.01097030 0.09000672 0.11203565
v 0.00555904 0.08305442 0.09248687
v 0.01108277 0.08224211 0.09233238
v 0.00558863 0.07933505 0.08254112
v 0.01114189 0.07853407 0.08241375
v 0.00561711 0.07586477 0.07250561
v 0.01119881 0.07508239 0.07240309
v 0.00564265 0.07277120 0.06234587
v 0.01124986 0.07201487 0.06226666
v 0.00566319 0.07023698 0.05203826
v 0.01129090 0.06951077 0.05198259
v 0.00567677 0.06847491 0.04157062
v 0.01131800 0.06777699 0.04154063
vn -0.46509837 -0.77773648 -0.42285869
vn 0.80170753 -0.29091578 -0.52214274
vn 0.87736590 -0.44191818 0.18691547
vn -0.36195775 -0.87288530 0.32719694
vn 0.62887465 -0.40325660 0.66475619
vn -0.21661567 -0.71401683 0.66577595
vn 0.46509807 0.77773674 -0.42285855
vn -0.80170751 0.29091648 -0.52214238
vn -0.87736742 0.44191456 0.18691690
vn 0.36195710 0.87288573 0.32719652
vn -0.62887497 0.40325693 0.66475568
vn 0.21661567 0.71401683 0.66577595
vn 0.74316170 -0.59871207 0.29875499
vn 0.22735742 -0.79607441 0.56086910
vn 0.88549699 -0.42199283 0.19446630
vn 0.73827954 -0.66756274 -0.09645364
vn 0.22018826 -0.92511291 -0.30932705
vn -0.38266299 -0.86200737 0.33243395
vn -0.73607973 0.67028515 -0.09436340
vn -0.22269103 0.92419744 -0.31027052
vn -0.22968309 0.79597914 0.56005614
vn 0.38128379 0.86274341 0.33210913
vn -0.74316168 0.59871205 0.29875507
vn -0.88549796 0.42199037 0.19446718
vn 0.00118748 0.72382434 -0.68998328
vn 0.12426911 0.71313928 -0.68991997
vn 0.71243320 -0.12509195 -0.69050050
vn 0.24792427 0.67948268 -0.69053374
vn 0.36124241 0.62665185 -0.69051531
vn -0.71350229 0.12400654 -0.68959181
vn 0.67953060 -0.24741432 -0.69066948
vn 0.62620339 -0.36293029 -0.69003690
vn 0.55538570 -0.46417263 -0.68999312
vn 0.46443238 -0.55464608 -0.69041313
vn 0.36231989 -0.62611812 -0.69043493
vn 0.24686452 -0.67995834 -0.69044519
vn 0.12613440 -0.71223585 -0.69051445
vn -0.00021475 -0.72320697 -0.69063133
vn -0.67959230 0.24835118 -0.69027240
vn -0.62713201 0.36089960 -0.69025859
vn -0.55374178 0.46536210 -0.69051297
vn -0.46528360 0.55377677 -0.69053781
vn -0.36139884 0.62653146 -0.69054269
vn 0.46498970 0.55393219 -0.69061111
vn 0.55556056 0.46423031 -0.68981351
vn 0.62633047 0.36356116 -0.68958932
vn 0.68033729 0.24653850 -0.69018834
vn 0.71246795 0.12679846 -0.69015330
vn 0.72333354 -0.00062043 -0.69049852
vn -0.46440821 -0.55469698 -0.69038850
vn -0.55439728 -0.46457066 -0.69051992
vn -0.36241450 -0.62611136 -0.69039141
vn -0.24620241 -0.68074760 -0.68990367
vn -0.62617620 -0.36197550 -0.69056289
vn -0.67978747 -0.24713689 -0.69051600
vn -0.71220694 -0.12578730 -0.69060758
vn -0.24753427 0.67955180 -0.69060563
vn -0.12554237 0.71230545 -0.69055055
vn -0.12685018 -0.71264662 -0.68995930
vn -0.72393258 0.00156437 -0.68986895
vn 0.39222161 0.58296681 -0.71155598
vn -0.41115394 0.72714250 -0.54974196
vn -0.40473712 0.72798085 0.55338210
vn 0.35863521 0.60491538 -0.71095581
vn 0.70839556 0.68677549 -0.16283477
vn 0.71064896 0.68470888 0.16171518
vn 0.67621808 0.39962054 -0.61889622
vn 0.40947909 0.56243295 0.71832865
vn 0.68045029 0.38875633 0.62117302
vn -0.12641962 0.62376772 0.77131829
vn 0.28798453 0.63991542 0.71244169
vn -0.23685315 0.74468840 0.62397097
vn 0.68322760 0.58085441 -0.44250220
vn -0.23720734 0.74241030 0.62654579
vn 0.65581043 0.75492250 -0.00216891
vn 0.24050892 0.71623353 0.65510686
vn 0.37057046 0.60204203 0.70726440
vn 0.27495958 0.65168839 -0.70689424
vn -0.11602416 0.64250885 -0.75744358
vn 0.66651714 0.58994118 0.45576783
vn -0.23819914 0.73955492 -0.62953926
vn 0.68032671 0.57480011 0.45470913
vn -0.21018631 0.74425351 -0.63396248
vn 0.23935729 0.67860136 -0.69441219
vn 0.66394770 0.59388632 0.45439245
vn 0.65505526 0.59609082 0.46430414
vn 0.24611274 0.65345634 -0.71583751
vn 0.84876582 0.41619627 -0.32615525
vn 0.84566191 0.41854691 0.33117129
vn 0.63713096 0.60893415 -0.47250750
vn 0.26266396 0.64953837 0.71351773
vn 0.64995375 0.60516220 -0.45971604
vn 0.66840694 0.59026884 -0.45256475
vn 0.43397196 0.69775457 -0.56991833
vn 0.48957616 0.66755634 -0.56096678
vn 0.00406068 0.76657258 0.64214484
vn 0.59476145 0.67781373 -0.43223531
vn -0.24271950 0.65226525 0.71807889
vn 0.52120501 0.68779749 -0.50525237
vn -0.09866522 0.76450531 0.63702183
vn -0.13013685 0.63980790 0.75743663
vn 0.65435045 0.67208969 -0.34658468
vn -0.30457497 0.78002582 0.54662035
vn 0.63104399 0.65768854 -0.41137484
vn -0.34772999 0.67107672 0.65478232
vn -0.19334081 0.77423329 0.60264595
vn -0.60280669 0.71103046 0.36202180
vn -0.52122541 0.76192126 0.38444773
vn 0.69957767 0.66611227 -0.25862234
vn -0.52736893 0.70631939 0.47222339
vn 0.68488534 0.65407971 -0.32111027
vn -0.41375288 0.77551786 0.47684442
vn -0.44822704 0.68606013 0.57307418
vn -0.57542223 0.77243100 0.26877427
vn 0.72450434 0.64995373 -0.22946374
vn -0.64298129 0.73005996 0.23148977
vn 0.73008744 0.65985262 -0.17767062
vn -0.59484153 0.79198762 0.13754698
vn -0.68902435 0.71836591 0.09589513
vn 0.75544012 0.64050954 -0.13804984
vn -0.59945882 0.79997109 0.02637006
vn 0.74835604 0.65731139 -0.08890987
vn 0.76538658 0.64221522 -0.04174915
vn -0.63960210 0.76865835 0.00857331
vn 0.61786512 0.51234866 -0.59644073
vn -0.52791893 0.63664264 -0.56212788
vn 0.76957088 0.63856105 -0.00066508
vn 0.74327803 0.66841213 -0.02762247
vn -0.20528263 0.71328809 -0.67013367
vn -0.13869030 0.72449820 -0.67517951
vn 0.08325818 0.70544759 0.70385494
vn -0.09566999 0.70867592 -0.69901767
vn -0.03167586 0.71963534 -0.69362931
vn 0.01929714 0.70464187 -0.70930068
vn 0.08421351 0.69176120 0.71719909
vn 0.12005153 0.69096852 -0.71284650
vn 0.11409072 0.69029619 0.71447496
vn 0.08455128 0.69461816 -0.71439254
vn 0.04075532 0.72426701 -0.68831410
vn -0.01843066 0.62213581 0.78269237
vn 0.10263235 0.76898721 0.63097169
vn 0.39315870 0.67807423 -0.62100047
vn 0.08159055 0.57929278 0.81102581
vn 0.38634714 0.67552318 -0.62801618
vn 0.12947211 0.69389223 0.70834352
vn 0.34702773 0.70015209 -0.62398622
vn 0.28608389 0.68308621 -0.67197413
vn 0.16842710 0.67375175 -0.71950740
vn 0.16711492 0.69163780 -0.70264483
vn 0.23673462 0.70721767 -0.66618307
vn 0.69001468 0.72378360 0.00412701
vn 0.55997608 0.58953892 -0.58212598
vn -0.59433051 0.56445759 -0.57285153
vn -0.72413518 0.68959433 -0.00937562
vn -0.73735229 0.67370759 -0.04929182
vn 0.75730204 0.65207597 0.03592415
vn -0.69598227 0.71003969 -0.10701556
vn 0.63706928 0.76682289 0.07826484
vn -0.70378296 0.68934046 -0.17175356
vn 0.73667967 0.66098925 0.14281552
vn -0.66778404 0.70833747 -0.22874112
vn 0.63176295 0.75489649 0.17608766
vn -0.66683760 0.68712028 -0.28843255
vn -0.60100607 0.69505293 -0.39457969
vn 0.64720879 0.66733574 0.36848853
vn -0.60613371 0.71495042 -0.34849365
vn 0.58292054 0.76405247 0.27645518
vn 0.68938422 0.67857818 0.25353709
vn -0.53563481 0.71894008 -0.44296784
vn 0.58471203 0.66359198 0.46664497
vn 0.53597274 0.76015000 0.36729444
vn 0.39831011 0.76272865 0.50950374
vn 0.51222829 0.65371369 0.55702835
vn 0.46914456 0.76459761 0.44192068
vn 0.40562400 0.74771245 0.52573307
vn -0.51744934 0.70343767 -0.48725930
vn 0.42886715 0.63908388 0.63847064
vn -0.45721227 0.71908475 -0.52332979
vn 0.32055655 0.75874099 0.56705873
vn -0.42975741 0.70185197 -0.56807779
vn 0.33001658 0.64047842 0.69345256
vn -0.35001507 0.72207693 -0.59673643
vn 0.23405949 0.74858717 0.62034942
vn -0.32067362 0.70857651 -0.62856006
vn 0.23103184 0.62625766 0.74459763
vn -0.24374145 0.72372912 -0.64560535
vn 0.15690310 0.76502077 0.62459959
vn -0.20561251 0.71277964 -0.67057340
vn 0.06912925 0.78414931 0.61670983
vn 0.11920115 0.61184430 0.78194478
vn 0.63890394 0.72584681 -0.25484931
vn -0.22402879 0.66518005 -0.71228267
vn 0.24796936 0.72807013 0.63908143
vn 0.22480153 0.76299763 0.60605189
vn -0.13757509 0.68840479 -0.71216005
vn -0.38985772 0.74083397 0.54696982
vn 0.19884551 0.97998104 0.00987996
vn -0.60786778 0.61382608 0.50370061
vn -0.41177487 0.55532322 0.72253552
vn -0.22112186 0.66457311 0.71375606
vn -0.60600235 0.62873866 0.48728725
vn 0.26636796 0.77370870 -0.57482428
vn 0.30278032 0.74254370 -0.59745538
vn -0.40641240 0.56295587 -0.71965940
vn 0.26814531 0.76293827 0.58823744
vn 0.26354161 0.74490624 0.61291151
vn -0.61219543 0.60536171 -0.50867864
vn -0.59508536 0.63492589 -0.49268908
vn -0.36803961 0.72413926 -0.58324024
vn 0.64002080 0.72092011 0.26579612
vn 0.27391625 0.74902506 -0.60326722
vn 0.26419631 0.77084078 -0.57965921
vn -0.62912563 0.51715824 0.58030019
vn 0.51975612 0.63228992 0.57451112
vn -0.62912563 0.51715824 -0.58030019
vn 0.17510117 0.92885952 0.32643464
vn 0.51975612 0.63228992 -0.57451112
vn 0.17510117 0.92885952 -0.32643464
vn -0.12968573 0.69316994 0.70901131
vn 0.12642477 -0.62376933 0.77131615
vn -0.28799002 -0.63991661 0.71243841
vn 0.23686821 -0.74466987 0.62398737
vn -0.68313816 -0.58114642 -0.44225682
vn 0.23711475 -0.74248116 0.62649686
vn -0.65581392 -0.75491949 -0.00216180
vn -0.24051047 -0.71623173 0.65510825
vn -0.35863521 -0.60491538 -0.71095581
vn -0.37057046 -0.60204203 0.70726440
vn -0.27495588 -0.65168563 -0.70689822
vn 0.11604100 -0.64250731 -0.75744230
vn -0.66657268 -0.58972961 0.45596036
vn 0.23818686 -0.73955763 -0.62954073
vn -0.68031307 -0.57481325 0.45471295
vn 0.21021821 -0.74423076 -0.63397861
vn -0.23936179 -0.67859554 -0.69441632
vn -0.68045029 -0.38875633 0.62117302
vn -0.71064896 -0.68470888 0.16171518
vn -0.40947909 -0.56243295 0.71832865
vn 0.40473712 -0.72798085 0.55338210
vn -0.70839556 -0.68677549 -0.16283477
vn -0.67621808 -0.39962054 -0.61889622
vn -0.39222161 -0.58296681 -0.71155598
vn 0.41115394 -0.72714250 -0.54974196
vn -0.66411485 -0.59332161 0.45488563
vn -0.65522030 -0.59556057 0.46475150
vn -0.24611343 -0.65345288 -0.71584042
vn -0.84876603 -0.41619526 -0.32615600
vn -0.84566545 -0.41854876 0.33115991
vn -0.63707122 -0.60900570 -0.47249584
vn -0.26266225 -0.64954647 0.71351099
vn -0.64973467 -0.60571394 -0.45929891
vn -0.66818239 -0.59087659 -0.45210302
vn 0.12957994 -0.64035556 0.75706921
vn -0.00379761 -0.76711887 0.64149374
vn -0.51896763 -0.68409593 -0.51252840
vn -0.48123427 -0.67481874 -0.55949374
vn 0.01833201 -0.62223876 0.78261284
vn -0.44329887 -0.69441938 -0.56680495
vn -0.70015311 -0.66425026 -0.26183433
vn 0.59254650 -0.71837054 0.36446182
vn 0.51893844 -0.76291093 0.38557725
vn 0.52767869 -0.70482458 0.47410706
vn 0.41695229 -0.77368639 0.47703267
vn -0.68775495 -0.65065730 -0.32192889
vn 0.44850904 -0.68538057 0.57366638
vn -0.65352095 -0.67074376 -0.35073235
vn 0.30760117 -0.77843476 0.54719361
vn -0.63332500 -0.65420591 -0.41341757
vn 0.34752410 -0.67108679 0.65488131
vn -0.59342113 -0.67607311 -0.43677970
vn 0.19428150 -0.77453640 0.60195354
vn -0.55636701 -0.66744788 -0.49494351
vn 0.24213622 -0.65172925 0.71876215
vn 0.09860731 -0.76546905 0.63587242
vn 0.58968181 -0.76094034 0.27063844
vn -0.72772326 -0.64582590 -0.23092804
vn 0.64597977 -0.72432262 0.24097071
vn -0.73081381 -0.65954501 -0.17581682
vn 0.61484095 -0.77631289 0.13895651
vn 0.69251175 -0.71358261 0.10595918
vn -0.75460287 -0.64149611 -0.13804798
vn 0.60583303 -0.79511056 0.02766814
vn -0.74895666 -0.65678443 -0.08773898
vn -0.76388563 -0.64401706 -0.04148211
vn 0.64020892 -0.76813161 0.01031378
vn -0.61786512 -0.51234866 -0.59644073
vn 0.52791893 -0.63664264 -0.56212788
vn -0.76957073 -0.63856124 -0.00066559
vn -0.74303544 -0.66867252 -0.02784583
vn 0.09601021 -0.70699802 -0.70066814
vn 0.03131667 -0.72126539 -0.69195051
vn -0.08306583 -0.70538258 0.70394281
vn -0.02005733 -0.70629764 -0.70763080
vn -0.08409751 -0.69177314 0.71720118
vn -0.11909160 -0.69086564 -0.71310719
vn -0.11410155 -0.69030381 0.71446587
vn -0.08453354 -0.69461580 -0.71439692
vn -0.04078275 -0.72423185 -0.68834947
vn -0.10228005 -0.77034436 0.62937140
vn -0.08208287 -0.58032635 0.81023684
vn -0.38721003 -0.67638692 -0.62655337
vn -0.12957859 -0.69398453 0.70823362
vn -0.34427642 -0.69941174 -0.62633614
vn -0.28553206 -0.68535511 -0.66989537
vn -0.16864539 -0.67145925 -0.72159629
vn -0.16948050 -0.69403965 -0.69970374
vn -0.23695303 -0.70603241 -0.66736160
vn -0.68981172 -0.72398052 0.00346363
vn -0.55997608 -0.58953892 -0.58212598
vn 0.59433051 -0.56445759 -0.57285153
vn 0.66643934 -0.68777435 -0.28779341
vn 0.61252799 -0.71270968 -0.34183970
vn -0.58221616 -0.76523535 0.27466199
vn 0.72418745 -0.68954368 -0.00905820
vn 0.73963700 -0.67120438 -0.04921164
vn -0.75757123 -0.65183468 0.03460317
vn 0.69919826 -0.70702798 -0.10598692
vn -0.63209079 -0.77101430 0.07744791
vn 0.70436981 -0.68889761 -0.17112353
vn -0.73609093 -0.66140061 0.14394227
vn 0.66941759 -0.70847159 -0.22349070
vn -0.63000520 -0.75644104 0.17575667
vn -0.68819399 -0.67928619 0.25487115
vn 0.54375900 -0.71509091 -0.43928480
vn -0.46800910 -0.76842604 0.43645035
vn -0.58037079 -0.66720730 0.46690916
vn 0.60066331 -0.69548626 -0.39433799
vn -0.53428371 -0.76450531 0.36065572
vn -0.64620653 -0.66724627 0.37040455
vn -0.50952077 -0.65542335 0.55750230
vn 0.52057126 -0.69964642 -0.48938784
vn -0.39933849 -0.76505254 0.50519638
vn 0.46093833 -0.71761459 -0.52207772
vn -0.42555065 -0.63949321 0.64027734
vn -0.33572275 -0.75846776 0.55858473
vn 0.42821281 -0.70013756 -0.57135032
vn -0.32703300 -0.64125172 0.69415103
vn 0.35427193 -0.72228757 -0.59396302
vn -0.25685470 -0.75673195 0.60115091
vn -0.22640556 -0.62841468 0.74420126
vn 0.31816939 -0.70829217 -0.63015112
vn -0.17539491 -0.75658710 0.62993062
vn 0.24689647 -0.72372513 -0.64440986
vn -0.11674588 -0.61253210 0.78177671
vn 0.20827050 -0.70963089 -0.67308796
vn -0.08891394 -0.77812882 0.62177959
vn 0.20737493 -0.70997644 -0.67300007
vn 0.14075704 -0.72354947 -0.67576891
vn -0.63890394 -0.72584681 -0.25484931
vn 0.22402872 -0.66518013 -0.71228262
vn -0.24796809 -0.72811390 0.63903206
vn -0.22473293 -0.76298151 0.60609762
vn 0.13757509 -0.68840479 -0.71216005
vn 0.38985784 -0.74083394 0.54696977
vn -0.19884553 -0.97998104 0.00987977
vn 0.60785617 -0.61383287 0.50370634
vn 0.41177487 -0.55532322 0.72253552
vn 0.22112187 -0.66457306 0.71375610
vn 0.60598932 -0.62876750 0.48726622
vn -0.27204030 -0.76843068 -0.57923084
vn -0.30280066 -0.74252872 -0.59746370
vn 0.40641240 -0.56295587 -0.71965940
vn -0.26811749 -0.76290070 0.58829885
vn -0.26155144 -0.74839297 0.60950702
vn 0.61292097 -0.60489594 -0.50835892
vn 0.59506761 -0.63492167 -0.49271596
vn 0.36803961 -0.72413926 -0.58324024
vn -0.64003098 -0.72090105 0.26582327
vn -0.27388349 -0.74905420 -0.60324592
vn -0.26418577 -0.77080476 -0.57971191
vn 0.62912563 -0.51715824 0.58030019
vn -0.51975612 -0.63228992 0.57451112
vn 0.62912563 -0.51715824 -0.58030019
vn -0.17510117 -0.92885952 0.32643464
vn -0.51975612 -0.63228992 -0.57451112
vn -0.17510117 -0.92885952 -0.32643464
vn 0.12968573 -0.69316994 0.70901131
vn 0.46416951 -0.52497834 0.71340340
vn -0.39326572 -0.82119697 0.41349439
vn -0.31540560 -0.88561002 -0.34090203
vn 0.83837444 -0.49687171 -0.22415798
vn 0.78866266 -0.36017635 0.49828125
vn 0.30549442 -0.62954749 0.71438303
vn -0.26642581 -0.68972698 0.67327111
vn -0.41673411 -0.84938106 0.32385878
vn 0.17434120 -0.81882446 0.54692929
vn 0.84695589 -0.48452351 -0.21886685
vn 0.35934252 -0.60743083 0.70844954
vn 0.61165997 -0.41827034 -0.67150726
vn 0.64558118 -0.35753676 0.67482768
vn 0.90039060 -0.39148651 0.18982911
vn 0.77730843 -0.56341827 0.27991331
vn -0.31138693 -0.88524646 -0.34550960
vn -0.20308194 -0.71438445 -0.66963616
vn 0.43539776 -0.55492842 -0.70886052
vn 0.42750230 -0.56523430 0.70551540
vn 0.38642923 -0.56892331 0.72594677
vn 0.37518268 -0.59101541 0.71409995
vn 0.37340031 -0.60139954 -0.70632203
vn 0.38984587 -0.58041443 -0.71494005
vn 0.42397546 -0.55392872 -0.71652479
vn -0.46416934 0.52497748 0.71340414
vn 0.39326646 0.82119643 0.41349476
vn 0.31537817 0.88562473 -0.34088920
vn -0.64558118 0.35753676 0.67482768
vn -0.90039084 0.39148559 0.18982985
vn -0.78053046 0.56039277 0.27700569
vn 0.31142456 0.88521639 -0.34555274
vn 0.20308137 0.71438419 -0.66963661
vn -0.43540465 0.55493660 -0.70884989
vn -0.43513578 0.55786326 0.70671454
vn -0.42088921 0.56254121 0.71161764
vn -0.36482519 0.60423912 -0.70837678
vn -0.35935874 0.60746857 0.70840894
vn -0.37518268 0.59101541 0.71409995
vn -0.38412304 0.57112868 0.72543884
vn -0.36639818 0.59620971 -0.71434331
vn -0.39550435 0.57870760 -0.71321373
vn -0.42397546 0.55392872 -0.71652479
vn -0.83837403 0.49687285 -0.22415697
vn -0.78866204 0.36017648 0.49828213
vn -0.30549430 0.62954734 0.71438322
vn -0.60881978 0.42372933 -0.67066529
vn -0.84699342 0.48444572 -0.21889380
vn -0.17434107 0.81882369 0.54693049
vn 0.41673515 0.84938087 0.32385791
vn 0.26642581 0.68972698 0.67327111
vn -0.69701086 -0.00853519 -0.71700977
vn -0.68993196 -0.07673430 -0.71979562
vn -0.69848652 -0.11880479 -0.70569257
vn -0.67592853 -0.15654928 -0.72014787
vn -0.65391587 -0.23137947 -0.72031769
vn -0.62369559 -0.30471562 -0.71982790
vn -0.65208004 -0.27443416 -0.70673723
vn -0.52352339 -0.47629633 -0.70644537
vn -0.53933039 -0.43643859 -0.72016948
vn -0.58379836 -0.37497228 -0.72012170
vn -0.61747586 -0.34731664 -0.70575825
vn -0.48709233 -0.49500897 -0.71951871
vn -0.46764674 -0.53188868 -0.70597518
vn -0.42676520 -0.54678443 -0.72034592
vn -0.36696265 -0.58876620 -0.72020329
vn -0.29851506 -0.62718154 -0.71939703
vn -0.33925900 -0.62162101 -0.70603870
vn -0.12152742 -0.69787480 -0.70583415
vn -0.15861862 -0.67470250 -0.72084441
vn -0.22554433 -0.65540154 -0.72081799
vn -0.26889954 -0.65462192 -0.70651481
vn -0.08077193 -0.68975947 -0.71951912
vn -0.00680860 -0.69420847 -0.71974179
vn 0.07037924 -0.69074213 -0.71966803
vn 0.03258384 -0.70678685 -0.70667577
vn 0.26821533 -0.65506783 -0.70636157
vn 0.22432327 -0.65620159 -0.72047106
vn 0.15011013 -0.67715541 -0.72036623
vn 0.11190284 -0.69951489 -0.70580215
vn 0.29893490 -0.62658157 -0.71974542
vn 0.34118161 -0.62073906 -0.70588818
vn 0.36940726 -0.58699868 -0.72039630
vn 0.43067122 -0.54365865 -0.72038710
vn 0.49006703 -0.49253595 -0.71919583
vn 0.47150961 -0.52824618 -0.70614068
vn 0.61604822 -0.34972654 -0.70581580
vn 0.58144285 -0.37720925 -0.72085879
vn 0.54048411 -0.43437337 -0.72055305
vn 0.52530188 -0.47426012 -0.70649506
vn 0.62223745 -0.30828050 -0.71957188
vn 0.65185166 -0.23929914 -0.71960082
vn 0.67407367 -0.16779228 -0.71935418
vn 0.67622242 -0.20703247 -0.70700834
vn 0.70779426 0.02068049 -0.70611586
vn 0.69371798 -0.01936915 -0.71998625
vn 0.68806959 -0.09139995 -0.71986546
vn 0.69573594 -0.13289365 -0.70589714
vn 0.69189806 0.05918732 -0.71956510
vn 0.70095312 0.09969974 -0.70620442
vn 0.67973514 0.13724056 -0.72050342
vn 0.66217691 0.20542252 -0.72064091
vn 0.63458083 0.28138832 -0.71981094
vn 0.66316674 0.24926083 -0.70574706
vn 0.54200716 0.45628259 -0.70571555
vn 0.55597176 0.41261939 -0.72155433
vn 0.59602720 0.35234622 -0.72152874
vn 0.62966323 0.32245674 -0.70678559
vn 0.50451631 0.47683646 -0.71978488
vn 0.44914821 0.52913390 -0.71991889
vn 0.38829952 0.57580142 -0.71949719
vn 0.42666070 0.56417486 -0.70687154
vn 0.22512571 0.67133679 -0.70613408
vn 0.25685501 0.64512277 -0.71961247
vn 0.32105074 0.61546002 -0.71981622
vn 0.36251708 0.60854495 -0.70587138
vn 0.18451900 0.66974194 -0.71930415
vn 0.15084734 0.69146179 -0.70648827
vn 0.10829541 0.68469928 -0.72073504
vn 0.03926093 0.69185659 -0.72096674
vn -0.16006961 0.68899545 -0.70686844
vn -0.11784491 0.68368981 -0.72019499
vn -0.04141957 0.69299141 -0.71975504
vn -0.00171085 0.70846977 -0.70573908
vn -0.19507240 0.66598024 -0.72001186
vn -0.23879696 0.66704802 -0.70570741
vn -0.27182549 0.63843946 -0.72007358
vn -0.34113418 0.60411214 -0.72019164
vn -0.40748348 0.56213311 -0.71969687
vn -0.38281767 0.59494786 -0.70674442
vn -0.55811796 0.43548688 -0.70629705
vn -0.52155682 0.45763680 -0.72010210
vn -0.46928198 0.51107300 -0.72012417
vn -0.44790341 0.54885659 -0.70578961
vn -0.57028435 0.39648393 -0.71942772
vn -0.60285172 0.37139638 -0.70614059
vn -0.61063643 0.32873301 -0.72045664
vn -0.64148621 0.26394046 -0.72029916
vn -0.66807212 0.19016653 -0.71938608
vn -0.66942836 0.23128413 -0.70595561
vn -0.69265677 0.05383992 -0.71925507
vn -0.68336085 0.11407222 -0.72111405
vn -0.68977099 0.15688126 -0.70682689
vn -0.68985023 -0.69558561 -0.20066719
vn -0.66530552 -0.70819658 -0.23627562
vn 0.13740078 -0.70783807 0.69288259
vn -0.69151909 -0.69611500 0.19293848
vn -0.69052420 -0.70731251 0.15127905
vn -0.70898233 -0.69523607 0.11828298
vn 0.31213052 -0.69568963 -0.64698569
vn 0.34319369 -0.70792848 -0.61729682
vn 0.21378449 -0.70722166 0.67389444
vn 0.65243856 -0.70709760 -0.27264796
vn 0.64556550 -0.69601870 -0.31432970
vn 0.61671097 -0.70817982 -0.34372798
vn 0.70124921 -0.69369242 -0.16443958
vn 0.69584663 -0.70628609 -0.13022067
vn 0.62167842 -0.70763999 0.33579992
vn -0.71913013 -0.69390314 0.03674619
vn -0.70769336 -0.70651266 0.00315719
vn -0.71704587 -0.69589666 -0.03966177
vn -0.71005820 -0.69318491 -0.12374176
vn -0.69088672 -0.70613703 -0.15506785
vn -0.23276328 -0.70814264 -0.66659977
vn -0.19913536 -0.69609229 -0.68978303
vn -0.15716602 -0.70705397 -0.68947337
vn 0.17832854 -0.69619662 0.69534826
vn -0.05191311 -0.69691170 -0.71527555
vn 0.00578766 -0.69667805 -0.71736057
vn 0.52743432 -0.70751591 -0.47035548
vn 0.50801454 -0.69600914 -0.50743718
vn 0.47113042 -0.70772051 -0.52646729
vn 0.67648041 -0.69500933 -0.24359040
vn 0.35338774 -0.70825254 0.61114274
vn 0.32511445 -0.69587658 0.64035645
vn 0.25171731 -0.69510695 0.67339789
vn 0.10280118 -0.69570443 0.71093408
vn -0.24014854 -0.70637379 0.66585640
vn -0.28462135 -0.69573895 0.65949830
vn -0.36270601 -0.69257791 0.62352240
vn -0.63346107 -0.69535833 0.33941696
vn -0.66710279 -0.69568961 0.26643918
vn -0.66884507 -0.70786778 0.22708914
vn -0.59612127 -0.70743124 -0.37971104
vn -0.58245582 -0.69573950 -0.42034719
vn -0.54817526 -0.70779699 -0.44556403
vn -0.53241555 -0.69528389 -0.48281880
vn -0.47414188 -0.69534463 -0.54007901
vn -0.43670687 -0.70783881 -0.55520386
vn -0.41157104 -0.69591124 -0.58848690
vn -0.37153775 -0.70744543 -0.60123262
vn 0.07632718 -0.69560021 -0.71436301
vn 0.11444895 -0.70834603 -0.69652519
vn 0.15651282 -0.69550602 -0.70126679
vn 0.24048517 -0.69272819 -0.67992245
vn 0.26759489 -0.70582895 -0.65589517
vn 0.38305696 -0.69529755 -0.60813542
vn 0.44998317 -0.69529795 -0.56042476
vn 0.56100803 -0.69511940 -0.44953199
vn 0.60748429 -0.69581112 -0.38315758
vn 0.71217993 -0.69613288 -0.09054702
vn 0.71982261 -0.69408585 -0.01001251
vn 0.70820386 -0.70555476 0.02529388
vn 0.68281012 -0.69289077 0.23167373
vn 0.65886111 -0.70608526 0.25951038
vn 0.70351373 -0.69525860 0.14725456
vn 0.69818148 -0.70803672 0.10595580
vn 0.71592200 -0.69505065 0.06603251
vn 0.65083549 -0.69571525 0.30396293
vn 0.61326877 -0.69502757 0.37528400
vn 0.56585042 -0.69555543 0.44273689
vn 0.53089289 -0.70820598 0.46539986
vn 0.51268244 -0.69581760 0.50298567
vn 0.47531729 -0.70725667 0.52331777
vn 0.02117484 -0.69361870 0.72003106
vn -0.01173412 -0.70622834 0.70788688
vn -0.05511837 -0.69589950 0.71602084
vn -0.09480983 -0.70743017 0.70039535
vn -0.13248866 -0.69530453 0.70639816
vn -0.21316040 -0.69354699 0.68815348
vn -0.38416673 -0.70560442 0.59543121
vn -0.42575570 -0.69579182 0.57845123
vn -0.45019948 -0.70816533 0.54389547
vn -0.66265584 -0.69542892 -0.27796737
vn -0.62642420 -0.69477467 -0.35338489
vn -0.34548554 -0.69519926 -0.63034731
vn -0.27276995 -0.69590888 -0.66430970
vn -0.12498184 -0.69500555 -0.70805849
vn 0.45575275 -0.69524407 0.55581032
vn 0.39209558 -0.69631872 0.60116661
vn -0.55926013 -0.70750990 0.43203917
vn -0.59224229 -0.69593311 0.40611103
vn -0.60433897 -0.70763330 0.36610042
vn -0.48784577 -0.69558967 0.52741019
vn -0.54490853 -0.69505252 0.46901672
vn 0.16254971 0.76409668 0.62428668
vn 0.45128597 0.89190805 0.02899996
vn -0.21370919 0.75007526 0.62587178
vn -0.05793997 0.65904460 0.74986877
vn -0.19756385 0.76155407 0.61725515
vn -0.21324690 0.76295552 0.61026604
vn 0.67119742 0.41320022 0.61543449
vn 0.68208875 0.71500147 0.15338788
vn 0.29608735 0.82110396 0.48797599
vn 0.41073811 0.58570381 0.69874549
vn 0.30205322 0.80677680 -0.50781399
vn 0.40174474 0.58718113 -0.70272291
vn 0.68378892 0.71280014 -0.15604064
vn 0.67269696 0.40824045 -0.61710497
vn -0.05821071 0.64994068 -0.75775235
vn -0.19578947 0.75114219 -0.63043786
vn -0.23181715 0.74530631 -0.62512343
vn 0.16211251 0.75822542 -0.63151701
vn -0.20021604 0.75078408 -0.62947343
vn 0.43624744 0.89919480 -0.03371759
vn 0.91693125 0.39901708 0.00473923
vn 0.66456770 0.59105920 0.45716385
vn 0.67221158 0.58975209 0.44757576
vn 0.68205245 0.58348324 0.44085346
vn 0.63944961 0.61389621 0.46285597
vn 0.62978754 0.62461169 -0.46176606
vn 0.64589995 0.60991890 -0.45914288
vn 0.65423928 0.60730766 -0.45071984
vn 0.68119630 0.57778551 -0.44959483
vn 0.08971536 0.71750196 0.69075472
vn 0.11058030 0.70452969 0.70100636
vn 0.13322920 0.69861085 0.70298852
vn 0.10937890 0.76430465 0.63551134
vn 0.12749482 0.77960780 0.61315312
vn 0.01924101 0.76910528 0.63883241
vn 0.03129045 0.78214973 0.62230435
vn -0.08178433 0.76453989 0.63936693
vn -0.06639366 0.77922835 0.62321350
vn -0.18177694 0.77073583 0.61067456
vn -0.16478700 0.79005986 0.59046648
vn -0.29889433 0.79966406 0.52076825
vn -0.33274074 0.78461834 0.52312299
vn -0.38634320 0.80128331 0.45681943
vn -0.43766609 0.77737876 0.45180820
vn -0.45666449 0.80844297 0.37131860
vn -0.54246535 0.76093517 0.35596209
vn -0.52311591 0.81152552 0.26033838
vn -0.59278630 0.77226251 0.22850605
vn -0.53777096 0.83187073 0.13708934
vn -0.60280616 0.79044237 0.10874552
vn -0.54155019 0.83996224 0.03445054
vn -0.58662151 0.80960020 0.02055992
vn -0.61323582 0.78988533 0.00479516
vn -0.04110494 0.91709471 -0.39654468
vn 0.46262086 0.85689061 -0.22742124
vn 0.75102440 0.66024485 -0.00625135
vn 0.74688031 0.66396059 -0.03641614
vn 0.76554622 0.63717167 -0.08916976
vn 0.74306104 0.65555800 -0.13455111
vn 0.74649704 0.63709485 -0.19196960
vn 0.71163341 0.66534151 -0.22560711
vn 0.70876554 0.63953977 -0.29772520
vn 0.67513114 0.66556925 -0.31814387
vn 0.65862210 0.64329530 -0.39036916
vn 0.62358769 0.66672007 -0.40819448
vn 0.59624843 0.65122511 -0.46946103
vn 0.55185370 0.67500250 -0.48972351
vn 0.51713131 0.65170013 -0.55485327
vn 0.47091149 0.68148325 -0.56019903
vn 0.42305423 0.65954567 -0.62130880
vn 0.32760221 0.66676953 -0.66939912
vn 0.28508681 0.68376240 -0.67171013
vn 0.21866035 0.67486776 -0.70479866
vn 0.17056444 0.69091586 -0.70252619
vn 0.17034962 0.67337886 -0.71940386
vn 0.15274086 0.67390235 -0.72285950
vn 0.12330855 0.69672411 -0.70666152
vn 0.11045431 0.70309687 -0.70246326
vn 0.06870238 0.70948343 -0.70136527
vn -0.20667290 0.71834186 -0.66428254
vn -0.17187823 0.69347388 -0.69967982
vn -0.09570946 0.71322252 -0.69437262
vn -0.04785495 0.69132631 -0.72095619
vn 0.02342200 0.71087222 -0.70293107
vn -0.28815316 0.69433252 -0.65944682
vn -0.31740532 0.72053545 -0.61650834
vn -0.39800477 0.69391437 -0.60006254
vn -0.42318392 0.71436500 -0.55731321
vn -0.48853001 0.69499615 -0.52755927
vn -0.50878460 0.71613964 -0.47778891
vn -0.58055283 0.69120112 -0.43034802
vn -0.58754519 0.71221930 -0.38410196
vn -0.64424835 0.69196077 -0.32578267
vn -0.64734522 0.70907653 -0.27956151
vn -0.68155099 0.69641499 -0.22470962
vn -0.67777247 0.71632834 -0.16582578
vn -0.70157382 0.70342341 -0.11397234
vn -0.70260437 0.70985469 -0.04953199
vn -0.72079623 0.69218709 -0.03646687
vn -0.69014030 0.72367516 -0.00078705
vn -0.22603134 0.91384899 -0.33732753
vn 0.01892744 0.71244737 -0.70147024
vn 0.26603294 0.92419721 -0.27401822
vn 0.66078023 0.75056187 0.00513510
vn 0.22825890 0.77563115 0.58846767
vn 0.30653955 0.74866098 0.58782671
vn 0.30288592 0.77967901 0.54805178
vn 0.39288722 0.73944146 0.54668634
vn 0.37044227 0.75939580 0.53487433
vn 0.35944310 0.79044118 0.49598730
vn 0.44134776 0.77720983 0.44850534
vn 0.43037553 0.79892462 0.42011468
vn 0.51019041 0.77034637 0.38245550
vn 0.49557750 0.79222055 0.35607519
vn 0.56345743 0.77020108 0.29884113
vn 0.53934031 0.79855348 0.26725337
vn 0.61443064 0.76081611 0.20888715
vn 0.58618140 0.79004954 0.17948004
vn 0.62793387 0.77163457 0.10138616
vn 0.58334282 0.80876385 0.07491454
vn 0.06798599 0.78660796 0.61369848
vn 0.08020699 0.79800336 0.59729179
vn 0.13483052 0.75285503 0.64422825
vn 0.14282229 0.78168876 0.60709511
vn 0.23633080 0.73230924 0.63864773
vn 0.20126028 0.75059018 0.62937165
vn -0.36755710 0.59887198 -0.71151538
vn -0.58675770 0.63514618 -0.50229945
vn -0.59307767 0.62243009 -0.51072464
vn -0.60474123 0.61033828 -0.51163975
vn -0.45965551 0.72050365 -0.51922183
vn -0.25782710 0.66552543 -0.70042922
vn -0.21661390 0.97018479 -0.10871928
vn 0.25653726 0.76359286 0.59254922
vn 0.21071434 0.78192808 0.58667533
vn 0.20855274 0.76085311 0.61449842
vn 0.24941598 0.77784449 0.57684453
vn 0.70045816 0.71367221 0.00550918
vn 0.23169059 0.78058668 -0.58052037
vn 0.23662211 0.76857067 -0.59439810
vn 0.22759869 0.77897623 -0.58429006
vn 0.18898549 0.79246589 -0.57989852
vn -0.19230995 0.97561190 0.10582206
vn -0.46568520 0.72457637 0.50806139
vn -0.25365805 0.66922452 0.69842403
vn -0.60309531 0.62697452 0.49313183
vn -0.61542239 0.61179344 0.49695479
vn -0.59832766 0.62779589 0.49787180
vn -0.36671924 0.60861168 0.70363970
vn 0.49963229 0.65223420 0.57005098
vn 0.14186288 0.93720423 0.31862697
vn -0.07041092 0.71334762 0.69726428
vn -0.36825364 0.89120879 0.26483232
vn -0.36036967 0.88524682 -0.29406082
vn -0.08002764 0.70738127 -0.70228720
vn 0.13950622 0.93634277 -0.32218045
vn 0.50305243 0.64811678 -0.57173674
vn 0.05818908 -0.64993772 -0.75775655
vn 0.19830029 -0.74789087 -0.63351105
vn -0.16968803 -0.75397004 -0.63461418
vn 0.20415840 -0.74907015 -0.63024857
vn 0.20811160 -0.74463944 -0.63419371
vn -0.42628714 -0.90271411 -0.05819379
vn -0.26454057 -0.66156003 -0.70168128
vn -0.62585482 -0.62196703 0.47059830
vn -0.63869779 -0.61492026 0.46253454
vn -0.66474826 -0.59050407 0.45761850
vn -0.91692966 -0.39902050 0.00475793
vn -0.67223277 -0.58973506 0.44756637
vn -0.42515439 -0.90477988 0.02484190
vn -0.62874597 -0.63304886 -0.45158349
vn -0.63839738 -0.61909866 -0.45734630
vn -0.64568652 -0.61048875 -0.45868552
vn -0.65405753 -0.60790913 -0.45017246
vn -0.27403980 -0.66294427 0.69671162
vn -0.17404401 -0.76952009 0.61444895
vn 0.22947921 -0.75000961 0.62034255
vn 0.20500201 -0.75223265 0.62619503
vn 0.19356709 -0.74860051 0.63413647
vn 0.05793401 -0.65904473 0.74986912
vn -0.67184436 -0.41060828 0.61646249
vn -0.69989695 -0.69847013 0.14927736
vn -0.27500910 -0.82193259 0.49879536
vn -0.27692365 -0.81934927 -0.50197616
vn -0.69730560 -0.70002634 -0.15403906
vn -0.67269696 -0.40824045 -0.61710497
vn -0.07728135 -0.71252185 0.69738096
vn -0.09137927 -0.70969854 0.69855409
vn -0.11684335 -0.71252470 0.69184983
vn 0.60238672 -0.79817654 0.00666716
vn 0.57751805 -0.81605236 0.02305338
vn 0.52363387 -0.85122656 0.03494158
vn 0.60179600 -0.78993274 0.11767688
vn 0.52055110 -0.84195682 0.14189878
vn 0.58654073 -0.77108737 0.24777860
vn 0.51157432 -0.81683818 0.26658415
vn 0.53049604 -0.76829873 0.35817734
vn 0.45042897 -0.81267643 0.36969010
vn 0.43362941 -0.77858705 0.45361630
vn 0.38375009 -0.80351230 0.45508664
vn 0.33018400 -0.78649833 0.52191848
vn 0.29379969 -0.80476907 0.51577949
vn 0.15618056 -0.80163113 0.57705733
vn 0.17080440 -0.78435510 0.59633290
vn 0.05320442 -0.80354479 0.59286176
vn 0.06536172 -0.79190589 0.60713499
vn 0.10421265 -0.65231693 0.75074786
vn -0.02721761 -0.77485483 0.63155300
vn -0.01502317 -0.76259565 0.64670099
vn -0.12225697 -0.77617791 0.61854756
vn -0.11211328 -0.76789172 0.63069241
vn 0.50515166 -0.66014616 0.55590364
vn -0.17922917 -0.68920645 -0.70204799
vn -0.44443753 -0.86489243 -0.23331602
vn -0.74170533 -0.67070290 -0.00555175
vn -0.11381432 -0.70355387 -0.70146864
vn -0.15462176 -0.67411639 -0.72225979
vn -0.42497746 -0.66428589 -0.61491334
vn -0.33001606 -0.67032947 -0.66464110
vn -0.17148537 -0.67369411 -0.71883866
vn -0.17122472 -0.69589463 -0.69743298
vn -0.22205367 -0.67729439 -0.70140180
vn -0.28478566 -0.68932665 -0.66612754
vn -0.47478046 -0.68230342 -0.55591866
vn -0.51446422 -0.65717723 -0.55085811
vn -0.55409372 -0.67897350 -0.48163798
vn -0.59680843 -0.65376363 -0.46520192
vn -0.62321376 -0.66988569 -0.40355641
vn -0.65877643 -0.65018407 -0.37851590
vn -0.67381194 -0.66895542 -0.31380902
vn -0.70556287 -0.64802740 -0.28677782
vn -0.70869683 -0.66936059 -0.22294662
vn -0.73764394 -0.64803528 -0.18955655
vn -0.73114532 -0.66926833 -0.13231183
vn -0.75505464 -0.64951378 -0.08957869
vn -0.73252852 -0.67974543 -0.03671682
vn -0.08569826 -0.70613337 -0.70287373
vn -0.05785396 -0.70420130 -0.70763935
vn 0.70371320 -0.71048358 -0.00090041
vn 0.73436591 -0.67770049 -0.03779897
vn 0.71756596 -0.69465606 -0.05051784
vn 0.71436943 -0.68995358 -0.11679202
vn 0.68747536 -0.70635698 -0.16863408
vn 0.68672324 -0.68844590 -0.23335259
vn 0.65356916 -0.70191717 -0.28312478
vn 0.64401341 -0.68729929 -0.33595596
vn 0.59240050 -0.70600352 -0.38809880
vn 0.57670960 -0.68748006 -0.44133571
vn 0.51395908 -0.70817080 -0.48408695
vn 0.48681038 -0.68928569 -0.53656397
vn 0.42496806 -0.70570142 -0.56691063
vn 0.39558195 -0.68835966 -0.60800978
vn 0.31911794 -0.70993805 -0.62781502
vn 0.28785447 -0.68842431 -0.66574152
vn 0.20942258 -0.71036420 -0.67195601
vn 0.16852327 -0.68939915 -0.70450602
vn 0.09625970 -0.70744627 -0.70018129
vn 0.04521367 -0.68958261 -0.72279426
vn -0.02342070 -0.70849293 -0.70532917
vn 0.25344046 -0.90924303 -0.33021968
vn -0.28560747 -0.91557588 -0.28310630
vn -0.67068936 -0.74172381 0.00464600
vn -0.07374853 -0.80819717 0.58427603
vn -0.08777117 -0.77588254 0.62474196
vn -0.16859422 -0.78505743 0.59603759
vn -0.18048502 -0.75438159 0.63113674
vn -0.24863138 -0.77913424 0.57544094
vn -0.26566549 -0.75473177 0.59983481
vn -0.32360490 -0.78028490 0.53519655
vn -0.34677775 -0.75603891 0.55511293
vn -0.37690592 -0.76257765 0.52575398
vn -0.36883249 -0.78410228 0.49914548
vn -0.44776062 -0.76672524 0.46004656
vn -0.43612240 -0.78769327 0.43512821
vn -0.51235359 -0.76497307 0.39026913
vn -0.49925714 -0.78446816 0.36790218
vn -0.57144067 -0.76139747 0.30615266
vn -0.54853234 -0.78962744 0.27495595
vn -0.62188333 -0.75336088 0.21379547
vn -0.59504078 -0.78237140 0.18390614
vn -0.63326053 -0.76701220 0.10331213
vn -0.59006440 -0.80376744 0.07603884
vn 0.44910601 -0.72165199 -0.52680376
vn 0.60491669 -0.60933296 -0.51262963
vn 0.59199954 -0.62435559 -0.50962402
vn 0.36776454 -0.59604944 -0.71377469
vn 0.19759438 -0.97570114 -0.09467701
vn 0.23181873 -0.67351819 -0.70187842
vn -0.70045857 -0.71367180 0.00550948
vn -0.24862177 -0.77808092 0.57686853
vn -0.25488950 -0.76159321 0.59582474
vn -0.25673367 -0.76372451 0.59229443
vn -0.20979541 -0.78088681 0.58838905
vn -0.26938073 -0.76965362 -0.57885001
vn 0.18833355 -0.97855361 0.08344638
vn -0.19698872 -0.79458665 -0.57430610
vn -0.22243317 -0.77133149 -0.59629792
vn -0.23029012 -0.78213922 -0.57898592
vn 0.45662277 -0.73887925 0.49553315
vn 0.22473473 -0.68274963 0.69523179
vn 0.36849337 -0.60506399 0.70576923
vn 0.59746477 -0.62198782 0.50612943
vn 0.61175940 -0.62087361 0.49016976
vn 0.12982073 -0.69897286 0.70326633
vn -0.50671094 -0.64473684 0.57232721
vn -0.16966288 -0.93430715 0.31350384
vn 0.38048188 -0.88094896 0.28135825
vn 0.37399819 -0.88007837 -0.29255328
vn -0.16429454 -0.93316069 -0.31971617
vn -0.50671094 -0.64473684 -0.57232721
vn 0.12534129 -0.69794251 -0.70509986
vn 0.78592127 -0.56935883 0.24116027
vn 0.88821219 -0.42193082 0.18180619
vn 0.63785611 -0.39189032 0.66299439
vn 0.40317915 -0.59224627 0.69763237
vn -0.22972348 -0.71124083 0.66435202
vn -0.38413149 -0.86300761 0.32811714
vn 0.18036635 -0.82942318 0.52870140
vn 0.59826192 -0.79565561 0.09494639
vn 0.30841216 -0.64702680 0.69730787
vn 0.82065014 -0.52602059 -0.22323909
vn 0.68258603 -0.66224855 -0.30903587
vn 0.83526637 -0.50413558 -0.21949354
vn 0.83367054 -0.50521735 -0.22304454
vn 0.40164221 -0.59181104 -0.69888713
vn 0.32433184 -0.75595491 -0.56863084
vn 0.43346375 -0.81963727 0.37457165
vn -0.28330609 -0.89195237 -0.35236151
vn -0.30177421 -0.88874990 -0.34504484
vn -0.31291023 -0.88478140 -0.34532457
vn 0.47384185 -0.53755167 0.69750420
vn -0.66673785 0.67519165 -0.31555806
vn -0.83022019 0.51366427 -0.21652588
vn -0.82705550 0.51734839 -0.21984049
vn -0.60106001 0.79084330 0.11529852
vn -0.40107035 0.59131205 -0.69963750
vn -0.36421973 0.61106119 -0.70281449
vn -0.34639752 0.74161423 -0.57447114
vn -0.43142877 0.56794245 -0.70093551
vn -0.40971784 0.83466503 0.36805649
vn 0.28171311 0.89257501 -0.35206189
vn 0.30045041 0.89004565 -0.34285315
vn -0.79101810 0.55555941 0.25621108
vn -0.64185715 0.37503572 0.66885545
vn -0.89458259 0.40670043 0.18524780
vn -0.39898245 0.60012006 0.69330291
vn 0.22942271 0.71140210 0.66428327
vn -0.43179469 0.56644807 0.70191875
vn 0.37921751 0.86637574 0.32494177
vn 0.40099514 0.85595809 0.32640259
vn -0.16052053 0.83426841 0.52747453
vn -0.07114421 0.71625324 -0.69420443
vn -0.17628258 0.69682181 -0.69524371
vn 0.31187133 -0.64870010 -0.69420778
vn 0.22157472 -0.68611940 -0.69292483
vn -0.26654699 0.66881299 -0.69400424
vn -0.36290323 0.62222855 -0.69363742
vn -0.44164943 0.56786303 -0.69460590
vn -0.71372637 -0.06487271 -0.69741394
vn -0.70482700 -0.14981535 -0.69337887
vn -0.67711717 -0.24645052 -0.69337903
vn -0.63622841 -0.33828851 -0.69337890
vn -0.51903185 0.49925970 -0.69379081
vn -0.58295590 -0.42354233 -0.69337891
vn 0.55259526 0.46384367 -0.69245038
vn 0.61171459 0.38232013 -0.69255799
vn 0.65893410 0.29341883 -0.69261190
vn 0.02659936 -0.71755728 -0.69599139
vn 0.12522087 -0.70895277 -0.69405022
vn -0.58350586 0.42379218 -0.69276338
vn -0.63695771 0.33851316 -0.69259925
vn -0.67804595 0.24661149 -0.69241351
vn 0.69326700 0.19890199 -0.69268959
vn -0.51833680 -0.50055231 -0.69337894
vn -0.44472004 -0.56528269 -0.69475144
vn -0.35723239 -0.62327192 -0.69564153
vn 0.71397664 0.10054789 -0.69291231
vn -0.70516969 0.15057454 -0.69286580
vn -0.71609829 0.05851625 -0.69554229
vn -0.71441312 -0.00756353 -0.69968328
vn 0.40412756 -0.59454463 -0.69512416
vn 0.47867652 -0.53755482 -0.69419277
vn 0.55275043 -0.46058036 -0.69450176
vn 0.61108063 -0.38184549 -0.69337903
vn 0.65827612 -0.29308356 -0.69337910
vn 0.72071907 0.00028454 -0.69322719
vn 0.48287138 0.53487124 -0.69335992
vn 0.40505308 0.59569452 -0.69359934
vn -0.27125389 -0.66768378 -0.69326741
vn 0.69265938 -0.19861699 -0.69337889
vn 0.02219404 0.71800810 -0.69568081
vn -0.17579748 -0.69869449 -0.69348486
vn 0.71356056 -0.10028417 -0.69337899
vn 0.22522618 0.68298667 -0.69483982
vn 0.12438008 0.70706720 -0.69612180
vn -0.07871993 -0.71560192 -0.69405840
vn 0.31504695 0.64769376 -0.69371335
vn 0.68710380 -0.19702403 0.69933533
vn 0.69933286 -0.14864756 0.69916911
vn 0.65067320 -0.16862436 0.74039868
vn 0.65588745 -0.14745451 0.74031671
vn 0.70518457 0.09726953 0.70231999
vn 0.98517779 0.17053660 0.01849284
vn 0.69125535 0.09061094 0.71690704
vn 0.65545028 -0.19052253 0.73081194
vn 0.64416869 -0.20217533 0.73768004
vn 0.67183899 -0.24452988 0.69916915
vn 0.71100106 -0.02539744 0.70273214
vn 0.67730502 -0.04291755 0.73444945
vn 0.71130922 -0.05541417 0.70069142
vn 0.69028215 -0.07054618 0.72009290
vn 0.70783754 -0.09947936 0.69933531
vn 0.56482691 -0.36342543 0.74087280
vn 0.60617921 -0.37878280 0.69933565
vn 0.56429974 -0.33242876 0.75568308
vn 0.63126921 -0.33565169 0.69916888
vn 0.59469662 -0.33013077 0.73304134
vn 0.17370257 -0.66064115 0.73032916
vn 0.17250628 -0.69112816 0.70184289
vn 0.19508197 -0.68477953 0.70215384
vn 0.70857655 0.07391935 0.70175153
vn 0.65665861 -0.09492988 0.74818967
vn 0.66690659 -0.10556946 0.73762503
vn 0.67471276 -0.12718521 0.72703962
vn 0.62425810 -0.21978293 0.74966479
vn 0.63969594 -0.24960584 0.72697045
vn 0.65299641 -0.29073246 0.69933563
vn 0.61118444 -0.26570093 0.74555791
vn 0.59654111 -0.27753385 0.75306950
vn 0.59586737 -0.30744493 0.74190275
vn 0.56240115 -0.37746356 0.73568078
vn 0.52321057 -0.38339898 0.76108865
vn 0.57841199 -0.42024088 0.69916891
vn 0.52856908 -0.40937068 0.74366012
vn 0.54749057 -0.46009310 0.69897669
vn 0.52148620 -0.43257365 0.73548092
vn 0.51472201 -0.49681037 0.69874223
vn 0.44390442 -0.47590166 0.75925389
vn 0.47911803 -0.53027411 0.69946786
vn 0.44018422 -0.48217620 0.75745889
vn 0.49207956 -0.43208202 0.75575316
vn 0.48457535 -0.43746278 0.75750448
vn 0.49294214 -0.48446307 0.72270574
vn 0.35749083 -0.61890080 0.69940125
vn 0.39970771 -0.59259055 0.69933554
vn 0.33752577 -0.56488288 0.75298319
vn 0.37379125 -0.55778286 0.74105221
vn 0.34659212 -0.58483021 0.73338089
vn 0.32143598 -0.59406421 0.73740533
vn 0.31374788 -0.64142897 0.70009367
vn 0.71099210 0.00000000 0.70320000
vn 0.68416784 -0.01387850 0.72919254
vn 0.67309999 -0.03046068 0.73892391
vn 0.44404643 -0.51673153 0.73199132
vn 0.42444500 -0.52296787 0.73915563
vn 0.43915886 -0.56371113 0.69954933
vn 0.41421415 -0.53513348 0.73624643
vn 0.39612791 -0.53929768 0.74312898
vn 0.38663666 -0.55484141 0.73665670
vn 0.13043937 -0.67700335 0.72432868
vn 0.12631046 -0.70084954 0.70203674
vn 0.14674681 -0.69870267 0.70019994
vn 0.71239635 0.02657757 0.70127390
vn 0.68655715 0.01183284 0.72697954
vn 0.68741734 -0.00088853 0.72626208
vn 0.27361732 -0.63075567 0.72614106
vn 0.27072800 -0.66013971 0.70065820
vn 0.28615247 -0.61294171 0.73649116
vn 0.29004628 -0.60211670 0.74386063
vn 0.21970902 -0.67619346 0.70320008
vn 0.20212948 -0.66309998 0.72072331
vn 0.18644307 -0.65916528 0.72851912
vn 0.68656172 0.06020565 0.72457455
vn 0.62106073 0.06828421 0.78078219
vn 0.71189493 0.04866231 0.70059802
vn 0.65747915 0.04908557 0.75187218
vn 0.67985987 0.02759159 0.73282280
vn 0.26086020 -0.63146435 0.73020869
vn 0.22949205 -0.63281969 0.73950838
vn 0.24507557 -0.66904976 0.70164834
vn 0.22597807 -0.64410918 0.73079222
vn 0.20747448 -0.65895998 0.72299798
vn 0.16128954 -0.66976112 0.72484876
vn 0.15120961 -0.66958070 0.72718453
vn 0.13905876 -0.67800403 0.72178473
vn 0.10013631 -0.70410702 0.70299788
vn 0.09241027 -0.68566059 0.72203178
vn 0.08775692 -0.70559327 0.70316204
vn 0.08279767 -0.68777180 0.72118964
vn 0.07474290 -0.70562388 0.70463355
vn 0.11662195 -0.68159452 0.72237679
vn 0.10461818 -0.68422741 0.72172563
vn 0.09900532 -0.68712277 0.71976402
vn 0.00099755 -0.99979589 0.02017878
vn 0.01075522 -0.70948162 0.70464186
vn 0.01386697 -0.69229573 0.72148065
vn 0.02635451 -0.70949409 0.70421841
vn 0.03314042 -0.69358323 0.71961380
vn 0.03613415 -0.70997574 0.70329850
vn 0.04753178 -0.69307868 0.71929317
vn 0.04895744 -0.70781087 0.70470344
vn 0.05825551 -0.69164646 0.71988295
vn 0.06181656 -0.70636157 0.70514682
vn 0.06408291 -0.69306491 0.71802118
vn 0.06982161 -0.69049853 0.71995605
vn -0.69051634 -0.71862701 -0.08223384
vn -0.69750499 -0.70621089 -0.12146177
vn -0.67771103 -0.71860915 -0.15591231
vn -0.65546821 -0.71945491 -0.22966511
vn -0.65473687 -0.70693414 -0.26751402
vn -0.62773327 -0.71864752 -0.29915996
vn -0.62128740 -0.70618911 -0.33955692
vn -0.59103690 -0.71899248 -0.36568455
vn -0.54582089 -0.71942185 -0.42954831
vn -0.53200407 -0.70659771 -0.46657406
vn -0.49572495 -0.71882858 -0.48738306
vn -0.47550129 -0.70661649 -0.52401494
vn -0.43830229 -0.71965133 -0.53851005
vn -0.37376222 -0.71930422 -0.58557941
vn -0.34757956 -0.70622234 -0.61679693
vn -0.30567726 -0.71902523 -0.62415073
vn -0.27305885 -0.70689075 -0.65249086
vn -0.23326759 -0.72007365 -0.65351371
vn -0.15550059 -0.71912188 -0.67726161
vn -0.11889611 -0.70576070 -0.69840214
vn -0.07683532 -0.71937033 -0.69036415
vn -0.69077501 -0.71971912 0.06952894
vn -0.70542084 -0.70804222 0.03252148
vn -0.69434621 -0.71962479 -0.00484790
vn -0.69924358 -0.70601387 0.11226235
vn -0.67863810 -0.71931065 0.14846724
vn -0.65609627 -0.71984350 0.22663412
vn -0.65526049 -0.70659313 0.26713263
vn -0.62712421 -0.71901538 0.29955318
vn -0.61991227 -0.70639836 0.34162866
vn -0.58913437 -0.71947887 0.36779187
vn -0.54314262 -0.71937089 0.43301457
vn -0.52850915 -0.70629833 0.47097849
vn -0.49317718 -0.71845785 0.49050442
vn -0.47303254 -0.70700029 0.52572883
vn -0.43807179 -0.71927295 0.53920268
vn -0.37597509 -0.71867158 0.58493922
vn -0.34968231 -0.70589867 0.61597836
vn -0.30957153 -0.71867568 0.62263210
vn -0.16859553 -0.71941069 0.67381289
vn -0.20662488 -0.70840243 0.67488678
vn -0.23760987 -0.71969251 0.65236818
vn 0.05818463 -0.71939715 0.69215771
vn 0.02064295 -0.70728875 0.70662330
vn -0.01687873 -0.71922953 0.69456748
vn -0.09370340 -0.71874444 0.68893113
vn -0.13240554 -0.70616249 0.69555971
vn 0.66972746 -0.71904034 0.18559667
vn 0.67038419 -0.70713922 0.22480917
vn 0.64678902 -0.71879798 0.25493809
vn 0.61519657 -0.71887082 0.32366330
vn 0.60842745 -0.70639905 0.36168553
vn 0.57684001 -0.71871120 0.38821362
vn 0.56318724 -0.70701794 0.42772160
vn 0.53022550 -0.71986189 0.44795064
vn 0.47634070 -0.71907899 0.50598908
vn 0.45629074 -0.70608825 0.54151468
vn 0.41701153 -0.71890242 0.55613010
vn 0.34960208 -0.72003202 0.59944331
vn 0.32372148 -0.70697732 0.62879843
vn 0.28110729 -0.71895548 0.63567421
vn 0.24890676 -0.70594040 0.66309394
vn 0.20884067 -0.71873821 0.66317490
vn 0.13426272 -0.71915583 0.68175393
vn 0.10066141 -0.70655153 0.70046571
vn 0.69144381 -0.70675855 0.14965897
vn 0.68559115 -0.71929088 0.11218471
vn 0.69270756 -0.72043004 0.03371637
vn 0.66612804 -0.72006175 -0.19438237
vn 0.68775945 -0.70813466 -0.15978811
vn 0.68344469 -0.72013976 -0.11959129
vn 0.69376711 -0.71908706 -0.04001245
vn 0.70631795 -0.70789465 0.00035258
vn 0.19132835 -0.71883338 -0.66833527
vn 0.23109376 -0.70656578 -0.66885012
vn 0.26201372 -0.71882854 -0.64392107
vn 0.33202081 -0.71938050 -0.61012612
vn 0.37027664 -0.70666766 -0.60292291
vn 0.39681981 -0.71870744 -0.57095853
vn 0.43603259 -0.70649481 -0.55744117
vn 0.45658195 -0.71938696 -0.52346473
vn 0.51320000 -0.71924273 -0.46831150
vn 0.54810815 -0.70625255 -0.44809016
vn 0.56245423 -0.71889188 -0.40846016
vn 0.59554662 -0.70692233 -0.38155608
vn 0.60334671 -0.71997900 -0.34293291
vn 0.63991387 -0.71909778 -0.27094025
vn 0.66686181 -0.70583903 -0.23892800
vn -0.00729243 -0.71784276 -0.69616707
vn 0.15540731 -0.70703766 -0.68988862
vn 0.11870286 -0.71955138 -0.68421886
vn 0.04909503 -0.71724369 -0.69509076
vn 0.60505331 -0.78528738 0.13127916
vn 0.64797211 -0.74832909 0.14190038
vn 0.64847572 -0.73442902 0.20023301
vn 0.17998115 -0.85650191 0.48374711
vn 0.12250594 -0.86887046 0.47964197
vn 0.12736080 -0.91142835 0.39125132
vn 0.50663825 -0.28008686 -0.81539502
vn 0.46158900 -0.30647571 -0.83247116
vn 0.45165748 -0.40510226 -0.79491992
vn 0.72253323 -0.67487221 -0.14997742
vn 0.76881189 -0.61100593 -0.18867970
vn 0.76613906 -0.59316143 -0.24736706
vn 0.54543344 -0.83784135 -0.02289618
vn 0.50738103 -0.86151182 0.01902291
vn 0.48944189 -0.86669294 0.09638458
vn 0.52746215 -0.84778082 0.05523914
vn 0.46908975 -0.86668570 0.16973718
vn 0.22200716 -0.86168483 -0.45630262
vn 0.25610186 -0.83407842 -0.48859495
vn 0.26373501 -0.78753867 -0.55697997
vn 0.20234436 -0.65849608 -0.72487218
vn 0.24827266 -0.62609400 -0.73916641
vn 0.25945899 -0.55872243 -0.78772474
vn 0.22102770 -0.50844395 -0.83224486
vn 0.17508426 -0.53153613 -0.82874293
vn 0.16572900 -0.61627660 -0.76989418
vn 0.14210727 -0.79603610 -0.58832988
vn 0.13480379 -0.83698045 -0.53036937
vn 0.17739625 -0.80560297 -0.56527376
vn -0.00106506 -0.45323526 -0.89139030
vn -0.00000040 -0.26905974 -0.96312349
vn 0.04583759 -0.46897183 -0.88202287
vn -0.00030363 -0.58751407 -0.80921389
vn -0.00000050 -0.34128977 -0.93995813
vn 0.04609351 -0.53371727 -0.84440587
vn -0.00220063 -0.94866850 -0.31626451
vn -0.09421834 -0.63787687 -0.76435332
vn 0.02647605 -0.95589475 -0.29251368
vn 0.02211698 -0.98171434 -0.18907086
vn -0.00000000 -0.98789335 -0.15513457
vn -0.21524013 -0.65296910 -0.72615635
vn -0.00384342 -0.98993336 0.14148205
vn 0.18540779 -0.65687155 0.73085136
vn 0.01011197 -0.98496639 0.17244989
vn 0.00042581 -0.84621139 0.53284717
vn 0.01261584 -0.82386486 0.56664586
vn 0.00921515 -0.87270637 0.48815845
vn 0.17389644 -0.80908189 0.56137913
vn 0.19864611 -0.82425002 0.53023733
vn 0.21171751 -0.86345625 0.45784167
vn 0.63131450 -0.77353122 0.05560084
vn 0.59611910 -0.79762824 0.09182165
vn 0.57358424 -0.80275423 0.16305452
vn 0.37846401 -0.87164040 0.31146109
vn 0.36275904 -0.85485229 0.37098981
vn 0.42993710 -0.85015067 0.30397027
vn 0.33945593 -0.78169512 0.52318487
vn 0.25206975 -0.77183822 0.58371791
vn 0.27111837 -0.73800195 0.61793847
vn 0.55234440 -0.67250906 0.49259236
vn 0.46629377 -0.69012135 0.55344615
vn 0.48831394 -0.66046034 0.57038727
vn 0.14550730 -0.84157803 0.52016733
vn 0.12539500 -0.82911610 0.54483263
vn 0.10632454 -0.78322840 0.61257519
vn -0.00500048 -0.63167463 0.77521749
vn 0.00045405 -0.61888233 0.78548358
vn 0.04516598 -0.62371107 0.78034898
vn 0.81606730 -0.24040182 -0.52558647
vn 0.82436288 -0.26385856 -0.50080385
vn 0.87162655 -0.16408120 -0.46189232
vn 0.80346877 -0.38130097 -0.45721713
vn 0.76181594 -0.46331156 -0.45274593
vn 0.76459696 -0.49772514 -0.40946449
vn 0.87861153 -0.46939796 0.08779140
vn 0.83551600 -0.53198478 0.13749620
vn 0.81324455 -0.53924491 0.21874238
vn 0.78380530 -0.61292008 -0.09989108
vn 0.78086481 -0.62328511 -0.04202172
vn 0.81809570 -0.56867143 -0.08562842
vn 0.65424716 -0.63298679 0.41386999
vn 0.59729813 -0.65700024 0.45998438
vn 0.60603302 -0.62785586 0.48838612
vn 0.66222231 -0.65554484 0.36293604
vn 0.68567485 -0.66887551 0.28715075
vn 0.63074299 -0.69878255 0.33744069
vn 0.58062892 -0.60996938 0.53926562
vn 0.68166973 -0.56665554 0.46284757
vn 0.70967251 -0.51824590 0.47726943
vn 0.60707442 -0.56745847 0.55628369
vn 0.64821365 -0.53514479 0.54170021
vn 0.87025920 -0.35215368 0.34443681
vn 0.90545885 -0.28822921 0.31155770
vn 0.90485893 -0.28635235 0.31501213
vn 0.99414974 -0.00472968 0.10790704
vn 0.99190520 0.00379467 0.12692387
vn 0.98250114 -0.09693902 0.15904196
vn 0.99737415 -0.00655824 0.07212352
vn 0.99791514 -0.00158923 0.06452013
vn 0.99052493 -0.08569589 0.10731534
vn 0.99893464 -0.00008261 0.04614736
vn 0.99916648 0.00579112 0.04040797
vn 0.99362124 -0.08059077 0.07887942
vn 0.99879076 0.03513097 -0.03439225
vn 0.99788499 0.04884329 -0.04289374
vn 0.99891628 -0.04042898 -0.02306006
vn 0.98041797 0.15951361 -0.11548167
vn 0.97943698 0.16574880 -0.11502409
vn 0.98334464 0.10038928 -0.15151008
vn 0.99709369 0.07614984 -0.00232017
vn 0.99735422 0.07267701 -0.00161419
vn 0.99374828 0.05975684 -0.09430522
vn 0.20974425 -0.97512672 0.07166054
vn 0.71022052 -0.69730473 0.09671049
vn 0.77699182 -0.61959200 0.11130796
vn 0.99818074 0.00280246 0.06022750
vn 0.97816085 -0.18773176 0.08920839
vn 0.99309404 -0.09239347 0.07230262
vn 0.95452487 -0.28042465 0.10121406
vn 0.87901242 -0.46320992 0.11302097
vn 0.92225786 -0.37221277 0.10439398
vn 0.82987194 -0.54541462 0.11762419
vn 0.64067245 -0.76191948 0.09496057
vn 0.55554626 -0.82285551 0.11948707
vn 0.48666867 -0.86822389 0.09664824
vn 0.39388478 -0.91555325 0.08134513
vn 0.31993751 -0.94282396 0.09339689
vn 0.26653299 -0.96038691 0.08134580
vn 0.25494159 -0.96455764 0.06806863
vn 0.15922419 -0.98457020 0.07258908
vn 0.10811515 -0.99182893 0.06772357
vn 0.05061872 -0.99693765 0.05960767
vn 0.09572914 -0.30969519 -0.94600466
vn 0.05038360 -0.72650744 -0.68530900
vn 0.04179278 -0.29662314 -0.95407970
vn 0.01952657 -0.81827673 -0.57449273
vn 0.00579569 -0.78044907 -0.62519250
vn 0.14798954 -0.74251318 -0.65327886
vn 0.10646752 -0.77344284 -0.62486065
vn 0.18581593 -0.21619729 -0.95850465
vn 0.10201619 -0.80231834 -0.58811392
vn 0.15329120 -0.26634093 -0.95161143
vn 0.08572944 -0.73220254 -0.67566996
vn 0.05680577 -0.82766844 -0.55833508
vn 0.13735361 -0.79974164 -0.58442048
vn 0.23148248 -0.25472669 -0.93889838
vn 0.18535672 -0.72489828 -0.66344960
vn 0.28849185 -0.24243039 -0.92628287
vn 0.18034848 -0.79754631 -0.57566857
vn 0.21908360 -0.73375661 -0.64312022
vn 0.34723832 -0.12785392 -0.92902041
vn 0.23171300 -0.77115951 -0.59297731
vn 0.37546422 -0.17614731 -0.90994436
vn 0.23456967 -0.76280080 -0.60258776
vn 0.47471582 -0.16695730 -0.86415864
vn 0.31417214 -0.72346986 -0.61472533
vn 0.42372934 -0.12319976 -0.89737131
vn 0.26509452 -0.77418077 -0.57477737
vn 0.28574591 -0.72449134 -0.62726516
vn 0.52027080 -0.12848395 -0.84428086
vn 0.34989801 -0.72871891 -0.58867660
vn 0.31124970 -0.76686371 -0.56128752
vn 0.36050109 -0.74698809 -0.55861235
vn 0.55126731 -0.13987258 -0.82252052
vn 0.39985005 -0.72013687 -0.56702982
vn 0.59704103 -0.13488631 -0.79078928
vn 0.43631152 -0.71457601 -0.54682117
vn 0.64252618 -0.11153084 -0.75810354
vn 0.78159728 -0.05671131 -0.62120007
vn 0.54545685 -0.72384998 -0.42251394
vn 0.54246185 -0.69840405 -0.46686928
vn 0.71498923 -0.09200155 -0.69305564
vn 0.53075071 -0.69576861 -0.48395220
vn 0.47622575 -0.73189263 -0.48738302
vn 0.67646463 -0.08603771 -0.73143224
vn 0.47418526 -0.71592636 -0.51244297
vn 0.43725867 -0.74089820 -0.50977908
vn 0.58999486 -0.68414969 -0.42877182
vn 0.83734688 -0.03716742 -0.54540699
vn 0.57401017 -0.72239343 -0.38556459
vn 0.88761311 -0.01505791 -0.46034359
vn 0.62746005 -0.69821651 -0.34465576
vn 0.62379092 -0.68771820 -0.37138734
vn 0.69075604 -0.68192447 -0.24048931
vn 0.64679210 -0.71521085 -0.26482714
vn 0.92844290 -0.00321118 -0.37146128
vn 0.66137160 -0.68661840 -0.30189862
vn 0.62920722 -0.71322042 -0.30889303
vn 0.68805604 -0.69496043 -0.20882738
vn 0.95944436 0.01007982 -0.28171781
vn 0.68656536 -0.70494368 -0.17799555
vn 0.70714652 -0.68787671 -0.16361364
vn 0.98286428 0.01719486 -0.18352698
vn 0.69184536 -0.71021011 -0.13019831
vn 0.71831450 -0.69566544 0.00859541
vn 0.72309642 -0.69019357 -0.02764767
vn 0.99968259 0.02499676 0.00314455
vn 0.71880140 -0.69293133 -0.05630913
vn 0.99549763 0.02055185 -0.09253160
vn 0.70682028 -0.70170254 -0.08954685
vn 0.72896163 -0.67763567 -0.09708165
vn 0.99924770 0.03838959 0.00550179
vn 0.99931000 0.03693545 0.00391128
vn 0.99517286 0.03594095 -0.09131939
vn 0.99962723 0.02666081 0.00588203
vn 0.99782678 0.06587838 -0.00132203
vn 0.99825399 0.05903003 -0.00210238
vn 0.99886341 0.04741400 0.00487816
vn 0.99418187 0.10724247 -0.01007283
vn 0.99541305 0.09496455 -0.01160177
vn 0.99141960 0.08407933 -0.10008920
vn 0.99611622 0.08773161 -0.00745950
vn 0.99209600 0.12354305 -0.02196906
vn 0.99331920 0.11385487 -0.01881604
vn 0.99351964 0.11273231 -0.01449643
vn 0.98904753 0.14304681 -0.03636740
vn 0.99018110 0.13616381 -0.03163564
vn 0.98847878 0.10473607 -0.10927055
vn 0.99131369 0.12873538 -0.02691418
vn 0.98479948 0.16468432 -0.05521823
vn 0.98590299 0.15929988 -0.05117473
vn 0.98559904 0.11936252 -0.11977945
vn 0.98732289 0.15207676 -0.04545517
vn 0.98764873 0.15170220 -0.03919726
vn 0.98187501 0.17544786 -0.07169038
vn 0.98306624 0.16949736 -0.06965202
vn 0.98261517 0.12954382 -0.13298807
vn 0.98401137 0.16637381 -0.06357181
vn 0.97964922 0.18232577 -0.08393282
vn 0.98157357 0.13078194 -0.13931769
vn 0.98011952 0.17834057 -0.08695033
vn 0.98095709 0.12963593 -0.14462956
vn 0.97929087 0.18118403 -0.09034230
vn 0.98034762 0.17971414 -0.08137176
vn 0.98141340 0.17555971 -0.07750181
vn 0.98102156 0.17891579 -0.07473842
vn 0.97899524 0.17720862 -0.10082376
vn 0.98078564 0.12604165 -0.14890610
vn 0.97879973 0.17623820 -0.10436080
vn 0.98112185 0.11991193 -0.15172687
vn 0.97855584 0.17702498 -0.10531202
vn 0.97872377 0.18008173 -0.09833795
vn 0.97915928 0.17842387 -0.09701563
vn 0.97936406 0.17921921 -0.09341582
vn 0.98198466 0.11128532 -0.15271447
vn 0.97952600 0.16761544 -0.11150728
vn 0.97886219 0.17207121 -0.11054549
vn 0.97904182 0.17317454 -0.10718065
vn 0.98725277 0.07278195 -0.14154419
vn 0.98299429 0.14033659 -0.11843933
vn 0.98514848 0.08735342 -0.14782372
vn 0.98265177 0.14462831 -0.11609546
vn 0.98101188 0.15502700 -0.11654320
vn 0.98050710 0.15746560 -0.11751771
vn 0.98027263 0.15973185 -0.11641004
vn 0.98698647 0.11541975 -0.11196423
vn 0.98705464 0.11757545 -0.10908321
vn 0.98964365 0.05816850 -0.13123216
vn 0.98533300 0.12759569 -0.11330587
vn 0.98442578 0.13182279 -0.11631264
vn 0.98369127 0.13582737 -0.11790852
vn 0.99203770 0.04201781 -0.11872530
vn 0.98929923 0.10630967 -0.09992636
vn 0.98778749 0.11178958 -0.10853094
vn 0.99389696 0.07869322 -0.07730592
vn 0.99195582 0.08755272 -0.09142300
vn 0.99565011 0.01122297 -0.09249274
vn 0.99061470 0.09468199 -0.09857905
vn 0.99051505 0.09934395 -0.09492476
vn 0.99810756 -0.01704645 -0.05908230
vn 0.99745896 0.05452017 -0.04586045
vn 0.99708821 0.05329431 -0.05454185
vn 0.99609023 0.06119100 -0.06371750
vn 0.99470073 0.07080197 -0.07454891
vn 0.99455900 0.07530207 -0.07198609
vn 0.99980936 0.01952516 0.00011082
vn 0.99820100 -0.05860605 0.01265268
vn 0.99982870 0.01515124 0.01063109
vn 0.99630608 -0.07172773 0.04721575
vn 0.99969963 0.00808111 0.02313764
vn 0.99968536 0.02347720 -0.00883237
vn 0.99924088 0.03245795 -0.02154403
vn 0.99899348 0.03526051 -0.02772591
vn 0.99933764 0.00961213 0.03509812
vn 0.99831528 0.00116157 0.05801086
vn 0.99386281 -0.00956067 0.11020573
vn 0.99453048 -0.00727163 0.10419332
vn 0.98754493 -0.08422093 0.13289789
vn 0.99619150 -0.00490413 0.08705429
vn 0.99674764 -0.01074759 0.07986635
vn 0.97956474 -0.08415089 0.18267880
vn 0.99007659 -0.01282545 0.13994235
vn 0.99135614 -0.00656696 0.13103390
vn 0.98474687 -0.08393873 0.15240702
vn 0.99239489 -0.00621242 0.12293813
vn 0.99318828 -0.01401040 0.11567516
vn 0.97411640 -0.08888062 0.20784003
vn 0.98640829 -0.01894591 0.16321684
vn 0.98703487 -0.01086630 0.16013773
vn 0.98911233 -0.01477270 0.14641914
vn 0.98415991 -0.01402353 0.17672750
vn 0.98427762 -0.01431333 0.17604743
vn 0.97033986 -0.09718734 0.22134855
vn 0.98462895 -0.01176957 0.17426218
vn 0.98585370 -0.01604434 0.16683844
vn 0.97131475 -0.10124596 0.21516715
vn 0.98462208 -0.01055555 0.17437872
vn 0.98441915 -0.01062948 0.17551625
vn 0.98601151 -0.01360343 0.16612120
vn 0.98656001 -0.00609196 0.16328573
vn 0.98626827 -0.00637316 0.16502815
vn 0.98552028 -0.00930559 0.16930205
vn 0.99175724 -0.00407959 0.12806613
vn 0.98817120 -0.02805956 0.15076583
vn 0.97640360 -0.09875542 0.19205045
vn 0.99557104 -0.00288861 0.09396786
vn 0.99772470 0.00137112 0.06740582
vn 0.98953850 -0.09438582 0.10910942
vn 0.99605148 0.00515084 0.08862800
vn 0.99608712 0.00449857 0.08826222
vn 0.87543615 -0.45362410 0.16684339
vn 0.82756386 -0.53560979 0.16810775
vn 0.82223946 -0.51805334 0.23567565
vn 0.82766798 -0.46055776 0.32070589
vn 0.86443660 -0.39257781 0.31405738
vn 0.83232200 -0.44346795 0.33253010
vn 0.86960170 -0.37493845 0.32126942
vn 0.83343791 -0.42898530 0.34835738
vn 0.87128430 -0.36332981 0.32993199
vn 0.82971196 -0.41852912 0.36933919
vn 0.81964246 -0.49832002 0.28260113
vn 0.86731078 -0.43945271 0.23378052
vn 0.91599345 -0.36791715 0.15997802
vn 0.82231469 -0.47905355 0.30709323
vn 0.86158853 -0.42328924 0.28016322
vn 0.90631966 -0.35794841 0.22462771
vn 0.94889874 -0.27884033 0.14778109
vn 0.97365633 -0.18678568 0.13078404
vn 0.93905926 -0.27340369 0.20837017
vn 0.89850277 -0.34620267 0.26988235
vn 0.86154255 -0.40700769 0.30346198
vn 0.96495214 -0.18568751 0.18543870
vn 0.93040389 -0.26651883 0.25162735
vn 0.89647468 -0.33163593 0.29385499
vn 0.90404039 -0.30390304 0.30058927
vn 0.82324492 -0.40991017 0.39273585
vn 0.75208780 -0.47225508 0.45971630
vn 0.68830244 -0.52692097 0.49859206
vn 0.76943829 -0.47453308 0.42753137
vn 0.70964998 -0.53301388 0.46075278
vn 0.78207596 -0.48226375 0.39468832
vn 0.72710737 -0.54455862 0.41805595
vn 0.78906884 -0.49487894 0.36395769
vn 0.73755589 -0.56020156 0.37707495
vn 0.78952590 -0.51115948 0.33965401
vn 0.73985664 -0.57861653 0.34324200
vn 0.78477825 -0.52988869 0.32146706
vn 0.73532909 -0.59883758 0.31730851
vn 0.77781523 -0.55015657 0.30386051
vn 0.72701429 -0.62031598 0.29437785
vn 0.77223981 -0.57153358 0.27747982
vn 0.71858078 -0.64285457 0.26529167
vn 0.77100109 -0.59370041 0.23038476
vn 0.71319680 -0.66611772 0.21826018
vn 0.77257623 -0.61344616 0.16373692
vn 0.71053543 -0.68660887 0.15397291
vn 0.78989415 -0.45851359 0.40722539
vn 0.72903714 -0.48762350 0.48034172
vn 0.79825922 -0.42986194 0.42190156
vn 0.66979796 -0.52199586 0.52810133
vn 0.84936071 -0.39440735 0.35075523
vn 0.79702934 -0.48744855 0.35656436
vn 0.95678125 -0.18362591 0.22550203
vn 0.92409943 -0.26001717 0.28005591
vn 0.92857198 -0.23996152 0.28314757
vn 0.93376100 -0.22364453 0.27941639
vn 0.93702695 -0.22040736 0.27092636
vn 0.94093384 -0.22886403 0.24952908
vn 0.95071034 -0.18154141 0.25138130
vn 0.95207136 -0.16907694 0.25489824
vn 0.95673416 -0.15675907 0.24512514
vn 0.96167374 -0.15332435 0.22732194
vn 0.96735526 -0.15714283 0.19882136
vn 0.97402448 -0.16100028 0.15923322
vn 0.68948679 -0.59165040 0.41780111
vn 0.69871117 -0.60806958 0.37690064
vn 0.74395462 -0.62693881 0.23125582
vn 0.71972998 -0.62073110 0.31093676
vn 0.77301456 -0.57894467 0.25936761
vn 0.75191693 -0.57111991 0.32930680
vn 0.76001879 -0.54514112 0.35382566
vn 0.80017318 -0.53023960 0.28030136
vn 0.73976113 -0.65146004 0.16838434
vn 0.76142545 -0.63122820 0.14758810
vn 0.78175716 -0.62101496 0.05653463
vn 0.68453203 -0.71270605 0.15318612
vn 0.66035993 -0.70962214 0.24568512
vn 0.71713994 -0.68605218 0.12264875
vn 0.70252062 -0.68120275 0.20597959
vn 0.74733103 -0.65799225 0.09242579
vn 0.79669491 -0.57776770 0.17737446
vn 0.81355296 -0.57399908 0.09304105
vn 0.79405407 -0.59735473 0.11245205
vn 0.84133258 -0.53693553 0.06212676
vn 0.85891028 -0.49592746 -0.12778528
vn 0.86597705 -0.46545734 -0.18284751
vn 0.82881937 -0.53981993 -0.14714920
vn 0.84625560 -0.52857586 -0.06677586
vn 0.80096846 -0.59840273 -0.01907095
vn 0.75364148 -0.65643125 0.03350420
vn 0.80254833 -0.59552374 0.03560407
vn 0.83130443 -0.55580327 0.00395724
vn 0.85970715 -0.50995843 -0.02908636
vn 0.89269171 -0.40030233 -0.20702548
vn 0.88823910 -0.43139688 -0.15788616
vn 0.88196034 -0.45946720 -0.10505166
vn 0.85850451 -0.40533393 0.31412484
vn 0.86999406 -0.41131675 0.27189865
vn 0.84378822 -0.46541783 0.26722218
vn 0.88602585 -0.40835083 0.21956274
vn 0.88486068 -0.42857331 0.18261023
vn 0.91773760 -0.37316100 0.13604621
vn 0.92592089 -0.36867901 0.08213578
vn 0.94842531 -0.31318024 0.04906694
vn 0.95580159 -0.29387794 -0.00889235
vn 0.92097991 -0.38898731 -0.02202010
vn 0.93303666 -0.35131773 -0.07757867
vn 0.89051768 -0.45470836 0.01478430
vn 0.90263947 -0.42803444 -0.04503889
vn 0.85888066 -0.50971144 0.05018225
vn 0.87708628 -0.48033169 0.00106690
vn 0.91797838 -0.30432757 -0.25436278
vn 0.91917164 -0.32279515 -0.22566965
vn 0.91762878 -0.35228072 -0.18399923
vn 0.91430229 -0.38035547 -0.13921578
vn 0.88057933 -0.47019194 -0.05915734
vn 0.90922750 -0.40590430 -0.09245027
vn 0.79752971 -0.51214379 0.31883397
vn 0.84924856 -0.47764560 0.22501456
vn 0.86278929 -0.47872040 0.16254670
vn 0.89755874 -0.42424070 0.12003395
vn 0.91123893 -0.40918323 0.04703924
vn 0.93723345 -0.34846747 0.01280176
vn 0.94600285 -0.32035658 -0.04950020
vn 0.93429202 -0.20358670 -0.29266171
vn 0.94045205 -0.21326631 -0.26470252
vn 0.94211744 -0.23950879 -0.23462794
vn 0.94273832 -0.26633181 -0.20077807
vn 0.94207071 -0.29280598 -0.16360755
vn 0.93998623 -0.31793312 -0.12387260
vn 0.79497307 -0.58332511 -0.16658221
vn 0.80341490 -0.54987719 -0.22838471
vn 0.88014203 -0.19668838 -0.43204593
vn 0.83833973 -0.27479262 -0.47082429
vn 0.84327333 -0.29919960 -0.44650834
vn 0.80762024 -0.41235941 -0.42155577
vn 0.77108017 -0.52310366 -0.36303985
vn 0.83619330 -0.50785373 -0.20703949
vn 0.83671028 -0.48275238 -0.25858468
vn 0.80851435 -0.51476080 -0.28517691
vn 0.83942620 -0.44726283 -0.30873874
vn 0.81058349 -0.47940431 -0.33634195
vn 0.84029298 -0.41242293 -0.35187360
vn 0.81346900 -0.43667897 -0.38416099
vn 0.89119256 -0.24408255 -0.38236047
vn 0.88573049 -0.22062846 -0.40841717
vn 0.84800790 -0.32560876 -0.41816449
vn 0.84706857 -0.36380398 -0.38745516
vn 0.86865574 -0.34976731 -0.35085614
vn 0.87267881 -0.36640682 -0.32276577
vn 0.87269168 -0.39943029 -0.28082856
vn 0.87347338 -0.42488264 -0.23773724
vn 0.90027791 -0.25407900 -0.35347355
vn 0.90318890 -0.28119428 -0.32431402
vn 0.90196811 -0.32063713 -0.28921506
vn 0.89761541 -0.36101692 -0.25289000
vn 0.75834553 -0.35191834 -0.54869440
vn 0.76032986 -0.39051929 -0.51903101
vn 0.79395666 -0.37035635 -0.48215039
vn 0.75846778 -0.43046643 -0.48931103
vn 0.79494415 -0.17309255 -0.58146605
vn 0.80782664 -0.21216058 -0.54991273
vn 0.86155080 -0.13227813 -0.49013541
vn 0.93060057 -0.17986716 -0.31879522
vn 0.92740377 -0.15804724 -0.33903292
vn 0.92333698 -0.13553068 -0.35927742
vn 0.99350732 -0.10724124 -0.03798063
vn 0.98186813 -0.18930145 -0.00999694
vn 0.99149933 -0.12990551 0.00732352
vn 0.97457296 -0.21945297 0.04525424
vn 0.98802282 -0.14587103 0.05032453
vn 0.96607446 -0.23829492 0.09957742
vn 0.98368450 -0.15595625 0.08967974
vn 0.95932850 -0.24366948 0.14252723
vn 0.97901165 -0.16120513 0.12469601
vn 0.95298227 -0.24420156 0.17941682
vn 0.94306683 -0.24661501 0.22317254
vn 0.90449279 -0.29881399 0.30430739
vn 0.86454005 -0.35087907 0.35979769
vn 0.98248332 -0.14303779 -0.11944336
vn 0.96693918 -0.23832084 -0.09072926
vn 0.98289585 -0.16222260 -0.08717561
vn 0.96236355 -0.26768595 -0.04691083
vn 0.96954025 -0.24378093 -0.02371823
vn 0.81489853 -0.41228324 0.40738547
vn 0.85703762 -0.36643218 0.36223471
vn 0.90171568 -0.32411576 0.28610802
vn 0.91334675 -0.32693681 0.24271388
vn 0.92044033 -0.33225240 0.20590760
vn 0.93273080 -0.32572487 0.15464982
vn 0.94624790 -0.30882616 0.09613172
vn 0.96684692 -0.25488085 0.01558141
vn 0.98429871 -0.16718737 -0.05660763
vn 0.99339413 -0.07880255 -0.08341617
vn 0.99126181 -0.04299235 -0.12470642
vn 0.98790019 -0.01022590 -0.15475351
vn 0.96594349 0.02009519 -0.25797161
vn 0.94892373 -0.05013043 -0.31149752
vn 0.96707925 0.01250194 -0.25416811
vn 0.95104488 -0.06502588 -0.30213453
vn 0.96853535 0.00253957 -0.24886306
vn 0.95359804 -0.08055385 -0.29010663
vn 0.97031596 -0.00983998 -0.24164045
vn 0.95624846 -0.09848181 -0.27548179
vn 0.97238542 -0.02459471 -0.23208123
vn 0.95887432 -0.11864729 -0.25784269
vn 0.97465233 -0.04153884 -0.21983483
vn 0.96128931 -0.14068523 -0.23691881
vn 0.97697799 -0.06034113 -0.20462883
vn 0.96327425 -0.16407442 -0.21256128
vn 0.97917653 -0.08054371 -0.18634924
vn 0.96458431 -0.18815154 -0.18486781
vn 0.98140945 -0.10647675 -0.15968153
vn 0.96431550 -0.21616465 -0.15286744
vn 0.96447835 -0.23500578 -0.12063914
vn 0.97704205 0.08028452 -0.19734038
vn 0.97698308 0.07745417 -0.19875845
vn 0.97729658 0.07229071 -0.19916187
vn 0.97803363 0.06468851 -0.19815555
vn 0.97921569 0.05462242 -0.19532800
vn 0.98082049 0.04217700 -0.19029523
vn 0.98277900 0.02757232 -0.18271619
vn 0.98496831 0.01115519 -0.17237459
vn 0.77029881 -0.55835838 -0.30801894
vn 0.91757051 -0.10849047 -0.38248422
vn 0.94678528 -0.04116809 -0.31922220
vn 0.94428068 -0.03133343 -0.32764648
vn 0.96509288 0.02545380 -0.26066805
vn 0.96450470 0.02904387 -0.26246360
vn 0.97740246 0.08095210 -0.19527208
vn 0.97818998 0.07890970 -0.19213958
vn 0.98377571 0.12678899 -0.12692476
vn 0.98503818 0.16261086 -0.05707436
vn 0.91066965 -0.08473233 -0.40435284
vn 0.94101729 -0.02146762 -0.33767677
vn 0.96387892 0.02975098 -0.26467398
vn 0.97968682 0.07158152 -0.18732279
vn 0.98120255 0.05881131 -0.18380094
vn 0.96318416 0.02605551 -0.26757687
vn 0.93747510 -0.01488136 -0.34773407
vn 0.90382948 -0.06647531 -0.42269766
vn 0.75464558 -0.31490552 -0.57562537
vn 0.72306282 -0.16876938 -0.66984853
vn 0.78372538 -0.12114619 -0.60917824
vn 0.85099179 -0.10523250 -0.51452804
vn 0.84165928 -0.07557664 -0.53469414
vn 0.89691096 -0.05318625 -0.43900109
vn 0.89043433 -0.03976696 -0.45337102
vn 0.93387671 -0.01312248 -0.35735429
vn 0.93017626 -0.01203766 -0.36691581
vn 0.96231258 0.01783929 -0.27136000
vn 0.96093697 0.00912092 -0.27661697
vn 0.98235306 0.04182126 -0.18230042
vn 0.98269069 0.02498905 -0.18356076
vn 0.01990587 -0.63592184 0.77149671
vn 0.03424648 -0.64074240 0.76699176
vn 0.00968371 -0.65944020 0.75169465
vn 0.04020849 -0.68181051 0.73042296
vn 0.03420060 -0.68800647 0.72489821
vn 0.11274494 -0.41950366 0.90072485
vn 0.03545648 -0.71169969 0.70158848
vn 0.16689788 -0.34046800 0.92532515
vn 0.03372218 -0.74784809 0.66301286
vn 0.00102339 -0.71337482 0.70078193
vn 0.05994459 -0.62547714 0.77793637
vn 0.09732987 -0.63570597 0.76577074
vn 0.07171181 -0.65418729 0.75292523
vn 0.13411048 -0.68226482 0.71869958
vn 0.07670030 -0.68408605 0.72535739
vn 0.12573321 -0.71276520 0.69004125
vn 0.12216636 -0.74762931 0.65278312
vn 0.17212215 -0.78048893 0.60100831
vn 0.06900546 -0.74747976 0.66069074
vn 0.10759481 -0.81134533 0.57457995
vn 0.18829707 -0.74539136 0.63948099
vn 0.19299854 -0.71226765 0.67485284
vn 0.19999651 -0.68760695 0.69799576
vn 0.19775248 -0.65840287 0.72622284
vn 0.48128785 -0.71535962 0.50657932
vn 0.43919370 -0.71925558 0.53831245
vn 0.38152770 -0.68777074 0.61758240
vn 0.34448498 -0.72372826 0.59795276
vn 0.54167268 -0.70214242 0.46215445
vn 0.61662181 -0.67668577 0.40233557
vn 0.22579262 -0.83343511 0.50438439
vn 0.30133512 -0.84620846 0.43946375
vn 0.31359550 -0.87039084 0.37957562
vn 0.32661769 -0.88912075 0.32060127
vn 0.28195969 -0.81048401 0.51343394
vn 0.31658744 -0.81433996 0.48643892
vn 0.39781082 -0.81543991 0.42048105
vn 0.61121155 -0.73422838 0.29551502
vn 0.55114265 -0.72926721 0.40547639
vn 0.54698771 -0.75889399 0.35338980
vn 0.48763365 -0.74399289 0.45682382
vn 0.47947405 -0.77582479 0.41012259
vn 0.42667165 -0.75078438 0.50425601
vn 0.42003407 -0.78150785 0.46132079
vn 0.34984072 -0.75359345 0.55651450
vn 0.37798902 -0.78514728 0.49057930
vn 0.34848637 -0.83662908 0.42262162
vn 0.41279796 -0.83548241 0.36272165
vn 0.48133748 -0.82468948 0.29698735
vn 0.48820826 -0.83812732 0.24330081
vn 0.54917514 -0.81393309 0.18952465
vn 0.55997091 -0.81842437 0.12889583
vn 0.55865024 -0.79771691 0.22706308
vn 0.62925602 -0.76094952 0.15809075
vn 0.61975975 -0.77583733 0.11821288
vn 0.66522941 -0.74635417 0.02062247
vn 0.64392344 -0.75947220 0.09254503
vn 0.69756552 -0.71640766 -0.01274435
vn 0.68645900 -0.72546094 0.04980422
vn 0.73756154 -0.67345260 -0.04964447
vn 0.71763157 -0.69616874 0.01881502
vn 0.73986815 -0.67273781 -0.00435445
vn 0.72210327 -0.68889284 0.06319430
vn 0.68887791 -0.71869088 0.09450209
vn 0.44964978 -0.79759201 0.40207221
vn 0.46404860 -0.81213360 0.35369183
vn 0.51660318 -0.78452755 0.34298350
vn 0.53347590 -0.79439019 0.29042673
vn 0.58544821 -0.76045041 0.28100811
vn 0.60352789 -0.76497878 0.22485898
vn 0.63305649 -0.74299153 0.21726266
vn 0.65126122 -0.73854856 0.17436982
vn 0.02910671 -0.78972839 0.61276575
vn 0.16755105 -0.38252015 0.90862808
vn 0.12553072 -0.45179789 0.88324442
vn -0.00109118 -0.82066748 0.57140502
vn -0.00174979 -0.78616665 0.61801208
vn 0.01361646 -0.93430311 0.35621944
vn 0.17933764 -0.57997836 0.79464653
vn 0.01424746 -0.90189504 0.43172022
vn 0.17581801 -0.56354517 0.80715852
vn -0.00629822 -0.91237172 0.40931428
vn 0.04288229 -0.90231138 0.42894670
vn 0.00860130 -0.88113026 0.47279538
vn 0.01039447 -0.83342959 0.55252790
vn 0.05586949 -0.85875541 0.50933069
vn 0.04876138 -0.78324002 0.61980432
vn 0.09495089 -0.85108548 0.51636986
vn 0.04942760 -0.82767552 0.55902606
vn 0.13316926 -0.86907749 0.47641397
vn 0.09612647 -0.89428834 0.43704470
vn 0.09439060 -0.92331493 0.37226328
vn 0.06449780 -0.90214102 0.42659303
vn 0.04986425 -0.87020918 0.49015257
vn 0.12972689 -0.89783934 0.42077958
vn 0.13192064 -0.92030611 0.36828467
vn 0.13446056 -0.94158848 0.30875798
vn 0.16747375 -0.87270611 0.45862466
vn 0.17172818 -0.89515385 0.41135024
vn 0.17585776 -0.91677452 0.35860638
vn 0.18008233 -0.93677321 0.30004385
vn 0.18302762 -0.95522249 0.23248848
vn 0.16046931 -0.98621519 0.04036339
vn 0.13254614 -0.98696020 0.09132952
vn 0.12530075 -0.97777105 0.16811750
vn 0.11000884 -0.98147960 0.15683062
vn 0.09943639 -0.96657351 0.23632194
vn 0.03182412 -0.99127170 0.12793607
vn 0.00668121 -0.96335037 0.26816306
vn 0.02816241 -0.97317688 0.22832790
vn 0.20566618 -0.60370936 0.77021843
vn -0.00011503 -0.95766712 0.28787788
vn 0.17630484 -0.59387252 0.78500448
vn 0.19860463 -0.55392808 0.80852945
vn 0.01862456 -0.99632684 0.08358205
vn 0.01860927 -0.99982213 0.00306560
vn 0.00178964 -0.99771125 0.06759478
vn -0.00332764 -0.99751061 0.07043801
vn -0.20474830 -0.70431790 -0.67971643
vn -0.00298869 -0.99997709 -0.00607404
vn 0.02295252 -0.91833275 0.39514319
vn 0.04124520 -0.93536238 0.35127773
vn 0.02892743 -0.94951117 0.31239678
vn 0.04943118 -0.96315502 0.26436521
vn 0.04460284 -0.97996503 0.19411114
vn 0.07439287 -0.98808906 0.13470603
vn -0.10484876 -0.59717896 -0.79522577
vn -0.04840046 -0.54662381 -0.83597835
vn 0.03206811 -0.92830835 -0.37042575
vn -0.04398059 -0.55701802 -0.82933505
vn 0.02721705 -0.93948989 -0.34149375
vn -0.00058143 -0.88954523 -0.45684675
vn 0.06750053 -0.73300798 -0.67686260
vn -0.01667520 -0.41657742 -0.90894730
vn 0.06302445 -0.79387691 -0.60480358
vn -0.01731201 -0.41726272 -0.90862100
vn -0.00026390 -0.80714928 -0.59034733
vn -0.03715457 -0.49998299 -0.86523786
vn 0.05755121 -0.88349019 -0.46490100
vn -0.03818979 -0.47224949 -0.88063725
vn 0.05875120 -0.84318579 -0.53440249
vn 0.00115853 -0.49819764 -0.86706273
vn 0.00000355 -0.47324989 -0.88092823
vn 0.05707236 -0.91386513 -0.40198665
vn 0.05114944 -0.94471385 -0.32388188
vn -0.00032791 -0.27339404 -0.96190207
vn -0.00107027 -0.19629195 -0.98054491
vn 0.08726223 -0.72446601 -0.68376480
vn 0.07922487 -0.72542813 -0.68372323
vn 0.04843265 -0.33816138 -0.93984103
vn -0.00156622 -0.30620467 -0.95196442
vn -0.00000029 -0.19391862 -0.98101762
vn -0.03855682 -0.32914744 -0.94349104
vn -0.03595606 -0.35606539 -0.93376903
vn -0.00137317 -0.70522278 -0.70898445
vn 0.02060351 -0.99587998 -0.08830942
vn 0.04662905 -0.97241504 -0.22854917
vn 0.08248567 -0.92829311 -0.36258517
vn 0.09046322 -0.89513733 -0.43651525
vn 0.09615901 -0.86233565 -0.49712238
vn 0.10232962 -0.82191515 -0.56034287
vn 0.10253295 -0.80169669 -0.58887130
vn 0.15595895 -0.68833810 -0.70842605
vn 0.12971968 -0.58842603 -0.79807745
vn 0.13000997 -0.55141242 -0.82403990
vn 0.07475601 -0.65640767 -0.75069336
vn 0.08540054 -0.56752311 -0.81891652
vn 0.14769669 -0.98869039 0.02601914
vn 0.10852841 -0.98842618 0.10599657
vn 0.07864009 -0.97462811 0.20956093
vn 0.06621072 -0.95205473 0.29867697
vn 0.07785725 -0.99498805 0.06274574
vn 0.11452308 -0.99340363 -0.00580469
vn 0.08237459 -0.99660143 0.00011809
vn 0.11984222 -0.99046367 -0.06796735
vn 0.08782290 -0.99374809 -0.06893385
vn 0.12611641 -0.98271058 -0.13555285
vn 0.09717678 -0.98391931 -0.14986484
vn 0.13688502 -0.96722651 -0.21385829
vn 0.14159729 -0.94702145 -0.28827171
vn 0.19265501 -0.91586400 -0.35224592
vn 0.20197172 -0.87953290 -0.43084720
vn 0.15572792 -0.98421190 -0.08411746
vn 0.15918127 -0.97697400 -0.14206730
vn 0.16925007 -0.96321615 -0.20873203
vn 0.18248376 -0.94224493 -0.28084545
vn 0.17819832 -0.97723166 0.11516792
vn 0.19273928 -0.97812653 0.07823086
vn 0.20144829 -0.97944745 -0.01006360
vn 0.23214350 -0.97112544 -0.05499800
vn 0.24080807 -0.95797930 -0.15584331
vn 0.27344221 -0.94083294 -0.20015678
vn 0.27203273 -0.91860513 -0.28664057
vn 0.30445361 -0.88907001 -0.34185160
vn 0.28700448 -0.88623370 -0.36361829
vn 0.24228646 -0.87613949 -0.41674557
vn 0.21484010 -0.89777478 -0.38450511
vn 0.23426027 -0.90709058 -0.34972675
vn 0.20635495 -0.92676950 -0.31387248
vn 0.22712858 -0.93107121 -0.28551535
vn 0.19888961 -0.94841947 -0.24686724
vn 0.20984745 -0.95633657 -0.20343158
vn 0.17935749 -0.96974890 -0.16558370
vn 0.16716217 -0.98375152 -0.06549629
vn 0.05205886 -0.99085468 0.12448645
vn 0.05291328 -0.99680613 0.05981403
vn 0.05722106 -0.99831182 -0.00996285
vn 0.06469935 -0.99361290 -0.09245211
vn 0.10164747 -0.96815961 -0.22876794
vn 0.15181032 -0.91472739 -0.37446953
vn 0.20864241 -0.83998331 -0.50089558
vn 0.17016708 -0.84020635 -0.51487518
vn 0.12805954 -0.87088426 -0.47451170
vn 0.15981684 -0.87758298 -0.45200297
vn 0.11856420 -0.90630567 -0.40565078
vn 0.11100123 -0.94050650 -0.32113277
vn 0.07612767 -0.95923729 -0.27215509
vn 0.06837070 -0.98221603 -0.17486311
vn 0.04103409 -0.99100450 -0.12738245
vn 0.03860554 -0.99836097 -0.04224915
vn 0.03326351 -0.99860285 0.04105966
vn 0.15034806 -0.74572461 -0.64906878
vn 0.18523877 -0.76455188 -0.61737105
vn 0.23380324 -0.68166231 -0.69330552
vn 0.19420168 -0.71475916 -0.67186684
vn 0.22454652 -0.72739193 -0.64844417
vn 0.21685787 -0.80249659 -0.55585240
vn 0.27745509 -0.39100419 -0.87757301
vn 0.28684930 -0.28402483 -0.91490293
vn 0.23005583 -0.41148411 -0.88190427
vn 0.23778970 -0.29893251 -0.92417283
vn 0.18324866 -0.42999100 -0.88404054
vn 0.19020376 -0.31177726 -0.93092291
vn 0.13680109 -0.44585581 -0.88458920
vn 0.14254250 -0.32272305 -0.93569839
vn 0.09086772 -0.45891705 -0.88382023
vn 0.09499806 -0.33161449 -0.93861984
vn 0.29923293 -0.58828491 -0.75125263
vn 0.25546010 -0.68327708 -0.68401212
vn 0.29523986 -0.64813943 -0.70196061
vn 0.24692763 -0.72601914 -0.64181224
vn 0.22202472 -0.76707614 -0.60191296
vn 0.28327141 -0.71824857 -0.63551263
vn 0.11004200 -0.99260141 0.05131463
vn 0.14972493 -0.98841026 -0.02505189
vn -0.00000053 -0.34907546 -0.93709462
vn 0.21162328 -0.59002711 -0.77915570
vn 0.26767961 -0.48231125 -0.83410041
vn 0.31604840 -0.42731633 -0.84706207
vn 0.37897417 -0.25128455 -0.89063722
vn 0.25489901 -0.86115739 0.43981183
vn 0.26495921 -0.88216110 0.38934355
vn 0.21730062 -0.89027812 0.40023157
vn 0.27557676 -0.90160757 0.33340851
vn 0.22441599 -0.91093852 0.34616251
vn 0.28505533 -0.91958027 0.27039894
vn 0.23020264 -0.93053965 0.28478535
vn 0.07311877 -0.71192458 0.69843900
vn 0.25035046 -0.80011646 0.54510394
vn 0.32148780 -0.90847571 0.26705334
vn 0.28038750 -0.93597020 0.21293811
vn 0.28394108 -0.94370492 0.16970119
vn 0.21875389 -0.94868566 0.22834678
vn 0.27791319 -0.95471844 0.10619303
vn 0.22920021 -0.96062820 0.15703731
vn 0.28527787 -0.95805326 0.02739482
vn 0.24920367 -0.96580037 0.07160436
vn 0.29244707 -0.95457772 -0.05706211
vn 0.33590466 -0.92174378 -0.19379488
vn 0.32892657 -0.93852838 -0.10474633
vn 0.32163361 -0.94664756 -0.02025390
vn 0.31371319 -0.94763371 0.05978610
vn 0.30383982 -0.94335957 0.13324444
vn 0.50736011 -0.85163660 0.13153259
vn 0.56484978 -0.82505822 0.01495528
vn 0.58240681 -0.81043771 -0.06319034
vn 0.61787675 -0.77971792 -0.10133254
vn 0.63095948 -0.75544949 -0.17659617
vn 0.66404508 -0.71815568 -0.20807824
vn 0.68149815 -0.67604208 -0.28022736
vn 0.61719183 -0.78664914 0.01604324
vn 0.65153035 -0.75836035 -0.01994467
vn 0.66911794 -0.73695623 -0.09579507
vn 0.70085287 -0.70196672 -0.12668064
vn 0.72220201 -0.66141417 -0.20237481
vn 0.75745997 -0.64143746 -0.12170610
vn 0.71500868 -0.69382608 -0.08583681
vn 0.68420615 -0.72728596 -0.05401001
vn 0.58147437 -0.81179850 0.05357943
vn 0.63601687 -0.76926028 -0.06100136
vn 0.68313743 -0.71033742 -0.16954057
vn 0.73444261 -0.62327744 -0.26855035
vn 0.54472831 -0.83352524 0.09223199
vn 0.60116085 -0.79876906 -0.02395054
vn 0.65152783 -0.74617141 -0.13689309
vn 0.68582216 -0.68964246 -0.23246771
vn 0.72731355 -0.60432687 -0.32527532
vn 0.59661444 -0.79018220 -0.14022593
vn 0.64010722 -0.72710037 -0.24816888
vn 0.68942395 -0.63820177 -0.34262679
vn 0.56043329 -0.82202002 -0.10098322
vn 0.60706091 -0.76516146 -0.21448776
vn 0.63728828 -0.70604500 -0.30881078
vn 0.67771067 -0.61845735 -0.39776722
vn 0.52278058 -0.85039921 -0.05934350
vn 0.57193914 -0.80090047 -0.17732473
vn 0.53503338 -0.83363960 -0.13705583
vn 0.57986308 -0.77514503 -0.25081666
vn 0.54396508 -0.81163336 -0.21296309
vn 0.58445115 -0.74527264 -0.32091362
vn 0.54974031 -0.78470147 -0.28640740
vn 0.58609668 -0.71163448 -0.38738488
vn 0.55264796 -0.75309293 -0.35697518
vn 0.57730106 -0.68418129 -0.44566742
vn 0.61463910 -0.58950816 -0.52411726
vn 0.63074164 -0.61755587 -0.46988268
vn 0.63325619 -0.65451962 -0.41302622
vn 0.62881550 -0.69323889 -0.35215182
vn 0.61488574 -0.73612345 -0.28290952
vn 0.33973959 -0.91935109 0.19842021
vn 0.34515690 -0.92604377 0.15267499
vn 0.34173458 -0.93551229 0.08963390
vn 0.35113212 -0.93624314 0.01245070
vn 0.35938560 -0.93069018 -0.06824789
vn 0.36654745 -0.91788324 -0.15209644
vn 0.37293483 -0.89654254 -0.23902109
vn 0.37896318 -0.86500329 -0.32887113
vn 0.41942261 -0.78596647 -0.45424815
vn 0.41506994 -0.83206133 -0.36795501
vn 0.41030979 -0.86711123 -0.28242520
vn 0.40476198 -0.89265972 -0.19830876
vn 0.39800238 -0.91004348 -0.11582301
vn 0.38968474 -0.92027757 -0.03514252
vn 0.37974419 -0.92408103 0.04322727
vn 0.36708103 -0.92279505 0.11705045
vn 0.33816420 -0.75340654 -0.56393578
vn 0.31316304 -0.78047369 -0.54110048
vn 0.33182299 -0.79476003 -0.50818303
vn 0.30104831 -0.82454325 -0.47905986
vn 0.31404709 -0.84207875 -0.43849494
vn 0.29101593 -0.86006039 -0.41905353
vn 0.36467290 -0.72388843 -0.58566134
vn 0.36101087 -0.76235285 -0.53711199
vn 0.38122804 -0.77013052 -0.51143343
vn 0.34915834 -0.81187523 -0.46791779
vn 0.35048199 -0.85378934 -0.38497551
vn 0.30765276 -0.91961515 -0.24424936
vn 0.26502899 -0.95893292 -0.10103118
vn 0.22488232 -0.97370839 0.03633062
vn 0.17494805 -0.97029606 0.16708899
vn 0.13612951 -0.96156518 0.23845577
vn 0.06425221 -0.92778261 0.36754740
vn 0.09632783 -0.94603832 0.30940659
vn 0.23143668 -0.96661461 0.10996939
vn 0.25762491 -0.96619515 -0.00981500
vn 0.29976127 -0.94253745 -0.14753420
vn 0.34298642 -0.89429436 -0.28739852
vn 0.38496062 -0.82132978 -0.42097828
vn 0.42369806 -0.72715985 -0.54010972
vn 0.38144341 -0.88815382 0.25628834
vn 0.39029284 -0.89661307 0.20918055
vn 0.39223033 -0.90779605 0.14853182
vn 0.40634031 -0.91073222 0.07385374
vn 0.41861633 -0.90815699 -0.00335280
vn 0.42880572 -0.89964601 -0.08223568
vn 0.43690174 -0.88476899 -0.16217492
vn 0.44299775 -0.86307963 -0.24258309
vn 0.44749281 -0.83381323 -0.32327339
vn 0.45084285 -0.79592287 -0.40403900
vn 0.45345974 -0.74820957 -0.48431055
vn 0.45570741 -0.68943959 -0.56303091
vn 0.41281117 -0.89332815 0.17762815
vn 0.43024559 -0.89654510 0.10533573
vn 0.44517814 -0.89498100 0.02873035
vn 0.45782476 -0.88766861 -0.04940579
vn 0.46792765 -0.87443982 -0.12805744
vn 0.47550710 -0.85512843 -0.20651480
vn 0.48070799 -0.82955463 -0.28418118
vn 0.48398145 -0.79718206 -0.36091926
vn 0.48584704 -0.75717870 -0.43661548
vn 0.48672717 -0.70862661 -0.51082775
vn 0.48890185 -0.65185862 -0.57970279
vn 0.34552975 -0.70403065 -0.62044342
vn 0.37421781 -0.67346951 -0.63749499
vn 0.35196074 -0.64823113 -0.67521851
vn 0.38489394 -0.61323364 -0.68978341
vn 0.39107284 -0.54682881 -0.74029743
vn 0.40193710 -0.46164167 -0.79078033
vn 0.35463574 -0.48885226 -0.79703009
vn 0.31458660 -0.73581252 -0.59967925
vn 0.32210528 -0.67246406 -0.66636347
vn 0.33490466 -0.60534927 -0.72207419
vn 0.34580660 -0.54544071 -0.76348689
vn 0.30624677 -0.52449273 -0.79443080
vn 0.31492169 -0.45356294 -0.83372956
vn 0.36434284 -0.42221631 -0.83005282
vn 0.37246105 -0.34317727 -0.86226570
vn 0.40908467 -0.38911260 -0.82537332
vn 0.40764205 -0.37931886 -0.83062938
vn 0.46910571 -0.21507676 -0.85655229
vn 0.44250793 -0.49640754 -0.74683752
vn 0.40241959 -0.59473717 -0.69594983
vn 0.39947100 -0.64093556 -0.65545749
vn 0.49636883 -0.57428407 -0.65101136
vn 0.48782659 -0.51093713 -0.70779127
vn 0.45844416 -0.61734655 -0.63930601
vn 0.45543066 -0.54960814 -0.70036691
vn 0.42062118 -0.65892354 -0.62361654
vn 0.43141621 -0.57103350 -0.69842737
vn 0.49226680 -0.36995084 -0.78791483
vn 0.48434635 -0.44235809 -0.75480324
vn 0.51605790 -0.46059045 -0.72217774
vn 0.59150715 -0.37683335 -0.71282250
vn 0.54495599 -0.43029217 -0.71963298
vn 0.54852998 -0.50559855 -0.66594667
vn 0.51163454 -0.19461782 -0.83687155
vn 0.21013441 -0.97123732 -0.11198928
vn 0.24004345 -0.93931800 -0.24507313
vn 0.25710739 -0.91038088 -0.32419508
vn 0.26373034 -0.88431199 -0.38527732
vn 0.27109863 -0.85172120 -0.44841558
vn 0.27669934 -0.81397909 -0.51075974
vn 0.55353957 -0.23529828 -0.79889215
vn 0.52263596 -0.83638555 0.16526000
vn 0.49848854 -0.84505659 0.19336117
vn 0.43546138 -0.86513060 0.24884220
vn 0.44551029 -0.87274361 0.19959752
vn 0.45132933 -0.88164819 0.13783436
vn 0.46879242 -0.88113159 0.06197411
vn 0.48416493 -0.87483255 -0.01588467
vn 0.49680720 -0.86273325 -0.09420168
vn 0.50648716 -0.84494721 -0.17185738
vn 0.51327992 -0.82157003 -0.24812577
vn 0.51739815 -0.79266020 -0.32247321
vn 0.51935540 -0.75785866 -0.39486735
vn 0.51972119 -0.71648436 -0.46533864
vn 0.51895057 -0.66781984 -0.53357939
vn 0.51076889 -0.61975987 -0.59582955
vn 0.38846744 -0.70331702 -0.59534713
vn 0.72745318 -0.56952473 -0.38269238
vn 0.72594682 -0.53455463 -0.43272690
vn 0.67428823 -0.58258290 -0.45379790
vn 0.72223794 -0.49982584 -0.47806537
vn 0.67030224 -0.54541566 -0.50320638
vn 0.71689019 -0.46495340 -0.51950629
vn 0.66486365 -0.50632506 -0.54917326
vn 0.71037946 -0.42931014 -0.55772200
vn 0.65654555 -0.46364890 -0.59496020
vn 0.70623074 -0.38473734 -0.59431921
vn 0.69524931 -0.35453957 -0.62524402
vn 0.64355093 -0.42646188 -0.63558829
vn 0.68157726 -0.33396790 -0.65108976
vn 0.64328735 -0.37529030 -0.66733693
vn 0.64434933 -0.31765946 -0.69563382
vn 0.59978487 -0.43174143 -0.67368943
vn 0.60221226 -0.49349280 -0.62753904
vn 0.56192653 -0.56192084 -0.60702846
vn 0.60780474 -0.54320613 -0.57922404
vn 0.56590659 -0.61506140 -0.54904391
vn 0.56437538 -0.66575972 -0.48810289
vn 0.55480432 -0.71696634 -0.42207988
vn 0.63415753 -0.26140348 -0.72767606
vn 0.59030274 -0.30000922 -0.74935782
vn 0.54930263 -0.33975177 -0.76343655
vn 0.51712452 -0.36800793 -0.77275636
vn 0.67196102 -0.15556179 -0.72406416
vn 0.59595411 -0.20737587 -0.77577957
vn 0.63849227 -0.18154322 -0.74791021
vn 0.67694319 -0.20923818 -0.70566798
vn 0.72755064 -0.22696356 -0.64742382
vn 0.74048007 -0.25287653 -0.62268992
vn 0.74936441 -0.28541344 -0.59748820
vn 0.06627911 -0.98098034 0.18244082
vn 0.00331990 -0.99381488 0.11099984
vn 0.00003314 -0.99933743 0.03639646
vn 0.00973603 -0.99607395 0.08798802
vn 0.17661943 -0.97195791 0.15525269
vn 0.11354522 -0.98268954 0.14638562
vn 0.00449517 -0.98382766 0.17906122
vn 0.02224060 -0.85127329 0.52425103
vn 0.00000000 -0.89009129 0.45578229
vn 0.05734678 -0.87933736 0.47273371
vn 0.00000000 -0.92070658 0.39025554
vn 0.06409426 -0.92168017 0.38261938
vn 0.00371933 -0.97715519 0.21249449
vn 0.11832479 -0.96877028 0.21790684
vn -0.00000000 -0.96461379 0.26366692
vn 0.05935698 -0.95308110 0.29683863
vn 0.00124265 -0.94268056 0.33369420
vn 0.00166772 -0.94261629 0.33387386
vn 0.21375863 -0.97039971 0.11239060
vn 0.32850131 -0.93402815 0.14027940
vn 0.24622338 -0.95435786 0.16904180
vn 0.34319732 -0.92069451 0.18584191
vn 0.29862569 -0.92389829 0.23923764
vn 0.35468393 -0.90088872 0.25019759
vn 0.35704512 -0.87732399 0.32065776
vn 0.40722901 -0.85358446 0.32489705
vn 0.40166571 -0.82235853 0.40297781
vn 0.44819698 -0.79844796 0.40199543
vn 0.43818410 -0.75820407 0.48282634
vn 0.18816778 -0.93361374 0.30489059
vn 0.24909106 -0.91658571 0.31276874
vn 0.24501267 -0.88384331 0.39848437
vn 0.29999189 -0.86564874 0.40082057
vn 0.28795558 -0.82457846 0.48698248
vn 0.33776832 -0.80623088 0.48569984
vn 0.32362103 -0.75855763 0.56556144
vn -0.00000000 -0.75498664 0.65574017
vn 0.00000000 -0.79543856 0.60603424
vn 0.09370956 -0.73045682 0.67649934
vn 0.09991873 -0.76939567 0.63090931
vn 0.01244592 -0.82904111 0.55904914
vn 0.05194552 -0.83118900 0.55355805
vn -0.00000000 -0.81238459 0.58312201
vn 0.17031216 -0.80754830 0.56467647
vn 0.21956030 -0.79516339 0.56525080
vn 0.20003921 -0.74642831 0.63468819
vn -0.00000000 -0.72666411 0.68699292
vn 0.08190344 -0.69156333 0.71765730
vn -0.00083507 -0.68898444 0.72477565
vn 0.03213638 -0.68668015 0.72624901
vn 0.08120430 -0.66272015 0.74445138
vn 0.00000017 -0.66707033 0.74499475
vn 0.07122451 -0.64193953 0.76344005
vn 0.00012583 -0.62882933 0.77754335
vn 0.02884447 -0.63330082 0.77336800
vn -0.00043793 -0.63558936 0.77202718
vn 0.16674662 -0.67074387 0.72270203
vn 0.18463370 -0.70769559 0.68196580
vn 0.11395010 -0.82146140 0.55876340
vn 0.12925769 -0.94405010 0.30341697
vn 0.18737471 -0.89924100 0.39529273
vn 0.23517865 -0.84162757 0.48616256
vn 0.27104643 -0.77820769 0.56650386
vn 0.29333222 -0.72037765 0.62850000
vn 0.15187847 -0.64842229 0.74597686
vn 0.18362270 -0.63493744 0.75042465
vn 0.12096979 -0.62800875 0.76874659
vn 0.20865013 -0.63279156 0.74568088
vn 0.14146915 -0.63792530 0.75699260
vn 0.24123903 -0.65509278 0.71600082
vn 0.26813897 -0.68584553 0.67654816
vn 0.23702677 -0.94337304 0.23208966
vn 0.30406818 -0.89864428 0.31619771
vn 0.35213656 -0.84506570 0.40232300
vn 0.38758076 -0.78393052 0.48500937
vn 0.40768991 -0.72492941 0.55521733
vn 0.40785793 -0.90485562 0.12201733
vn 0.42374905 -0.89025729 0.16696915
vn 0.44043802 -0.87281058 0.21027611
vn 0.40124073 -0.87948890 0.25593975
vn 0.45843073 -0.84760059 0.26723494
vn 0.45477174 -0.82768942 0.32880524
vn 0.49714376 -0.80153629 0.33224638
vn 0.49483838 -0.77028551 0.40223775
vn 0.54160738 -0.73938151 0.39997054
vn 0.51736957 -0.71383099 0.47198945
vn 0.49572729 -0.85542723 0.14999572
vn 0.51084648 -0.83708354 0.19577289
vn 0.52545205 -0.81710372 0.23715322
vn 0.53787620 -0.79531928 0.27956471
vn 0.54790965 -0.76543813 0.33749000
vn 0.27803676 -0.70676423 0.65052278
vn 0.26764873 -0.67609026 0.68648825
vn 0.33156544 -0.64900745 0.68472891
vn 0.25291021 -0.64311576 0.72279911
vn 0.35547256 -0.62350089 0.69633749
vn 0.27919618 -0.62888519 0.72563965
vn 0.39756885 -0.62199681 0.67458059
vn 0.31839772 -0.63953647 0.69972566
vn 0.43011440 -0.63681592 0.63989615
vn 0.34946327 -0.66267044 0.66237701
vn 0.46099569 -0.65740914 0.59606727
vn 0.37851422 -0.69109130 0.61572705
vn 0.49135265 -0.68435292 0.53873338
vn 0.49918219 -0.63085208 0.59400573
vn 0.42155603 -0.64531601 0.63706967
vn 0.52711752 -0.59419841 0.60751573
vn 0.43849604 -0.61316954 0.65707255
vn 0.56283657 -0.57113774 0.59750873
vn 0.47939155 -0.60000752 0.64044883
vn 0.58996219 -0.57035604 0.57152306
vn 0.51055382 -0.60657010 0.60943212
vn 0.61675367 -0.57589586 0.53661799
vn 0.54059132 -0.61927119 0.56944202
vn 0.64296883 -0.58780822 0.49099143
vn 0.57001904 -0.63834943 0.51728937
vn 0.66466064 -0.60456425 0.43900832
vn 0.59463179 -0.66148902 0.45699597
vn 0.67825661 -0.62419672 0.38774532
vn 0.61051415 -0.68596679 0.39588134
vn 0.68235263 -0.64518507 0.34370209
vn 0.61599370 -0.70993184 0.34139205
vn 0.67819413 -0.66681923 0.30887673
vn 0.61216789 -0.73287460 0.29689274
vn 0.66878399 -0.68896116 0.27939310
vn 0.60191711 -0.75508840 0.25987940
vn 0.65773714 -0.71167175 0.24678972
vn 0.58872532 -0.77694135 0.22307987
vn 0.57475335 -0.79857134 0.17872438
vn -0.05381468 -0.82754502 0.55881411
vn -0.67131352 -0.17826625 -0.71941594
vn -0.71818406 -0.17273840 -0.67407203
vn -0.71961161 -0.22197597 -0.65794057
vn -0.60191603 -0.49430408 -0.62718464
vn -0.60752328 -0.54393087 -0.57883907
vn -0.54515212 -0.63003687 -0.55304856
vn -0.55581727 -0.67075787 -0.49107133
vn -0.51965989 -0.62294172 -0.58471978
vn -0.48789852 -0.64947939 -0.58320799
vn -0.49425503 -0.57873118 -0.64867725
vn -0.41113681 -0.38916263 -0.82432941
vn -0.40043877 -0.46313876 -0.79066509
vn -0.35294131 -0.49018008 -0.79696670
vn -0.71258232 -0.65052620 -0.26275862
vn -0.72483486 -0.60541165 -0.32877220
vn -0.77297882 -0.52334690 -0.35862483
vn -0.77749000 -0.47928959 -0.40717415
vn -0.64671663 -0.70118062 -0.30017219
vn -0.61420042 -0.73561851 -0.28569783
vn -0.62087827 -0.70031867 -0.35222711
vn -0.69449780 -0.68286782 -0.22663704
vn -0.66353938 -0.71792067 -0.21048851
vn -0.67498833 -0.68314439 -0.27875527
vn -0.50703337 -0.84448255 -0.17252936
vn -0.46848163 -0.87405231 -0.12867600
vn -0.47615020 -0.85461085 -0.20717455
vn -0.35157049 -0.66656386 -0.65733615
vn -0.32387398 -0.67383573 -0.66411675
vn -0.33937371 -0.60505130 -0.72023497
vn -0.27373547 -0.72217503 -0.63524178
vn -0.22012575 -0.87437103 -0.43245803
vn -0.18987258 -0.88320186 -0.42883899
vn -0.20990709 -0.83801864 -0.50365044
vn -0.17787770 -0.91907974 -0.35164180
vn -0.16995017 -0.96320368 -0.20822010
vn -0.16363924 -0.97607950 -0.14314682
vn -0.11935873 -0.99052710 -0.06789367
vn -0.12561179 -0.98279183 -0.13543229
vn -0.08189844 -0.99664066 0.00017895
vn -0.07502516 -0.65657823 -0.75051732
vn -0.04800707 -0.30836609 -0.95005562
vn -0.01344461 -0.98584607 0.16711307
vn -0.27079584 -0.94828057 0.16563086
vn -0.25584466 -0.94232395 0.21579871
vn -0.24242340 -0.95797590 0.15333974
vn -0.17917822 -0.93696279 0.29999317
vn -0.09229078 -0.85332975 0.51313814
vn -0.13620957 -0.87273444 0.46880865
vn -0.12401467 -0.82952330 0.54452865
vn -0.01353990 -0.86642113 0.49913034
vn -0.02461661 -0.88773042 0.45970504
vn -0.03184654 -0.83579718 0.54811393
vn -0.01597180 -0.78277259 0.62210286
vn -0.53922616 -0.67986282 0.49701278
vn -0.48459981 -0.68671696 0.54183286
vn -0.48127413 -0.71402150 0.50847666
vn -0.30068884 -0.68350589 0.66513601
vn -0.39438877 -0.68566640 0.61181622
vn -0.38750258 -0.64281938 0.66077606
vn -0.02740631 -0.64396644 0.76456270
vn -0.05111225 -0.64919502 0.75890274
vn -0.98518550 0.08675948 -0.14792675
vn -0.98732400 0.07222353 -0.14133320
vn -0.98782754 -0.00797177 -0.15534864
vn -0.96267943 -0.26644300 -0.04750208
vn -0.96245836 -0.25843004 -0.08299292
vn -0.98272949 -0.14067398 -0.12022301
vn -0.97054043 -0.24041293 -0.01590262
vn -0.95649648 -0.29149012 -0.01216508
vn -0.92123553 -0.30785574 -0.23780231
vn -0.89794301 -0.36064337 -0.25225922
vn -0.90019092 -0.32552447 -0.28929246
vn -0.83796651 -0.47375049 0.27087378
vn -0.87552817 -0.42083051 0.23738598
vn -0.85921248 -0.42577687 0.28366877
vn -0.86023804 -0.50925177 -0.02555683
vn -0.82624741 -0.56328956 0.00448233
vn -0.85371529 -0.51539862 -0.07439399
vn -0.80815874 -0.58805440 0.03273327
vn -0.77586150 -0.62833218 0.05689988
vn -0.81084218 -0.58459002 -0.02809768
vn -0.78839678 -0.60379792 0.11772249
vn -0.82035391 -0.56543979 0.08542428
vn -0.78195388 -0.59110192 0.19785511
vn -0.67736508 -0.73385769 0.05127818
vn -0.70224283 -0.71110450 0.03442963
vn -0.67644949 -0.72916004 0.10364226
vn -0.73426986 -0.67875147 0.01200893
vn -0.75443972 -0.65033290 0.08881345
vn -0.73123155 -0.67402408 0.10484256
vn -0.76389928 -0.64483283 0.02546588
vn -0.70005184 -0.70133108 0.13439546
vn -0.66290031 -0.65525702 0.36221736
vn -0.66476201 -0.67965694 0.31009339
vn -0.72596625 -0.63937780 0.25331606
vn -0.70851581 -0.55452288 0.43647421
vn -0.79048965 -0.49404695 0.36199963
vn -0.78688709 -0.46168884 0.40945344
vn -0.98050418 0.15841169 -0.11626384
vn -0.98134892 0.15278260 -0.11666949
vn -0.98454444 0.13232497 -0.11472731
vn -0.98581262 0.12477682 -0.11226851
vn -0.98950301 0.05773512 -0.13247813
vn -0.98559979 -0.01262365 0.16862295
vn -0.98557265 -0.01240277 0.16879789
vn -0.97330521 -0.09109108 0.21066414
vn -0.65139438 -0.15340750 0.74306897
vn -0.64990936 -0.18680222 0.73669720
vn -0.95477645 -0.28015260 0.09958137
vn -0.62456770 -0.22681407 0.74730888
vn -0.63605496 -0.25970564 0.72662718
vn -0.92132064 -0.37432728 0.10510641
vn -0.59871944 -0.28626793 0.74805461
vn -0.60445163 -0.30851304 0.73447800
vn -0.87844586 -0.46357355 0.11589834
vn -0.48586712 -0.45597170 0.74566946
vn -0.48321596 -0.49006853 0.72548961
vn -0.70744555 -0.69931962 0.10233700
vn -0.44206653 -0.50425525 0.74182466
vn -0.43814415 -0.52639832 0.72865253
vn -0.63725649 -0.76408899 0.10036022
vn -0.38343402 -0.54750866 0.74378265
vn -0.36374770 -0.56936332 0.73723336
vn -0.55224835 -0.82512336 0.11913520
vn -0.59080966 -0.68159579 -0.43170723
vn -0.57972229 -0.72321348 -0.37534562
vn -0.83805556 -0.04045406 -0.54408304
vn -0.62646941 -0.68554729 -0.37089216
vn -0.61279792 -0.71320786 -0.34031348
vn -0.88751443 -0.01638098 -0.46048866
vn -0.66141111 -0.68850848 -0.29747508
vn -0.65189918 -0.71439248 -0.25430465
vn -0.92856688 -0.00397089 -0.37114388
vn -0.68665972 -0.68628444 -0.23981679
vn -0.67156408 -0.71029813 -0.21089865
vn -0.95999130 0.00876291 -0.27989268
vn -0.99957592 0.02862698 0.00533686
vn -0.99564494 0.02305566 -0.09033046
vn -0.99975677 0.02192618 -0.00237372
vn -0.72498458 -0.68762873 -0.03954855
vn -0.72292167 -0.69092997 0.00017696
vn -0.70125812 -0.70430795 -0.11039636
vn -0.73318724 -0.67012454 -0.11562688
vn -0.70325103 -0.70731915 -0.07167719
vn -0.69750324 -0.69247408 -0.18430645
vn -0.70586483 -0.69155998 -0.15329594
vn -0.98373173 0.01354252 -0.17913257
vn -0.64291891 -0.69674167 -0.31812942
vn -0.55802289 -0.70552809 -0.43685302
vn -0.71577365 -0.09705349 -0.69155528
vn -0.48209450 -0.73645648 -0.47457006
vn -0.54081868 -0.68601482 -0.48672252
vn -0.55993257 -0.15587431 -0.81374364
vn -0.37449136 -0.75277299 -0.54137699
vn -0.60463953 -0.14434235 -0.78331113
vn -0.40781942 -0.69252959 -0.59505134
vn -0.63818848 -0.09755160 -0.76367477
vn -0.44280295 -0.71706409 -0.53827934
vn -0.45438273 -0.72716834 -0.51455081
vn -0.24054524 -0.73796097 -0.63051692
vn -0.23594088 -0.78192420 -0.57699778
vn -0.37660949 -0.20472404 -0.90346741
vn -0.28263122 -0.72430899 -0.62888479
vn -0.43655768 -0.12100734 -0.89150133
vn -0.28456384 -0.77212450 -0.56819643
vn -0.47755046 -0.14417977 -0.86669358
vn -0.31312841 -0.72457010 -0.61396154
vn -0.33001377 -0.75046375 -0.57262123
vn -0.17869955 -0.71881009 -0.67184710
vn -0.19621969 -0.78201017 -0.59157242
vn -0.29491741 -0.21796760 -0.93032997
vn -0.20262576 -0.76800161 -0.60754945
vn -0.15295455 -0.80984495 -0.56635330
vn -0.24430573 -0.27397469 -0.93018954
vn -0.15008233 -0.73387869 -0.66249329
vn -0.18511047 -0.28030568 -0.94189322
vn -0.10687555 -0.81468505 -0.56997007
vn -0.10254581 -0.76104759 -0.64053956
vn -0.13954466 -0.22609009 -0.96405942
vn -0.07575723 -0.77810379 -0.62355059
vn -0.10313789 -0.28952048 -0.95159890
vn -0.06786906 -0.81575926 -0.57439588
vn -0.05177895 -0.73145012 -0.67992622
vn -0.02905609 -0.82582082 -0.56318355
vn -0.01870807 -0.73740996 -0.67518631
vn -0.05079131 -0.99707911 0.05703934
vn -0.03450916 -0.69481474 0.71836035
vn -0.02525515 -0.69492451 0.71863906
vn -0.00967059 -0.69326662 0.72061632
vn -0.01789637 -0.69499662 0.71879025
vn -0.10744870 -0.99204943 0.06551871
vn -0.05236992 -0.69197014 0.72002410
vn -0.04199735 -0.69469859 0.71807387
vn -0.15882402 -0.98489745 0.06893438
vn -0.10617039 -0.68640935 0.71942342
vn -0.09710840 -0.68475851 0.72227124
vn -0.08536487 -0.68855799 0.72013939
vn -0.08008745 -0.69041979 0.71896211
vn -0.07643445 -0.69083597 0.71895997
vn -0.06675905 -0.69036537 0.72037413
vn -0.05949629 -0.69361284 0.71788677
vn -0.16827990 -0.66792476 0.72495406
vn -0.15848969 -0.66683358 0.72815794
vn -0.26459686 -0.96042636 0.08700408
vn -0.14147881 -0.67159415 0.72728608
vn -0.21246466 -0.97482568 0.06762891
vn -0.12880694 -0.67987142 0.72193049
vn -0.11838941 -0.67896576 0.72456155
vn -0.21671954 -0.65873065 0.72049051
vn -0.20400915 -0.65835980 0.72452926
vn -0.30713484 -0.94961244 0.06248518
vn -0.18370324 -0.66251451 0.72617329
vn -0.17360946 -0.66432750 0.72699981
vn -0.39422819 -0.91493778 0.08644647
vn -0.26194746 -0.63636623 0.72554914
vn -0.24421677 -0.63419319 0.73359197
vn -0.23062806 -0.63907707 0.73375146
vn -0.33067273 -0.59036581 0.73629054
vn -0.32187808 -0.60138194 0.73125527
vn -0.48270111 -0.86907901 0.10817259
vn -0.30252913 -0.60181707 0.73911591
vn -0.27661992 -0.62145196 0.73299310
vn -0.35253268 -0.55930627 0.75026476
vn -0.44090893 -0.47665290 0.76052700
vn -0.52711931 -0.38370680 0.75823105
vn -0.54124530 -0.41799080 0.72961443
vn -0.77563659 -0.62130281 0.11122365
vn -0.51329692 -0.42677134 0.74457538
vn -0.48579699 -0.43190167 0.75990936
vn -0.58253921 -0.32389317 0.74548057
vn -0.56457318 -0.33386714 0.75484426
vn -0.83090193 -0.54350775 0.11916925
vn -0.56998977 -0.36766570 0.73480173
vn -0.55474897 -0.37552044 0.74245403
vn -0.59971893 -0.27204588 0.75254783
vn -0.62800402 -0.21439901 0.74809359
vn -0.68202232 -0.08684093 0.72615715
vn -0.65754884 -0.08524383 0.74857399
vn -0.97838468 -0.18657675 0.08917699
vn -0.67013482 -0.12558684 0.73153761
vn -0.67169247 -0.13748441 0.72796103
vn -0.99291728 -0.09646202 0.06935677
vn -0.99784324 0.00260513 0.06559030
vn -0.99829956 -0.00556449 0.05802614
vn -0.67906819 -0.05616116 0.73192371
vn -0.68152248 -0.02432954 0.73139263
vn -0.69030630 0.00164448 0.72351538
vn -0.99798571 0.00307068 0.06336482
vn -0.98930544 -0.09592882 0.10987454
vn -0.99705300 0.00228240 0.07668179
vn -0.99199216 0.00073908 0.12629729
vn -0.99347582 -0.00017243 0.11404279
vn -0.98225588 -0.09892529 0.15933353
vn -0.99473507 -0.00052460 0.10247860
vn -0.99600212 0.00451114 0.08921557
vn -0.97589390 -0.10050524 0.19372608
vn -0.98676439 -0.00485889 0.16208773
vn -0.98745894 -0.00805232 0.15767053
vn -0.98965565 -0.00779285 0.14325143
vn -0.99043796 -0.00388959 0.13790402
vn -0.99111431 0.00025312 0.13301262
vn -0.98710755 -0.00714374 0.15989887
vn -0.97175531 -0.10049949 0.21352159
vn -0.98552039 -0.00996285 0.16926399
vn -0.98416482 -0.01345701 0.17674423
vn -0.98458032 -0.01195559 0.17452408
vn -0.98497578 -0.00984590 0.17241165
vn -0.98495437 -0.01125639 0.17244762
vn -0.98378796 -0.01359023 0.17881991
vn -0.97077166 -0.09590455 0.22001069
vn -0.98378785 -0.01359025 0.17882050
vn -0.97904708 -0.08556146 0.18478651
vn -0.98875669 -0.01329072 0.14894151
vn -0.98779128 -0.00906485 0.15551919
vn -0.98452330 -0.08488723 0.15332331
vn -0.99424661 -0.00929933 0.10671082
vn -0.99424682 -0.00929895 0.10670890
vn -0.99292187 -0.01098516 0.11826029
vn -0.99065170 -0.00852408 0.13614902
vn -0.98875526 -0.01329430 0.14895066
vn -0.99710175 -0.00865169 0.07558597
vn -0.99624029 -0.00966652 0.08609202
vn -0.98759733 -0.08454545 0.13230111
vn -0.99544661 -0.00810745 0.09497536
vn -0.99118497 -0.08221439 0.10389004
vn -0.99806924 -0.00233739 0.06206719
vn -0.99921044 0.00338293 0.03958601
vn -0.99920981 0.00337327 0.03960271
vn -0.99417502 -0.07658493 0.07583389
vn -0.99872290 0.00082860 0.05051615
vn -0.99806935 -0.00233623 0.06206544
vn -0.99957649 0.00816381 0.02793178
vn -0.99670369 -0.06792791 0.04435701
vn -0.99978899 0.01122832 0.01720192
vn -0.99945553 0.02853018 -0.01657304
vn -0.99975097 0.02177140 -0.00490022
vn -0.99840572 -0.05542457 0.01068367
vn -0.99982561 0.01792655 0.00523356
vn -0.99978897 0.01122965 0.01720191
vn -0.99796505 0.04458795 -0.04558159
vn -0.99856662 0.03986636 -0.03571258
vn -0.99897754 -0.03820103 -0.02417766
vn -0.99902739 0.03512299 -0.02665807
vn -0.99916910 0.03203915 -0.02519143
vn -0.99748735 0.05121238 -0.04895170
vn -0.99810709 -0.01559168 -0.05949062
vn -0.99694915 0.05576500 -0.05461374
vn -0.99561302 0.01144525 -0.09286402
vn -0.99164404 0.08862702 -0.09374082
vn -0.99234087 0.08555023 -0.08911097
vn -0.99339455 0.08048485 -0.08178905
vn -0.99460043 0.07199082 -0.07474825
vn -0.99603186 0.06077446 -0.06501533
vn -0.99016137 0.10029840 -0.09757405
vn -0.99237013 0.03769771 -0.11738996
vn -0.98939203 0.10582201 -0.09952441
vn -0.98662033 0.12222480 -0.10789546
vn -0.98726916 0.11854598 -0.10604932
vn -0.98860189 0.10880612 -0.10405544
vn -0.98134817 0.15278536 -0.11667223
vn -0.98209318 0.14791239 -0.11668293
vn -0.98319059 0.14131993 -0.11560686
vn -0.98369922 0.13775915 -0.11557797
vn -0.97943210 0.16684799 -0.11346587
vn -0.98000015 0.16228133 -0.11517148
vn -0.98338497 0.09972077 -0.15168969
vn -0.97999971 0.16228321 -0.11517260
vn -0.97888759 0.17485504 -0.10585271
vn -0.97888748 0.17485580 -0.10585252
vn -0.98115005 0.11916688 -0.15213098
vn -0.97890104 0.17306988 -0.10862584
vn -0.98201562 0.11061430 -0.15300264
vn -0.97917520 0.16968778 -0.11145400
vn -0.97917407 0.16969234 -0.11145694
vn -0.97890111 0.17699875 -0.10209831
vn -0.98080685 0.12524362 -0.14943883
vn -0.97911775 0.17771247 -0.09872542
vn -0.97982593 0.17822631 -0.09042422
vn -0.97982524 0.17822899 -0.09042633
vn -0.98096668 0.12881281 -0.14529845
vn -0.97939847 0.17859479 -0.09424719
vn -0.97911831 0.17771009 -0.09872420
vn -0.98034391 0.17785656 -0.08539823
vn -0.98157028 0.12996022 -0.14010758
vn -0.98095020 0.17643126 -0.08129402
vn -0.98241420 0.17241793 -0.07165476
vn -0.98241365 0.17242116 -0.07165445
vn -0.98254112 0.12882082 -0.13423169
vn -0.98166207 0.17486931 -0.07589663
vn -0.98094728 0.17644418 -0.08130118
vn -0.98322060 0.16968516 -0.06696413
vn -0.98378918 0.12557802 -0.12801957
vn -0.98439798 0.16555996 -0.05958617
vn -0.98389180 0.16906357 -0.05808991
vn -0.98558152 0.11849051 -0.12078519
vn -0.98479023 0.16497085 -0.05452362
vn -0.98897291 0.14368057 -0.03589528
vn -0.98801123 0.14915791 -0.03982118
vn -0.98841062 0.10443947 -0.11016734
vn -0.98728380 0.15248252 -0.04494203
vn -0.98606808 0.15805455 -0.05185069
vn -0.99492451 0.10004154 -0.01081215
vn -0.99415421 0.10715540 -0.01323349
vn -0.99137301 0.08406892 -0.10055830
vn -0.99309445 0.11577465 -0.01896452
vn -0.99215159 0.12279896 -0.02357196
vn -0.99132469 0.12868059 -0.02677042
vn -0.99015197 0.13611455 -0.03273991
vn -0.99724452 0.07416653 -0.00164107
vn -0.99723953 0.07423555 -0.00154945
vn -0.99371606 0.06032003 -0.09428624
vn -0.99656497 0.08265284 -0.00517459
vn -0.99581005 0.09069735 -0.01167618
vn -0.99801431 0.06298099 0.00090842
vn -0.99520496 0.03574221 -0.09104715
vn -0.99900794 0.04422654 0.00521091
vn -0.99952862 0.02992816 0.00684470
vn -0.99949079 0.03169161 0.00371607
vn -0.99949276 0.03163813 0.00364097
vn -0.77161962 -0.61385625 0.16668433
vn -0.70965996 -0.68677973 0.15721435
vn -0.77009581 -0.59438735 0.23163791
vn -0.71242352 -0.66655286 0.21945390
vn -0.77149550 -0.57220148 0.27817289
vn -0.82170622 -0.47977240 0.30759930
vn -0.86052139 -0.40930953 0.30326334
vn -0.81879223 -0.49919706 0.28351646
vn -0.86069861 -0.42435345 0.28128643
vn -0.82129778 -0.51895410 0.23697382
vn -0.86641749 -0.44051374 0.23509228
vn -0.82663953 -0.53622285 0.17068143
vn -0.87463493 -0.45437958 0.16897611
vn -0.74038973 -0.57860871 0.34210380
vn -0.73848743 -0.56005735 0.37546248
vn -0.78988567 -0.49468937 0.36244041
vn -0.71800765 -0.64329772 0.26576881
vn -0.72675731 -0.62065565 0.29429640
vn -0.77736564 -0.55068130 0.30406046
vn -0.78471288 -0.53018979 0.32113001
vn -0.82741731 -0.46102042 0.32068795
vn -0.83250829 -0.44361259 0.33187020
vn -0.86906311 -0.37702970 0.32027789
vn -0.86972806 -0.36445232 0.33278763
vn -0.73545469 -0.59900834 0.31669450
vn -0.78989858 -0.51120275 0.33872110
vn -0.83408667 -0.42880804 0.34702031
vn -0.87184822 -0.35203197 0.34052045
vn -0.86242691 -0.39322677 0.31873583
vn -0.89733458 -0.33241231 0.29033207
vn -0.89764996 -0.34741184 0.27116335
vn -0.90554956 -0.35909791 0.22589530
vn -0.91537583 -0.36873646 0.16161841
vn -0.90117530 -0.30812491 0.30486409
vn -0.92699505 -0.25812217 0.27212705
vn -0.92967122 -0.26779545 0.25297631
vn -0.93847412 -0.27454074 0.20950824
vn -0.94849362 -0.27962587 0.14889335
vn -0.97344746 -0.18746412 0.13136687
vn -0.96457507 -0.18671988 0.18636152
vn -0.95623285 -0.18487663 0.22680248
vn -0.95224003 -0.18022092 0.24649413
vn -0.92878921 -0.23924730 0.28303944
vn -0.90370745 -0.29042252 0.31459118
vn -0.78328466 -0.48191384 0.39271388
vn -0.72837669 -0.54435400 0.41610831
vn -0.77090957 -0.47411098 0.42534364
vn -0.71111995 -0.53282358 0.45870192
vn -0.75313245 -0.47185304 0.45841708
vn -0.68993947 -0.52629309 0.49699005
vn -0.67087701 -0.52539581 0.52333859
vn -0.86166568 -0.35182342 0.36572194
vn -0.72587657 -0.48607559 0.48665566
vn -0.80977904 -0.41413106 0.41563611
vn -0.82256414 -0.41235488 0.39160143
vn -0.83069984 -0.41844454 0.36720831
vn -0.79503063 -0.43089566 0.42691361
vn -0.70659767 -0.51885945 0.48114925
vn -0.95245457 -0.16812438 0.25409544
vn -0.93266316 -0.22419938 0.28262001
vn -0.90264704 -0.28770335 0.32008610
vn -0.85448107 -0.36781679 0.36684181
vn -0.96676352 -0.15859659 0.20053782
vn -0.61140976 -0.60097982 0.51478283
vn -0.58373639 -0.63532468 0.50558320
vn -0.70318057 -0.58348769 0.40629940
vn -0.66489450 -0.63459122 0.39396610
vn -0.60908513 -0.65152860 0.45224528
vn -0.58779756 -0.68848140 0.42483808
vn -0.59956302 -0.71199178 0.36550224
vn -0.64163422 -0.71877881 0.26769863
vn -0.65967471 -0.71082799 0.24403451
vn -0.71190220 -0.67375893 0.19810139
vn -0.73264862 -0.65784065 0.17456141
vn -0.76961161 -0.62304850 0.13967296
vn -0.72035726 -0.62032973 0.31028446
vn -0.71869339 -0.59840807 0.35410111
vn -0.77355294 -0.57846865 0.25882401
vn -0.83877760 -0.52755350 0.13468278
vn -0.76034187 -0.64899567 -0.02616976
vn -0.78238667 -0.61443691 -0.10167785
vn -0.82873447 -0.54013972 -0.14645225
vn -0.83717786 -0.50749097 -0.20392681
vn -0.86751864 -0.44081706 -0.23041642
vn -0.95612500 -0.15705218 0.24730466
vn -0.93551813 -0.22167812 0.27507207
vn -0.90268074 -0.30029801 0.30820218
vn -0.85736855 -0.38998945 0.33589791
vn -0.85348061 -0.40988480 0.32181564
vn -0.80643543 -0.50261278 0.31151612
vn -0.92608710 -0.33916693 0.16531326
vn -0.92118597 -0.33080691 0.20489802
vn -0.91409220 -0.32566390 0.24161636
vn -0.90937247 -0.31620107 0.27029353
vn -0.93980216 -0.23022030 0.25252823
vn -0.96078127 -0.15434842 0.23038209
vn -0.81459272 -0.51802547 0.26093737
vn -0.84882401 -0.47816427 0.22551435
vn -0.89138654 -0.41837448 0.17433541
vn -0.91415987 -0.38103046 0.13830225
vn -0.94090678 -0.32049877 0.10943019
vn -0.91111901 -0.40947832 0.04679379
vn -0.89731886 -0.42470868 0.12017243
vn -0.87843855 -0.46974889 0.08764530
vn -0.86245685 -0.47922643 0.16281958
vn -0.82881633 -0.52258822 0.19991258
vn -0.76881254 -0.56121538 0.30653642
vn -0.75172824 -0.55368938 0.35823557
vn -0.93144935 -0.35609193 -0.07483745
vn -0.92124108 -0.38812725 -0.02592508
vn -0.90248725 -0.42833149 -0.04526480
vn -0.89133001 -0.45323090 0.01061012
vn -0.87899371 -0.47680058 -0.00559173
vn -0.86259830 -0.50379204 0.04601901
vn -0.83700608 -0.54317561 0.06618968
vn -0.91749358 -0.35243601 -0.18437569
vn -0.91417021 -0.38054408 -0.13956728
vn -0.89525158 -0.41480713 -0.16266424
vn -0.88935782 -0.44292520 -0.11340163
vn -0.91902643 -0.32294362 -0.22604832
vn -0.89874043 -0.38484868 -0.21013599
vn -0.85891585 -0.49606800 -0.12720104
vn -0.93705422 -0.34897679 0.01202447
vn -0.94607448 -0.32194878 -0.03594536
vn -0.98132228 -0.10791297 -0.15925257
vn -0.96516201 -0.23062532 -0.12358909
vn -0.96546265 -0.21029481 -0.15381145
vn -0.86600905 -0.46562898 -0.18225802
vn -0.81797784 -0.56894252 -0.08495098
vn -0.80847752 -0.51518236 -0.28451930
vn -0.80329849 -0.55035173 -0.22764996
vn -0.74837124 -0.63845162 -0.17977769
vn -0.73349704 -0.67817927 -0.04533177
vn -0.79478660 -0.58380180 -0.16580023
vn -0.84649588 -0.46392822 -0.26118064
vn -0.87258657 -0.39929621 -0.28134536
vn -0.84818888 -0.42992521 -0.30941873
vn -0.84763512 -0.39671728 -0.35232101
vn -0.87253893 -0.36632853 -0.32323247
vn -0.87303636 -0.35904897 -0.32998688
vn -0.89936486 -0.29273200 -0.32473193
vn -0.87958228 -0.19744833 -0.43283851
vn -0.88735368 -0.21582743 -0.40745793
vn -0.84069033 -0.33873673 -0.42248928
vn -0.84515631 -0.36945439 -0.38628261
vn -0.89160661 -0.23873642 -0.38476301
vn -0.89495470 -0.26915719 -0.35582367
vn -0.76422607 -0.59452781 -0.24999039
vn -0.81061576 -0.47975469 -0.33576410
vn -0.82223938 -0.26335890 -0.50454385
vn -0.76014503 -0.38899708 -0.52044289
vn -0.81817691 -0.23523240 -0.52464489
vn -0.75232390 -0.35794118 -0.55307039
vn -0.80602773 -0.21389328 -0.55187767
vn -0.79149792 -0.17637378 -0.58516949
vn -0.78207772 -0.12439690 -0.61063889
vn -0.78095694 -0.05785603 -0.62189945
vn -0.74680251 -0.32669017 -0.57927502
vn -0.74121588 -0.28751302 -0.60657669
vn -0.72636261 -0.26799510 -0.63291073
vn -0.83712258 -0.31111048 -0.44992894
vn -0.82897176 -0.28775096 -0.47958858
vn -0.86975745 -0.16736087 -0.46423304
vn -0.93011899 -0.18280508 -0.31852938
vn -0.93351171 -0.20301545 -0.29553445
vn -0.93578779 -0.23280039 -0.26477386
vn -0.93972729 -0.24916921 -0.23415236
vn -0.93990999 -0.27718979 -0.19933647
vn -0.93869417 -0.30480827 -0.16107505
vn -0.89071096 -0.04199440 -0.45262619
vn -0.93045118 -0.01332378 -0.36617357
vn -0.89747456 -0.05281952 -0.43789213
vn -0.93428041 -0.01256811 -0.35631749
vn -0.90443510 -0.06586858 -0.42149552
vn -0.93789981 -0.01414941 -0.34661756
vn -0.91129808 -0.08378602 -0.40313238
vn -0.94144935 -0.02039081 -0.33653727
vn -0.91843658 -0.10324809 -0.38185611
vn -0.94434558 -0.02915198 -0.32766077
vn -0.94656300 -0.04188860 -0.31978717
vn -0.92305792 -0.13658914 -0.35959350
vn -0.94894922 -0.05090752 -0.31129377
vn -0.92658204 -0.16075037 -0.34000741
vn -0.95133588 -0.06387109 -0.30146398
vn -0.95389095 -0.07929045 -0.28949106
vn -0.95654550 -0.09711013 -0.27493694
vn -0.95917801 -0.11717850 -0.25738441
vn -0.96160438 -0.13913570 -0.23655500
vn -0.96388371 -0.16029116 -0.21268507
vn -0.92575458 -0.36909107 0.08215987
vn -0.95222097 -0.30255808 0.04163933
vn -0.96527628 -0.26076359 0.01562215
vn -0.97167184 -0.23045355 0.05239267
vn -0.96651647 -0.23678980 0.09887619
vn -0.95978808 -0.24232290 0.14172669
vn -0.95345530 -0.24300092 0.17853165
vn -0.94783211 -0.23948089 0.21038820
vn -0.87844046 -0.47454494 -0.05612004
vn -0.90909209 -0.40613807 -0.09275473
vn -0.93596963 -0.33093280 -0.12018456
vn -0.96540204 -0.18374763 -0.18502895
vn -0.97917281 -0.08072911 -0.18628851
vn -0.99339948 -0.08041545 -0.08179754
vn -0.98149544 -0.18515693 -0.04882232
vn -0.98320495 -0.15924386 -0.08915946
vn -0.99129657 -0.04131381 -0.12499715
vn -0.98023782 -0.19778170 -0.00402625
vn -0.99365251 -0.10581116 -0.03819274
vn -0.99167679 -0.12856348 0.00696993
vn -0.98822963 -0.14462735 0.04985095
vn -0.98391449 -0.15482487 0.08911526
vn -0.97926036 -0.16018566 0.12405522
vn -0.97538334 -0.15816269 0.15366169
vn -0.98498005 0.01284659 -0.17218963
vn -0.63213619 -0.55916426 0.53641325
vn -0.64949236 -0.53279500 0.54248425
vn -0.96114550 0.00853808 -0.27591018
vn -0.96256408 0.01848231 -0.27042336
vn -0.96344274 0.02685735 -0.26656475
vn -0.96413026 0.03088298 -0.26362678
vn -0.96469436 0.03033255 -0.26161942
vn -0.96526673 0.02636728 -0.25993252
vn -0.96611124 0.02113287 -0.25725954
vn -0.96724050 0.01366664 -0.25349367
vn -0.96869115 0.00383170 -0.24823935
vn -0.97046741 -0.00842338 -0.24108516
vn -0.97253461 -0.02305991 -0.23161321
vn -0.97480361 -0.03990961 -0.21946557
vn -0.97706483 -0.05876121 -0.20467398
vn -0.98281531 0.02493186 -0.18290014
vn -0.98248002 0.04251805 -0.18145309
vn -0.98132327 0.05967229 -0.18287663
vn -0.97978607 0.07274711 -0.18635215
vn -0.97831728 0.07961073 -0.19119998
vn -0.97747374 0.08184421 -0.19454204
vn -0.97710118 0.08130236 -0.19662964
vn -0.97702940 0.07860376 -0.19807827
vn -0.97732981 0.07357349 -0.19852805
vn -0.97805376 0.06610392 -0.19758827
vn -0.97922538 0.05615666 -0.19484374
vn -0.98082491 0.04379814 -0.18990582
vn -0.98278380 0.02924939 -0.18242937
vn -0.05024187 -0.62375299 0.78000511
vn -0.04221032 -0.68254268 0.72962578
vn -0.02399932 -0.70912845 0.70467075
vn -0.07039346 -0.74412665 0.66431942
vn -0.03341757 -0.68901922 0.72397222
vn -0.12328620 -0.74439972 0.65625419
vn -0.12520733 -0.78322763 0.60899722
vn -0.19279311 -0.77992399 0.59544050
vn -0.15661616 -0.81171956 0.56265686
vn -0.02204875 -0.74787230 0.66347635
vn -0.06313182 -0.82763243 0.55770865
vn -0.08674348 -0.78700666 0.61081591
vn -0.09257720 -0.81338078 0.57431800
vn -0.12380715 -0.71331635 0.68981996
vn -0.18871168 -0.74225352 0.64299892
vn -0.14042084 -0.68645451 0.71348594
vn -0.18968716 -0.71442274 0.67351238
vn -0.18691537 -0.68454666 0.70459812
vn -0.27102371 -0.73498568 0.62156432
vn -0.36030308 -0.75304028 0.55055611
vn -0.27589379 -0.70738045 0.65076533
vn -0.39163258 -0.71624230 0.57759924
vn -0.27428011 -0.77004025 0.57602815
vn -0.32109284 -0.78686408 0.52701453
vn -0.37699301 -0.78551835 0.49075165
vn -0.28050436 -0.81084048 0.51366820
vn -0.23200698 -0.80379861 0.54779609
vn -0.25432207 -0.83827150 0.48230818
vn -0.34461835 -0.81604992 0.46400509
vn -0.33400812 -0.83831388 0.43089257
vn -0.31095683 -0.84682048 0.43151005
vn -0.36129166 -0.85603615 0.36968966
vn -0.37959852 -0.86999564 0.31466259
vn -0.31301953 -0.87058957 0.37959529
vn -0.42416772 -0.72535135 0.54216894
vn -0.42611107 -0.75063250 0.50495564
vn -0.48701733 -0.74395812 0.45753736
vn -0.44626135 -0.77993287 0.43881149
vn -0.51078445 -0.76893371 0.38449993
vn -0.51615329 -0.78472911 0.34319966
vn -0.58506100 -0.76064118 0.28129812
vn -0.60308898 -0.76520797 0.22525641
vn -0.66709911 -0.72718778 0.16179220
vn -0.72197447 -0.68899140 0.06359024
vn -0.40800155 -0.81451388 0.41243408
vn -0.48207148 -0.82323547 0.29981737
vn -0.46282108 -0.81325882 0.35271341
vn -0.54010449 -0.80673883 0.23970733
vn -0.41220729 -0.83570204 0.36288737
vn -0.43083629 -0.84860970 0.30698807
vn -0.50372084 -0.83138549 0.23465611
vn -0.45178372 -0.85905411 0.24066057
vn -0.48604862 -0.85193247 0.19485330
vn -0.52326604 -0.83580282 0.16621161
vn -0.53761782 -0.82110432 0.19171537
vn -0.56004806 -0.81841740 0.12860453
vn -0.58138873 -0.79746843 0.16134205
vn -0.59624815 -0.79757577 0.09143869
vn -0.61212135 -0.77214328 0.17059370
vn -0.60924985 -0.78381866 0.12017876
vn -0.65166943 -0.75310691 0.09031574
vn -0.63148537 -0.77342522 0.05513312
vn -0.66542187 -0.74619718 0.02008754
vn -0.69778183 -0.71618619 -0.01333627
vn -0.43581749 -0.80083921 0.41075500
vn -0.53297451 -0.79461569 0.29073026
vn -0.54102043 -0.70216420 0.46288479
vn -0.55050676 -0.72936616 0.40616169
vn -0.57706629 -0.74846117 0.32680326
vn -0.64858400 -0.73142173 0.21062061
vn -0.39832620 -0.88286588 0.24876509
vn -0.04032131 -0.93546168 0.35112053
vn -0.02207312 -0.91842481 0.39497930
vn -0.00509413 -0.90031257 0.43521412
vn -0.06036786 -0.97263975 0.22433823
vn -0.03678326 -0.95909486 0.28068493
vn -0.01887734 -0.94486779 0.32690749
vn -0.01423487 -0.93374467 0.35765663
vn -0.16958542 -0.89648995 0.40932450
vn -0.22365547 -0.91113896 0.34612718
vn -0.15479808 -0.87139667 0.46551627
vn -0.21664819 -0.89047566 0.40014579
vn -0.17217100 -0.84914154 0.49931533
vn -0.21977695 -0.86550154 0.45011684
vn -0.19697287 -0.82459416 0.53032647
vn -0.24080445 -0.86124278 0.44751993
vn -0.17505011 -0.91696359 0.35851812
vn -0.11763789 -0.89631763 0.42752314
vn -0.10053631 -0.89786539 0.42863759
vn -0.06904063 -0.87699293 0.47551740
vn -0.09349328 -0.92346569 0.37211574
vn -0.05457941 -0.90047156 0.43147661
vn -0.09536170 -0.94617686 0.30928223
vn -0.06124064 -0.92905714 0.36483205
vn -0.09839797 -0.96670027 0.23623810
vn -0.13910005 -0.95974613 0.24400520
vn -0.19194937 -0.96754375 0.16436095
vn -0.13351439 -0.94175357 0.30866506
vn -0.18565164 -0.95341822 0.23775442
vn -0.12929596 -0.92164133 0.36586857
vn -0.15767616 -0.97453381 0.15944301
vn -0.15318577 -0.98459198 0.08433718
vn -0.16689361 -0.97998508 0.10851618
vn -0.17309632 -0.98438932 0.03186418
vn -0.19514323 -0.97745216 0.08066220
vn -0.21910655 -0.97018336 0.10361745
vn -0.01829984 -0.96264849 0.27013516
vn -0.01421809 -0.99652951 0.08201701
vn -0.01678194 -0.99981761 0.00911692
vn -0.02464150 -0.99567454 -0.08958236
vn -0.02635745 -0.97398061 0.22509344
vn -0.03484890 -0.99882074 -0.03380351
vn -0.03279894 -0.99861470 0.04114508
vn -0.03094042 -0.99224094 0.12041851
vn -0.04494128 -0.99112013 0.12514462
vn -0.04915836 -0.98177190 0.18359571
vn -0.07739905 -0.99502210 0.06277262
vn -0.07525514 -0.98912678 0.12635223
vn -0.02706822 -0.98153530 -0.18935617
vn -0.02558140 -0.95574359 -0.29308663
vn -0.02649804 -0.92772544 -0.37232159
vn -0.02589579 -0.93979362 -0.34075998
vn -0.05580670 -0.88408447 -0.46398305
vn -0.06247344 -0.79485803 -0.60357086
vn -0.04618998 -0.53414762 -0.84412843
vn -0.04543170 -0.46923172 -0.88190564
vn -0.04690462 -0.33828005 -0.93987583
vn -0.06697567 -0.73311303 -0.67680096
vn -0.05738271 -0.84285170 -0.53507779
vn -0.10199739 -0.80267526 -0.58762995
vn -0.15814320 -0.68798447 -0.70828532
vn -0.05685028 -0.91392674 -0.40187803
vn -0.09593166 -0.86243169 -0.49699970
vn -0.10209980 -0.82203405 -0.56021036
vn -0.14188671 -0.79614852 -0.58823098
vn -0.15055306 -0.74733080 -0.64717112
vn -0.19286988 -0.71730863 -0.66952934
vn -0.03996175 -0.86370803 0.50240571
vn -0.04520676 -0.90644174 0.41990442
vn -0.06523281 -0.95216350 0.29854538
vn -0.09845896 -0.98140035 0.16480041
vn -0.09981625 -0.98922348 0.10711502
vn -0.15485649 -0.98766727 0.02308304
vn -0.18161795 -0.98090365 -0.06959138
vn -0.15495880 -0.98763727 -0.02367247
vn -0.16310113 -0.98282094 -0.08637717
vn -0.10769482 -0.99296324 0.04925274
vn -0.11405266 -0.99345801 -0.00575909
vn -0.19848975 -0.94854640 -0.24670133
vn -0.20593055 -0.92692990 -0.31367749
vn -0.23383739 -0.90727882 -0.34952141
vn -0.24183153 -0.87639127 -0.41648031
vn -0.27065114 -0.85199261 -0.44817023
vn -0.27415308 -0.82946983 -0.48664144
vn -0.29994219 -0.78819666 -0.53738320
vn -0.25834474 -0.96599955 -0.01014227
vn -0.23296065 -0.97090884 -0.05536566
vn -0.26588762 -0.95864843 -0.10147395
vn -0.24177450 -0.95765159 -0.15636024
vn -0.27443634 -0.94042089 -0.20073179
vn -0.25354515 -0.93174565 -0.25993249
vn -0.28736541 -0.90994696 -0.29902784
vn -0.29331180 -0.88340028 -0.36547520
vn -0.04154128 -0.99095594 -0.12759568
vn -0.04715259 -0.97232091 -0.22884203
vn -0.05299390 -0.94278588 -0.32916019
vn -0.09024042 -0.89521291 -0.43640637
vn -0.13457964 -0.83709011 -0.53025321
vn -0.18501217 -0.76471948 -0.61723141
vn -0.23420002 -0.68237598 -0.69246904
vn -0.05978395 -0.99472758 -0.08332420
vn -0.06889855 -0.98214058 -0.17507959
vn -0.07668236 -0.95910600 -0.27246192
vn -0.08498791 -0.92584915 -0.36821245
vn -0.12783570 -0.87097479 -0.47440589
vn -0.17717191 -0.80573694 -0.56515316
vn -0.22811241 -0.72717685 -0.64744001
vn -0.25832077 -0.68101574 -0.68519190
vn -0.09102150 -0.45871524 -0.88390917
vn -0.09511679 -0.33136033 -0.93869757
vn -0.13696462 -0.44563052 -0.88467742
vn -0.14266996 -0.32249163 -0.93575875
vn -0.18341864 -0.42974152 -0.88412659
vn -0.19033279 -0.31152167 -0.93098210
vn -0.23021990 -0.41122311 -0.88198319
vn -0.23791789 -0.29865495 -0.92422957
vn -0.27717352 -0.39042826 -0.87791834
vn -0.28609298 -0.28395867 -0.91516025
vn -0.31636296 -0.42631768 -0.84744777
vn -0.12959575 -0.58923546 -0.79750017
vn -0.16670536 -0.61647586 -0.76952377
vn -0.20256240 -0.65829711 -0.72499200
vn -0.21184176 -0.58980086 -0.77926761
vn -0.24524036 -0.62594617 -0.74030302
vn -0.17126504 -0.94603763 -0.27510195
vn -0.21438481 -0.89799402 -0.38424717
vn -0.24486246 -0.84122452 -0.48206191
vn -0.26066466 -0.78533749 -0.56151488
vn -0.05047079 -0.99704822 0.05785792
vn -0.05674328 -0.99833998 -0.00987323
vn -0.08732667 -0.99379894 -0.06883116
vn -0.09104342 -0.98592832 -0.14020147
vn -0.12957209 -0.97038132 -0.20389009
vn -0.10219398 -0.96804859 -0.22899414
vn -0.14215807 -0.94686441 -0.28851146
vn -0.11157939 -0.94033232 -0.32144234
vn -0.15240334 -0.91450347 -0.37477542
vn -0.12172956 -0.90324974 -0.41148733
vn -0.16360576 -0.87383788 -0.45786517
vn -0.16995299 -0.84031057 -0.51477580
vn -0.21773452 -0.80094135 -0.55774961
vn -0.22018957 -0.76911394 -0.59998359
vn -0.24963044 -0.73424441 -0.63132384
vn -0.29811467 -0.58802076 -0.75190374
vn -0.28906939 -0.64922948 -0.70351971
vn -0.34769102 -0.54475883 -0.76311779
vn -0.31041964 -0.73404610 -0.60399998
vn -0.37093037 -0.34346133 -0.86281225
vn -0.37897398 -0.25128444 -0.89063733
vn -0.33115166 -0.12141977 -0.93573277
vn -0.30523873 -0.52707296 -0.79310996
vn -0.25688619 -0.56022559 -0.78750033
vn -0.28684488 -0.91780104 0.27452008
vn -0.27488362 -0.90181278 0.33342572
vn -0.26321380 -0.88342254 0.38766365
vn -0.30541657 -0.94259141 0.13506351
vn -0.33154920 -0.93148974 0.14967296
vn -0.29827800 -0.93169618 0.20729802
vn -0.35199806 -0.91599333 0.19249307
vn -0.23225967 -0.92867120 0.28918031
vn -0.35942517 -0.89865137 0.25147417
vn -0.32800562 -0.88737335 0.32400749
vn -0.37686739 -0.90244454 0.20872189
vn -0.41367405 -0.89266441 0.17895261
vn -0.45140113 -0.88164407 0.13762542
vn -0.43242234 -0.87916691 0.20019104
vn -0.20222033 -0.97928530 -0.01035584
vn -0.22555833 -0.97356115 0.03608494
vn -0.25136823 -0.96507451 0.07379157
vn -0.27837158 -0.95460630 0.10600038
vn -0.39022021 -0.92003289 -0.03560432
vn -0.35164724 -0.93605466 0.01207879
vn -0.36004527 -0.93040019 -0.06872332
vn -0.42935684 -0.89933307 -0.08278123
vn -0.43756626 -0.88432748 -0.16279028
vn -0.54448902 -0.81109572 -0.21367134
vn -0.51388672 -0.82098427 -0.24880768
vn -0.46981586 -0.86607112 0.17086215
vn -0.48957215 -0.86665443 0.09606874
vn -0.50742391 -0.85163773 0.13127892
vn -0.52764539 -0.84769415 0.05481756
vn -0.54484957 -0.83348544 0.09187471
vn -0.56507739 -0.82491166 0.01443284
vn -0.58164243 -0.81170798 0.05312476
vn -0.60142047 -0.79855526 -0.02455449
vn -0.61740189 -0.78649515 0.01550116
vn -0.63629191 -0.76897959 -0.06166844
vn -0.65176772 -0.75813992 -0.02055986
vn -0.66939542 -0.73661163 -0.09650425
vn -0.68445539 -0.72700177 -0.05467390
vn -0.70051467 -0.70193033 -0.12873617
vn -0.71525168 -0.69348963 -0.08652845
vn -0.73046502 -0.66694720 -0.14697714
vn -0.74070292 -0.66248514 -0.11168089
vn -0.71710225 -0.66776412 -0.19963831
vn -0.77018823 -0.55888399 -0.30734145
vn -0.80668526 -0.45352897 -0.37890680
vn -0.80748359 -0.41217198 -0.42200061
vn -0.80329841 -0.38118040 -0.45761684
vn -0.79924600 -0.38921717 -0.45794741
vn -0.68343390 -0.70987142 -0.17029583
vn -0.65184588 -0.74575705 -0.13763492
vn -0.61819906 -0.77937060 -0.10203623
vn -0.58271628 -0.81016483 -0.06383318
vn -0.54572230 -0.83763754 -0.02346312
vn -0.50763775 -0.86137088 0.01855027
vn -0.46900612 -0.88104400 0.06160141
vn -0.43040842 -0.89649813 0.10506993
vn -0.39234457 -0.90777282 0.14837197
vn -0.64047821 -0.72652506 -0.24889555
vn -0.63131515 -0.75497816 -0.17733915
vn -0.60746860 -0.76463222 -0.21521957
vn -0.59699078 -0.78977001 -0.14094447
vn -0.57237712 -0.80042894 -0.17803915
vn -0.56081318 -0.82167833 -0.10165287
vn -0.53548881 -0.83323563 -0.13773203
vn -0.52314674 -0.85013206 -0.05994143
vn -0.49726452 -0.86240229 -0.09481713
vn -0.48451026 -0.87463193 -0.01639534
vn -0.45826417 -0.88741211 -0.04993688
vn -0.44548203 -0.89484279 0.02832229
vn -0.41903220 -0.90796346 -0.00379085
vn -0.40660656 -0.91063818 0.07354733
vn -0.38012443 -0.92394038 0.04289054
vn -0.36839705 -0.92206924 0.11862516
vn -0.34208447 -0.93540756 0.08939193
vn -0.58685737 -0.68344213 -0.43417196
vn -0.55385688 -0.71575755 -0.42536300
vn -0.58659686 -0.71089310 -0.38798856
vn -0.55323093 -0.75236078 -0.35761542
vn -0.58495015 -0.74459281 -0.32158182
vn -0.55029868 -0.78405947 -0.28709251
vn -0.58034322 -0.77455363 -0.25153214
vn -0.66551725 -0.66452467 -0.33984373
vn -0.76913366 -0.45493047 -0.44885597
vn -0.72735058 -0.57004778 -0.38210818
vn -0.52779941 -0.71814883 -0.45353064
vn -0.84180623 -0.07904710 -0.53396052
vn -0.85168209 -0.10522847 -0.51338541
vn -0.86142979 -0.13107005 -0.49067235
vn -0.76308088 -0.42248279 -0.48909699
vn -0.28588969 -0.95787953 0.02709034
vn -0.29319938 -0.95432239 -0.05747085
vn -0.30065266 -0.94217182 -0.14805487
vn -0.30866509 -0.91911085 -0.24486958
vn -0.31640970 -0.88229664 -0.34847889
vn -0.32848893 -0.83219802 -0.44670066
vn -0.31419713 -0.94749089 0.05950776
vn -0.32227165 -0.94642207 -0.02064594
vn -0.32969536 -0.93820442 -0.10523043
vn -0.33680845 -0.92129218 -0.19437280
vn -0.34400324 -0.89369228 -0.28805535
vn -0.35160183 -0.85299397 -0.38571678
vn -0.36210507 -0.80072388 -0.47720142
vn -0.36674243 -0.75937152 -0.53745222
vn -0.36732853 -0.91747930 -0.15264825
vn -0.37382717 -0.89600473 -0.23964300
vn -0.37994920 -0.86431313 -0.32954730
vn -0.38603634 -0.82045391 -0.42170051
vn -0.39092531 -0.76248232 -0.51555612
vn -0.40110238 -0.69365108 -0.59830181
vn -0.21104571 -0.97098826 -0.11243442
vn -0.22288414 -0.95004360 -0.21849444
vn -0.25670576 -0.91056095 -0.32400757
vn -0.29409808 -0.85865018 -0.41979303
vn -0.33140463 -0.79507603 -0.50796169
vn -0.36778701 -0.72199678 -0.58604894
vn -0.40508664 -0.63893055 -0.65396679
vn -0.48141908 -0.82891431 -0.28484512
vn -0.51804652 -0.79196726 -0.32313413
vn -0.48474153 -0.79642521 -0.36156954
vn -0.52003570 -0.75706388 -0.39549608
vn -0.48663925 -0.75631428 -0.43723100
vn -0.52041616 -0.71561270 -0.46590288
vn -0.48756020 -0.70762799 -0.51141733
vn -0.51967316 -0.66684093 -0.53410016
vn -0.34505656 -0.70451211 -0.62016018
vn -0.37581468 -0.62183476 -0.68708432
vn -0.38837292 -0.54366470 -0.74403976
vn -0.40605257 -0.61110680 -0.67946287
vn -0.37376591 -0.67396552 -0.63723585
vn -0.33771291 -0.75379973 -0.56368072
vn -0.30061235 -0.82483866 -0.47882502
vn -0.26331115 -0.88452622 -0.38507220
vn -0.22673002 -0.93121870 -0.28535107
vn -0.19454004 -0.96482077 -0.17684754
vn -0.39867249 -0.90967962 -0.11637539
vn -0.40553689 -0.89217177 -0.19892049
vn -0.41117433 -0.86648979 -0.28307440
vn -0.41601726 -0.83128995 -0.36862807
vn -0.42042906 -0.78503122 -0.45493448
vn -0.42477443 -0.72599385 -0.54083233
vn -0.42768277 -0.65225305 -0.62582219
vn -0.43055092 -0.57028407 -0.69957272
vn -0.08612872 -0.56764378 -0.81875660
vn -0.13019919 -0.55120630 -0.82414792
vn -0.17527071 -0.53134993 -0.82882292
vn -0.22122086 -0.50820647 -0.83233858
vn -0.26786137 -0.48209566 -0.83416669
vn -0.31509615 -0.45334519 -0.83378208
vn -0.36094024 -0.42285262 -0.83121466
vn -0.40879187 -0.37928799 -0.83007821
vn -0.46812544 -0.21539053 -0.85700962
vn -0.45124254 -0.40941210 -0.79294508
vn -0.46277601 -0.30443275 -0.83256175
vn -0.50980115 -0.13720193 -0.84928112
vn -0.36918657 -0.72344925 -0.58337163
vn -0.44237058 -0.49124223 -0.75032615
vn -0.46072633 -0.55877240 -0.68956845
vn -0.45951469 -0.61583045 -0.63999930
vn -0.45668212 -0.68826351 -0.56367968
vn -0.45438397 -0.74723053 -0.48495540
vn -0.45171918 -0.79509352 -0.40469257
vn -0.44831192 -0.83311855 -0.32392885
vn -0.44375127 -0.86250924 -0.24323369
vn -0.51194184 -0.44985595 -0.73180952
vn -0.48933361 -0.50543633 -0.71069455
vn -0.48702196 -0.43953251 -0.75473226
vn -0.52232376 -0.37719704 -0.76478774
vn -0.51394433 -0.19572613 -0.83519609
vn -0.53818298 -0.51426464 -0.66775067
vn -0.54991157 -0.42945307 -0.71635698
vn -0.54880264 -0.33827722 -0.76445025
vn -0.61010614 -0.58877208 -0.53020557
vn -0.60594956 -0.64009145 -0.47234317
vn -0.61220414 -0.67441086 -0.41276638
vn -0.72720366 -0.53517227 -0.42984356
vn -0.67446044 -0.61906936 -0.40231362
vn -0.72978822 -0.49122857 -0.47550358
vn -0.67413513 -0.58314679 -0.45330085
vn -0.72412492 -0.45732871 -0.51623014
vn -0.67019634 -0.54594476 -0.50277349
vn -0.71730781 -0.42271478 -0.55387879
vn -0.66478651 -0.50684430 -0.54878753
vn -0.70488174 -0.39333130 -0.59028148
vn -0.64397830 -0.32293910 -0.69354328
vn -0.68772683 -0.36024555 -0.63028165
vn -0.64597377 -0.37603318 -0.66431690
vn -0.69519293 -0.35411046 -0.62554981
vn -0.65883160 -0.41564448 -0.62704114
vn -0.66021399 -0.46646754 -0.58866419
vn -0.53836756 -0.57800894 -0.61324223
vn -0.59247751 -0.44780445 -0.66965781
vn -0.59214135 -0.37521219 -0.71315106
vn -0.59142691 -0.29617416 -0.74999672
vn -0.49401190 -0.37004599 -0.78677710
vn -0.50695822 -0.27844094 -0.81575978
vn -0.55304169 -0.23294230 -0.79992673
vn -0.59622436 -0.20642224 -0.77582626
vn -0.63479901 -0.18233437 -0.75085577
vn -0.67232667 -0.09582234 -0.73402651
vn -0.48568295 -0.71193693 -0.50720596
vn -0.63898058 -0.25081408 -0.72718369
vn -0.67564180 -0.15724867 -0.72026455
vn -0.12357572 -0.96731449 0.22143106
vn -0.06008471 -0.95380696 0.29435032
vn -0.13284162 -0.94511610 0.29851074
vn -0.18561313 -0.93676952 0.29666588
vn -0.23541639 -0.94477945 0.22797130
vn -0.12727513 -0.91158239 0.39092018
vn -0.06311715 -0.92121639 0.38389660
vn -0.05634386 -0.88067098 0.47036580
vn -0.06854877 -0.97998180 0.18691373
vn -0.11511746 -0.98248439 0.14653464
vn -0.18026760 -0.97003681 0.16288705
vn -0.22692502 -0.96660760 0.11905790
vn -0.34452434 -0.92110454 0.18129921
vn -0.24741361 -0.95385668 0.17012917
vn -0.11280322 -0.81982547 0.56139259
vn -0.12268274 -0.86902249 0.47932124
vn -0.18010143 -0.85653681 0.48364053
vn -0.18727678 -0.89930035 0.39520411
vn -0.24488213 -0.88382211 0.39861161
vn -0.24782896 -0.91723749 0.31185925
vn -0.30376047 -0.89861016 0.31659020
vn -0.29729961 -0.92611499 0.23221535
vn -0.35649917 -0.90143293 0.24561558
vn -0.44430010 -0.87171486 0.20666547
vn -0.10090057 -0.76843760 0.63191988
vn -0.09789773 -0.73078290 0.67555339
vn -0.16914445 -0.80607602 0.56712574
vn -0.23523015 -0.84156170 0.48625167
vn -0.29981555 -0.86556050 0.40114293
vn -0.35673139 -0.87725433 0.32119706
vn -0.40120816 -0.88118874 0.25007682
vn -0.08179825 -0.69147199 0.71775730
vn -0.03921957 -0.68933372 0.72338154
vn -0.07834907 -0.66513949 0.74259738
vn -0.06569513 -0.63960988 0.76588730
vn -0.05957281 -0.62505052 0.77830773
vn -0.03415245 -0.63583987 0.77106502
vn -0.16801166 -0.67250334 0.72077136
vn -0.14155944 -0.63834351 0.75662308
vn -0.11366951 -0.62319133 0.77376470
vn -0.33118721 -0.93286135 0.14172059
vn -0.32701869 -0.93976128 0.09953649
vn -0.42446288 -0.88990520 0.16703295
vn -0.40847144 -0.90444376 0.12301448
vn -0.51112629 -0.83689204 0.19586127
vn -0.49587466 -0.85515569 0.15105321
vn -0.58866156 -0.77694243 0.22324431
vn -0.57118771 -0.80012321 0.18315962
vn -0.40942869 -0.53549992 0.73865282
vn -0.60791139 -0.78391053 0.12620626
vn -0.54183209 -0.79417690 0.27513820
vn -0.46520833 -0.84575275 0.26131110
vn -0.45797405 -0.82702826 0.32601231
vn -0.40689958 -0.85348946 0.32555872
vn -0.40137372 -0.82218806 0.40361608
vn -0.35190622 -0.84492840 0.40281262
vn -0.33810840 -0.80545636 0.48674712
vn -0.28791660 -0.82443394 0.48725015
vn -0.26988065 -0.77706995 0.56861826
vn -0.21838969 -0.79386213 0.56752873
vn -0.19748825 -0.74510737 0.63703485
vn -0.09834092 -0.63442567 0.76670277
vn -0.16975146 -0.62727296 0.76007439
vn -0.20849671 -0.63437782 0.74437484
vn -0.24072998 -0.65623351 0.71512702
vn -0.18349791 -0.70819704 0.68175176
vn -0.26736772 -0.68645048 0.67623978
vn -0.29345633 -0.72008852 0.62877333
vn -0.32453250 -0.75735386 0.56665138
vn -0.38627851 -0.78300526 0.48753634
vn -0.44841621 -0.79754171 0.40354691
vn -0.49790086 -0.80306058 0.32739644
vn -0.40198002 -0.52387893 0.75097465
vn -0.64880504 -0.74803956 0.13960241
vn -0.64969340 -0.73236265 0.20382206
vn -0.65738171 -0.71189651 0.24708834
vn -0.52590285 -0.81697514 0.23659631
vn -0.60210311 -0.75510431 0.25940185
vn -0.66872927 -0.68913984 0.27908322
vn -0.61262875 -0.73287482 0.29594005
vn -0.67848644 -0.66690090 0.30805736
vn -0.15064163 -0.65061301 0.74431835
vn -0.22283832 -0.66843909 0.70960008
vn -0.23219438 -0.63403655 0.73762011
vn -0.30429271 -0.64031437 0.70526836
vn -0.27964519 -0.63044973 0.72410753
vn -0.35667511 -0.62495647 0.69441506
vn -0.31885983 -0.64115982 0.69802757
vn -0.39905815 -0.62386229 0.67197354
vn -0.34910956 -0.66331403 0.66191919
vn -0.43023733 -0.63741768 0.63921400
vn -0.37844487 -0.69169054 0.61509648
vn -0.46141108 -0.65795773 0.59513985
vn -0.40850944 -0.72456694 0.55508809
vn -0.49199551 -0.68479576 0.53758272
vn -0.43923031 -0.75673696 0.48417549
vn -0.51888935 -0.71298155 0.47160488
vn -0.49323282 -0.76949210 0.40571331
vn -0.54688226 -0.73628475 0.39850291
vn -0.55555834 -0.76211269 0.33247433
vn -0.47522703 -0.65788256 0.58425150
vn -0.49404329 -0.63116309 0.59795851
vn -0.44046971 -0.61436390 0.65463228
vn -0.52978539 -0.59493257 0.60446892
vn -0.48182614 -0.60183492 0.63689740
vn -0.56601695 -0.57263855 0.59305135
vn -0.51115518 -0.60703752 0.60846186
vn -0.59099282 -0.57059284 0.57022039
vn -0.54146529 -0.61966830 0.56817827
vn -0.61800191 -0.57605555 0.53500807
vn -0.57105026 -0.63863721 0.51579465
vn -0.64428187 -0.58787383 0.48918834
vn -0.59567504 -0.66164705 0.45540579
vn -0.66586816 -0.60454604 0.43719982
vn -0.61144002 -0.68601781 0.39436110
vn -0.67922093 -0.62414597 0.38613566
vn -0.61671369 -0.70993075 0.34009198
vn -0.68299512 -0.64517445 0.34244357
vn -0.07016504 -0.71399592 0.69662522
vn -0.06614284 -0.68108327 0.72921238
vn -0.08850890 -0.66419313 0.74230295
vn -0.35649938 -0.61862138 0.70015411
vn -0.39941146 -0.59175084 0.70021527
vn -0.27165076 -0.65843971 0.70189957
vn -0.31341534 -0.64129674 0.70036370
vn -0.65314494 -0.29079859 0.69916942
vn -0.69917383 -0.14861375 0.69933533
vn -0.68726009 -0.19706885 0.69916911
vn -0.70799855 -0.09950199 0.69916908
vn -0.21935300 -0.67637604 0.70313564
vn -0.19635220 -0.68390167 0.70265520
vn -0.67168621 -0.24447427 0.69933537
vn -0.71172618 -0.05332048 0.70043041
vn -0.71220289 -0.01505748 0.70181217
vn -0.71190361 0.01778558 0.70205194
vn -0.68026171 0.02819814 0.73242670
vn -0.71044384 0.05008888 0.70196913
vn -0.44039174 -0.56222032 0.69997387
vn -0.60631709 -0.37886895 0.69916944
vn -0.57828045 -0.42014531 0.69933514
vn -0.63112565 -0.33557536 0.69933511
vn -0.98582411 0.16621531 0.02287567
vn -0.70460486 0.09890104 0.70267388
vn -0.68581790 0.09470855 0.72158444
vn -0.70764618 0.08040074 0.70197764
vn -0.68883915 0.08069260 0.72040914
vn -0.17200453 -0.68987264 0.70319996
vn -0.14756200 -0.69573972 0.70297347
vn -0.24337432 -0.66817582 0.70307184
vn -0.51417966 -0.49653748 0.69933526
vn -0.47839886 -0.53131626 0.69916919
vn -0.54768802 -0.45956503 0.69916937
vn -0.65542281 0.05139766 0.75351126
vn -0.62639562 0.06657015 0.77665755
vn -0.68578807 0.05889463 0.72541447
vn -0.12137664 -0.70366852 0.70008452
vn -0.09978690 -0.71173039 0.69532900
vn -0.00818634 -0.71046273 0.70368721
vn -0.08547517 -0.71781939 0.69096260
vn -0.08001869 -0.70939833 0.70025068
vn -0.01787555 -0.70974488 0.70423197
vn -0.02742769 -0.70849019 0.70518747
vn -0.03698966 -0.70763436 0.70560993
vn -0.04656812 -0.70716574 0.70551260
vn -0.05883223 -0.70784603 0.70391247
vn 0.30052200 0.63253806 -0.71385022
vn 0.26316493 0.64752862 -0.71515796
vn 0.28710119 0.61138687 -0.73741373
vn 0.34197705 0.60544829 -0.71866825
vn 0.38951754 0.58177378 -0.71401355
vn 0.41257865 0.57500669 -0.70650277
vn 0.42799163 0.55264597 -0.71512628
vn 0.46153151 0.50884912 -0.72667822
vn 0.47569392 0.51629577 -0.71214744
vn -0.00080895 0.68887036 -0.72488411
vn 0.00845765 0.70468669 -0.70946821
vn 0.10444809 0.69480054 -0.71157769
vn 0.03792980 0.69833890 -0.71476158
vn 0.09057880 0.68548339 -0.72243200
vn 0.20163482 0.67846620 -0.70641845
vn 0.22054581 0.66379357 -0.71465911
vn 0.17608019 0.67778536 -0.71386467
vn 0.12645866 0.68616533 -0.71636956
vn 0.20857211 0.97800606 0.00135142
vn -0.17125587 0.68241340 -0.71062183
vn -0.15587229 0.67555883 -0.72064145
vn -0.10378471 0.69249639 -0.71391700
vn -0.08011642 0.70362280 -0.70604271
vn -0.05537320 0.69703067 -0.71490003
vn -0.19766067 0.66875455 -0.71672702
vn -0.23887303 0.65535515 -0.71655377
vn -0.49711461 0.49789904 -0.71061495
vn -0.48074981 0.49063643 -0.72674309
vn -0.44940751 0.53574999 -0.71484602
vn -0.43095346 0.55982593 -0.70772455
vn -0.41254009 0.56178885 -0.71708016
vn -0.37170129 0.59356978 -0.71380184
vn -0.35547351 0.61317281 -0.70544857
vn -0.32782007 0.61688655 -0.71553126
vn -0.28900992 0.63653996 -0.71504556
vn -0.26878956 0.65584537 -0.70542117
vn -0.68823782 0.14227170 -0.71139825
vn -0.68965220 0.15628134 -0.70707566
vn -0.68271264 0.16733708 -0.71126771
vn -0.65897881 0.25702553 -0.70688387
vn -0.65925982 0.23024717 -0.71579517
vn -0.67163419 0.19548774 -0.71462721
vn -0.61892563 0.34256857 -0.70680821
vn -0.62280218 0.31617363 -0.71564773
vn -0.64081463 0.27696490 -0.71599375
vn -0.56754063 0.42237130 -0.70675323
vn -0.57497982 0.39667685 -0.71557367
vn -0.59858671 0.35978905 -0.71571348
vn -0.51666076 0.47027955 -0.71547104
vn -0.54534056 0.43665736 -0.71549565
vn 0.55150052 0.44294667 -0.70685601
vn 0.52796257 0.45687238 -0.71590722
vn 0.49801060 0.48889357 -0.71621821
vn 0.60674233 0.36374594 -0.70679037
vn 0.58519067 0.38086652 -0.71588586
vn 0.55979703 0.41707167 -0.71601572
vn 0.65074418 0.27750973 -0.70676754
vn 0.63190023 0.29725730 -0.71577943
vn 0.61150545 0.33678336 -0.71598747
vn 0.68265827 0.18564833 -0.70676190
vn 0.66678918 0.20771082 -0.71571531
vn 0.65183102 0.25000520 -0.71597048
vn 0.68008867 0.15892820 -0.71569632
vn 0.76739664 0.63711677 -0.07200426
vn 0.76739269 0.63712136 -0.07200583
vn 0.78305943 0.62156673 -0.02174213
vn 0.48198696 0.51891337 -0.70598689
vn 0.43936060 0.55149118 -0.70909783
vn 0.73608101 0.67565299 -0.04096067
vn 0.71560472 0.69768340 -0.03387860
vn 0.49237487 0.49935385 -0.71289040
vn 0.63317715 0.77187661 -0.05738640
vn 0.62896093 0.77467907 -0.06542542
vn 0.54965819 0.45709091 -0.69924515
vn 0.51954035 0.48748630 -0.70173708
vn 0.84280927 0.53812770 0.00954562
vn 0.58645460 0.40288058 -0.70267933
vn 0.80033694 0.59953278 0.00460798
vn 0.59647450 0.41811467 -0.68512648
vn 0.55866408 0.43325655 -0.70723632
vn 0.66054681 0.29152764 -0.69187394
vn 0.63420320 0.31317430 -0.70690039
vn 0.89913462 0.43735691 0.01660942
vn 0.63329056 0.34358975 -0.69346171
vn 0.60949255 0.37935443 -0.69613867
vn 0.67298614 0.25763595 -0.69333496
vn 0.94266565 0.33307436 0.02104612
vn 0.67230196 0.22639372 -0.70480916
vn 0.97359864 0.22629732 0.02991995
vn 0.68974407 0.18790795 -0.69924511
vn 0.70293210 0.19945916 -0.68271701
vn 0.99314986 0.10529865 0.05065121
vn 0.70375495 0.15892243 -0.69243963
vn 0.98747219 0.11189164 0.11126067
vn 0.98500820 0.09906711 0.14122516
vn 0.99127806 0.10618239 0.07805834
vn 0.98971144 0.03793738 0.13795660
vn 0.97827225 0.19883226 0.05872939
vn 0.97827071 0.19884236 0.05872075
vn 0.97268965 0.22909799 0.03726867
vn 0.98419034 0.16264699 0.07010937
vn 0.98778200 0.12752626 0.08957555
vn 0.94005181 0.34094061 0.00787964
vn 0.94005079 0.34094349 0.00787749
vn 0.93828446 0.34581764 0.00569525
vn 0.95331859 0.30138838 0.01867396
vn 0.97065823 0.23645042 0.04374695
vn 0.84144620 0.54014218 -0.01465343
vn 0.84744289 0.52939599 -0.03975466
vn 0.86190484 0.50604808 -0.03217748
vn 0.89723512 0.44154865 0.00198415
vn 0.88100573 0.47194226 -0.03315736
vn 0.88044904 0.47281620 -0.03541650
vn 0.94648763 0.32206364 0.02088481
vn 0.89959495 0.43591761 -0.02654722
vn 0.92496472 0.37981019 -0.01358221
vn 0.78862215 0.61140764 -0.06523658
vn 0.82506733 0.56242352 -0.05425582
vn 0.84453256 0.53348317 -0.04648076
vn 0.74558162 0.66244377 -0.07263819
vn 0.72324986 0.68479434 -0.08925442
vn 0.63935103 0.76444848 -0.08275736
vn 0.63798228 0.76241016 -0.10820980
vn 0.71030867 0.69364068 -0.11968371
vn 0.72411101 0.67790678 -0.12690802
vn 0.99177220 0.10748136 0.06953894
vn 0.94056267 0.33915817 0.01770874
vn 0.97340485 0.22584684 0.03842145
vn 0.96964702 0.23729671 0.05894855
vn 0.96868393 0.24446224 0.04347026
vn 0.95644772 0.26664290 0.11878264
vn 0.89940658 0.14277752 0.41313725
vn 0.91958181 0.14657941 0.36453225
vn 0.92603451 0.18420616 0.32943614
vn 0.98518390 0.16475319 0.04763484
vn 0.97648474 0.21375437 -0.02804664
vn 0.97525651 0.21750637 -0.03956906
vn 0.97462183 0.21804873 -0.05066601
vn 0.97586667 0.20218145 -0.08250393
vn 0.97458427 0.21028378 -0.07724136
vn 0.99512413 0.09786602 0.01225576
vn 0.99091324 0.09027124 0.09970980
vn 0.93983770 0.34159832 0.00396086
vn 0.83705186 0.54089418 -0.08232667
vn 0.66066756 0.70756660 -0.25073468
vn 0.66668129 0.70600731 -0.23893460
vn 0.77219813 0.60134499 -0.20516881
vn 0.67048619 0.70854887 -0.22001538
vn 0.67374122 0.70636581 -0.21707167
vn 0.78397498 0.59273166 -0.18453298
vn 0.67341498 0.71217020 -0.19830752
vn 0.68008587 0.70764013 -0.19164722
vn 0.79523877 0.58451207 -0.16106190
vn 0.67786282 0.71527275 -0.16996144
vn 0.68442248 0.71030859 -0.16440065
vn 0.80621751 0.57624100 -0.13401357
vn 0.69218986 0.71693672 -0.08291523
vn 0.69686627 0.71345647 -0.07319339
vn 0.82623945 0.55935272 -0.06673010
vn 0.70780333 0.69942681 0.09907863
vn 0.70427453 0.70228428 0.10389502
vn 0.84804424 0.52729248 0.05275998
vn 0.70943976 0.69003326 0.14335037
vn 0.70556777 0.69281703 0.14892507
vn 0.85213204 0.51675910 0.08264993
vn 0.67188346 0.29852345 0.67783211
vn 0.67262360 0.28006240 0.68493981
vn 0.81958028 0.25212981 0.51450824
vn 0.60799904 0.03767240 0.79304348
vn 0.61178249 0.03085990 0.79042384
vn 0.68213844 0.03193603 0.73052532
vn 0.53588238 -0.69470989 0.47980020
vn 0.54433758 -0.70303459 0.45764502
vn 0.78705528 0.02771477 0.61625959
vn 0.99307414 0.04450298 0.10873474
vn 0.72513303 -0.68711315 0.04536080
vn 0.70973309 -0.70087645 0.07107131
vn 0.71800752 -0.68870660 0.10073936
vn 0.70207672 -0.68341071 0.20009518
vn 0.69432422 -0.70055607 0.16472725
vn 0.97472764 0.04435846 0.21894828
vn 0.71107366 -0.68910811 0.13965768
vn 0.94531821 0.04249446 0.32336929
vn 0.66789175 -0.69886418 0.25594818
vn 0.68674867 -0.68897986 0.23169596
vn 0.66757430 -0.69008626 0.27950940
vn 0.90251869 0.04096145 0.42869824
vn 0.64694607 -0.70162742 0.29862979
vn 0.84918032 0.03467656 0.52696330
vn 0.62414251 -0.69181127 0.36310233
vn 0.64425898 -0.69108738 0.32761043
vn 0.57036355 -0.69276120 0.44132453
vn 0.59496417 -0.68896390 0.41394006
vn 0.60027623 -0.70311478 0.38117981
vn 0.49910802 -0.69598870 0.51622758
vn 0.51097711 -0.70540480 0.49122954
vn 0.71495338 0.01881703 0.69891887
vn 0.60393109 0.00899717 0.79698575
vn 0.43054997 -0.69519303 0.57561565
vn 0.47083069 -0.69884069 0.53846091
vn 0.66247822 0.02448177 0.74868101
vn 0.47937631 -0.70241428 0.52612977
vn 0.60979298 0.04792691 0.79111031
vn 0.70279798 0.06303592 0.70859119
vn 0.61665328 0.06347746 0.78467149
vn 0.62342886 0.09389081 0.77622225
vn 0.62342778 0.09388940 0.77622328
vn 0.72524800 0.09907042 0.68132253
vn 0.62221673 0.08340840 0.77838896
vn 0.61665213 0.06347037 0.78467297
vn 0.75191959 0.14244704 0.64368142
vn 0.63130498 0.14518904 0.76182292
vn 0.62799370 0.11745391 0.76930390
vn 0.65382502 0.22251870 0.72318619
vn 0.64857422 0.20312433 0.73354754
vn 0.77466277 0.20008600 0.59988598
vn 0.64469275 0.18266460 0.74229705
vn 0.63733615 0.16795779 0.75205904
vn 0.67572524 0.27590183 0.68357413
vn 0.66590626 0.25797190 0.70001382
vn 0.81134815 0.22928733 0.53771880
vn 0.66601865 0.23947421 0.70644976
vn 0.66925702 0.23541660 0.70475106
vn 0.83264635 0.28164076 0.47684225
vn 0.67952326 0.32159590 0.65941202
vn 0.68277956 0.31696336 0.65829044
vn 0.67772589 0.34125735 0.65133020
vn 0.84303792 0.30489295 0.44308843
vn 0.68912927 0.36035747 0.62868382
vn 0.69097681 0.40352053 0.59976848
vn 0.68084069 0.38360783 0.62393989
vn 0.68574757 0.36543175 0.62945207
vn 0.69356185 0.40387838 0.59653517
vn 0.85000886 0.33413504 0.40723298
vn 0.68919251 0.43201658 0.58170040
vn 0.85455326 0.36129044 0.37310580
vn 0.69882278 0.43964868 0.56423024
vn 0.70048392 0.50072922 0.50851994
vn 0.70405734 0.47771743 0.52544202
vn 0.86006113 0.38392810 0.33599712
vn 0.69642776 0.46771215 0.54427357
vn 0.70089691 0.44101299 0.56058101
vn 0.70376582 0.55171576 0.44757502
vn 0.70568753 0.54886814 0.44805008
vn 0.86308536 0.40941361 0.29574339
vn 0.70123985 0.53597985 0.47009390
vn 0.70047916 0.51915420 0.48970181
vn 0.70162437 0.56540966 0.43363021
vn 0.86328015 0.43356074 0.25840367
vn 0.71009123 0.57471780 0.40677992
vn 0.70636142 0.61767273 0.34573681
vn 0.71005042 0.60015941 0.36828942
vn 0.86350433 0.45303736 0.22162449
vn 0.70259226 0.59723516 0.38687759
vn 0.71009039 0.57471595 0.40678400
vn 0.70741905 0.64989959 0.27782873
vn 0.86224716 0.47199498 0.18371330
vn 0.70567893 0.65944514 0.25913191
vn 0.85948492 0.48919742 0.14822806
vn 0.70965284 0.66486801 0.23311666
vn 0.70892494 0.63698057 0.30278902
vn 0.70945581 0.62721423 0.32136390
vn 0.70491159 0.63068277 0.32455954
vn 0.71024604 0.67823471 0.18854240
vn 0.71024355 0.67823845 0.18853835
vn 0.85599176 0.50413852 0.11455329
vn 0.70394757 0.67631608 0.21692022
vn 0.70729137 0.66786093 0.23173412
vn 0.69990541 0.69490171 0.16505764
vn 0.70000421 0.70397203 0.12007287
vn 0.70122962 0.71293000 0.00279877
vn 0.69970604 0.71394096 0.02645314
vn 0.84329015 0.53706948 0.02044741
vn 0.69876986 0.71425917 0.03942753
vn 0.70245412 0.70900190 0.06224559
vn 0.69918520 0.71077728 0.07704356
vn 0.69861485 0.71401662 -0.04601689
vn 0.69238773 0.71993839 -0.04783248
vn 0.83566838 0.54871741 -0.02382344
vn 0.69669073 0.71398233 -0.06965100
vn 0.69470110 0.71861981 -0.03124017
vn 0.70267253 0.71148479 -0.00637970
vn 0.70235521 0.71173546 -0.01139267
vn 0.68515539 0.71734539 -0.12640287
vn 0.69101544 0.71397372 -0.11286806
vn 0.81655968 0.56811165 -0.10236915
vn 0.69308603 0.71222686 -0.11119643
vn 0.69065993 0.71684855 -0.09548307
vn 0.68796710 0.70836396 -0.15786631
vn 0.67921236 0.71127352 -0.18099877
vn 0.66928228 0.71409384 -0.20525888
vn 0.66691532 0.70868484 -0.23019502
vn 0.74078857 0.62670011 -0.24182489
vn 0.65093872 0.70568748 -0.27979273
vn 0.76043141 0.60982370 -0.22329158
vn 0.65814592 0.70125896 -0.27400697
vn 0.65343313 0.70476042 -0.27629315
vn 0.65535814 0.70615064 -0.26806153
vn 0.65939587 0.70656206 -0.25684069
vn 0.65802426 0.70672944 -0.25987992
vn 0.64819377 0.70920842 -0.27725124
vn 0.64361389 0.71072922 -0.28394566
vn 0.72510483 0.64409232 -0.24365562
vn 0.64421223 0.70941626 -0.28586565
vn 0.64589389 0.70779050 -0.28610083
vn 0.64682426 0.72003863 -0.25132200
vn 0.64469251 0.71919012 -0.25910833
vn 0.71695331 0.66007941 -0.22421671
vn 0.63983112 0.72177305 -0.26393144
vn 0.64070353 0.71875549 -0.26998061
vn 0.71766652 0.66737436 -0.19891263
vn 0.64635536 0.72618681 -0.23425939
vn 0.64289944 0.72782422 -0.23864664
vn 0.64846682 0.73837149 -0.18519807
vn 0.64604743 0.73727668 -0.19760016
vn 0.71881226 0.67440982 -0.16876117
vn 0.64175201 0.73708233 -0.21181124
vn 0.64993885 0.72530586 -0.22696013
vn 0.64628863 0.75012310 -0.14009407
vn 0.64600263 0.74810467 -0.15172346
vn 0.72192211 0.67893688 -0.13369062
vn 0.64083168 0.75123097 -0.15807210
vn 0.63940193 0.75005294 -0.16907320
vn 0.63523252 0.76236578 -0.12360449
vn 0.77694419 0.61977168 -0.11063810
vn 0.89119202 0.45140889 -0.04479734
vn 0.97318015 0.22269335 0.05768938
vn 0.98868977 0.09712440 0.11427772
vn 0.98848152 0.09711971 0.11606914
vn 0.98916964 0.09284183 0.11368294
vn 0.99317944 0.08787908 0.07662815
vn 0.99496652 0.09561020 0.03000516
vn 0.99486284 0.08889979 0.04842267
vn 0.99334971 0.11261742 -0.02395156
vn 0.99454652 0.10413802 -0.00570030
vn 0.99155952 0.12279152 -0.04161685
vn 0.98899675 0.13582979 -0.05861479
vn 0.98603019 0.14986358 -0.07270055
vn 0.98278317 0.16491152 -0.08331528
vn 0.97966988 0.17987939 -0.08882756
vn 0.97701446 0.19387127 -0.08863789
vn 0.97607519 0.19990911 -0.08551943
vn 0.97428534 0.21437645 -0.06936005
vn 0.97429749 0.21694772 -0.06064725
vn 0.97756966 0.20999188 -0.01615482
vn 0.97904739 0.20363122 -0.00072952
vn 0.98215997 0.18654952 0.02368703
vn 0.98801769 0.13767065 0.06976986
vn 0.99038403 0.10663051 0.08814428
vn 0.99219251 0.07237121 0.10156978
vn 0.89267805 0.44641323 -0.06197687
vn 0.83550961 0.53904130 -0.10657469
vn 0.89367839 0.44222906 -0.07597622
vn 0.83544596 0.53478908 -0.12661238
vn 0.89434360 0.43799576 -0.09115505
vn 0.83521169 0.53018968 -0.14601486
vn 0.89796740 0.42676943 -0.10734243
vn 0.83985475 0.51778001 -0.16293513
vn 0.90106916 0.41683395 -0.11968217
vn 0.84575041 0.50559470 -0.17052930
vn 0.90469486 0.40776825 -0.12350009
vn 0.85339975 0.49394665 -0.16650999
vn 0.90647104 0.40416504 -0.12231469
vn 0.85860294 0.48766140 -0.15807389
vn 0.90807487 0.40140078 -0.11948825
vn 0.86331462 0.48233783 -0.14845230
vn 0.90947070 0.39955577 -0.11497060
vn 0.86793109 0.47754802 -0.13654123
vn 0.91072257 0.39852972 -0.10843643
vn 0.87244020 0.47322404 -0.12209468
vn 0.91200885 0.39797865 -0.09926154
vn 0.87695622 0.46905980 -0.10454994
vn 0.91364141 0.39720848 -0.08651469
vn 0.88173681 0.46438058 -0.08301126
vn 0.91598693 0.39521074 -0.06911164
vn 0.88709388 0.45813185 -0.05638851
vn 0.91933336 0.39077796 -0.04602996
vn 0.89279073 0.44966017 -0.02702684
vn 0.92372067 0.38256802 -0.01954068
vn 0.89684157 0.44232073 -0.00525128
vn 0.90035669 0.43488836 0.01516407
vn 0.92643085 0.37646488 -0.00026003
vn 0.90386030 0.42619201 0.03737559
vn 0.92893839 0.36978691 0.01819633
vn 0.90726569 0.41609139 0.06113030
vn 0.93137472 0.36207953 0.03794143
vn 0.91040270 0.40464333 0.08620149
vn 0.93361252 0.35342813 0.05878954
vn 0.91310597 0.39193820 0.11234743
vn 0.93557037 0.34381690 0.08061036
vn 0.91525448 0.37799772 0.13938062
vn 0.93713805 0.33335397 0.10318627
vn 0.91669787 0.36301188 0.16699519
vn 0.93824765 0.32207448 0.12633044
vn 0.91734211 0.34711108 0.19492908
vn 0.93886499 0.30994421 0.14989038
vn 0.91713943 0.33036188 0.22297151
vn 0.93896008 0.29697555 0.17366488
vn 0.91606051 0.31289032 0.25086409
vn 0.93852851 0.28314006 0.19747391
vn 0.91411751 0.29476363 0.27839466
vn 0.93641580 0.27234423 0.22125567
vn 0.91022824 0.27956578 0.30549554
vn 0.91305809 0.10848177 0.39313692
vn 0.88558983 0.05739898 0.46090782
vn 0.90572503 0.06721553 0.41850238
vn 0.85435290 0.05919306 0.51631124
vn 0.89072445 0.10430736 0.44241375
vn 0.86562527 0.09920644 0.49076570
vn 0.82938435 0.04853289 0.55656641
vn 0.87626732 0.28232909 0.39044317
vn 0.85196170 0.25017746 0.45997011
vn 0.87048098 0.24764017 0.42536715
vn 0.83373126 0.20128904 0.51417401
vn 0.77590878 0.61472931 -0.14168079
vn 0.77479690 0.60973683 -0.16706514
vn 0.77381551 0.60418828 -0.19017384
vn 0.78004577 0.59025904 -0.20766047
vn 0.78980771 0.57594135 -0.21093921
vn 0.80252074 0.56208154 -0.20006198
vn 0.81164440 0.55394551 -0.18541236
vn 0.81986096 0.54676471 -0.16993044
vn 0.82797766 0.53987564 -0.15161562
vn 0.83587726 0.53323719 -0.13025862
vn 0.84357611 0.52657910 -0.10532712
vn 0.85124323 0.51924869 -0.07593261
vn 0.85911452 0.51014233 -0.04095187
vn 0.86621758 0.49965600 -0.00331552
vn 0.87177334 0.48934434 0.02352380
vn 0.87593975 0.47993385 0.04891879
vn 0.87996888 0.46889163 0.07612765
vn 0.88371315 0.45609386 0.10502125
vn 0.88696772 0.44155869 0.13532991
vn 0.88953260 0.42535102 0.16675810
vn 0.89124524 0.40751012 0.19904124
vn 0.89191577 0.38829527 0.23176074
vn 0.89142471 0.36793018 0.26455504
vn 0.88971303 0.34660020 0.29711787
vn 0.88676090 0.32457300 0.32910100
vn 0.88261007 0.30204504 0.36023361
vn 0.89201772 0.25181730 0.37535642
vn 0.85608654 0.21172331 0.47147542
vn 0.81132818 0.16040845 0.56215275
vn 0.78047180 0.15287531 0.60621193
vn 0.75800221 0.10938084 0.64301515
vn 0.80206675 0.19064313 0.56598950
vn 0.92432481 0.25131150 0.28716924
vn 0.90775765 0.24928460 0.33739182
vn 0.89863425 0.21833772 0.38050639
vn 0.87858705 0.21556203 0.42616642
vn 0.86505244 0.17305511 0.47088873
vn 0.83952007 0.16717556 0.51697039
vn 0.82268723 0.12513364 0.55455143
vn 0.79168337 0.11757336 0.59951142
vn 0.77391980 0.07946632 0.62827801
vn 0.73804542 0.07178682 0.67092147
vn 0.72293107 0.04205892 0.68963883
vn 0.79205131 0.04888778 0.60849380
vn 0.83777100 0.09329039 0.53799318
vn 0.87654832 0.13785620 0.46114934
vn 0.90825660 0.18168399 0.37690963
vn 0.93165596 0.22030105 0.28893705
vn 0.93646379 0.24636359 0.24968088
vn 0.91629673 0.21995099 0.33469668
vn 0.88794902 0.17792988 0.42413146
vn 0.85097953 0.13193518 0.50835711
vn 0.80718665 0.08667200 0.58389868
vn 0.76242391 0.03772178 0.64597744
vn 0.95595407 0.27639012 0.09879433
vn 0.96775851 0.25038357 0.02741429
vn 0.95525011 0.28500902 0.07916495
vn 0.96690049 0.25487198 0.01198803
vn 0.95434984 0.29258921 0.06006618
vn 0.96613008 0.25804225 -0.00262155
vn 0.95327907 0.29920257 0.04167544
vn 0.96546550 0.26002445 -0.01623761
vn 0.95205662 0.30497044 0.02410873
vn 0.96491073 0.26100022 -0.02874296
vn 0.95072473 0.30994529 0.00751037
vn 0.96447879 0.26111148 -0.04001819
vn 0.94935136 0.31411538 -0.00796980
vn 0.96419288 0.26045285 -0.04996412
vn 0.94797938 0.31755287 -0.02225485
vn 0.96427081 0.25824321 -0.05909530
vn 0.94661170 0.32051237 -0.03461373
vn 0.94968936 0.07117787 0.30499809
vn 0.96565358 0.10288693 0.23859471
vn 0.94947205 0.11360265 0.29257010
vn 0.96456107 0.15004401 0.21704549
vn 0.95208929 0.15034156 0.26631448
vn 0.96506776 0.18317359 0.18732769
vn 0.95434024 0.18507934 0.23447889
vn 0.96495889 0.21268213 0.15369014
vn 0.95587129 0.21678746 0.19827574
vn 0.96514038 0.23490106 0.11543631
vn 0.95733312 0.23818242 0.16365337
vn 0.95552218 0.26007087 0.13907016
vn 0.97199287 0.22309155 0.07389200
vn 0.97319909 0.20495220 0.10429825
vn 0.97498949 0.17747636 0.13378201
vn 0.97630613 0.14610278 0.15962555
vn 0.97665367 0.10857137 0.18536415
vn 0.97483453 0.07768602 0.20895578
vn 0.94841547 0.24591304 0.20008714
vn 0.94481178 0.21928269 0.24340461
vn 0.94136527 0.18537789 0.28189796
vn 0.93712241 0.14914157 0.31552873
vn 0.93263282 0.11161918 0.34312852
vn 0.93059962 0.06361338 0.36046870
vn 0.97414203 0.21978590 0.05235892
vn 0.94497197 0.32356292 -0.04832185
vn 0.96411665 0.25579996 -0.07103142
vn 0.94379009 0.32412227 -0.06484615
vn 0.96527601 0.24929150 -0.07807675
vn 0.94333946 0.32264703 -0.07752133
vn 0.96720869 0.24118953 -0.07959252
vn 0.94380271 0.31940472 -0.08495335
vn 0.96963290 0.23231499 -0.07643155
vn 0.94483688 0.31545037 -0.08817218
vn 0.97219875 0.22354509 -0.06969357
vn 0.94606389 0.31172006 -0.08828202
vn 0.97458835 0.21567271 -0.06052131
vn 0.94717778 0.30889118 -0.08625829
vn 0.97658428 0.20926390 -0.04991762
vn 0.94799980 0.30731278 -0.08279631
vn 0.97808693 0.20458386 -0.03861865
vn 0.94845198 0.30709169 -0.07831695
vn 0.97907682 0.20167700 -0.02711015
vn 0.94888366 0.30737414 -0.07170035
vn 0.97996289 0.19874917 -0.01309591
vn 0.94775089 0.31339511 -0.05959668
vn 0.97940311 0.20180589 0.00662859
vn 0.94629115 0.32052298 -0.04240381
vn 0.97822840 0.20563171 0.02801423
vn 0.94359120 0.33002045 -0.02687284
vn 0.97627552 0.21220896 0.04305187
vn 0.94244469 0.33398141 -0.01595073
vn 0.97528605 0.21515078 0.05027180
vn 0.94100491 0.33829525 -0.00812931
vn 0.16247536 -0.69697795 0.69844362
vn -0.69834990 -0.68892105 0.19415252
vn -0.69394150 -0.70038389 0.16705565
vn -0.71043543 -0.68930505 0.14191563
vn -0.68197089 -0.69938628 0.21394983
vn -0.68200963 -0.68940447 0.24409902
vn 0.20800641 -0.69778709 0.68543892
vn 0.18426396 -0.70511195 0.68473640
vn -0.62445402 -0.69152598 0.36311018
vn -0.64312818 -0.69101990 0.32996613
vn -0.64549912 -0.70158397 0.30184568
vn -0.67013370 -0.68741436 0.27996845
vn 0.27158034 -0.70639926 0.65363920
vn 0.25272278 -0.69815605 0.66985769
vn 0.22836041 -0.70612408 0.67025391
vn -0.59463963 -0.69274932 0.40804668
vn -0.60024363 -0.70310105 0.38125648
vn 0.31422672 -0.70619851 0.63446452
vn 0.29658045 -0.69811114 0.65167544
vn 0.37985610 -0.67345205 0.63417008
vn 0.37004460 -0.69980678 0.61101347
vn 0.33930879 -0.69798514 0.63062372
vn 0.07089250 -0.69731964 0.71324580
vn 0.09277616 -0.70478363 0.70332966
vn 0.11785342 -0.69683603 0.70748154
vn -0.31416984 -0.70684169 0.63377609
vn -0.71789764 -0.68871091 0.10149022
vn -0.71490188 -0.69667949 0.05960697
vn -0.76826420 -0.63614343 0.07135579
vn -0.56431592 -0.69473859 0.44596619
vn -0.54255796 -0.70268256 0.46029130
vn -0.53366868 -0.69469688 0.48227999
vn -0.50747769 -0.70586039 0.49419380
vn -0.49561011 -0.69560193 0.52010439
vn -0.29663830 -0.69882287 0.65088579
vn -0.43056340 -0.69228060 0.57910511
vn -0.46910365 -0.69803448 0.54100798
vn -0.47754937 -0.70106067 0.52958525
vn -0.33938788 -0.69850719 0.63000284
vn -0.35575766 -0.70604778 0.61231775
vn -0.38299169 -0.69649067 0.60680978
vn -0.20807383 -0.69845860 0.68473415
vn -0.22840421 -0.70678855 0.66953824
vn -0.25281233 -0.69882746 0.66912338
vn -0.27172100 -0.70710535 0.65281676
vn -0.16277156 -0.69759204 0.69776126
vn -0.18445295 -0.70572273 0.68405595
vn -0.02413674 -0.69763845 0.71604330
vn 0.04626780 -0.70556331 0.70713486
vn 0.02354563 -0.69764120 0.71606030
vn -0.00022317 -0.70590179 0.70830968
vn -0.04719968 -0.70575025 0.70688667
vn -0.07169577 -0.69759902 0.71289223
vn -0.09374114 -0.70527042 0.70271348
vn -0.11866488 -0.69733850 0.70685052
vn -0.97495018 0.04747636 0.21729737
vn -0.97595763 0.07321808 0.20529449
vn -0.99199394 0.07329955 0.10283576
vn -0.89975954 0.14284601 0.41234427
vn -0.91989322 0.14662983 0.36372538
vn -0.91328755 0.10819338 0.39268314
vn -0.97891051 0.20416261 -0.00720028
vn -0.90348164 0.03571954 0.42713585
vn -0.64614851 0.72054331 -0.25161367
vn -0.64557023 0.72090025 -0.25207520
vn -0.71458941 0.66267896 -0.22409500
vn -0.64602144 0.74832969 -0.15052898
vn -0.65047270 0.74767326 -0.13367857
vn -0.72025244 0.68155141 -0.12932166
vn -0.64605230 0.75664621 -0.10051338
vn -0.70234576 0.70443364 -0.10238986
vn -0.64411493 0.75662334 -0.11241478
vn -0.64491057 0.75355740 -0.12744257
vn -0.71871141 0.67586903 -0.16326346
vn -0.64326229 0.73904938 -0.20004911
vn -0.64517413 0.74117838 -0.18548572
vn -0.63894777 0.75023788 -0.16996730
vn -0.64262521 0.73945133 -0.20061052
vn -0.71628755 0.66989358 -0.19538359
vn -0.64525431 0.73347499 -0.21368507
vn -0.64443895 0.72679145 -0.23763969
vn -0.64453059 0.72976567 -0.22808417
vn -0.64680379 0.72833530 -0.22621350
vn -0.72240389 0.64698456 -0.24401558
vn -0.64000720 0.71239359 -0.28789958
vn -0.64624176 0.71164755 -0.27555280
vn -0.63714298 0.72327243 -0.26631902
vn -0.73793088 0.62961304 -0.24299267
vn -0.64589110 0.70876029 -0.28369620
vn -0.64000591 0.71239413 -0.28790110
vn -0.75797969 0.61199566 -0.22567255
vn -0.65443529 0.70577606 -0.27128326
vn -0.65443505 0.70577629 -0.27128325
vn -0.65754545 0.70069514 -0.27687597
vn -0.65316523 0.70346689 -0.28019549
vn -0.64408306 0.70916262 -0.28678456
vn -0.65846398 0.70668149 -0.25889470
vn -0.77093173 0.60244064 -0.20671126
vn -0.66015495 0.70722557 -0.25303641
vn -0.66608850 0.70919711 -0.23100989
vn -0.66608668 0.70919798 -0.23101245
vn -0.78333858 0.59312451 -0.18596771
vn -0.66431557 0.70820077 -0.23903239
vn -0.66015675 0.70722521 -0.25303273
vn -0.67043811 0.71012238 -0.21503243
vn -0.79571784 0.58360947 -0.16196636
vn -0.67056454 0.71260879 -0.20623265
vn -0.68633205 0.71118162 -0.15221372
vn -0.67670674 0.71671644 -0.16848005
vn -0.80738909 0.57444267 -0.13467916
vn -0.67561321 0.71239480 -0.18984319
vn -0.67056637 0.71260843 -0.20622795
vn -0.68650125 0.71139972 -0.15042102
vn -0.81835475 0.56525320 -0.10384755
vn -0.68373387 0.71622051 -0.13977187
vn -0.69410116 0.71597486 -0.07485700
vn -0.69133881 0.71656087 -0.09268859
vn -0.82901797 0.55508635 -0.06788480
vn -0.69119011 0.71439603 -0.10906215
vn -0.69026178 0.71345778 -0.12048513
vn -0.68809298 0.71530611 -0.12192299
vn -0.69793216 0.71556008 -0.02940171
vn -0.69635537 0.71623873 -0.04573060
vn -0.83907334 0.54338702 -0.02620086
vn -0.69786592 0.71355984 -0.06176980
vn -0.69713480 0.71423264 -0.06224796
vn -0.70343396 0.70931629 0.04528860
vn -0.70343284 0.70931763 0.04528511
vn -0.84560074 0.53357089 0.01617095
vn -0.70063146 0.71302311 0.02671334
vn -0.70269618 0.71146309 0.00619254
vn -0.69988893 0.71419366 -0.00910565
vn -0.69794524 0.71554689 -0.02941237
vn -0.70214168 0.70873640 0.06848199
vn -0.85058653 0.52362830 0.04812438
vn -0.70557688 0.70325691 0.08712623
vn -0.70670898 0.69557447 0.12937764
vn -0.70670724 0.69557723 0.12937230
vn -0.85485470 0.51305217 0.07746558
vn -0.70370726 0.70182882 0.11060020
vn -0.70557742 0.70325649 0.08712528
vn -0.70465952 0.69277647 0.15334835
vn -0.85887206 0.50049189 0.10884230
vn -0.70677269 0.68607444 0.17255213
vn -0.70798823 0.66469574 0.23860479
vn -0.70519629 0.67520892 0.21631253
vn -0.86200718 0.48612508 0.14361765
vn -0.70488460 0.68150690 0.19668769
vn -0.70676423 0.68608847 0.17253099
vn -0.71159313 0.63099728 0.30899457
vn -0.70563734 0.64929029 0.28372182
vn -0.86324241 0.47237104 0.17798352
vn -0.70346418 0.66130902 0.26040068
vn -0.71251008 0.65155604 0.26039224
vn -0.70316566 0.62994807 0.32973245
vn -0.86546730 0.45288807 0.21414655
vn -0.71261513 0.60673611 0.35220870
vn -0.71011057 0.57978468 0.39949054
vn -0.71010831 0.57978751 0.39949047
vn -0.86661946 0.43116072 0.25113970
vn -0.70657003 0.59756614 0.37904288
vn -0.71261494 0.60673894 0.35220421
vn -0.70404412 0.56944077 0.42433370
vn -0.86649036 0.40771472 0.28803327
vn -0.70476614 0.55409483 0.44303905
vn -0.86383412 0.38250616 0.32784090
vn -0.70430750 0.48420847 0.51912724
vn -0.70625112 0.48538451 0.51537484
vn -0.69926003 0.50996386 0.50097133
vn -0.70073017 0.54153018 0.46445913
vn -0.70476416 0.55410835 0.44302529
vn -0.69374947 0.47941117 0.53747243
vn -0.85896796 0.35989523 0.36421074
vn -0.70060882 0.45147190 0.55255805
vn -0.69397739 0.41750381 0.58658840
vn -0.69209431 0.42026036 0.58684469
vn -0.85441312 0.33234370 0.39940692
vn -0.69159129 0.43753244 0.57468848
vn -0.70060644 0.45147215 0.55256087
vn -0.68803447 0.40158083 0.60443478
vn -0.84786991 0.30511554 0.43361402
vn -0.68636754 0.38100765 0.61946168
vn -0.67962206 0.32271279 0.65876423
vn -0.67978239 0.34146696 0.64907336
vn -0.83822476 0.27659135 0.46997497
vn -0.68273490 0.36411467 0.63347736
vn -0.68684306 0.38031667 0.61935922
vn -0.67712778 0.26080299 0.68809866
vn -0.82645144 0.25367707 0.50261910
vn -0.66939142 0.26473769 0.69413910
vn -0.81449834 0.23520770 0.53034875
vn -0.66582612 0.24548920 0.70456414
vn -0.67246897 0.28492475 0.68308372
vn -0.67589800 0.30432062 0.67123085
vn -0.68376111 0.29982213 0.66526494
vn -0.77573188 0.19732768 0.59941792
vn -0.65172901 0.22620352 0.72393458
vn -0.66456979 0.22949024 0.71111267
vn -0.63268069 0.15010452 0.75972612
vn -0.63641524 0.15312666 0.75599462
vn -0.74852839 0.14334916 0.64742279
vn -0.64662438 0.17742778 0.74188698
vn -0.64750562 0.20626962 0.73361387
vn -0.62595954 0.10360550 0.77294279
vn -0.63435867 0.12271629 0.76323640
vn -0.72237043 0.10034063 0.68418763
vn -0.63198426 0.13864333 0.76247880
vn -0.61395998 0.05472309 0.78743795
vn -0.61548191 0.05638317 0.78613164
vn -0.69984288 0.06162582 0.71163348
vn -0.62158893 0.07758612 0.77949189
vn -0.62286392 0.08720400 0.77745483
vn -0.68121136 0.02919268 0.73150452
vn -0.61084682 0.02658654 0.79130229
vn -0.61268163 0.03457358 0.78957323
vn -0.61937722 0.04301535 0.78391424
vn -0.70336822 0.02298400 0.71045400
vn -0.78616924 0.02488468 0.61751007
vn -0.85046943 0.03120794 0.52509791
vn -0.94519496 0.04106574 0.32391372
vn -0.99341269 0.04181735 0.10668900
vn -0.98993151 0.10847096 0.09093764
vn -0.98826379 0.13493189 0.07161052
vn -0.98601018 0.16240547 0.03752839
vn -0.98285883 0.18379434 0.01442796
vn -0.97641326 0.21539563 -0.01489504
vn -0.97529993 0.21936652 -0.02585313
vn -0.97436510 0.22171286 -0.03815839
vn -0.97374691 0.22215959 -0.04961938
vn -0.97348031 0.22076694 -0.05998368
vn -0.97357477 0.21768886 -0.06901983
vn -0.97402110 0.21312776 -0.07654710
vn -0.97480210 0.20745595 -0.08199324
vn -0.97627169 0.19742807 -0.08897050
vn -0.97535552 0.20317088 -0.08604191
vn -0.97898133 0.18344037 -0.08913580
vn -0.98256102 0.16635079 -0.08307378
vn -0.98614207 0.14961063 -0.07169705
vn -0.99073716 0.08760457 0.10375608
vn -0.98916415 0.09278500 0.11377709
vn -0.98846675 0.09704471 0.11625751
vn -0.98920656 0.10109360 0.10606821
vn -0.96101057 0.12358717 0.24735580
vn -0.98551165 0.13125033 0.10742500
vn -0.96360896 0.26214756 0.05231093
vn -0.95326565 0.28276376 0.10643895
vn -0.96579905 0.23952547 0.09929623
vn -0.98464213 0.16042683 0.06887027
vn -0.92361961 0.38301063 0.01515495
vn -0.91384616 0.40109407 0.06331469
vn -0.97328999 0.22429642 0.04896643
vn -0.93121080 0.36044125 0.05411610
vn -0.91026213 0.41293971 -0.03006087
vn -0.91553606 0.40204042 -0.01253908
vn -0.93928983 0.34310746 -0.00344699
vn -0.83431084 0.54851446 -0.05529292
vn -0.82756613 0.56092964 -0.02218661
vn -0.89102854 0.45162296 -0.04587856
vn -0.85073160 0.52494107 -0.02631756
vn -0.89982421 0.43319387 -0.05157003
vn -0.76607479 0.64137474 -0.04204589
vn -0.79666430 0.60238268 -0.04960944
vn -0.83597499 0.54209621 -0.08530830
vn -0.77303719 0.63007320 -0.07362923
vn -0.70106209 0.70707182 -0.09252771
vn -0.92444334 0.38066821 -0.02227609
vn -0.89406607 0.44783301 -0.00956311
vn -0.91883855 0.39155299 -0.04921362
vn -0.89061121 0.45366455 -0.03162519
vn -0.91558590 0.39580615 -0.07099256
vn -0.88663806 0.45869114 -0.05895238
vn -0.91339471 0.39746532 -0.08792855
vn -0.88144533 0.46456159 -0.08506860
vn -0.91188796 0.39801377 -0.10022664
vn -0.87678688 0.46902125 -0.10613124
vn -0.91068191 0.39846609 -0.10901019
vn -0.87233322 0.47311646 -0.12327032
vn -0.90946553 0.39949629 -0.11521792
vn -0.86783107 0.47748698 -0.13738788
vn -0.90807309 0.40141389 -0.11945777
vn -0.86318548 0.48239315 -0.14902240
vn -0.90645190 0.40429159 -0.12203800
vn -0.85842808 0.48786685 -0.15838927
vn -0.90496156 0.40768225 -0.12181852
vn -0.85356104 0.49401890 -0.16546565
vn -0.90123548 0.41698598 -0.11788681
vn -0.84584380 0.50592407 -0.16908312
vn -0.89789069 0.42736776 -0.10558935
vn -0.83970106 0.51855095 -0.16126697
vn -0.89407529 0.43873015 -0.09025088
vn -0.83490611 0.53101796 -0.14474706
vn -0.89339457 0.44313018 -0.07403909
vn -0.83524449 0.53574223 -0.12388261
vn -0.89238233 0.44728759 -0.05989650
vn -0.83536487 0.53990122 -0.10330637
vn -0.86451279 0.26106018 0.42949415
vn -0.87445686 0.28825424 0.39017264
vn -0.89187997 0.26008882 0.37000532
vn -0.90706315 0.25731000 0.33320865
vn -0.89917608 0.21918607 0.37873453
vn -0.91675824 0.22066232 0.33296015
vn -0.90868576 0.18209902 0.37567292
vn -0.92640355 0.18454757 0.32820521
vn -0.88844125 0.17841235 0.42289619
vn -0.88004080 0.21510113 0.42339071
vn -0.86018791 0.24200853 0.44889713
vn -0.82647068 0.05448912 0.56033664
vn -0.79517825 0.05083882 0.60424082
vn -0.80747521 0.08627491 0.58355841
vn -0.88307292 0.06372383 0.46488868
vn -0.85698570 0.06122504 0.51169034
vn -0.86588955 0.09886562 0.49036810
vn -0.83804802 0.09292174 0.53762540
vn -0.85140789 0.13202325 0.50761645
vn -0.82315001 0.12522373 0.55384391
vn -0.84014239 0.16777557 0.51576362
vn -0.81201622 0.16105606 0.56097291
vn -0.83350046 0.20940376 0.51129937
vn -0.80296224 0.19830848 0.56207241
vn -0.73840381 0.66911446 -0.08393833
vn -0.77921037 0.61690167 -0.11074084
vn -0.77601075 0.61560085 -0.13726945
vn -0.77477059 0.61072835 -0.16352802
vn -0.77354934 0.60505672 -0.18848815
vn -0.77981103 0.59114099 -0.20602689
vn -0.78975754 0.57642221 -0.20981055
vn -0.80251661 0.56228790 -0.19949791
vn -0.81127813 0.55421154 -0.18621861
vn -0.81957243 0.54686304 -0.17100248
vn -0.82776073 0.53982729 -0.15296622
vn -0.83569811 0.53310429 -0.13194119
vn -0.84337369 0.52647949 -0.10742522
vn -0.85094579 0.51934965 -0.07853155
vn -0.85866542 0.51063580 -0.04409965
vn -0.86416044 0.50313283 -0.00917043
vn -0.87090891 0.49105307 0.01960983
vn -0.87507888 0.48189479 0.04488162
vn -0.87913743 0.47109436 0.07202417
vn -0.88293559 0.45852099 0.10091211
vn -0.88627287 0.44416595 0.13128977
vn -0.88893879 0.42809773 0.16285011
vn -0.89076421 0.41035192 0.19532133
vn -0.89155805 0.39116170 0.22829099
vn -0.89118620 0.37077546 0.26136701
vn -0.88958544 0.34938066 0.29422934
vn -0.88673330 0.32724200 0.32652216
vn -0.88266333 0.30458873 0.35795413
vn -0.85529827 0.21008368 0.47363458
vn -0.86560956 0.17359927 0.46966306
vn -0.87693914 0.13793717 0.46038146
vn -0.89097295 0.10399291 0.44198718
vn -0.90780608 0.06934045 0.41361822
vn -0.79218392 0.11766408 0.59883202
vn -0.77422206 0.07903787 0.62795957
vn -0.75916193 0.04333011 0.64945798
vn -0.78122715 0.15356548 0.60506345
vn -0.75853585 0.10946905 0.64237053
vn -0.73834920 0.07132657 0.67063625
vn -0.72121578 0.03561750 0.69179418
vn -0.65461039 0.01988724 0.75570479
vn -0.98929279 0.13441567 -0.05685246
vn -0.98077028 0.16922225 0.09722905
vn -0.97785873 0.19881943 0.06529272
vn -0.97236859 0.20678371 0.10835046
vn -0.96973110 0.23119449 0.07855383
vn -0.96387591 0.24285383 0.10938581
vn -0.97394789 0.22502748 0.02807374
vn -0.96731442 0.24662376 0.05898752
vn -0.95432074 0.26542598 0.13718957
vn -0.96831225 0.24606659 0.04269222
vn -0.95610213 0.26840204 0.11759704
vn -0.96738309 0.25192542 0.02652441
vn -0.95558494 0.27813514 0.09745902
vn -0.96652485 0.25633706 0.01100104
vn -0.95485552 0.28673278 0.07768680
vn -0.96575934 0.25941346 -0.00368072
vn -0.95393091 0.29427496 0.05846425
vn -0.96510210 0.26129899 -0.01734280
vn -0.95283530 0.30084459 0.03996764
vn -0.96455719 0.26217844 -0.02986449
vn -0.95158960 0.30655990 0.02232175
vn -0.96413806 0.26219633 -0.04112030
vn -0.95024002 0.31146689 0.00568103
vn -0.96386582 0.26145695 -0.05101906
vn -0.94885220 0.31556813 -0.00981064
vn -0.96456632 0.25676731 -0.06068247
vn -0.97749045 0.14333790 0.15481172
vn -0.97465209 0.17620694 0.13785652
vn -0.96527706 0.18326387 0.18615732
vn -0.96517077 0.21280334 0.15218449
vn -0.95613411 0.21706308 0.19670074
vn -0.95590196 0.24572379 0.16084546
vn -0.94751253 0.25407422 0.19407807
vn -0.93528607 0.27831741 0.21858499
vn -0.97823837 0.11138749 0.17505006
vn -0.96475124 0.15001345 0.21621982
vn -0.95459960 0.18525803 0.23327896
vn -0.94513337 0.21970876 0.24176636
vn -0.93532486 0.25413857 0.24613208
vn -0.90933483 0.28615990 0.30203092
vn -0.93825903 0.28511750 0.19590302
vn -0.91397838 0.29700817 0.27645917
vn -0.93864585 0.29898842 0.17190084
vn -0.91585657 0.31521783 0.24868548
vn -0.93849879 0.31198658 0.14793373
vn -0.91685862 0.33276118 0.22054538
vn -0.93782671 0.32412490 0.12419381
vn -0.91697706 0.34955283 0.19226515
vn -0.93665983 0.33539520 0.10088820
vn -0.91624215 0.36547035 0.16410895
vn -0.93503372 0.34583363 0.07817319
vn -0.91470617 0.38044076 0.13629913
vn -0.93302509 0.35538644 0.05625530
vn -0.91247535 0.39431109 0.10912147
vn -0.93074241 0.36396310 0.03534714
vn -0.90969820 0.40691634 0.08287506
vn -0.92827414 0.37156990 0.01558638
vn -0.90650226 0.41823185 0.05775608
vn -0.92575354 0.37811688 -0.00283085
vn -0.90306258 0.42815965 0.03401884
vn -0.89940805 0.43692428 0.01274115
vn -0.96374942 0.11082224 0.24270453
vn -0.95232024 0.15034155 0.26548745
vn -0.94167770 0.18564104 0.28067865
vn -0.93204403 0.22087200 0.28724464
vn -0.92385062 0.25967442 0.28119250
vn -0.93739306 0.14916949 0.31471051
vn -0.95006336 0.11199012 0.29126934
vn -0.93283996 0.11135067 0.34265236
vn -0.95121152 0.07228781 0.29995185
vn -0.92851957 0.07031631 0.36456416
vn -0.97406987 0.22000202 0.05279194
vn -0.97517174 0.21514968 0.05244697
vn -0.99303665 0.08469530 0.08188361
vn -0.99503685 0.09950179 -0.00102601
vn -0.99518223 0.09653757 0.01711217
vn -0.99196993 0.12026477 -0.03914127
vn -0.99388953 0.10852423 -0.02015201
vn -0.99499179 0.08417275 0.05390997
vn -0.97950182 0.20010285 -0.02313060
vn -0.98004228 0.19853008 -0.01014599
vn -0.97939688 0.20176058 0.00862668
vn -0.97817475 0.20563069 0.02983588
vn -0.97629496 0.21199136 0.04367847
vn -0.94072724 0.33908917 -0.00712709
vn -0.94221682 0.33468297 -0.01465486
vn -0.94344711 0.33049117 -0.02613702
vn -0.94626575 0.32083806 -0.04054702
vn -0.94788661 0.31336964 -0.05753650
vn -0.94913773 0.30713712 -0.06931341
vn -0.94850731 0.30715024 -0.07741199
vn -0.94742765 0.31911839 -0.02333037
vn -0.94485732 0.32534923 -0.03731655
vn -0.96378057 0.25664610 -0.07252445
vn -0.94388337 0.32632541 -0.05095012
vn -0.96501413 0.25012159 -0.07865697
vn -0.94336264 0.32506241 -0.06634280
vn -0.96701279 0.24189272 -0.07983839
vn -0.94303430 0.32327130 -0.07862553
vn -0.96950249 0.23288866 -0.07633999
vn -0.94361904 0.31976436 -0.08563795
vn -0.97212800 0.22398289 -0.06927351
vn -0.94475796 0.31560917 -0.08844912
vn -0.97456167 0.21599419 -0.05980023
vn -0.94605907 0.31175962 -0.08819399
vn -0.97658387 0.20949872 -0.04893091
vn -0.94721526 0.30888805 -0.08585702
vn -0.97812258 0.20460626 -0.03758319
vn -0.94805583 0.30732017 -0.08212463
vn -0.97283938 0.22689202 0.04586447
vn -0.93918949 0.34310054 0.01432230
vn -0.63712630 0.76718566 -0.07413669
vn -0.62869735 0.77548599 -0.05797512
vn -0.71631689 0.69704149 -0.03198871
vn -0.62869747 0.77548570 -0.05797777
vn -0.62851872 0.77675119 -0.04027165
vn -0.43984124 0.55969768 -0.70233766
vn -0.47984694 0.52627618 -0.70198312
vn -0.49207255 0.49970964 -0.71284983
vn -0.89541247 0.44514763 -0.00894945
vn -0.84091559 0.54109757 -0.00862518
vn -0.78212482 0.62292004 -0.01585530
vn -0.99051447 0.10802895 0.08491663
vn -0.99300569 0.10633500 0.05130846
vn -0.71257963 0.13243835 -0.68897776
vn -0.97437601 0.22236505 0.03384057
vn -0.69890611 0.14871848 -0.69958064
vn -0.67246071 0.25669137 -0.69419460
vn -0.67181418 0.22734046 -0.70496952
vn -0.94246026 0.33366056 0.02095949
vn -0.69273107 0.20663123 -0.69096107
vn -0.69978337 0.16614122 -0.69476639
vn -0.65821523 0.29358727 -0.69322379
vn -0.89827273 0.43920075 0.01444966
vn -0.63399715 0.31397243 -0.70673116
vn -0.84532531 0.53415257 0.01030287
vn -0.61272710 0.37745862 -0.69432737
vn -0.63374676 0.34998032 -0.68983970
vn -0.51973017 0.48771511 -0.70143746
vn -0.54923016 0.45791675 -0.69904111
vn -0.55834711 0.43342018 -0.70738636
vn -0.79855168 0.60190766 0.00473176
vn -0.58383034 0.42124071 -0.69404496
vn -0.58761485 0.39661973 -0.70526703
vn -0.99176824 0.10817463 0.06851287
vn -0.97365396 0.22468506 0.03891779
vn -0.94082648 0.33840677 0.01806656
vn -0.89568433 0.44465827 0.00534857
vn -0.25877527 0.65322357 -0.71157173
vn -0.22972443 0.65918673 -0.71603041
vn -0.19509288 0.67427989 -0.71223971
vn -0.18555519 0.66590984 -0.72258796
vn -0.16072950 0.67946622 -0.71588524
vn -0.35199350 0.61409108 -0.70639417
vn -0.31795018 0.61374234 -0.72265346
vn -0.29857070 0.64507552 -0.70337267
vn -0.28620891 0.63157170 -0.72055648
vn -0.38198454 0.58627320 -0.71440293
vn -0.35203129 0.59522935 -0.72234063
vn 0.37406945 0.58945372 -0.71597231
vn 0.34834669 0.59823780 -0.72164126
vn 0.19928243 0.67057816 -0.71457082
vn 0.40394043 0.56919160 -0.71613759
vn -0.12241653 0.68702069 -0.71625188
vn -0.09652705 0.68094300 -0.72594707
vn -0.07806660 0.69326816 -0.71643902
vn -0.05377864 0.68367125 -0.72780594
vn -0.02450503 0.70364232 -0.71013167
vn -0.01661469 0.68892537 -0.72464183
vn 0.34476014 0.61532613 -0.70888236
vn 0.30938376 0.62157363 -0.71967208
vn 0.31132816 0.63870442 -0.70365576
vn 0.27365633 0.63299236 -0.72417739
vn 0.25909405 0.65084594 -0.71363144
vn 0.21735412 0.65285771 -0.72562663
vn 0.24119311 0.65775138 -0.71357481
vn 0.00707218 0.69457278 -0.71938768
vn 0.04151628 0.70488660 -0.70810400
vn 0.04188131 0.68788333 -0.72461195
vn 0.07774503 0.69573169 -0.71408201
vn 0.08923613 0.68449267 -0.72353763
vn 0.11596274 0.68755752 -0.71681050
vn 0.15519669 0.68079428 -0.71584435
vn 0.17606524 0.66545353 -0.72537758
vn -0.48867286 0.54364169 0.68238739
vn -0.50676439 0.12475858 0.85300947
vn -0.45600974 0.01634782 0.88982463
vn -0.38429991 0.01798807 0.92303305
vn -0.31000124 0.01907592 0.95054476
vn -0.23378624 0.01967681 0.97208889
vn -0.15747748 0.02101974 0.98729885
vn -0.07906983 0.02276062 0.99660921
vn 0.00000578 0.02337841 0.99972669
vn 0.07902021 0.02309575 0.99660543
vn 0.23380162 0.02097938 0.97205796
vn 0.31002432 0.02054095 0.95050670
vn 0.38432923 0.01955179 0.92298904
vn 0.45612777 0.01779362 0.88973639
vn 0.50122415 0.18289257 0.84576868
vn 0.49761862 0.70114192 0.51066204
vn 0.50983463 0.82462539 0.24507473
vn 0.52266264 0.82417541 -0.21807949
vn 0.53688178 0.84060872 -0.07165848
vn 0.39430333 0.91744229 -0.05314627
vn 0.31729788 0.94653366 -0.05827599
vn 0.23922078 0.96890178 -0.06326738
vn -0.07900363 0.99443867 -0.06964314
vn -0.16091685 0.98465575 -0.06751901
vn -0.46030848 0.88629067 -0.05103870
vn -0.54124185 0.83766958 -0.07325930
vn -0.39467209 0.91699541 -0.05790814
vn -0.31774490 0.94622450 -0.06080609
vn -0.24103568 0.96822773 -0.06660981
vn -0.00191910 0.99734060 -0.07285630
vn 0.07848013 0.99423544 -0.07305307
vn 0.15896581 0.98488239 -0.06882264
vn 0.55015897 0.82476035 -0.13074967
vn 0.55793560 0.80943286 -0.18310193
vn 0.56316107 0.79434193 -0.22775098
vn 0.56289510 0.78390662 -0.26199146
vn 0.56027040 0.77609354 -0.28944067
vn 0.54993832 0.77524259 -0.31075193
vn 0.53826701 0.78419203 -0.30872558
vn 0.53219521 0.79271965 -0.29726051
vn 0.52724253 0.80258306 -0.27906227
vn 0.52451021 0.81335988 -0.25166395
vn 0.51942645 0.84523908 -0.12556698
vn 0.52054348 0.83575603 -0.17477511
vn 0.52430856 0.85003580 -0.05039516
vn 0.52140152 0.84868021 -0.08878268
vn 0.52084976 0.85351731 -0.01495776
vn 0.51801622 0.85490975 0.02808038
vn 0.51676487 0.85264335 0.07715823
vn 0.51571638 0.84706148 0.12854363
vn 0.51360157 0.83784601 0.18500674
vn 0.50658335 0.80442542 0.31027897
vn 0.50410489 0.77685770 0.37731999
vn 0.50184512 0.74165108 0.44509005
vn 0.49484090 0.65238957 0.57403862
vn 0.49377231 0.59723042 0.63206386
vn 0.49337585 0.54006835 0.68184049
vn 0.49067618 0.48384341 0.72466022
vn 0.49106400 0.42627243 0.75970255
vn 0.49170827 0.37146659 0.78755035
vn 0.49283388 0.31955431 0.80932058
vn 0.49520255 0.27224516 0.82501940
vn 0.49794862 0.22771679 0.83677490
vn 0.50681665 0.12640321 0.85273625
vn 0.51361331 0.07292572 0.85491707
vn 0.52172474 0.03795651 0.85226909
vn 0.52761061 0.01620876 0.84933169
vn 0.15734678 0.02189551 0.98730065
vn -0.52073445 0.03536038 0.85298609
vn -0.60176853 0.01650151 0.79850006
vn -0.51498438 0.07306664 0.85407983
vn -0.49856426 0.19033182 0.84569940
vn -0.49278022 0.26433522 0.82903229
vn -0.49180825 0.31966691 0.80989982
vn -0.48969836 0.37178129 0.78865340
vn -0.48868266 0.42723535 0.76069653
vn -0.48842708 0.48465530 0.72563643
vn -0.49206103 0.59812222 0.63255494
vn -0.49104299 0.65347710 0.57605942
vn -0.49158767 0.70393378 0.51265855
vn -0.49503977 0.74689078 0.44394796
vn -0.50055155 0.77882216 0.37800025
vn -0.50218902 0.80682243 0.31119729
vn -0.50379144 0.82797889 0.24626233
vn -0.50580928 0.84261624 0.18481028
vn -0.50817111 0.85173134 0.12773351
vn -0.51066278 0.85647988 0.07527104
vn -0.51272220 0.85810197 0.02787382
vn -0.51466052 0.85725520 -0.01542924
vn -0.51616861 0.85475525 -0.05443738
vn -0.51753272 0.85094869 -0.08970070
vn -0.51880897 0.84629481 -0.12092286
vn -0.52008121 0.84086950 -0.14984664
vn -0.52093168 0.83467450 -0.17874190
vn -0.52084730 0.82549791 -0.21741962
vn -0.52208780 0.81441085 -0.25329686
vn -0.52510844 0.80371763 -0.27981976
vn -0.52975091 0.79367205 -0.29907968
vn -0.53607112 0.78511785 -0.31018982
vn -0.54907997 0.77582247 -0.31082259
vn -0.56094274 0.77590767 -0.28863563
vn -0.56427235 0.78314055 -0.26131896
vn -0.56499329 0.79338069 -0.22656053
vn -0.56032759 0.80805569 -0.18187632
vn -0.55188817 0.82353690 -0.13117323
vn -0.46770358 0.87914686 -0.09140116
vn -0.47813164 0.86545307 -0.14960322
vn -0.48573766 0.84980306 -0.20467949
vn -0.49030831 0.83545405 -0.24822228
vn -0.49102623 0.82443043 -0.28143864
vn -0.48770074 0.81681598 -0.30815524
vn -0.08090984 0.98818658 -0.13015711
vn -0.16119745 0.97872733 -0.12691808
vn -0.08234398 0.97597664 -0.20171530
vn -0.16416864 0.96653755 -0.19711374
vn -0.08356607 0.96089571 -0.26400028
vn -0.16663263 0.95145660 -0.25877386
vn -0.08443447 0.94770732 -0.30776884
vn -0.16831500 0.93815273 -0.30255497
vn -0.08469832 0.93763748 -0.33713819
vn -0.16876086 0.92794959 -0.33230910
vn -0.08425243 0.93039056 -0.35675613
vn -0.16781604 0.92058203 -0.35265636
vn -0.16475979 0.91871757 -0.35890421
vn -0.24588760 0.90245475 -0.35371559
vn -0.23945601 0.90899077 -0.34116946
vn -0.31749344 0.88691633 -0.33552546
vn -0.23766409 0.91699101 -0.32037987
vn -0.31487196 0.89479799 -0.31653152
vn -0.23629450 0.92644446 -0.29302828
vn -0.31296446 0.90421161 -0.29061076
vn -0.23581969 0.93724164 -0.25684077
vn -0.31215788 0.91485803 -0.25610981
vn -0.23615491 0.94861971 -0.21059799
vn -0.31233100 0.92602961 -0.21193985
vn -0.23275120 0.95992699 -0.15609949
vn -0.39514101 0.91268481 -0.10425942
vn -0.40295283 0.90012600 -0.16553612
vn -0.40927716 0.88476395 -0.22290121
vn -0.41319305 0.87073406 -0.26663401
vn -0.41389749 0.85988779 -0.29880070
vn -0.41116744 0.85221349 -0.32353285
vn -0.47904278 0.81563855 -0.32442530
vn -0.07815019 0.05531749 0.99540571
vn 0.00006906 0.05580113 0.99844190
vn -0.07700371 0.10387532 0.99160493
vn 0.00010278 0.10458265 0.99451619
vn -0.07556182 0.16407995 0.98354877
vn 0.00011464 0.16495031 0.98630187
vn -0.07405294 0.23633180 0.96884645
vn 0.00010039 0.23727945 0.97144143
vn -0.07280415 0.30871750 0.94836336
vn 0.00005759 0.30965452 0.95084913
vn -0.07232095 0.36606605 0.92777440
vn 0.00001037 0.36700572 0.93021868
vn -0.07205794 0.41613614 0.90644270
vn -0.00003815 0.41701299 0.90890053
vn -0.07202326 0.46899439 0.88025957
vn -0.00009283 0.46980835 0.88276843
vn -0.07224152 0.52410205 0.84858600
vn -0.00015923 0.52484974 0.85119488
vn -0.07273128 0.58066755 0.81088554
vn -0.00022673 0.58137514 0.81363560
vn -0.07347929 0.63770870 0.76676490
vn -0.00029812 0.63841246 0.76969438
vn -0.07446210 0.69390733 0.71620389
vn -0.00036550 0.69467820 0.71932055
vn -0.07560389 0.74790176 0.65948996
vn -0.00043194 0.74881155 0.66278283
vn -0.07682923 0.79823289 0.59742909
vn -0.00048663 0.79936488 0.60084570
vn -0.07802903 0.84368252 0.53114149
vn -0.00052354 0.84509945 0.53460887
vn -0.07911732 0.88330893 0.46206686
vn -0.00054273 0.88504821 0.46549905
vn -0.08003023 0.91656286 0.39180057
vn -0.00054557 0.91863382 0.39510961
vn -0.08072620 0.94332873 0.32189158
vn -0.00053540 0.94571347 0.32500115
vn -0.08120129 0.96383983 0.25380926
vn -0.00051594 0.96650231 0.25665739
vn -0.08145670 0.97866396 0.18863103
vn -0.00048867 0.98155587 0.19117489
vn -0.08152123 0.98851813 0.12722498
vn -0.00045696 0.99158663 0.12944400
vn -0.08142971 0.99421557 0.07003286
vn -0.00042398 0.99740952 0.07193106
vn -0.08123390 0.99654431 0.01733448
vn -0.00039235 0.99982082 0.01892565
vn -0.08097627 0.99623955 -0.03081573
vn -0.00036226 0.99956428 -0.02951484
vn -0.08011275 0.99324824 -0.08390404
vn -0.00035312 0.99656362 -0.08283009
vn -0.08023172 0.98575390 -0.14782460
vn -0.00033573 0.98909295 -0.14729233
vn -0.07975721 0.97468235 -0.20888538
vn -0.00028723 0.97797638 -0.20871538
vn -0.07954369 0.96299776 -0.25750361
vn -0.00024974 0.96624568 -0.25762225
vn -0.07963702 0.95198097 -0.29561830
vn -0.00021843 0.95519686 -0.29597114
vn -0.08006001 0.94245448 -0.32460738
vn -0.00019289 0.94565843 -0.32516166
vn -0.08047873 0.93413632 -0.34772477
vn -0.00009973 0.93722671 -0.34872064
vn -0.00001371 0.93181786 -0.36292627
vn -0.15563197 0.05398522 0.98633883
vn -0.15343865 0.10183534 0.98289681
vn -0.15064879 0.16149107 0.97530794
vn -0.14768897 0.23343640 0.96109074
vn -0.14520433 0.30578767 0.94096206
vn -0.14421898 0.36317886 0.92049009
vn -0.14364958 0.41341466 0.89914021
vn -0.14351988 0.46646895 0.87281657
vn -0.14387828 0.52176725 0.84086740
vn -0.14475363 0.57846246 0.80276246
vn -0.14612450 0.63551681 0.75813324
vn -0.14793892 0.69154858 0.70701813
vn -0.15006381 0.74515666 0.64978643
vn -0.15235835 0.79487320 0.58733595
vn -0.15462497 0.83951269 0.52087385
vn -0.15669788 0.87821218 0.45187293
vn -0.15845574 0.91050148 0.38194088
vn -0.15981583 0.93634461 0.31259826
vn -0.16076616 0.95603208 0.24526906
vn -0.16130855 0.97016880 0.18097529
vn -0.16149532 0.97948685 0.12051878
vn -0.16138388 0.98479602 0.06428098
vn -0.16107105 0.98686365 0.01249972
vn -0.16063632 0.98640049 -0.03478581
vn -0.15899490 0.98343910 -0.08699522
vn -0.15932248 0.97582663 -0.14959524
vn -0.15850379 0.96486807 -0.20953794
vn -0.15817130 0.95330794 -0.25726605
vn -0.15841966 0.94237938 -0.29465966
vn -0.15930051 0.93288355 -0.32303504
vn -0.16036553 0.92472717 -0.34519931
vn -0.08268850 0.92852657 -0.36194063
vn 0.00000517 0.93366704 -0.35814224
vn -0.23226837 0.05183836 0.97126937
vn -0.22911697 0.09851009 0.96840135
vn -0.22510637 0.15723209 0.96156393
vn -0.22083358 0.22862546 0.94813656
vn -0.21722432 0.30087027 0.92859608
vn -0.21576788 0.35835064 0.90831109
vn -0.21492087 0.40883393 0.88694072
vn -0.21468418 0.46220008 0.86039630
vn -0.21513526 0.51779943 0.82801001
vn -0.21631274 0.57470176 0.78925704
vn -0.21818452 0.63177448 0.74381216
vn -0.22067143 0.68753094 0.69181307
vn -0.22358949 0.74051071 0.63375992
vn -0.22674162 0.78923670 0.57069577
vn -0.22987108 0.83257318 0.50396547
vn -0.23275067 0.86977721 0.43510312
vn -0.23521076 0.90050916 0.36573098
vn -0.23714170 0.92485616 0.29732962
vn -0.23851941 0.94320489 0.23124235
vn -0.23934808 0.95621858 0.16839992
vn -0.23969537 0.96465279 0.10950403
vn -0.23962697 0.96931534 0.05483322
vn -0.23927882 0.97094020 0.00455757
vn -0.23876310 0.97019913 -0.04130165
vn -0.23497178 0.96783298 -0.08993097
vn 0.00006484 0.94085754 -0.33880243
vn 0.00014491 0.95087930 -0.30956186
vn 0.00020611 0.96403557 -0.26577317
vn 0.00022417 0.97912850 -0.20324204
vn 0.00017005 0.99136338 -0.13114352
vn -0.30789634 0.04893333 0.95016071
vn -0.30393978 0.09395226 0.94804725
vn -0.29886982 0.15135641 0.94221445
vn -0.29346122 0.22193577 0.92985215
vn -0.28888656 0.29396846 0.91111311
vn -0.28702727 0.35154755 0.89108342
vn -0.28591841 0.40234682 0.86969402
vn -0.28555877 0.45609925 0.84286990
vn -0.28603339 0.51208513 0.80990970
vn -0.28738521 0.56925070 0.77030084
vn -0.28956724 0.62632872 0.72378391
vn -0.29247995 0.68169925 0.67062777
vn -0.29590732 0.73381886 0.61151348
vn -0.29961911 0.78120168 0.54767903
vn -0.30331800 0.82278787 0.48064365
vn -0.30674621 0.85798444 0.41203091
vn -0.30970458 0.88662620 0.34347787
vn -0.31206362 0.90896581 0.27640089
vn -0.31380187 0.92550906 0.21204097
vn -0.31491343 0.93699953 0.15119991
vn -0.31547266 0.94422261 0.09444924
vn -0.31554083 0.94798499 0.04193382
vn -0.31526808 0.94898190 -0.00627614
vn -0.31479980 0.94783104 -0.05017367
vn -0.31422562 0.94508294 -0.08989153
vn -0.31104030 0.94224214 -0.12423237
vn -0.31174303 0.93550370 -0.16628022
vn -0.38175783 0.04535130 0.92314908
vn -0.37717382 0.08827350 0.92192608
vn -0.37128406 0.14396633 0.91729049
vn -0.36498635 0.21344682 0.90621489
vn -0.35963470 0.28514219 0.88845755
vn -0.35745010 0.34279637 0.86874626
vn -0.35611533 0.39393212 0.84734843
vn -0.35561401 0.44812261 0.82019803
vn -0.35603331 0.50454586 0.78655817
vn -0.35740329 0.56199764 0.74593669
vn -0.35965965 0.61905494 0.69815179
vn -0.36269763 0.67392589 0.64364145
vn -0.36627226 0.72498576 0.58330119
vn -0.37017192 0.77072257 0.51861302
vn -0.37408667 0.81017442 0.45130540
vn -0.37775539 0.84293253 0.38310001
vn -0.38097880 0.86903370 0.31565103
vn -0.38361481 0.88892996 0.25028626
vn -0.38564480 0.90326625 0.18811745
vn -0.38704872 0.91287799 0.12979626
vn -0.38789309 0.91858782 0.07573218
vn -0.38821871 0.92120282 0.02591518
vn -0.38816938 0.92137739 -0.01970381
vn -0.38790612 0.91966857 -0.06114380
vn -0.38753420 0.91657221 -0.09855269
vn -0.38706747 0.91250074 -0.13236757
vn -0.38450715 0.90735836 -0.16986777
vn -0.38632085 0.89733522 -0.21341441
vn -0.38651017 0.88634907 -0.25494160
vn -0.38776753 0.87584430 -0.28728574
vn -0.39026114 0.86645250 -0.31137809
vn -0.39378863 0.85862292 -0.32817250
vn -0.32580098 0.87973935 -0.34628370
vn -0.25043059 0.90427724 -0.34578488
vn -0.25192445 0.91178722 -0.32431179
vn -0.25133508 0.92218882 -0.29393616
vn -0.24886052 0.93568284 -0.25013209
vn -0.24512348 0.95079407 -0.18948647
vn -0.24056463 0.96300260 -0.12146877
vn -0.45315216 0.04120663 0.89048028
vn -0.44814811 0.08161739 0.89022574
vn -0.44169972 0.13522158 0.88691402
vn -0.43479648 0.20330037 0.87728044
vn -0.42892678 0.27446927 0.86063258
vn -0.42651018 0.33213944 0.84129213
vn -0.42498689 0.38360587 0.81989797
vn -0.42432660 0.43824120 0.79239610
vn -0.42459659 0.49511057 0.75801271
vn -0.42580575 0.55283852 0.71628140
vn -0.42786192 0.60983272 0.66711186
vn -0.43067352 0.66410045 0.61113903
vn -0.43400138 0.71391888 0.54951126
vn -0.43766393 0.75777142 0.48397599
vn -0.44139585 0.79479331 0.41650125
vn -0.44497224 0.82477980 0.34890972
vn -0.44821265 0.84799297 0.28286629
vn -0.45097591 0.86510091 0.21959313
vn -0.45324228 0.87690056 0.16005265
vn -0.45496797 0.88432831 0.10472627
vn -0.45619469 0.88824982 0.05383921
vn -0.45691648 0.88948041 0.00720666
vn -0.45726006 0.88863038 -0.03534523
vn -0.45738792 0.88619356 -0.07387330
vn -0.45740765 0.88260785 -0.10854317
vn -0.45730880 0.87824579 -0.13983202
vn -0.45488585 0.87324754 -0.17469286
vn -0.45750287 0.86286978 -0.21481824
vn -0.45826628 0.85199951 -0.25315776
vn -0.46009640 0.84159541 -0.28289304
vn -0.46321472 0.83219287 -0.30477393
vn -0.46768627 0.82432655 -0.31899105
vn -0.40375433 0.85071867 -0.33654152
vn -0.33181872 0.88144539 -0.33608087
vn -0.33391903 0.88907282 -0.31312553
vn -0.33324963 0.89970046 -0.28192867
vn -0.33003235 0.91344107 -0.23812612
vn -0.32500724 0.92863477 -0.17890710
vn -0.31883002 0.94094659 -0.11387244
vn 0.23237969 0.05213212 0.97122702
vn 0.30799653 0.04932158 0.95010816
vn 0.22929487 0.09867638 0.96834231
vn 0.30409578 0.09417784 0.94797484
vn 0.22530745 0.15724011 0.96151552
vn 0.15575750 0.05418063 0.98630830
vn 0.15362658 0.10194817 0.98285576
vn 0.15085986 0.16149498 0.97527467
vn 0.14503599 0.23065926 0.96216468
vn 0.38184079 0.04583113 0.92309107
vn 0.45321822 0.04177401 0.89042023
vn 0.37730517 0.08855403 0.92184543
vn 0.44825539 0.08194897 0.89014126
vn 0.37143131 0.14398574 0.91722783
vn 0.44181416 0.13524739 0.88685308
vn 0.36517781 0.20247682 0.90865192
vn 0.43495576 0.19234376 0.87966889
vn 0.36218017 0.25124356 0.89760916
vn 0.43169422 0.24053946 0.86935659
vn 0.35954539 0.29496990 0.88527954
vn 0.42880996 0.28413584 0.85754816
vn 0.35745191 0.34243445 0.86888824
vn 0.42650604 0.33171666 0.84146102
vn 0.35605603 0.39349181 0.84757790
vn 0.42493837 0.38308393 0.82016711
vn 0.35548300 0.44763522 0.82052090
vn 0.42422385 0.43765987 0.79277233
vn 0.35582242 0.50406522 0.78696166
vn 0.42443604 0.49453586 0.75847764
vn 0.35711213 0.56156345 0.74640299
vn 0.42558624 0.55231505 0.71681548
vn 0.35928476 0.61868116 0.69867595
vn 0.42758864 0.60937081 0.66770890
vn 0.36222945 0.67366273 0.64418037
vn 0.43032611 0.66376285 0.61175021
vn 0.36571145 0.72485096 0.58382037
vn 0.43357039 0.71372938 0.55009735
vn 0.36950127 0.77076966 0.51902115
vn 0.43712257 0.75778768 0.48443957
vn 0.37331059 0.81039799 0.45154657
vn 0.44074036 0.79501281 0.41677640
vn 0.37689265 0.84329488 0.38315228
vn 0.44420612 0.82516571 0.34897346
vn 0.38005764 0.86947354 0.31555024
vn 0.44736460 0.84847555 0.28276165
vn 0.38265869 0.88940247 0.25007116
vn 0.45007263 0.86562941 0.21936349
vn 0.38466632 0.90375162 0.18778933
vn 0.45229332 0.87745455 0.15970058
vn 0.38607244 0.91334922 0.12938811
vn 0.45400383 0.88487583 0.10428464
vn 0.38693752 0.91902873 0.07526984
vn 0.45523765 0.88877088 0.05333858
vn 0.38730652 0.92159973 0.02544805
vn 0.45600030 0.88995438 0.00670278
vn 0.38730590 0.92173066 -0.02016731
vn 0.45638698 0.88905892 -0.03584901
vn 0.38709213 0.91998084 -0.06160301
vn 0.45656159 0.88657788 -0.07437191
vn 0.38448597 0.91697701 -0.10641289
vn 0.45420988 0.88334530 -0.11573450
vn 0.38603703 0.90813045 -0.16209411
vn 0.45653874 0.87378511 -0.16754691
vn 0.38553889 0.89749460 -0.21415697
vn 0.45666978 0.86310132 -0.21565905
vn 0.38585315 0.88645671 -0.25556182
vn 0.45756978 0.85216435 -0.25386180
vn 0.38721641 0.87592027 -0.28779703
vn 0.45951989 0.84171510 -0.28347340
vn 0.38978205 0.86650304 -0.31183719
vn 0.46271644 0.83227838 -0.30529691
vn 0.39282916 0.85833211 -0.33007762
vn 0.46648871 0.82413857 -0.32122252
vn 0.40372844 0.85073128 -0.33654069
vn 0.47901849 0.81565309 -0.32442461
vn 0.41100821 0.85207370 -0.32410287
vn 0.48746712 0.81667970 -0.30888521
vn 0.41382814 0.85966323 -0.29954198
vn 0.49089391 0.82421091 -0.28231108
vn 0.41329340 0.87047360 -0.26732804
vn 0.49034617 0.83518865 -0.24903925
vn 0.40958809 0.88453895 -0.22322286
vn 0.48601122 0.84955558 -0.20505707
vn 0.40339910 0.89996844 -0.16530569
vn 0.47856593 0.86525987 -0.14933185
vn 0.39555620 0.91266937 -0.10281007
vn 0.46913842 0.87841455 -0.09108803
vn 0.46194365 0.88551392 -0.04973085
vn 0.31922568 0.94095335 -0.11270207
vn 0.24094083 0.96301952 -0.12058571
vn 0.32545636 0.92851325 -0.17872130
vn 0.24557499 0.95070535 -0.18934695
vn 0.33037654 0.91324809 -0.23838892
vn 0.24923563 0.93552958 -0.25033180
vn 0.33340826 0.89946520 -0.28249120
vn 0.25154904 0.92199481 -0.29436144
vn 0.33391243 0.88886360 -0.31372596
vn 0.25197827 0.91161097 -0.32476512
vn 0.33171889 0.88131820 -0.33651271
vn 0.25038185 0.90417279 -0.34609319
vn 0.32577060 0.87975095 -0.34628281
vn 0.24585915 0.90246283 -0.35371475
vn 0.31676964 0.88658677 -0.33707699
vn 0.23894519 0.90868291 -0.34234568
vn 0.31441371 0.89482313 -0.31691574
vn 0.23723259 0.91699882 -0.32067719
vn 0.31244260 0.90425414 -0.29103964
vn 0.23580615 0.92646379 -0.29336038
vn 0.31154363 0.91492183 -0.25662931
vn 0.23525247 0.93727378 -0.25724334
vn 0.31160669 0.92613064 -0.21256365
vn 0.23549178 0.94867682 -0.21108270
vn 0.31243628 0.93684163 -0.15719835
vn 0.23637813 0.95952298 -0.15310465
vn 0.31146769 0.94515860 -0.09830109
vn 0.23581453 0.96746294 -0.09168954
vn 0.31400406 0.94807374 -0.05057313
vn 0.23799404 0.97037444 -0.04162069
vn 0.31442240 0.94925968 -0.00667865
vn 0.23845584 0.97114411 0.00423369
vn 0.31464277 0.94830137 0.04152640
vn 0.23874916 0.96955021 0.05450901
vn 0.31452291 0.94457952 0.09404717
vn 0.23876002 0.96492105 0.10918339
vn 0.31393094 0.93738643 0.15084441
vn 0.23836759 0.95651359 0.16811498
vn 0.31280209 0.92591296 0.21175469
vn 0.23750644 0.94351614 0.23101512
vn 0.31106684 0.90936450 0.27621301
vn 0.23611388 0.92516756 0.29717878
vn 0.30872504 0.88700157 0.34339054
vn 0.23418709 0.90080389 0.36566207
vn 0.30580379 0.85830012 0.41207397
vn 0.23175004 0.87002700 0.43513783
vn 0.30244370 0.82299296 0.48084342
vn 0.22892023 0.83273896 0.50412435
vn 0.29883519 0.78126071 0.54802303
vn 0.22587404 0.78928862 0.57096795
vn 0.29522955 0.73372847 0.61194938
vn 0.22283140 0.74045119 0.63409637
vn 0.29191461 0.68149762 0.67107887
vn 0.22002927 0.68738584 0.69216170
vn 0.28911005 0.62603516 0.72422052
vn 0.21766489 0.63155799 0.74414817
vn 0.28703314 0.56890418 0.77068801
vn 0.21591538 0.57444657 0.78955157
vn 0.28578498 0.51169903 0.81024135
vn 0.21485673 0.51750743 0.82826484
vn 0.28540433 0.45570476 0.84313554
vn 0.21451385 0.46189634 0.86060187
vn 0.28584905 0.40199029 0.86988168
vn 0.21485127 0.40856730 0.88708043
vn 0.28703091 0.35125615 0.89119716
vn 0.21577982 0.35812861 0.90839582
vn 0.28882518 0.30394764 0.90785233
vn 0.21720239 0.31097911 0.92526489
vn 0.29108839 0.26016560 0.92064185
vn 0.21438943 0.26766426 0.93935777
vn 0.29368179 0.21098401 0.93232867
vn 0.22127796 0.21750148 0.95064671
vn 0.29905427 0.15136919 0.94215387
vn 0.07828395 0.05541668 0.99538968
vn 0.07720293 0.10393192 0.99158351
vn 0.07578762 0.16408076 0.98353126
vn 0.07424930 0.23625876 0.96884923
vn 0.07291337 0.30857733 0.94840059
vn 0.14260371 0.30818971 0.94057604
vn 0.07233675 0.36599079 0.92780285
vn 0.14422740 0.36303088 0.92054714
vn 0.07198275 0.41604449 0.90649074
vn 0.14357769 0.41323429 0.89923460
vn 0.07183331 0.46889484 0.88032813
vn 0.14333723 0.46626743 0.87295425
vn 0.07192246 0.52400261 0.84867451
vn 0.14357291 0.52157153 0.84104099
vn 0.07228124 0.58058311 0.81098623
vn 0.14432210 0.57829428 0.80296130
vn 0.07289623 0.63763701 0.76688016
vn 0.14556444 0.63537457 0.75836017
vn 0.07374077 0.69386101 0.71632339
vn 0.14724543 0.69145200 0.70725732
vn 0.07475127 0.74788279 0.65960865
vn 0.14924957 0.74511804 0.65001821
vn 0.07586566 0.79825666 0.59752047
vn 0.15143246 0.79491424 0.58751984
vn 0.07699004 0.84374272 0.53119747
vn 0.15361643 0.83962903 0.52098473
vn 0.07804030 0.88339625 0.46208309
vn 0.15564910 0.87838484 0.45189979
vn 0.07894843 0.91666650 0.39177758
vn 0.15739604 0.91070540 0.38189287
vn 0.07966313 0.94343731 0.32183821
vn 0.15876767 0.93655810 0.31249279
vn 0.08017388 0.96394742 0.25372725
vn 0.15974442 0.95624398 0.24511051
vn 0.08048029 0.97876440 0.18852895
vn 0.16033068 0.97036781 0.18077719
vn 0.08060559 0.98860799 0.12711013
vn 0.16057355 0.97966580 0.12029568
vn 0.08057850 0.99429319 0.06991531
vn 0.16052201 0.98495164 0.06405424
vn 0.08044582 0.99661025 0.01721854
vn 0.16026871 0.98699712 0.01227279
vn 0.08024855 0.99629491 -0.03092931
vn 0.15989369 0.98651329 -0.03500763
vn 0.07941158 0.99331230 -0.08381220
vn 0.15830265 0.98356776 -0.08680286
vn 0.07954932 0.98577832 -0.14803041
vn 0.15860422 0.97588157 -0.14999951
vn 0.07917504 0.97469371 -0.20905379
vn 0.15789128 0.96489642 -0.20986959
vn 0.07904168 0.96300168 -0.25764352
vn 0.15764579 0.95332063 -0.25754140
vn 0.07919784 0.95198158 -0.29573430
vn 0.15796267 0.94238515 -0.29488647
vn 0.07967067 0.94245176 -0.32471105
vn 0.15889499 0.93288264 -0.32323732
vn 0.08024064 0.93400808 -0.34812403
vn 0.16001913 0.92449132 -0.34599086
vn 0.08265773 0.92852965 -0.36193976
vn 0.16472973 0.91872329 -0.35890338
vn 0.08425588 0.93035388 -0.35685097
vn 0.16780051 0.92050928 -0.35285358
vn 0.08482280 0.93757140 -0.33729061
vn 0.16885960 0.92782283 -0.33261275
vn 0.08471391 0.94763554 -0.30791303
vn 0.16856942 0.93801491 -0.30284051
vn 0.08397420 0.96084157 -0.26406781
vn 0.16702777 0.95135069 -0.25890846
vn 0.08279481 0.97594821 -0.20166832
vn 0.16462126 0.96647944 -0.19702113
vn 0.08125667 0.98819706 -0.12986114
vn 0.16155615 0.97874453 -0.12632798
f 1//1 2//2 3//3
f 1//1 3//3 4//4
f 4//4 3//3 5//5
f 4//4 5//5 6//6
f 7//7 8//8 9//9
f 7//7 9//9 10//10
f 10//10 9//9 11//11
f 10//10 11//11 12//12
f 5//5 13//13 6//6
f 6//6 13//13 14//14
f 13//13 5//5 3//3
f 13//13 3//3 15//15
f 15//15 3//3 2//2
f 15//15 2//2 16//16
f 1//1 17//17 2//2
f 2//2 17//17 16//16
f 17//17 1//1 4//4
f 17//17 4//4 18//18
f 18//18 4//4 6//6
f 18//18 6//6 14//14
f 19//19 8//8 20//20
f 20//20 8//8 7//7
f 12//12 21//21 22//22
f 12//12 22//22 10//10
f 10//10 22//22 20//20
f 10//10 20//20 7//7
f 21//21 12//12 23//23
f 23//23 12//12 11//11
f 8//8 19//19 24//24
f 8//8 24//24 9//9
f 9//9 24//24 23//23
f 9//9 23//23 11//11
f 25//25 26//26 27//27
f 27//27 26//26 28//28
f 27//27 28//28 29//29
f 30//30 31//31 32//32
f 32//32 33//33 30//30
f 30//30 33//33 34//34
f 30//30 34//34 35//35
f 35//35 36//36 30//30
f 30//30 36//36 37//37
f 30//30 37//37 38//38
f 31//31 30//30 27//27
f 27//27 30//30 39//39
f 27//27 39//39 40//40
f 40//40 41//41 27//27
f 27//27 41//41 42//42
f 27//27 42//42 43//43
f 29//29 44//44 27//27
f 27//27 44//44 45//45
f 27//27 45//45 46//46
f 46//46 47//47 27//27
f 27//27 47//47 48//48
f 27//27 48//48 49//49
f 50//50 51//51 52//52
f 52//52 51//51 53//53
f 51//51 54//54 53//53
f 53//53 54//54 55//55
f 53//53 55//55 56//56
f 43//43 57//57 27//27
f 27//27 57//57 58//58
f 27//27 58//58 25//25
f 38//38 59//59 30//30
f 30//30 59//59 53//53
f 30//30 53//53 60//60
f 60//60 53//53 56//56
f 61//61 62//62 63//63
f 64//64 65//65 66//66
f 67//67 61//61 65//65
f 65//65 61//61 63//63
f 65//65 63//63 66//66
f 66//66 63//63 68//68
f 66//66 68//68 69//69
f 70//70 71//71 72//72
f 72//72 71//71 73//73
f 72//72 73//73 74//74
f 74//74 73//73 75//75
f 74//74 75//75 76//76
f 76//76 75//75 64//64
f 76//76 64//64 77//77
f 77//77 64//64 66//66
f 78//78 79//79 80//80
f 80//80 79//79 81//81
f 80//80 81//81 82//82
f 82//82 81//81 83//83
f 82//82 83//83 75//75
f 75//75 83//83 84//84
f 75//75 84//84 64//64
f 80//80 85//85 78//78
f 78//78 85//85 86//86
f 78//78 86//86 87//87
f 87//87 86//86 88//88
f 89//89 90//90 91//91
f 91//91 90//90 92//92
f 91//91 92//92 71//71
f 71//71 92//92 93//93
f 71//71 93//93 73//73
f 94//94 95//95 96//96
f 97//97 98//98 99//99
f 99//99 98//98 100//100
f 99//99 100//100 95//95
f 95//95 100//100 101//101
f 95//95 101//101 96//96
f 102//102 103//103 104//104
f 104//104 103//103 105//105
f 104//104 105//105 97//97
f 97//97 105//105 106//106
f 97//97 106//106 98//98
f 107//107 108//108 109//109
f 109//109 108//108 110//110
f 109//109 110//110 111//111
f 111//111 110//110 112//112
f 111//111 112//112 102//102
f 102//102 112//112 113//113
f 102//102 113//113 103//103
f 107//107 109//109 114//114
f 114//114 109//109 115//115
f 114//114 115//115 116//116
f 116//116 115//115 117//117
f 116//116 117//117 118//118
f 118//118 117//117 119//119
f 119//119 117//117 120//120
f 119//119 120//120 121//121
f 120//120 122//122 121//121
f 121//121 122//122 123//123
f 121//121 123//123 124//124
f 125//125 126//126 127//127
f 127//127 126//126 124//124
f 127//127 124//124 128//128
f 128//128 124//124 123//123
f 129//129 130//130 131//131
f 131//131 130//130 132//132
f 132//132 133//133 131//131
f 131//131 133//133 134//134
f 131//131 134//134 135//135
f 136//136 137//137 138//138
f 138//138 137//137 135//135
f 138//138 135//135 139//139
f 139//139 135//135 134//134
f 96//96 140//140 94//94
f 94//94 140//140 141//141
f 94//94 141//141 142//142
f 142//142 141//141 143//143
f 142//142 143//143 144//144
f 144//144 143//143 145//145
f 144//144 145//145 146//146
f 146//146 145//145 147//147
f 136//136 148//148 137//137
f 137//137 148//148 149//149
f 137//137 149//149 145//145
f 145//145 149//149 150//150
f 145//145 150//150 147//147
f 151//151 152//152 153//153
f 153//153 154//154 151//151
f 151//151 154//154 155//155
f 151//151 155//155 156//156
f 156//156 155//155 157//157
f 156//156 157//157 158//158
f 158//158 157//157 159//159
f 158//158 159//159 160//160
f 160//160 159//159 161//161
f 160//160 161//161 162//162
f 162//162 161//161 163//163
f 164//164 165//165 166//166
f 166//166 165//165 167//167
f 166//166 167//167 163//163
f 163//163 167//167 168//168
f 163//163 168//168 162//162
f 169//169 170//170 164//164
f 164//164 170//170 171//171
f 164//164 171//171 165//165
f 172//172 173//173 169//169
f 169//169 173//173 174//174
f 169//169 174//174 170//170
f 172//172 169//169 175//175
f 175//175 169//169 176//176
f 175//175 176//176 177//177
f 177//177 176//176 178//178
f 177//177 178//178 179//179
f 179//179 178//178 180//180
f 179//179 180//180 181//181
f 181//181 180//180 182//182
f 181//181 182//182 183//183
f 183//183 182//182 184//184
f 183//183 184//184 185//185
f 185//185 184//184 186//186
f 185//185 186//186 187//187
f 129//129 131//131 188//188
f 188//188 131//131 189//189
f 188//188 189//189 186//186
f 186//186 189//189 190//190
f 186//186 190//190 187//187
f 191//191 192//192 193//193
f 193//193 192//192 194//194
f 195//195 196//196 197//197
f 197//197 196//196 198//198
f 199//199 200//200 201//201
f 201//201 200//200 202//202
f 201//201 202//202 198//198
f 198//198 202//202 203//203
f 198//198 203//203 197//197
f 204//204 205//205 192//192
f 192//192 205//205 206//206
f 192//192 206//206 194//194
f 204//204 207//207 205//205
f 205//205 207//207 208//208
f 205//205 208//208 197//197
f 197//197 208//208 209//209
f 197//197 209//209 195//195
f 210//210 211//211 200//200
f 200//200 211//211 212//212
f 200//200 212//212 202//202
f 213//213 214//214 215//215
f 215//215 214//214 216//216
f 217//217 215//215 218//218
f 218//218 215//215 216//216
f 218//218 216//216 195//195
f 195//195 216//216 219//219
f 195//195 219//219 196//196
f 220//220 221//221 222//222
f 222//222 221//221 223//223
f 222//222 223//223 224//224
f 224//224 223//223 225//225
f 224//224 225//225 226//226
f 226//226 225//225 227//227
f 226//226 227//227 228//228
f 229//229 230//230 231//231
f 231//231 230//230 232//232
f 231//231 232//232 233//233
f 233//233 232//232 234//234
f 233//233 234//234 225//225
f 225//225 234//234 235//235
f 225//225 235//235 227//227
f 236//236 237//237 238//238
f 238//238 237//237 239//239
f 240//240 241//241 242//242
f 228//228 227//227 237//237
f 237//237 227//227 240//240
f 237//237 240//240 239//239
f 239//239 240//240 242//242
f 239//239 242//242 243//243
f 231//231 244//244 229//229
f 229//229 244//244 245//245
f 229//229 245//245 246//246
f 246//246 245//245 247//247
f 248//248 249//249 250//250
f 250//250 249//249 251//251
f 250//250 251//251 221//221
f 221//221 251//251 252//252
f 221//221 252//252 223//223
f 253//253 254//254 255//255
f 255//255 254//254 256//256
f 256//256 254//254 257//257
f 256//256 257//257 258//258
f 259//259 260//260 261//261
f 261//261 262//262 259//259
f 259//259 262//262 263//263
f 259//259 263//263 264//264
f 264//264 263//263 265//265
f 264//264 265//265 266//266
f 266//266 265//265 267//267
f 266//266 267//267 268//268
f 268//268 267//267 269//269
f 268//268 269//269 270//270
f 270//270 269//269 271//271
f 270//270 271//271 272//272
f 272//272 271//271 273//273
f 272//272 273//273 255//255
f 255//255 273//273 274//274
f 255//255 274//274 253//253
f 260//260 259//259 275//275
f 275//275 259//259 276//276
f 275//275 276//276 277//277
f 277//277 276//276 278//278
f 277//277 278//278 279//279
f 279//279 278//278 280//280
f 280//280 278//278 281//281
f 280//280 281//281 282//282
f 281//281 283//283 282//282
f 282//282 283//283 284//284
f 282//282 284//284 285//285
f 286//286 287//287 288//288
f 288//288 287//287 285//285
f 288//288 285//285 289//289
f 289//289 285//285 284//284
f 290//290 291//291 292//292
f 292//292 291//291 293//293
f 292//292 293//293 294//294
f 295//295 296//296 297//297
f 297//297 296//296 294//294
f 297//297 294//294 298//298
f 298//298 294//294 293//293
f 257//257 299//299 258//258
f 258//258 299//299 300//300
f 258//258 300//300 301//301
f 301//301 300//300 302//302
f 301//301 302//302 303//303
f 303//303 302//302 304//304
f 295//295 305//305 296//296
f 296//296 305//305 306//306
f 296//296 306//306 302//302
f 302//302 306//306 307//307
f 302//302 307//307 304//304
f 308//308 309//309 310//310
f 311//311 312//312 313//313
f 310//310 314//314 308//308
f 308//308 314//314 315//315
f 308//308 315//315 316//316
f 316//316 315//315 317//317
f 316//316 317//317 318//318
f 318//318 317//317 319//319
f 318//318 319//319 320//320
f 320//320 319//319 321//321
f 320//320 321//321 322//322
f 322//322 321//321 311//311
f 322//322 311//311 323//323
f 323//323 311//311 313//313
f 324//324 325//325 326//326
f 324//324 326//326 327//327
f 327//327 326//326 328//328
f 327//327 328//328 312//312
f 312//312 328//328 329//329
f 312//312 329//329 313//313
f 325//325 324//324 330//330
f 330//330 324//324 331//331
f 330//330 331//331 332//332
f 332//332 331//331 333//333
f 332//332 333//333 334//334
f 334//334 333//333 335//335
f 335//335 333//333 336//336
f 335//335 336//336 337//337
f 337//337 336//336 338//338
f 337//337 338//338 339//339
f 339//339 338//338 340//340
f 340//340 338//338 341//341
f 340//340 341//341 342//342
f 342//342 341//341 343//343
f 342//342 343//343 344//344
f 344//344 343//343 345//345
f 344//344 345//345 346//346
f 346//346 345//345 347//347
f 346//346 347//347 292//292
f 292//292 347//347 348//348
f 292//292 348//348 290//290
f 349//349 350//350 351//351
f 351//351 350//350 352//352
f 353//353 354//354 355//355
f 355//355 354//354 356//356
f 357//357 358//358 359//359
f 359//359 358//358 360//360
f 359//359 360//360 356//356
f 356//356 360//360 361//361
f 356//356 361//361 355//355
f 362//362 363//363 350//350
f 350//350 363//363 364//364
f 350//350 364//364 352//352
f 362//362 365//365 363//363
f 363//363 365//365 366//366
f 363//363 366//366 355//355
f 355//355 366//366 367//367
f 355//355 367//367 353//353
f 368//368 369//369 358//358
f 358//358 369//369 370//370
f 358//358 370//370 360//360
f 371//371 372//372 373//373
f 373//373 372//372 374//374
f 375//375 373//373 376//376
f 376//376 373//373 374//374
f 376//376 374//374 353//353
f 353//353 374//374 377//377
f 353//353 377//377 354//354
f 378//378 379//379 380//380
f 381//381 382//382 383//383
f 383//383 384//384 385//385
f 383//383 385//385 381//381
f 381//381 385//385 386//386
f 381//381 386//386 387//387
f 387//387 386//386 388//388
f 387//387 388//388 389//389
f 390//390 378//378 391//391
f 391//391 378//378 380//380
f 391//391 380//380 392//392
f 392//392 380//380 393//393
f 393//393 394//394 392//392
f 392//392 394//394 395//395
f 392//392 395//395 396//396
f 396//396 395//395 16//16
f 396//396 16//16 397//397
f 397//397 16//16 398//398
f 398//398 16//16 17//17
f 398//398 17//17 388//388
f 388//388 17//17 399//399
f 388//388 399//399 389//389
f 17//17 18//18 399//399
f 399//399 18//18 14//14
f 399//399 14//14 400//400
f 400//400 14//14 401//401
f 401//401 14//14 13//13
f 401//401 13//13 395//395
f 395//395 13//13 15//15
f 395//395 15//15 16//16
f 402//402 403//403 404//404
f 405//405 402//402 406//406
f 406//406 402//402 404//404
f 406//406 404//404 407//407
f 407//407 404//404 408//408
f 408//408 409//409 407//407
f 407//407 409//409 410//410
f 407//407 410//410 411//411
f 411//411 410//410 19//19
f 411//411 19//19 412//412
f 413//413 414//414 20//20
f 20//20 414//414 415//415
f 20//20 415//415 19//19
f 19//19 415//415 416//416
f 19//19 416//416 412//412
f 20//20 22//22 413//413
f 413//413 22//22 21//21
f 413//413 21//21 417//417
f 417//417 21//21 418//418
f 418//418 21//21 419//419
f 419//419 21//21 23//23
f 419//419 23//23 410//410
f 410//410 23//23 24//24
f 410//410 24//24 19//19
f 420//420 421//421 422//422
f 413//413 423//423 414//414
f 414//414 423//423 424//424
f 414//414 424//424 425//425
f 425//425 424//424 420//420
f 425//425 420//420 426//426
f 426//426 420//420 422//422
f 426//426 422//422 427//427
f 428//428 60//60 429//429
f 429//429 60//60 56//56
f 429//429 56//56 430//430
f 430//430 56//56 431//431
f 431//431 56//56 55//55
f 431//431 55//55 432//432
f 54//54 433//433 55//55
f 55//55 433//433 434//434
f 55//55 434//434 432//432
f 435//435 436//436 51//51
f 51//51 436//436 437//437
f 51//51 437//437 54//54
f 54//54 437//437 438//438
f 54//54 438//438 433//433
f 435//435 51//51 439//439
f 439//439 51//51 50//50
f 439//439 50//50 440//440
f 440//440 50//50 441//441
f 441//441 50//50 52//52
f 441//441 52//52 442//442
f 53//53 443//443 52//52
f 52//52 443//443 444//444
f 52//52 444//444 442//442
f 445//445 446//446 59//59
f 59//59 446//446 447//447
f 59//59 447//447 53//53
f 53//53 447//447 448//448
f 53//53 448//448 443//443
f 445//445 59//59 449//449
f 449//449 59//59 38//38
f 449//449 38//38 450//450
f 37//37 451//451 38//38
f 38//38 451//451 452//452
f 38//38 452//452 450//450
f 453//453 454//454 36//36
f 36//36 454//454 455//455
f 36//36 455//455 37//37
f 37//37 455//455 456//456
f 37//37 456//456 451//451
f 453//453 36//36 457//457
f 457//457 36//36 35//35
f 457//457 35//35 458//458
f 458//458 35//35 459//459
f 459//459 35//35 34//34
f 459//459 34//34 460//460
f 33//33 461//461 34//34
f 34//34 461//461 462//462
f 34//34 462//462 460//460
f 463//463 464//464 32//32
f 32//32 464//464 465//465
f 32//32 465//465 33//33
f 33//33 465//465 466//466
f 33//33 466//466 461//461
f 463//463 32//32 467//467
f 467//467 32//32 31//31
f 467//467 31//31 468//468
f 27//27 469//469 31//31
f 31//31 469//469 470//470
f 31//31 470//470 468//468
f 471//471 472//472 49//49
f 49//49 472//472 473//473
f 49//49 473//473 27//27
f 27//27 473//473 474//474
f 27//27 474//474 469//469
f 471//471 49//49 475//475
f 475//475 49//49 48//48
f 475//475 48//48 476//476
f 476//476 48//48 477//477
f 477//477 48//48 47//47
f 477//477 47//47 478//478
f 46//46 479//479 47//47
f 47//47 479//479 480//480
f 47//47 480//480 478//478
f 481//481 482//482 45//45
f 45//45 482//482 483//483
f 45//45 483//483 46//46
f 46//46 483//483 484//484
f 46//46 484//484 479//479
f 481//481 45//45 485//485
f 485//485 45//45 44//44
f 485//485 44//44 486//486
f 29//29 487//487 44//44
f 44//44 487//487 488//488
f 44//44 488//488 486//486
f 489//489 490//490 28//28
f 28//28 490//490 491//491
f 28//28 491//491 29//29
f 29//29 491//491 492//492
f 29//29 492//492 487//487
f 489//489 28//28 493//493
f 493//493 28//28 26//26
f 493//493 26//26 494//494
f 494//494 26//26 495//495
f 495//495 26//26 25//25
f 495//495 25//25 496//496
f 497//497 498//498 58//58
f 58//58 498//498 499//499
f 58//58 499//499 25//25
f 25//25 499//499 500//500
f 25//25 500//500 496//496
f 497//497 58//58 501//501
f 501//501 58//58 57//57
f 501//501 57//57 502//502
f 502//502 57//57 503//503
f 503//503 57//57 43//43
f 503//503 43//43 504//504
f 42//42 505//505 43//43
f 43//43 505//505 506//506
f 43//43 506//506 504//504
f 507//507 508//508 41//41
f 41//41 508//508 509//509
f 41//41 509//509 42//42
f 42//42 509//509 510//510
f 42//42 510//510 505//505
f 507//507 41//41 511//511
f 511//511 41//41 40//40
f 511//511 40//40 512//512
f 512//512 40//40 513//513
f 513//513 40//40 39//39
f 513//513 39//39 514//514
f 30//30 515//515 39//39
f 39//39 515//515 516//516
f 39//39 516//516 514//514
f 428//428 517//517 60//60
f 60//60 517//517 518//518
f 60//60 518//518 30//30
f 30//30 518//518 519//519
f 30//30 519//519 515//515
f 520//520 521//521 522//522
f 523//523 524//524 522//522
f 522//522 524//524 525//525
f 526//526 527//527 528//528
f 529//529 528//528 530//530
f 530//530 528//528 531//531
f 532//532 533//533 534//534
f 525//525 535//535 522//522
f 522//522 535//535 536//536
f 522//522 536//536 537//537
f 537//537 538//538 522//522
f 522//522 538//538 539//539
f 522//522 539//539 520//520
f 540//540 541//541 522//522
f 522//522 541//541 542//542
f 522//522 542//542 543//543
f 544//544 545//545 528//528
f 546//546 528//528 547//547
f 547//547 528//528 548//548
f 532//532 534//534 549//549
f 550//550 551//551 529//529
f 529//529 551//551 552//552
f 529//529 552//552 528//528
f 553//553 554//554 522//522
f 522//522 554//554 555//555
f 522//522 555//555 556//556
f 557//557 558//558 522//522
f 522//522 558//558 559//559
f 522//522 559//559 523//523
f 522//522 560//560 561//561
f 561//561 562//562 522//522
f 522//522 562//562 563//563
f 522//522 563//563 564//564
f 564//564 565//565 522//522
f 522//522 565//565 566//566
f 522//522 566//566 567//567
f 545//545 568//568 528//528
f 528//528 568//568 569//569
f 528//528 569//569 570//570
f 570//570 571//571 528//528
f 528//528 571//571 572//572
f 528//528 572//572 526//526
f 527//527 573//573 528//528
f 528//528 573//573 574//574
f 528//528 574//574 548//548
f 546//546 575//575 528//528
f 528//528 575//575 576//576
f 528//528 576//576 531//531
f 533//533 577//577 534//534
f 534//534 577//577 578//578
f 534//534 578//578 579//579
f 580//580 581//581 582//582
f 582//582 581//581 583//583
f 579//579 584//584 534//534
f 534//534 584//584 583//583
f 534//534 583//583 585//585
f 585//585 583//583 581//581
f 549//549 534//534 529//529
f 529//529 534//534 586//586
f 529//529 586//586 587//587
f 587//587 588//588 529//529
f 529//529 588//588 589//589
f 529//529 589//589 590//590
f 553//553 591//591 554//554
f 554//554 591//591 592//592
f 554//554 592//592 593//593
f 593//593 594//594 554//554
f 554//554 594//594 595//595
f 554//554 595//595 596//596
f 556//556 597//597 522//522
f 522//522 597//597 598//598
f 522//522 598//598 599//599
f 521//521 600//600 522//522
f 522//522 600//600 601//601
f 522//522 601//601 560//560
f 567//567 602//602 522//522
f 522//522 602//602 603//603
f 522//522 603//603 540//540
f 543//543 542//542 528//528
f 528//528 542//542 604//604
f 528//528 604//604 544//544
f 590//590 605//605 529//529
f 529//529 605//605 606//606
f 529//529 606//606 550//550
f 607//607 608//608 522//522
f 522//522 608//608 609//609
f 522//522 609//609 557//557
f 599//599 610//610 522//522
f 522//522 610//610 611//611
f 522//522 611//611 607//607
f 71//71 70//70 612//612
f 71//71 612//612 91//91
f 91//91 612//612 613//613
f 91//91 613//613 89//89
f 612//612 70//70 614//614
f 614//614 70//70 72//72
f 76//76 615//615 74//74
f 74//74 615//615 616//616
f 74//74 616//616 72//72
f 72//72 616//616 617//617
f 72//72 617//617 614//614
f 66//66 618//618 77//77
f 77//77 618//618 615//615
f 77//77 615//615 76//76
f 618//618 66//66 619//619
f 619//619 66//66 69//69
f 63//63 620//620 68//68
f 68//68 620//620 621//621
f 68//68 621//621 69//69
f 69//69 621//621 619//619
f 620//620 63//63 622//622
f 622//622 63//63 62//62
f 622//622 62//62 623//623
f 623//623 62//62 61//61
f 623//623 61//61 624//624
f 624//624 61//61 67//67
f 624//624 67//67 625//625
f 625//625 67//67 65//65
f 84//84 626//626 64//64
f 64//64 626//626 625//625
f 64//64 625//625 65//65
f 83//83 81//81 627//627
f 627//627 81//81 628//628
f 628//628 81//81 79//79
f 628//628 79//79 629//629
f 627//627 630//630 83//83
f 83//83 630//630 626//626
f 83//83 626//626 84//84
f 88//88 631//631 87//87
f 87//87 631//631 629//629
f 87//87 629//629 78//78
f 78//78 629//629 79//79
f 82//82 75//75 632//632
f 633//633 80//80 634//634
f 634//634 80//80 82//82
f 634//634 82//82 635//635
f 635//635 82//82 632//632
f 631//631 88//88 636//636
f 636//636 88//88 86//86
f 636//636 86//86 633//633
f 633//633 86//86 85//85
f 633//633 85//85 80//80
f 89//89 613//613 90//90
f 90//90 613//613 637//637
f 90//90 637//637 92//92
f 92//92 637//637 638//638
f 92//92 638//638 93//93
f 93//93 638//638 639//639
f 93//93 639//639 73//73
f 73//73 639//639 640//640
f 73//73 640//640 75//75
f 75//75 640//640 632//632
f 641//641 135//135 642//642
f 642//642 135//135 137//137
f 642//642 137//137 643//643
f 137//137 145//145 643//643
f 643//643 145//145 143//143
f 643//643 143//143 644//644
f 644//644 143//143 141//141
f 644//644 141//141 645//645
f 645//645 141//141 140//140
f 645//645 140//140 646//646
f 646//646 140//140 96//96
f 646//646 96//96 647//647
f 647//647 96//96 101//101
f 647//647 101//101 648//648
f 648//648 101//101 100//100
f 648//648 100//100 649//649
f 649//649 100//100 98//98
f 649//649 98//98 650//650
f 650//650 98//98 106//106
f 650//650 106//106 651//651
f 651//651 106//106 105//105
f 651//651 105//105 652//652
f 652//652 105//105 103//103
f 652//652 103//103 653//653
f 653//653 103//103 113//113
f 653//653 113//113 654//654
f 654//654 113//113 112//112
f 654//654 112//112 655//655
f 655//655 112//112 110//110
f 655//655 110//110 656//656
f 656//656 110//110 108//108
f 656//656 108//108 657//657
f 657//657 108//108 107//107
f 657//657 107//107 658//658
f 658//658 107//107 114//114
f 658//658 114//114 659//659
f 659//659 114//114 116//116
f 659//659 116//116 660//660
f 660//660 116//116 118//118
f 660//660 118//118 661//661
f 661//661 118//118 119//119
f 661//661 119//119 662//662
f 662//662 119//119 121//121
f 662//662 121//121 663//663
f 663//663 121//121 124//124
f 663//663 124//124 664//664
f 126//126 665//665 124//124
f 124//124 665//665 664//664
f 125//125 666//666 126//126
f 126//126 666//666 665//665
f 127//127 667//667 125//125
f 125//125 667//667 666//666
f 667//667 127//127 128//128
f 667//667 128//128 668//668
f 668//668 128//128 123//123
f 668//668 123//123 669//669
f 669//669 123//123 122//122
f 669//669 122//122 670//670
f 670//670 122//122 120//120
f 670//670 120//120 671//671
f 671//671 120//120 117//117
f 671//671 117//117 672//672
f 672//672 117//117 115//115
f 672//672 115//115 673//673
f 673//673 115//115 109//109
f 673//673 109//109 674//674
f 674//674 109//109 111//111
f 674//674 111//111 675//675
f 675//675 111//111 102//102
f 675//675 102//102 676//676
f 676//676 102//102 104//104
f 676//676 104//104 677//677
f 104//104 97//97 677//677
f 677//677 97//97 99//99
f 677//677 99//99 678//678
f 678//678 99//99 95//95
f 678//678 95//95 679//679
f 679//679 95//95 94//94
f 679//679 94//94 680//680
f 680//680 94//94 142//142
f 680//680 142//142 681//681
f 681//681 142//142 144//144
f 681//681 144//144 682//682
f 144//144 146//146 682//682
f 682//682 146//146 147//147
f 682//682 147//147 683//683
f 683//683 147//147 150//150
f 683//683 150//150 684//684
f 684//684 150//150 149//149
f 684//684 149//149 685//685
f 685//685 149//149 148//148
f 685//685 148//148 686//686
f 686//686 148//148 687//687
f 687//687 148//148 136//136
f 687//687 136//136 688//688
f 688//688 136//136 689//689
f 689//689 136//136 138//138
f 689//689 138//138 690//690
f 129//129 691//691 130//130
f 130//130 691//691 692//692
f 130//130 692//692 132//132
f 132//132 692//692 693//693
f 132//132 693//693 133//133
f 133//133 693//693 694//694
f 133//133 694//694 134//134
f 134//134 694//694 695//695
f 134//134 695//695 139//139
f 139//139 695//695 690//690
f 139//139 690//690 138//138
f 129//129 188//188 691//691
f 691//691 188//188 186//186
f 691//691 186//186 696//696
f 696//696 186//186 184//184
f 696//696 184//184 697//697
f 697//697 184//184 182//182
f 697//697 182//182 698//698
f 698//698 182//182 180//180
f 698//698 180//180 699//699
f 699//699 180//180 700//700
f 700//700 180//180 178//178
f 700//700 178//178 701//701
f 701//701 178//178 176//176
f 701//701 176//176 702//702
f 702//702 176//176 169//169
f 702//702 169//169 703//703
f 703//703 169//169 164//164
f 703//703 164//164 704//704
f 704//704 164//164 166//166
f 704//704 166//166 705//705
f 705//705 166//166 163//163
f 705//705 163//163 706//706
f 706//706 163//163 161//161
f 706//706 161//161 707//707
f 707//707 161//161 159//159
f 707//707 159//159 708//708
f 708//708 159//159 157//157
f 708//708 157//157 709//709
f 709//709 157//157 155//155
f 709//709 155//155 710//710
f 710//710 155//155 154//154
f 710//710 154//154 711//711
f 153//153 712//712 154//154
f 154//154 712//712 711//711
f 712//712 153//153 713//713
f 713//713 153//153 152//152
f 713//713 152//152 714//714
f 151//151 715//715 152//152
f 152//152 715//715 714//714
f 183//183 716//716 181//181
f 181//181 716//716 717//717
f 181//181 717//717 179//179
f 179//179 717//717 718//718
f 179//179 718//718 177//177
f 177//177 718//718 719//719
f 177//177 719//719 175//175
f 175//175 719//719 720//720
f 175//175 720//720 172//172
f 172//172 720//720 721//721
f 172//172 721//721 173//173
f 173//173 721//721 722//722
f 173//173 722//722 174//174
f 174//174 722//722 723//723
f 174//174 723//723 170//170
f 170//170 723//723 724//724
f 170//170 724//724 171//171
f 171//171 724//724 725//725
f 171//171 725//725 165//165
f 165//165 725//725 726//726
f 165//165 726//726 167//167
f 167//167 726//726 727//727
f 167//167 727//727 168//168
f 168//168 727//727 728//728
f 168//168 728//728 162//162
f 162//162 728//728 729//729
f 162//162 729//729 160//160
f 160//160 729//729 730//730
f 160//160 730//730 158//158
f 158//158 730//730 731//731
f 158//158 731//731 156//156
f 156//156 731//731 715//715
f 156//156 715//715 151//151
f 189//189 732//732 733//733
f 189//189 733//733 190//190
f 190//190 733//733 734//734
f 190//190 734//734 187//187
f 187//187 734//734 735//735
f 187//187 735//735 185//185
f 185//185 735//735 736//736
f 185//185 736//736 183//183
f 183//183 736//736 737//737
f 183//183 737//737 716//716
f 732//732 189//189 641//641
f 641//641 189//189 131//131
f 641//641 131//131 135//135
f 738//738 209//209 208//208
f 738//738 208//208 739//739
f 739//739 208//208 207//207
f 739//739 207//207 740//740
f 740//740 207//207 741//741
f 741//741 207//207 204//204
f 741//741 204//204 742//742
f 742//742 204//204 192//192
f 742//742 192//192 743//743
f 743//743 192//192 191//191
f 743//743 191//191 744//744
f 745//745 746//746 194//194
f 194//194 746//746 747//747
f 194//194 747//747 193//193
f 193//193 747//747 744//744
f 193//193 744//744 191//191
f 194//194 206//206 745//745
f 745//745 206//206 205//205
f 745//745 205//205 748//748
f 748//748 205//205 197//197
f 748//748 197//197 749//749
f 749//749 197//197 203//203
f 749//749 203//203 750//750
f 203//203 202//202 750//750
f 750//750 202//202 212//212
f 750//750 212//212 751//751
f 751//751 212//212 211//211
f 751//751 211//211 752//752
f 752//752 211//211 210//210
f 752//752 210//210 753//753
f 753//753 210//210 754//754
f 199//199 755//755 200//200
f 200//200 755//755 756//756
f 200//200 756//756 210//210
f 210//210 756//756 754//754
f 757//757 758//758 198//198
f 198//198 758//758 201//201
f 201//201 758//758 755//755
f 201//201 755//755 199//199
f 757//757 198//198 759//759
f 759//759 198//198 196//196
f 759//759 196//196 760//760
f 216//216 761//761 219//219
f 219//219 761//761 760//760
f 219//219 760//760 196//196
f 214//214 762//762 216//216
f 216//216 762//762 761//761
f 762//762 214//214 763//763
f 763//763 214//214 213//213
f 763//763 213//213 764//764
f 215//215 765//765 213//213
f 213//213 765//765 764//764
f 765//765 215//215 766//766
f 766//766 215//215 217//217
f 766//766 217//217 767//767
f 218//218 768//768 217//217
f 217//217 768//768 767//767
f 209//209 738//738 195//195
f 195//195 738//738 768//768
f 195//195 768//768 218//218
f 769//769 235//235 770//770
f 770//770 235//235 234//234
f 230//230 771//771 232//232
f 232//232 771//771 772//772
f 232//232 772//772 234//234
f 234//234 772//772 773//773
f 234//234 773//773 770//770
f 247//247 774//774 246//246
f 246//246 774//774 775//775
f 246//246 775//775 229//229
f 229//229 775//775 771//771
f 229//229 771//771 230//230
f 774//774 247//247 776//776
f 776//776 247//247 245//245
f 776//776 245//245 777//777
f 777//777 245//245 778//778
f 225//225 779//779 233//233
f 233//233 779//779 780//780
f 233//233 780//780 231//231
f 231//231 780//780 778//778
f 231//231 778//778 244//244
f 244//244 778//778 245//245
f 249//249 248//248 781//781
f 781//781 782//782 249//249
f 249//249 782//782 783//783
f 249//249 783//783 251//251
f 251//251 783//783 784//784
f 251//251 784//784 252//252
f 252//252 784//784 785//785
f 252//252 785//785 223//223
f 223//223 785//785 779//779
f 223//223 779//779 225//225
f 786//786 781//781 248//248
f 248//248 250//250 786//786
f 786//786 250//250 221//221
f 786//786 221//221 787//787
f 787//787 221//221 220//220
f 220//220 222//222 787//787
f 787//787 222//222 788//788
f 788//788 222//222 789//789
f 789//789 222//222 224//224
f 789//789 224//224 790//790
f 790//790 224//224 226//226
f 790//790 226//226 791//791
f 237//237 792//792 228//228
f 228//228 792//792 791//791
f 228//228 791//791 226//226
f 236//236 793//793 237//237
f 237//237 793//793 792//792
f 239//239 794//794 238//238
f 238//238 794//794 793//793
f 238//238 793//793 236//236
f 243//243 795//795 239//239
f 239//239 795//795 794//794
f 241//241 796//796 242//242
f 242//242 796//796 795//795
f 242//242 795//795 243//243
f 240//240 797//797 241//241
f 241//241 797//797 796//796
f 235//235 769//769 227//227
f 227//227 769//769 797//797
f 227//227 797//797 240//240
f 798//798 294//294 799//799
f 799//799 294//294 296//296
f 799//799 296//296 800//800
f 285//285 801//801 802//802
f 285//285 802//802 282//282
f 282//282 802//802 803//803
f 282//282 803//803 280//280
f 280//280 803//803 804//804
f 280//280 804//804 279//279
f 279//279 804//804 805//805
f 279//279 805//805 277//277
f 277//277 805//805 806//806
f 277//277 806//806 275//275
f 275//275 806//806 807//807
f 275//275 807//807 260//260
f 260//260 807//807 808//808
f 260//260 808//808 261//261
f 261//261 808//808 809//809
f 261//261 809//809 262//262
f 262//262 809//809 810//810
f 262//262 810//810 263//263
f 263//263 810//810 811//811
f 263//263 811//811 265//265
f 265//265 811//811 812//812
f 265//265 812//812 267//267
f 267//267 812//812 813//813
f 267//267 813//813 269//269
f 269//269 813//813 814//814
f 269//269 814//814 271//271
f 271//271 814//814 815//815
f 271//271 815//815 273//273
f 273//273 815//815 816//816
f 273//273 816//816 274//274
f 274//274 816//816 817//817
f 274//274 817//817 253//253
f 817//817 818//818 253//253
f 253//253 818//818 819//819
f 253//253 819//819 254//254
f 254//254 819//819 820//820
f 254//254 820//820 257//257
f 257//257 820//820 821//821
f 257//257 821//821 299//299
f 299//299 821//821 822//822
f 299//299 822//822 300//300
f 300//300 822//822 800//800
f 300//300 800//800 302//302
f 302//302 800//800 296//296
f 801//801 285//285 823//823
f 823//823 285//285 287//287
f 823//823 287//287 824//824
f 824//824 287//287 286//286
f 824//824 286//286 825//825
f 825//825 286//286 826//826
f 826//826 286//286 288//288
f 827//827 828//828 295//295
f 295//295 828//828 305//305
f 829//829 258//258 301//301
f 829//829 301//301 830//830
f 828//828 831//831 305//305
f 305//305 831//831 832//832
f 305//305 832//832 306//306
f 306//306 832//832 833//833
f 306//306 833//833 307//307
f 307//307 833//833 834//834
f 307//307 834//834 304//304
f 304//304 834//834 830//830
f 304//304 830//830 303//303
f 303//303 830//830 301//301
f 258//258 829//829 256//256
f 256//256 829//829 835//835
f 256//256 835//835 255//255
f 255//255 835//835 836//836
f 255//255 836//836 272//272
f 272//272 836//836 837//837
f 272//272 837//837 270//270
f 270//270 837//837 838//838
f 270//270 838//838 268//268
f 268//268 838//838 839//839
f 268//268 839//839 266//266
f 266//266 839//839 840//840
f 266//266 840//840 264//264
f 264//264 840//840 841//841
f 264//264 841//841 259//259
f 259//259 841//841 842//842
f 259//259 842//842 276//276
f 276//276 842//842 843//843
f 276//276 843//843 278//278
f 278//278 843//843 844//844
f 278//278 844//844 281//281
f 281//281 844//844 845//845
f 281//281 845//845 283//283
f 283//283 845//845 846//846
f 283//283 846//846 284//284
f 284//284 846//846 847//847
f 284//284 847//847 289//289
f 289//289 847//847 826//826
f 289//289 826//826 288//288
f 827//827 295//295 848//848
f 848//848 295//295 297//297
f 848//848 297//297 849//849
f 314//314 850//850 851//851
f 314//314 851//851 315//315
f 315//315 851//851 852//852
f 315//315 852//852 317//317
f 317//317 852//852 853//853
f 317//317 853//853 319//319
f 319//319 853//853 854//854
f 319//319 854//854 321//321
f 321//321 854//854 855//855
f 321//321 855//855 311//311
f 311//311 855//855 856//856
f 311//311 856//856 312//312
f 312//312 856//856 857//857
f 312//312 857//857 327//327
f 327//327 857//857 858//858
f 327//327 858//858 324//324
f 324//324 858//858 859//859
f 324//324 859//859 331//331
f 331//331 859//859 860//860
f 331//331 860//860 333//333
f 333//333 860//860 861//861
f 333//333 861//861 336//336
f 336//336 861//861 862//862
f 336//336 862//862 338//338
f 338//338 862//862 863//863
f 338//338 863//863 341//341
f 341//341 863//863 864//864
f 341//341 864//864 343//343
f 343//343 864//864 865//865
f 343//343 865//865 345//345
f 345//345 865//865 866//866
f 345//345 866//866 347//347
f 347//347 866//866 348//348
f 348//348 866//866 867//867
f 348//348 867//867 290//290
f 290//290 867//867 868//868
f 290//290 868//868 291//291
f 291//291 868//868 869//869
f 291//291 869//869 293//293
f 293//293 869//869 870//870
f 293//293 870//870 298//298
f 298//298 870//870 849//849
f 298//298 849//849 297//297
f 850//850 314//314 871//871
f 871//871 314//314 310//310
f 871//871 310//310 872//872
f 872//872 310//310 309//309
f 872//872 309//309 873//873
f 873//873 309//309 308//308
f 292//292 294//294 798//798
f 292//292 798//798 346//346
f 798//798 874//874 346//346
f 346//346 874//874 875//875
f 346//346 875//875 344//344
f 344//344 875//875 876//876
f 344//344 876//876 342//342
f 342//342 876//876 877//877
f 342//342 877//877 340//340
f 340//340 877//877 878//878
f 340//340 878//878 339//339
f 339//339 878//878 879//879
f 339//339 879//879 337//337
f 337//337 879//879 880//880
f 337//337 880//880 335//335
f 335//335 880//880 881//881
f 335//335 881//881 334//334
f 334//334 881//881 882//882
f 334//334 882//882 332//332
f 332//332 882//882 883//883
f 332//332 883//883 330//330
f 330//330 883//883 884//884
f 330//330 884//884 325//325
f 325//325 884//884 885//885
f 325//325 885//885 326//326
f 326//326 885//885 886//886
f 326//326 886//886 328//328
f 328//328 886//886 887//887
f 328//328 887//887 329//329
f 329//329 887//887 888//888
f 329//329 888//888 313//313
f 313//313 888//888 889//889
f 313//313 889//889 323//323
f 323//323 889//889 890//890
f 323//323 890//890 322//322
f 322//322 890//890 891//891
f 322//322 891//891 320//320
f 320//320 891//891 892//892
f 320//320 892//892 318//318
f 318//318 892//892 893//893
f 318//318 893//893 316//316
f 316//316 893//893 873//873
f 316//316 873//873 308//308
f 362//362 894//894 895//895
f 362//362 895//895 365//365
f 365//365 895//895 896//896
f 365//365 896//896 366//366
f 366//366 896//896 897//897
f 366//366 897//897 367//367
f 894//894 362//362 350//350
f 349//349 898//898 350//350
f 350//350 898//898 899//899
f 350//350 899//899 894//894
f 355//355 900//900 901//901
f 355//355 901//901 363//363
f 363//363 901//901 902//902
f 363//363 902//902 364//364
f 364//364 902//902 903//903
f 364//364 903//903 352//352
f 352//352 903//903 904//904
f 352//352 904//904 351//351
f 351//351 904//904 898//898
f 351//351 898//898 349//349
f 905//905 360//360 370//370
f 368//368 906//906 907//907
f 360//360 905//905 361//361
f 361//361 905//905 900//900
f 361//361 900//900 355//355
f 368//368 907//907 369//369
f 369//369 907//907 908//908
f 369//369 908//908 370//370
f 370//370 908//908 909//909
f 370//370 909//909 905//905
f 357//357 910//910 358//358
f 358//358 910//910 911//911
f 358//358 911//911 368//368
f 368//368 911//911 906//906
f 354//354 912//912 913//913
f 354//354 913//913 356//356
f 356//356 913//913 914//914
f 356//356 914//914 359//359
f 359//359 914//914 910//910
f 359//359 910//910 357//357
f 912//912 354//354 377//377
f 912//912 377//377 915//915
f 915//915 377//377 374//374
f 915//915 374//374 916//916
f 916//916 374//374 917//917
f 917//917 374//374 372//372
f 917//917 372//372 918//918
f 918//918 372//372 371//371
f 918//918 371//371 919//919
f 919//919 371//371 373//373
f 919//919 373//373 920//920
f 920//920 373//373 375//375
f 920//920 375//375 921//921
f 921//921 375//375 376//376
f 367//367 897//897 353//353
f 353//353 897//897 922//922
f 353//353 922//922 376//376
f 376//376 922//922 921//921
f 923//923 390//390 391//391
f 923//923 391//391 924//924
f 924//924 391//391 392//392
f 924//924 392//392 925//925
f 392//392 396//396 925//925
f 925//925 396//396 397//397
f 925//925 397//397 926//926
f 926//926 397//397 398//398
f 926//926 398//398 927//927
f 927//927 398//398 388//388
f 927//927 388//388 386//386
f 927//927 386//386 385//385
f 927//927 385//385 928//928
f 928//928 385//385 384//384
f 928//928 384//384 929//929
f 382//382 930//930 383//383
f 383//383 930//930 931//931
f 383//383 931//931 384//384
f 384//384 931//931 929//929
f 930//930 382//382 932//932
f 932//932 382//382 381//381
f 389//389 933//933 387//387
f 387//387 933//933 934//934
f 387//387 934//934 381//381
f 381//381 934//934 935//935
f 381//381 935//935 932//932
f 933//933 389//389 399//399
f 933//933 399//399 936//936
f 399//399 400//400 936//936
f 936//936 400//400 401//401
f 936//936 401//401 937//937
f 937//937 401//401 395//395
f 937//937 395//395 394//394
f 380//380 379//379 938//938
f 937//937 394//394 393//393
f 938//938 939//939 380//380
f 380//380 939//939 940//940
f 380//380 940//940 393//393
f 393//393 940//940 941//941
f 393//393 941//941 937//937
f 390//390 923//923 378//378
f 378//378 923//923 942//942
f 378//378 942//942 379//379
f 379//379 942//942 938//938
f 423//423 943//943 424//424
f 424//424 943//943 944//944
f 424//424 944//944 420//420
f 944//944 945//945 420//420
f 420//420 945//945 946//946
f 420//420 946//946 421//421
f 947//947 948//948 417//417
f 943//943 423//423 948//948
f 948//948 423//423 413//413
f 948//948 413//413 417//417
f 409//409 949//949 410//410
f 410//410 949//949 950//950
f 410//410 950//950 419//419
f 419//419 950//950 947//947
f 419//419 947//947 418//418
f 418//418 947//947 417//417
f 403//403 951//951 404//404
f 404//404 951//951 952//952
f 404//404 952//952 408//408
f 952//952 953//953 408//408
f 408//408 953//953 949//949
f 408//408 949//949 409//409
f 405//405 954//954 402//402
f 402//402 954//954 951//951
f 402//402 951//951 403//403
f 407//407 955//955 956//956
f 407//407 956//956 406//406
f 406//406 956//956 954//954
f 406//406 954//954 405//405
f 957//957 416//416 415//415
f 957//957 415//415 958//958
f 958//958 415//415 414//414
f 958//958 414//414 425//425
f 416//416 957//957 412//412
f 412//412 957//957 959//959
f 412//412 959//959 411//411
f 411//411 959//959 955//955
f 411//411 955//955 407//407
f 958//958 425//425 960//960
f 960//960 425//425 426//426
f 960//960 426//426 961//961
f 961//961 426//426 427//427
f 961//961 427//427 962//962
f 421//421 946//946 422//422
f 422//422 946//946 962//962
f 422//422 962//962 427//427
f 498//498 497//497 963//963
f 963//963 497//497 964//964
f 965//965 966//966 453//453
f 497//497 501//501 964//964
f 964//964 501//501 502//502
f 964//964 502//502 967//967
f 967//967 502//502 503//503
f 967//967 503//503 968//968
f 968//968 503//503 504//504
f 968//968 504//504 969//969
f 969//969 504//504 506//506
f 970//970 430//430 971//971
f 971//971 430//430 431//431
f 971//971 431//431 972//972
f 972//972 431//431 432//432
f 972//972 432//432 973//973
f 973//973 432//432 434//434
f 509//509 974//974 510//510
f 510//510 974//974 969//969
f 510//510 969//969 505//505
f 505//505 969//969 506//506
f 437//437 975//975 438//438
f 438//438 975//975 973//973
f 438//438 973//973 433//433
f 433//433 973//973 434//434
f 482//482 976//976 483//483
f 483//483 976//976 977//977
f 483//483 977//977 484//484
f 484//484 977//977 978//978
f 484//484 978//978 479//479
f 452//452 451//451 979//979
f 979//979 451//451 456//456
f 979//979 456//456 980//980
f 980//980 456//456 455//455
f 980//980 455//455 966//966
f 966//966 455//455 454//454
f 966//966 454//454 453//453
f 509//509 508//508 974//974
f 974//974 508//508 507//507
f 974//974 507//507 981//981
f 507//507 511//511 981//981
f 981//981 511//511 512//512
f 981//981 512//512 982//982
f 982//982 512//512 513//513
f 982//982 513//513 983//983
f 479//479 978//978 480//480
f 480//480 978//978 984//984
f 480//480 984//984 478//478
f 437//437 436//436 975//975
f 975//975 436//436 435//435
f 975//975 435//435 985//985
f 435//435 439//439 985//985
f 985//985 439//439 440//440
f 985//985 440//440 986//986
f 986//986 440//440 441//441
f 986//986 441//441 987//987
f 478//478 984//984 477//477
f 477//477 984//984 988//988
f 477//477 988//988 476//476
f 515//515 989//989 516//516
f 516//516 989//989 983//983
f 516//516 983//983 514//514
f 514//514 983//983 513//513
f 515//515 519//519 989//989
f 989//989 519//519 518//518
f 989//989 518//518 990//990
f 990//990 518//518 517//517
f 990//990 517//517 991//991
f 991//991 517//517 428//428
f 991//991 428//428 970//970
f 970//970 428//428 429//429
f 970//970 429//429 430//430
f 453//453 457//457 965//965
f 965//965 457//457 458//458
f 965//965 458//458 992//992
f 992//992 458//458 459//459
f 992//992 459//459 993//993
f 993//993 459//459 460//460
f 993//993 460//460 462//462
f 462//462 461//461 993//993
f 993//993 461//461 466//466
f 993//993 466//466 994//994
f 994//994 466//466 465//465
f 994//994 465//465 995//995
f 467//467 996//996 463//463
f 463//463 996//996 995//995
f 463//463 995//995 464//464
f 464//464 995//995 465//465
f 997//997 471//471 988//988
f 988//988 471//471 475//475
f 988//988 475//475 476//476
f 482//482 481//481 976//976
f 976//976 481//481 485//485
f 976//976 485//485 998//998
f 998//998 485//485 486//486
f 998//998 486//486 999//999
f 999//999 486//486 488//488
f 443//443 1000//1000 444//444
f 444//444 1000//1000 987//987
f 444//444 987//987 442//442
f 442//442 987//987 441//441
f 467//467 468//468 996//996
f 996//996 468//468 470//470
f 996//996 470//470 1001//1001
f 1002//1002 500//500 963//963
f 963//963 500//500 499//499
f 963//963 499//499 498//498
f 443//443 448//448 1000//1000
f 1000//1000 448//448 447//447
f 1000//1000 447//447 1003//1003
f 470//470 469//469 1001//1001
f 1001//1001 469//469 474//474
f 1001//1001 474//474 1004//1004
f 1004//1004 474//474 473//473
f 1004//1004 473//473 997//997
f 997//997 473//473 472//472
f 997//997 472//472 471//471
f 489//489 493//493 1005//1005
f 1005//1005 493//493 494//494
f 1005//1005 494//494 1006//1006
f 1006//1006 494//494 495//495
f 1006//1006 495//495 1002//1002
f 1002//1002 495//495 496//496
f 1002//1002 496//496 500//500
f 447//447 446//446 1003//1003
f 1003//1003 446//446 445//445
f 1003//1003 445//445 1007//1007
f 1007//1007 445//445 449//449
f 1007//1007 449//449 979//979
f 979//979 449//449 450//450
f 979//979 450//450 452//452
f 488//488 487//487 999//999
f 999//999 487//487 492//492
f 999//999 492//492 1008//1008
f 1008//1008 492//492 491//491
f 1008//1008 491//491 1005//1005
f 1005//1005 491//491 490//490
f 1005//1005 490//490 489//489
f 1009//1009 1010//1010 1011//1011
f 1011//1011 1010//1010 1012//1012
f 1013//1013 1014//1014 1015//1015
f 1011//1011 1016//1016 1009//1009
f 1009//1009 1016//1016 1017//1017
f 1009//1009 1017//1017 1018//1018
f 1019//1019 1020//1020 1021//1021
f 1021//1021 1020//1020 1022//1022
f 1021//1021 1022//1022 1023//1023
f 1024//1024 1025//1025 1026//1026
f 1026//1026 1025//1025 1027//1027
f 1026//1026 1027//1027 1028//1028
f 1029//1029 1030//1030 1031//1031
f 1013//1013 1015//1015 1032//1032
f 1022//1022 1033//1033 1023//1023
f 1023//1023 1033//1033 1034//1034
f 1023//1023 1034//1034 1010//1010
f 1010//1010 1034//1034 1035//1035
f 1010//1010 1035//1035 1012//1012
f 1017//1017 1036//1036 1018//1018
f 1018//1018 1036//1036 1037//1037
f 1018//1018 1037//1037 1038//1038
f 1037//1037 1039//1039 1038//1038
f 1038//1038 1039//1039 1040//1040
f 1038//1038 1040//1040 1027//1027
f 1027//1027 1040//1040 1041//1041
f 1027//1027 1041//1041 1028//1028
f 1024//1024 1042//1042 1025//1025
f 1025//1025 1042//1042 1043//1043
f 1025//1025 1043//1043 1044//1044
f 1044//1044 1043//1043 1045//1045
f 1044//1044 1045//1045 1046//1046
f 1046//1046 1045//1045 1047//1047
f 1048//1048 1049//1049 1050//1050
f 1050//1050 1049//1049 1051//1051
f 1047//1047 1052//1052 1046//1046
f 1046//1046 1052//1052 1053//1053
f 1046//1046 1053//1053 1048//1048
f 1048//1048 1053//1053 1054//1054
f 1048//1048 1054//1054 1049//1049
f 1055//1055 1056//1056 1057//1057
f 1057//1057 1056//1056 1058//1058
f 1057//1057 1059//1059 1055//1055
f 1055//1055 1059//1059 1060//1060
f 1055//1055 1060//1060 1061//1061
f 1062//1062 1063//1063 1019//1019
f 1019//1019 1063//1063 1064//1064
f 1019//1019 1064//1064 1020//1020
f 1051//1051 1065//1065 1050//1050
f 1050//1050 1065//1065 1066//1066
f 1050//1050 1066//1066 1067//1067
f 1066//1066 1068//1068 1067//1067
f 1067//1067 1068//1068 1069//1069
f 1067//1067 1069//1069 1056//1056
f 1056//1056 1069//1069 1070//1070
f 1056//1056 1070//1070 1058//1058
f 1071//1071 1072//1072 1073//1073
f 1074//1074 1075//1075 1062//1062
f 1062//1062 1075//1075 1076//1076
f 1062//1062 1076//1076 1063//1063
f 1077//1077 1078//1078 1079//1079
f 1079//1079 1078//1078 1061//1061
f 1079//1079 1061//1061 1080//1080
f 1080//1080 1061//1061 1060//1060
f 1081//1081 1082//1082 1031//1031
f 1031//1031 1082//1082 1083//1083
f 1031//1031 1083//1083 1029//1029
f 1015//1015 1084//1084 1032//1032
f 1032//1032 1084//1084 1085//1085
f 1032//1032 1085//1085 1086//1086
f 1086//1086 1085//1085 1087//1087
f 1086//1086 1087//1087 1074//1074
f 1074//1074 1087//1087 1088//1088
f 1074//1074 1088//1088 1075//1075
f 1077//1077 1089//1089 1078//1078
f 1078//1078 1089//1089 1090//1090
f 1078//1078 1090//1090 1091//1091
f 1091//1091 1090//1090 1092//1092
f 1091//1091 1092//1092 1081//1081
f 1081//1081 1092//1092 1093//1093
f 1081//1081 1093//1093 1082//1082
f 1029//1029 1094//1094 1030//1030
f 1030//1030 1094//1094 1095//1095
f 1030//1030 1095//1095 1073//1073
f 1073//1073 1095//1095 1096//1096
f 1073//1073 1096//1096 1071//1071
f 1097//1097 1098//1098 1099//1099
f 1099//1099 1098//1098 1100//1100
f 1099//1099 1100//1100 1101//1101
f 1071//1071 1102//1102 1072//1072
f 1072//1072 1102//1102 1103//1103
f 1072//1072 1103//1103 1097//1097
f 1097//1097 1103//1103 1104//1104
f 1097//1097 1104//1104 1098//1098
f 1105//1105 1106//1106 1107//1107
f 1107//1107 1106//1106 1108//1108
f 1107//1107 1108//1108 1109//1109
f 1109//1109 1108//1108 1110//1110
f 1109//1109 1110//1110 1111//1111
f 1111//1111 1110//1110 1112//1112
f 1111//1111 1112//1112 1113//1113
f 1113//1113 1112//1112 1114//1114
f 1113//1113 1114//1114 1115//1115
f 1115//1115 1114//1114 1101//1101
f 1115//1115 1101//1101 1116//1116
f 1116//1116 1101//1101 1100//1100
f 1117//1117 1118//1118 539//539
f 539//539 1118//1118 1119//1119
f 539//539 1119//1119 520//520
f 520//520 1119//1119 1120//1120
f 520//520 1120//1120 521//521
f 521//521 1120//1120 1121//1121
f 521//521 1121//1121 600//600
f 600//600 1121//1121 1122//1122
f 600//600 1122//1122 601//601
f 601//601 1122//1122 1123//1123
f 601//601 1123//1123 560//560
f 560//560 1123//1123 1124//1124
f 560//560 1124//1124 561//561
f 561//561 1124//1124 1125//1125
f 561//561 1125//1125 562//562
f 562//562 1125//1125 1126//1126
f 562//562 1126//1126 563//563
f 563//563 1126//1126 1127//1127
f 563//563 1127//1127 564//564
f 564//564 1127//1127 1128//1128
f 564//564 1128//1128 565//565
f 565//565 1128//1128 1129//1129
f 565//565 1129//1129 566//566
f 566//566 1129//1129 1130//1130
f 566//566 1130//1130 567//567
f 567//567 1130//1130 1131//1131
f 567//567 1131//1131 602//602
f 602//602 1131//1131 1132//1132
f 602//602 1132//1132 603//603
f 603//603 1132//1132 1133//1133
f 603//603 1133//1133 540//540
f 540//540 1133//1133 1134//1134
f 540//540 1134//1134 541//541
f 541//541 1134//1134 1135//1135
f 541//541 1135//1135 542//542
f 542//542 1135//1135 1136//1136
f 542//542 1136//1136 604//604
f 604//604 1136//1136 1137//1137
f 604//604 1137//1137 544//544
f 1138//1138 1139//1139 536//536
f 536//536 1139//1139 1140//1140
f 536//536 1140//1140 537//537
f 537//537 1140//1140 1117//1117
f 537//537 1117//1117 538//538
f 538//538 1117//1117 539//539
f 536//536 535//535 1138//1138
f 1138//1138 535//535 525//525
f 1138//1138 525//525 1141//1141
f 1141//1141 525//525 524//524
f 1141//1141 524//524 1142//1142
f 1142//1142 524//524 523//523
f 1142//1142 523//523 1143//1143
f 1143//1143 523//523 559//559
f 1143//1143 559//559 1144//1144
f 1144//1144 559//559 558//558
f 1144//1144 558//558 1145//1145
f 1145//1145 558//558 557//557
f 1145//1145 557//557 1146//1146
f 1146//1146 557//557 609//609
f 1146//1146 609//609 1147//1147
f 1147//1147 609//609 608//608
f 1147//1147 608//608 1148//1148
f 1148//1148 608//608 607//607
f 1148//1148 607//607 1149//1149
f 1149//1149 607//607 611//611
f 1149//1149 611//611 1150//1150
f 1150//1150 611//611 610//610
f 1150//1150 610//610 1151//1151
f 1151//1151 610//610 599//599
f 1151//1151 599//599 1152//1152
f 1152//1152 599//599 598//598
f 1152//1152 598//598 1153//1153
f 1153//1153 598//598 597//597
f 1153//1153 597//597 1154//1154
f 1154//1154 597//597 1155//1155
f 1156//1156 1157//1157 554//554
f 554//554 1157//1157 1158//1158
f 554//554 1158//1158 555//555
f 555//555 1158//1158 1155//1155
f 555//555 1155//1155 556//556
f 556//556 1155//1155 597//597
f 1159//1159 1160//1160 592//592
f 592//592 1160//1160 1161//1161
f 592//592 1161//1161 593//593
f 593//593 1161//1161 1162//1162
f 593//593 1162//1162 594//594
f 594//594 1162//1162 1163//1163
f 594//594 1163//1163 595//595
f 595//595 1163//1163 1156//1156
f 595//595 1156//1156 596//596
f 596//596 1156//1156 554//554
f 1164//1164 1165//1165 581//581
f 581//581 1165//1165 1166//1166
f 581//581 1166//1166 585//585
f 585//585 1166//1166 1167//1167
f 585//585 1167//1167 534//534
f 534//534 1167//1167 1168//1168
f 534//534 1168//1168 586//586
f 586//586 1168//1168 1169//1169
f 586//586 1169//1169 587//587
f 587//587 1169//1169 1170//1170
f 587//587 1170//1170 588//588
f 588//588 1170//1170 1171//1171
f 588//588 1171//1171 589//589
f 589//589 1171//1171 1172//1172
f 589//589 1172//1172 590//590
f 590//590 1172//1172 1173//1173
f 590//590 1173//1173 605//605
f 605//605 1173//1173 1174//1174
f 605//605 1174//1174 606//606
f 606//606 1174//1174 1175//1175
f 606//606 1175//1175 550//550
f 550//550 1175//1175 1176//1176
f 550//550 1176//1176 551//551
f 551//551 1176//1176 1177//1177
f 551//551 1177//1177 552//552
f 552//552 1177//1177 1178//1178
f 552//552 1178//1178 528//528
f 528//528 1178//1178 1179//1179
f 528//528 1179//1179 543//543
f 543//543 1179//1179 1180//1180
f 543//543 1180//1180 522//522
f 522//522 1180//1180 1181//1181
f 522//522 1181//1181 553//553
f 553//553 1181//1181 1159//1159
f 553//553 1159//1159 591//591
f 591//591 1159//1159 592//592
f 581//581 580//580 1164//1164
f 1164//1164 580//580 582//582
f 1164//1164 582//582 1182//1182
f 1182//1182 582//582 583//583
f 1182//1182 583//583 1183//1183
f 1183//1183 583//583 584//584
f 1183//1183 584//584 1184//1184
f 1185//1185 1186//1186 533//533
f 533//533 1186//1186 1187//1187
f 533//533 1187//1187 577//577
f 577//577 1187//1187 1188//1188
f 1184//1184 584//584 1189//1189
f 1189//1189 584//584 579//579
f 1189//1189 579//579 1188//1188
f 1188//1188 579//579 578//578
f 1188//1188 578//578 577//577
f 1190//1190 1191//1191 572//572
f 572//572 1191//1191 1192//1192
f 572//572 1192//1192 526//526
f 526//526 1192//1192 1193//1193
f 526//526 1193//1193 527//527
f 527//527 1193//1193 1194//1194
f 527//527 1194//1194 573//573
f 573//573 1194//1194 1195//1195
f 573//573 1195//1195 574//574
f 574//574 1195//1195 1196//1196
f 574//574 1196//1196 548//548
f 548//548 1196//1196 1197//1197
f 548//548 1197//1197 547//547
f 547//547 1197//1197 1198//1198
f 547//547 1198//1198 546//546
f 546//546 1198//1198 1199//1199
f 546//546 1199//1199 575//575
f 575//575 1199//1199 1200//1200
f 575//575 1200//1200 576//576
f 576//576 1200//1200 1201//1201
f 576//576 1201//1201 531//531
f 531//531 1201//1201 1202//1202
f 531//531 1202//1202 530//530
f 530//530 1202//1202 1203//1203
f 530//530 1203//1203 529//529
f 529//529 1203//1203 1204//1204
f 529//529 1204//1204 549//549
f 549//549 1204//1204 1185//1185
f 549//549 1185//1185 532//532
f 532//532 1185//1185 533//533
f 544//544 1137//1137 545//545
f 545//545 1137//1137 1205//1205
f 545//545 1205//1205 568//568
f 572//572 571//571 1190//1190
f 1190//1190 571//571 570//570
f 1190//1190 570//570 1206//1206
f 1206//1206 570//570 569//569
f 1206//1206 569//569 1207//1207
f 1207//1207 569//569 568//568
f 1207//1207 568//568 1208//1208
f 1208//1208 568//568 1205//1205
f 1209//1209 1210//1210 1211//1211
f 1212//1212 1213//1213 1214//1214
f 1215//1215 1216//1216 1217//1217
f 1218//1218 1219//1219 1220//1220
f 1221//1221 1222//1222 1223//1223
f 1224//1224 1223//1223 1225//1225
f 1226//1226 1227//1227 1228//1228
f 1229//1229 1230//1230 1231//1231
f 1232//1232 1233//1233 1234//1234
f 1235//1235 1236//1236 1237//1237
f 1238//1238 1239//1239 1240//1240
f 1241//1241 1242//1242 1243//1243
f 1244//1244 1245//1245 1246//1246
f 1247//1247 1248//1248 1249//1249
f 1250//1250 1251//1251 1252//1252
f 1253//1253 1254//1254 1255//1255
f 1256//1256 1257//1257 1258//1258
f 1259//1259 1260//1260 1261//1261
f 1262//1262 1263//1263 1264//1264
f 1265//1265 1266//1266 1267//1267
f 1268//1268 1269//1269 1270//1270
f 1271//1271 1272//1272 1273//1273
f 1274//1274 1275//1275 1276//1276
f 1277//1277 1278//1278 1279//1279
f 1280//1280 1281//1281 1282//1282
f 1283//1283 1284//1284 1285//1285
f 1286//1286 1287//1287 1288//1288
f 1289//1289 1290//1290 1291//1291
f 1292//1292 1293//1293 1294//1294
f 1291//1291 1295//1295 1296//1296
f 1297//1297 1298//1298 1299//1299
f 1300//1300 1301//1301 1302//1302
f 1303//1303 1304//1304 1305//1305
f 1306//1306 1307//1307 1308//1308
f 1309//1309 1310//1310 1311//1311
f 1312//1312 1313//1313 1314//1314
f 1315//1315 1316//1316 1317//1317
f 1318//1318 1319//1319 1320//1320
f 1071//1071 1096//1096 1321//1321
f 1069//1069 1068//1068 1209//1209
f 1049//1049 1054//1054 1322//1322
f 1052//1052 1047//1047 1323//1323
f 1020//1020 1064//1064 1324//1324
f 1324//1324 1064//1064 1063//1063
f 1324//1324 1063//1063 1076//1076
f 1012//1012 1035//1035 1325//1325
f 1325//1325 1035//1035 1034//1034
f 1034//1034 1033//1033 1326//1326
f 1326//1326 1033//1033 1022//1022
f 1326//1326 1022//1022 1020//1020
f 1017//1017 1016//1016 1327//1327
f 1327//1327 1016//1016 1011//1011
f 1026//1026 1028//1028 1328//1328
f 1328//1328 1028//1028 1041//1041
f 1040//1040 1039//1039 1329//1329
f 1329//1329 1039//1039 1037//1037
f 1329//1329 1037//1037 1036//1036
f 1045//1045 1043//1043 1330//1330
f 1330//1330 1043//1043 1042//1042
f 1330//1330 1042//1042 1024//1024
f 1052//1052 1323//1323 1053//1053
f 1049//1049 1322//1322 1051//1051
f 1066//1066 1065//1065 1331//1331
f 1210//1210 1209//1209 1331//1331
f 1331//1331 1209//1209 1068//1068
f 1331//1331 1068//1068 1066//1066
f 1059//1059 1057//1057 1332//1332
f 1332//1332 1057//1057 1058//1058
f 1332//1332 1058//1058 1070//1070
f 1079//1079 1080//1080 1333//1333
f 1333//1333 1080//1080 1060//1060
f 1092//1092 1090//1090 1334//1334
f 1334//1334 1090//1090 1089//1089
f 1334//1334 1089//1089 1077//1077
f 1029//1029 1083//1083 1335//1335
f 1095//1095 1094//1094 1336//1336
f 1336//1336 1094//1094 1029//1029
f 1335//1335 1083//1083 1337//1337
f 1337//1337 1083//1083 1082//1082
f 1337//1337 1082//1082 1093//1093
f 1103//1103 1102//1102 1338//1338
f 1100//1100 1098//1098 1338//1338
f 1338//1338 1098//1098 1104//1104
f 1338//1338 1104//1104 1103//1103
f 1113//1113 1115//1115 1339//1339
f 1339//1339 1115//1115 1116//1116
f 1339//1339 1116//1116 1100//1100
f 1107//1107 1109//1109 1340//1340
f 1340//1340 1109//1109 1111//1111
f 1340//1340 1111//1111 1113//1113
f 1341//1341 1342//1342 1343//1343
f 1343//1343 1342//1342 1344//1344
f 1343//1343 1344//1344 1345//1345
f 1346//1346 1347//1347 1348//1348
f 1348//1348 1347//1347 1349//1349
f 1348//1348 1349//1349 1350//1350
f 1350//1350 1349//1349 1351//1351
f 1350//1350 1351//1351 1341//1341
f 1341//1341 1351//1351 1352//1352
f 1341//1341 1352//1352 1342//1342
f 1346//1346 1348//1348 1353//1353
f 1353//1353 1348//1348 1354//1354
f 1353//1353 1354//1354 1355//1355
f 1355//1355 1354//1354 1356//1356
f 1355//1355 1356//1356 1357//1357
f 1357//1357 1356//1356 1358//1358
f 1358//1358 1356//1356 1359//1359
f 1358//1358 1359//1359 1360//1360
f 1361//1361 1362//1362 1360//1360
f 1363//1363 1364//1364 1365//1365
f 1365//1365 1364//1364 1366//1366
f 1365//1365 1366//1366 1361//1361
f 1361//1361 1366//1366 1367//1367
f 1361//1361 1367//1367 1362//1362
f 1368//1368 1369//1369 1363//1363
f 1363//1363 1369//1369 1370//1370
f 1363//1363 1370//1370 1364//1364
f 1371//1371 1372//1372 1373//1373
f 1373//1373 1372//1372 1374//1374
f 1373//1373 1374//1374 1375//1375
f 1375//1375 1374//1374 1376//1376
f 1377//1377 1378//1378 1379//1379
f 1377//1377 1379//1379 1380//1380
f 1379//1379 1381//1381 1380//1380
f 1380//1380 1381//1381 1382//1382
f 1380//1380 1382//1382 1383//1383
f 1383//1383 1382//1382 1384//1384
f 1383//1383 1384//1384 1376//1376
f 1376//1376 1384//1384 1385//1385
f 1376//1376 1385//1385 1375//1375
f 1378//1378 1377//1377 1386//1386
f 1386//1386 1377//1377 1387//1387
f 1386//1386 1387//1387 1388//1388
f 1389//1389 1390//1390 1387//1387
f 1387//1387 1390//1390 1391//1391
f 1387//1387 1391//1391 1388//1388
f 1392//1392 1393//1393 1394//1394
f 1394//1394 1393//1393 1395//1395
f 1394//1394 1395//1395 1389//1389
f 1389//1389 1395//1395 1396//1396
f 1389//1389 1396//1396 1390//1390
f 1392//1392 1394//1394 1397//1397
f 1397//1397 1394//1394 1398//1398
f 1397//1397 1398//1398 1399//1399
f 1399//1399 1398//1398 1400//1400
f 1400//1400 1398//1398 1401//1401
f 1400//1400 1401//1401 1402//1402
f 1403//1403 1404//1404 1405//1405
f 1405//1405 1404//1404 1406//1406
f 1405//1405 1406//1406 1407//1407
f 1407//1407 1406//1406 1408//1408
f 1407//1407 1408//1408 1401//1401
f 1401//1401 1408//1408 1409//1409
f 1401//1401 1409//1409 1402//1402
f 1410//1410 1411//1411 1412//1412
f 1412//1412 1411//1411 1413//1413
f 1319//1319 1414//1414 1320//1320
f 1320//1320 1414//1414 1415//1415
f 1320//1320 1415//1415 1416//1416
f 1417//1417 1418//1418 1419//1419
f 1419//1419 1418//1418 1420//1420
f 1421//1421 1422//1422 1419//1419
f 1419//1419 1422//1422 1423//1423
f 1419//1419 1423//1423 1417//1417
f 1424//1424 1425//1425 1426//1426
f 1426//1426 1425//1425 1427//1427
f 1426//1426 1427//1427 1421//1421
f 1428//1428 1429//1429 1430//1430
f 1430//1430 1429//1429 1431//1431
f 1430//1430 1431//1431 1432//1432
f 1433//1433 1434//1434 1435//1435
f 1435//1435 1434//1434 1436//1436
f 1437//1437 1438//1438 1439//1439
f 1439//1439 1438//1438 1440//1440
f 1439//1439 1440//1440 1441//1441
f 1437//1437 1442//1442 1438//1438
f 1438//1438 1442//1442 1443//1443
f 1438//1438 1443//1443 1435//1435
f 1435//1435 1443//1443 1444//1444
f 1435//1435 1444//1444 1433//1433
f 1445//1445 1446//1446 1447//1447
f 1447//1447 1446//1446 1448//1448
f 1447//1447 1448//1448 1449//1449
f 1445//1445 1450//1450 1446//1446
f 1446//1446 1450//1450 1451//1451
f 1446//1446 1451//1451 1440//1440
f 1440//1440 1451//1451 1452//1452
f 1440//1440 1452//1452 1441//1441
f 1317//1317 1316//1316 1453//1453
f 1316//1316 1454//1454 1453//1453
f 1453//1453 1454//1454 1455//1455
f 1453//1453 1455//1455 1448//1448
f 1448//1448 1455//1455 1456//1456
f 1448//1448 1456//1456 1449//1449
f 1457//1457 1458//1458 1459//1459
f 1459//1459 1458//1458 1460//1460
f 1460//1460 1461//1461 1459//1459
f 1459//1459 1461//1461 1462//1462
f 1459//1459 1462//1462 1317//1317
f 1317//1317 1462//1462 1463//1463
f 1317//1317 1463//1463 1315//1315
f 1464//1464 1465//1465 1466//1466
f 1465//1465 1467//1467 1466//1466
f 1466//1466 1467//1467 1468//1468
f 1466//1466 1468//1468 1457//1457
f 1457//1457 1468//1468 1469//1469
f 1457//1457 1469//1469 1458//1458
f 1470//1470 1471//1471 1472//1472
f 1473//1473 1474//1474 1475//1475
f 1475//1475 1474//1474 1476//1476
f 1475//1475 1476//1476 1470//1470
f 1470//1470 1476//1476 1477//1477
f 1470//1470 1477//1477 1471//1471
f 1314//1314 1313//1313 1478//1478
f 1478//1478 1313//1313 1479//1479
f 1478//1478 1479//1479 1480//1480
f 1480//1480 1481//1481 1478//1478
f 1478//1478 1481//1481 1482//1482
f 1478//1478 1482//1482 1475//1475
f 1475//1475 1482//1482 1483//1483
f 1475//1475 1483//1483 1473//1473
f 1484//1484 1485//1485 1486//1486
f 1486//1486 1485//1485 1487//1487
f 1486//1486 1487//1487 1488//1488
f 1484//1484 1489//1489 1485//1485
f 1485//1485 1489//1489 1490//1490
f 1485//1485 1490//1490 1314//1314
f 1314//1314 1490//1490 1491//1491
f 1314//1314 1491//1491 1312//1312
f 1311//1311 1310//1310 1487//1487
f 1487//1487 1310//1310 1492//1492
f 1487//1487 1492//1492 1488//1488
f 1308//1308 1307//1307 1311//1311
f 1311//1311 1307//1307 1493//1493
f 1311//1311 1493//1493 1309//1309
f 1494//1494 1495//1495 1496//1496
f 1496//1496 1495//1495 1497//1497
f 1496//1496 1497//1497 1308//1308
f 1308//1308 1497//1497 1498//1498
f 1308//1308 1498//1498 1306//1306
f 1499//1499 1500//1500 1501//1501
f 1499//1499 1501//1501 1502//1502
f 1502//1502 1501//1501 1503//1503
f 1502//1502 1503//1503 1504//1504
f 1505//1505 1506//1506 1507//1507
f 1505//1505 1507//1507 1499//1499
f 1499//1499 1507//1507 1508//1508
f 1499//1499 1508//1508 1500//1500
f 1509//1509 1510//1510 1511//1511
f 1511//1511 1510//1510 1512//1512
f 1511//1511 1512//1512 1505//1505
f 1505//1505 1512//1512 1513//1513
f 1505//1505 1513//1513 1506//1506
f 1514//1514 1515//1515 1511//1511
f 1511//1511 1515//1515 1516//1516
f 1511//1511 1516//1516 1509//1509
f 1517//1517 1518//1518 1514//1514
f 1518//1518 1519//1519 1514//1514
f 1514//1514 1519//1519 1520//1520
f 1514//1514 1520//1520 1515//1515
f 1521//1521 1522//1522 1523//1523
f 1303//1303 1305//1305 1524//1524
f 1324//1324 1525//1525 1526//1526
f 1526//1526 1525//1525 1527//1527
f 1526//1526 1527//1527 1528//1528
f 1041//1041 1040//1040 1328//1328
f 1328//1328 1040//1040 1329//1329
f 1328//1328 1329//1329 1529//1529
f 1024//1024 1026//1026 1330//1330
f 1330//1330 1026//1026 1328//1328
f 1330//1330 1328//1328 1530//1530
f 1530//1530 1328//1328 1529//1529
f 1530//1530 1529//1529 1531//1531
f 1532//1532 1533//1533 1534//1534
f 1534//1534 1533//1533 1535//1535
f 1534//1534 1535//1535 1536//1536
f 1536//1536 1535//1535 1537//1537
f 1536//1536 1537//1537 1538//1538
f 1539//1539 1531//1531 1540//1540
f 1540//1540 1531//1531 1529//1529
f 1540//1540 1529//1529 1541//1541
f 1541//1541 1529//1529 1329//1329
f 1541//1541 1329//1329 1327//1327
f 1327//1327 1329//1329 1036//1036
f 1327//1327 1036//1036 1017//1017
f 1542//1542 1539//1539 1543//1543
f 1543//1543 1539//1539 1540//1540
f 1543//1543 1540//1540 1544//1544
f 1544//1544 1540//1540 1541//1541
f 1544//1544 1541//1541 1545//1545
f 1545//1545 1541//1541 1327//1327
f 1545//1545 1327//1327 1325//1325
f 1325//1325 1327//1327 1011//1011
f 1325//1325 1011//1011 1012//1012
f 1034//1034 1326//1326 1325//1325
f 1325//1325 1326//1326 1546//1546
f 1325//1325 1546//1546 1545//1545
f 1545//1545 1546//1546 1547//1547
f 1545//1545 1547//1547 1544//1544
f 1544//1544 1547//1547 1548//1548
f 1544//1544 1548//1548 1543//1543
f 1543//1543 1548//1548 1549//1549
f 1543//1543 1549//1549 1542//1542
f 1020//1020 1324//1324 1326//1326
f 1326//1326 1324//1324 1526//1526
f 1326//1326 1526//1526 1546//1546
f 1546//1546 1526//1526 1550//1550
f 1546//1546 1550//1550 1547//1547
f 1547//1547 1550//1550 1551//1551
f 1547//1547 1551//1551 1548//1548
f 1548//1548 1551//1551 1552//1552
f 1548//1548 1552//1552 1549//1549
f 1301//1301 1300//1300 1553//1553
f 1554//1554 1538//1538 1300//1300
f 1300//1300 1538//1538 1537//1537
f 1300//1300 1537//1537 1553//1553
f 1553//1553 1537//1537 1535//1535
f 1553//1553 1535//1535 1552//1552
f 1552//1552 1535//1535 1533//1533
f 1552//1552 1533//1533 1549//1549
f 1549//1549 1533//1533 1532//1532
f 1549//1549 1532//1532 1542//1542
f 1555//1555 1556//1556 1557//1557
f 1557//1557 1556//1556 1558//1558
f 1557//1557 1558//1558 1559//1559
f 1559//1559 1558//1558 1560//1560
f 1559//1559 1560//1560 1561//1561
f 1561//1561 1560//1560 1562//1562
f 1561//1561 1562//1562 1563//1563
f 1563//1563 1562//1562 1564//1564
f 1563//1563 1564//1564 1565//1565
f 1565//1565 1564//1564 1566//1566
f 1565//1565 1566//1566 1567//1567
f 1567//1567 1566//1566 1568//1568
f 1567//1567 1568//1568 1569//1569
f 1569//1569 1568//1568 1570//1570
f 1569//1569 1570//1570 1571//1571
f 1571//1571 1570//1570 1572//1572
f 1571//1571 1572//1572 1573//1573
f 1573//1573 1572//1572 1574//1574
f 1573//1573 1574//1574 1323//1323
f 1323//1323 1574//1574 1322//1322
f 1323//1323 1322//1322 1053//1053
f 1053//1053 1322//1322 1054//1054
f 1575//1575 1576//1576 1577//1577
f 1577//1577 1576//1576 1555//1555
f 1575//1575 1297//1297 1576//1576
f 1576//1576 1297//1297 1299//1299
f 1576//1576 1299//1299 1555//1555
f 1555//1555 1299//1299 1578//1578
f 1555//1555 1578//1578 1556//1556
f 1577//1577 1579//1579 1575//1575
f 1575//1575 1579//1579 1580//1580
f 1575//1575 1580//1580 1297//1297
f 1297//1297 1580//1580 1296//1296
f 1297//1297 1296//1296 1298//1298
f 1298//1298 1296//1296 1295//1295
f 1528//1528 1524//1524 1526//1526
f 1526//1526 1524//1524 1305//1305
f 1526//1526 1305//1305 1550//1550
f 1550//1550 1305//1305 1581//1581
f 1550//1550 1581//1581 1551//1551
f 1551//1551 1581//1581 1582//1582
f 1551//1551 1582//1582 1552//1552
f 1552//1552 1582//1582 1583//1583
f 1552//1552 1583//1583 1553//1553
f 1553//1553 1583//1583 1584//1584
f 1553//1553 1584//1584 1301//1301
f 1301//1301 1584//1584 1585//1585
f 1301//1301 1585//1585 1302//1302
f 1302//1302 1585//1585 1586//1586
f 1304//1304 1521//1521 1305//1305
f 1305//1305 1521//1521 1523//1523
f 1305//1305 1523//1523 1581//1581
f 1581//1581 1523//1523 1587//1587
f 1581//1581 1587//1587 1582//1582
f 1582//1582 1587//1587 1588//1588
f 1582//1582 1588//1588 1583//1583
f 1583//1583 1588//1588 1589//1589
f 1583//1583 1589//1589 1584//1584
f 1584//1584 1589//1589 1590//1590
f 1584//1584 1590//1590 1585//1585
f 1585//1585 1590//1590 1591//1591
f 1585//1585 1591//1591 1586//1586
f 1522//1522 1517//1517 1523//1523
f 1523//1523 1517//1517 1514//1514
f 1523//1523 1514//1514 1587//1587
f 1587//1587 1514//1514 1511//1511
f 1587//1587 1511//1511 1588//1588
f 1588//1588 1511//1511 1505//1505
f 1588//1588 1505//1505 1589//1589
f 1589//1589 1505//1505 1499//1499
f 1589//1589 1499//1499 1590//1590
f 1590//1590 1499//1499 1502//1502
f 1590//1590 1502//1502 1591//1591
f 1591//1591 1502//1502 1592//1592
f 1591//1591 1592//1592 1586//1586
f 1593//1593 1594//1594 1289//1289
f 1595//1595 1596//1596 1597//1597
f 1594//1594 1593//1593 1598//1598
f 1598//1598 1593//1593 1599//1599
f 1598//1598 1599//1599 1600//1600
f 1292//1292 1596//1596 1293//1293
f 1293//1293 1596//1596 1595//1595
f 1293//1293 1595//1595 1601//1601
f 1601//1601 1595//1595 1602//1602
f 1601//1601 1602//1602 1603//1603
f 1604//1604 1605//1605 1606//1606
f 1606//1606 1605//1605 1607//1607
f 1606//1606 1607//1607 1608//1608
f 1609//1609 1610//1610 1611//1611
f 1285//1285 1284//1284 1609//1609
f 1609//1609 1284//1284 1612//1612
f 1609//1609 1612//1612 1610//1610
f 1613//1613 1614//1614 1615//1615
f 1616//1616 1288//1288 1617//1617
f 1617//1617 1288//1288 1287//1287
f 1617//1617 1287//1287 1618//1618
f 1617//1617 1619//1619 1616//1616
f 1616//1616 1619//1619 1620//1620
f 1616//1616 1620//1620 1621//1621
f 1622//1622 1614//1614 1623//1623
f 1623//1623 1614//1614 1613//1613
f 1623//1623 1613//1613 1624//1624
f 1579//1579 1625//1625 1580//1580
f 1580//1580 1625//1625 1626//1626
f 1580//1580 1626//1626 1627//1627
f 1627//1627 1626//1626 1628//1628
f 1627//1627 1628//1628 1629//1629
f 1629//1629 1628//1628 1630//1630
f 1629//1629 1630//1630 1631//1631
f 1631//1631 1630//1630 1632//1632
f 1631//1631 1632//1632 1633//1633
f 1634//1634 1635//1635 1636//1636
f 1636//1636 1635//1635 1637//1637
f 1636//1636 1637//1637 1638//1638
f 1638//1638 1637//1637 1639//1639
f 1638//1638 1639//1639 1621//1621
f 1619//1619 1611//1611 1620//1620
f 1620//1620 1611//1611 1610//1610
f 1620//1620 1610//1610 1621//1621
f 1621//1621 1610//1610 1612//1612
f 1621//1621 1612//1612 1638//1638
f 1638//1638 1612//1612 1284//1284
f 1638//1638 1284//1284 1636//1636
f 1636//1636 1284//1284 1283//1283
f 1636//1636 1283//1283 1634//1634
f 1640//1640 1622//1622 1641//1641
f 1641//1641 1622//1622 1623//1623
f 1641//1641 1623//1623 1642//1642
f 1642//1642 1623//1623 1624//1624
f 1642//1642 1624//1624 1643//1643
f 1643//1643 1624//1624 1644//1644
f 1643//1643 1644//1644 1645//1645
f 1599//1599 1646//1646 1600//1600
f 1600//1600 1646//1646 1647//1647
f 1600//1600 1647//1647 1648//1648
f 1648//1648 1647//1647 1649//1649
f 1648//1648 1649//1649 1650//1650
f 1650//1650 1649//1649 1651//1651
f 1650//1650 1651//1651 1652//1652
f 1653//1653 1640//1640 1654//1654
f 1654//1654 1640//1640 1641//1641
f 1654//1654 1641//1641 1655//1655
f 1655//1655 1641//1641 1642//1642
f 1655//1655 1642//1642 1656//1656
f 1656//1656 1642//1642 1643//1643
f 1656//1656 1643//1643 1657//1657
f 1657//1657 1643//1643 1645//1645
f 1657//1657 1645//1645 1658//1658
f 1289//1289 1291//1291 1593//1593
f 1593//1593 1291//1291 1296//1296
f 1593//1593 1296//1296 1599//1599
f 1599//1599 1296//1296 1580//1580
f 1599//1599 1580//1580 1646//1646
f 1646//1646 1580//1580 1627//1627
f 1646//1646 1627//1627 1647//1647
f 1647//1647 1627//1627 1629//1629
f 1647//1647 1629//1629 1649//1649
f 1649//1649 1629//1629 1631//1631
f 1649//1649 1631//1631 1651//1651
f 1651//1651 1631//1631 1633//1633
f 1651//1651 1633//1633 1652//1652
f 1659//1659 1660//1660 1219//1219
f 1661//1661 1662//1662 1663//1663
f 1663//1663 1662//1662 1280//1280
f 1663//1663 1280//1280 1664//1664
f 1664//1664 1280//1280 1282//1282
f 1664//1664 1282//1282 1665//1665
f 1659//1659 1666//1666 1660//1660
f 1660//1660 1666//1666 1667//1667
f 1660//1660 1667//1667 1668//1668
f 1668//1668 1667//1667 1669//1669
f 1668//1668 1669//1669 1670//1670
f 1670//1670 1669//1669 1671//1671
f 1670//1670 1671//1671 1672//1672
f 1673//1673 1674//1674 1675//1675
f 1675//1675 1672//1672 1676//1676
f 1676//1676 1672//1672 1671//1671
f 1676//1676 1671//1671 1677//1677
f 1677//1677 1671//1671 1669//1669
f 1677//1677 1669//1669 1678//1678
f 1678//1678 1669//1669 1667//1667
f 1678//1678 1667//1667 1679//1679
f 1679//1679 1667//1667 1666//1666
f 1679//1679 1666//1666 1680//1680
f 1675//1675 1676//1676 1673//1673
f 1673//1673 1676//1676 1677//1677
f 1673//1673 1677//1677 1681//1681
f 1681//1681 1677//1677 1678//1678
f 1681//1681 1678//1678 1682//1682
f 1682//1682 1678//1678 1679//1679
f 1682//1682 1679//1679 1683//1683
f 1683//1683 1679//1679 1680//1680
f 1683//1683 1680//1680 1684//1684
f 1277//1277 1685//1685 1278//1278
f 1278//1278 1685//1685 1686//1686
f 1278//1278 1686//1686 1687//1687
f 1687//1687 1686//1686 1688//1688
f 1687//1687 1688//1688 1281//1281
f 1689//1689 1690//1690 1691//1691
f 1659//1659 1615//1615 1666//1666
f 1666//1666 1615//1615 1614//1614
f 1666//1666 1614//1614 1680//1680
f 1680//1680 1614//1614 1622//1622
f 1680//1680 1622//1622 1684//1684
f 1684//1684 1622//1622 1640//1640
f 1684//1684 1640//1640 1683//1683
f 1683//1683 1640//1640 1653//1653
f 1683//1683 1653//1653 1682//1682
f 1682//1682 1653//1653 1692//1692
f 1682//1682 1692//1692 1681//1681
f 1681//1681 1692//1692 1693//1693
f 1681//1681 1693//1693 1673//1673
f 1673//1673 1693//1693 1694//1694
f 1673//1673 1694//1694 1674//1674
f 1695//1695 1696//1696 1697//1697
f 1697//1697 1696//1696 1698//1698
f 1697//1697 1698//1698 1699//1699
f 1699//1699 1698//1698 1700//1700
f 1699//1699 1700//1700 1701//1701
f 1701//1701 1700//1700 1702//1702
f 1701//1701 1702//1702 1703//1703
f 1703//1703 1702//1702 1704//1704
f 1703//1703 1704//1704 1592//1592
f 1592//1592 1704//1704 1705//1705
f 1592//1592 1705//1705 1586//1586
f 1586//1586 1705//1705 1706//1706
f 1586//1586 1706//1706 1302//1302
f 1302//1302 1706//1706 1707//1707
f 1302//1302 1707//1707 1300//1300
f 1708//1708 1709//1709 1710//1710
f 1710//1710 1709//1709 1711//1711
f 1710//1710 1711//1711 1712//1712
f 1554//1554 1300//1300 1713//1713
f 1713//1713 1300//1300 1707//1707
f 1713//1713 1707//1707 1714//1714
f 1714//1714 1707//1707 1706//1706
f 1714//1714 1706//1706 1715//1715
f 1715//1715 1706//1706 1705//1705
f 1715//1715 1705//1705 1716//1716
f 1716//1716 1705//1705 1704//1704
f 1716//1716 1704//1704 1717//1717
f 1717//1717 1704//1704 1702//1702
f 1717//1717 1702//1702 1718//1718
f 1718//1718 1702//1702 1700//1700
f 1718//1718 1700//1700 1719//1719
f 1719//1719 1700//1700 1698//1698
f 1719//1719 1698//1698 1720//1720
f 1720//1720 1698//1698 1696//1696
f 1720//1720 1696//1696 1721//1721
f 1721//1721 1696//1696 1695//1695
f 1721//1721 1695//1695 1722//1722
f 1504//1504 1494//1494 1502//1502
f 1502//1502 1494//1494 1496//1496
f 1502//1502 1496//1496 1592//1592
f 1592//1592 1496//1496 1308//1308
f 1592//1592 1308//1308 1703//1703
f 1703//1703 1308//1308 1311//1311
f 1703//1703 1311//1311 1701//1701
f 1701//1701 1311//1311 1487//1487
f 1701//1701 1487//1487 1699//1699
f 1699//1699 1487//1487 1485//1485
f 1699//1699 1485//1485 1697//1697
f 1697//1697 1485//1485 1314//1314
f 1697//1697 1314//1314 1695//1695
f 1695//1695 1314//1314 1478//1478
f 1695//1695 1478//1478 1722//1722
f 1722//1722 1478//1478 1475//1475
f 1722//1722 1475//1475 1723//1723
f 1723//1723 1475//1475 1470//1470
f 1723//1723 1470//1470 1724//1724
f 1725//1725 1726//1726 1727//1727
f 1727//1727 1726//1726 1728//1728
f 1727//1727 1728//1728 1729//1729
f 1729//1729 1728//1728 1730//1730
f 1729//1729 1730//1730 1731//1731
f 1731//1731 1730//1730 1732//1732
f 1731//1731 1732//1732 1733//1733
f 1733//1733 1732//1732 1734//1734
f 1733//1733 1734//1734 1735//1735
f 1735//1735 1734//1734 1736//1736
f 1735//1735 1736//1736 1737//1737
f 1737//1737 1736//1736 1738//1738
f 1737//1737 1738//1738 1739//1739
f 1739//1739 1738//1738 1740//1740
f 1739//1739 1740//1740 1741//1741
f 1741//1741 1740//1740 1742//1742
f 1741//1741 1742//1742 1708//1708
f 1708//1708 1742//1742 1743//1743
f 1708//1708 1743//1743 1709//1709
f 1709//1709 1743//1743 1652//1652
f 1709//1709 1652//1652 1711//1711
f 1711//1711 1652//1652 1633//1633
f 1711//1711 1633//1633 1712//1712
f 1712//1712 1633//1633 1632//1632
f 1744//1744 1725//1725 1745//1745
f 1745//1745 1725//1725 1727//1727
f 1745//1745 1727//1727 1746//1746
f 1746//1746 1727//1727 1729//1729
f 1746//1746 1729//1729 1747//1747
f 1747//1747 1729//1729 1731//1731
f 1747//1747 1731//1731 1748//1748
f 1748//1748 1731//1731 1733//1733
f 1748//1748 1733//1733 1749//1749
f 1749//1749 1733//1733 1735//1735
f 1749//1749 1735//1735 1750//1750
f 1750//1750 1735//1735 1737//1737
f 1750//1750 1737//1737 1751//1751
f 1751//1751 1737//1737 1739//1739
f 1751//1751 1739//1739 1724//1724
f 1724//1724 1739//1739 1741//1741
f 1724//1724 1741//1741 1723//1723
f 1723//1723 1741//1741 1708//1708
f 1723//1723 1708//1708 1722//1722
f 1722//1722 1708//1708 1710//1710
f 1722//1722 1710//1710 1721//1721
f 1721//1721 1710//1710 1712//1712
f 1721//1721 1712//1712 1720//1720
f 1720//1720 1712//1712 1632//1632
f 1720//1720 1632//1632 1719//1719
f 1719//1719 1632//1632 1630//1630
f 1719//1719 1630//1630 1718//1718
f 1718//1718 1630//1630 1628//1628
f 1718//1718 1628//1628 1717//1717
f 1717//1717 1628//1628 1626//1626
f 1717//1717 1626//1626 1716//1716
f 1716//1716 1626//1626 1625//1625
f 1716//1716 1625//1625 1715//1715
f 1715//1715 1625//1625 1579//1579
f 1715//1715 1579//1579 1714//1714
f 1714//1714 1579//1579 1577//1577
f 1714//1714 1577//1577 1713//1713
f 1713//1713 1577//1577 1555//1555
f 1713//1713 1555//1555 1554//1554
f 1554//1554 1555//1555 1557//1557
f 1554//1554 1557//1557 1538//1538
f 1538//1538 1557//1557 1559//1559
f 1538//1538 1559//1559 1536//1536
f 1536//1536 1559//1559 1561//1561
f 1536//1536 1561//1561 1534//1534
f 1534//1534 1561//1561 1563//1563
f 1534//1534 1563//1563 1532//1532
f 1532//1532 1563//1563 1565//1565
f 1532//1532 1565//1565 1542//1542
f 1542//1542 1565//1565 1567//1567
f 1542//1542 1567//1567 1539//1539
f 1539//1539 1567//1567 1569//1569
f 1539//1539 1569//1569 1531//1531
f 1531//1531 1569//1569 1571//1571
f 1531//1531 1571//1571 1530//1530
f 1530//1530 1571//1571 1573//1573
f 1530//1530 1573//1573 1330//1330
f 1330//1330 1573//1573 1323//1323
f 1330//1330 1323//1323 1045//1045
f 1045//1045 1323//1323 1047//1047
f 1219//1219 1660//1660 1220//1220
f 1220//1220 1660//1660 1668//1668
f 1220//1220 1668//1668 1752//1752
f 1752//1752 1668//1668 1670//1670
f 1752//1752 1670//1670 1665//1665
f 1665//1665 1670//1670 1672//1672
f 1665//1665 1672//1672 1664//1664
f 1664//1664 1672//1672 1675//1675
f 1664//1664 1675//1675 1663//1663
f 1663//1663 1675//1675 1674//1674
f 1663//1663 1674//1674 1661//1661
f 1661//1661 1674//1674 1694//1694
f 1661//1661 1694//1694 1753//1753
f 1753//1753 1694//1694 1754//1754
f 1753//1753 1754//1754 1755//1755
f 1755//1755 1754//1754 1756//1756
f 1755//1755 1756//1756 1757//1757
f 1757//1757 1756//1756 1758//1758
f 1757//1757 1758//1758 1759//1759
f 1759//1759 1758//1758 1760//1760
f 1759//1759 1760//1760 1430//1430
f 1430//1430 1760//1760 1761//1761
f 1430//1430 1761//1761 1428//1428
f 1435//1435 1744//1744 1438//1438
f 1438//1438 1744//1744 1745//1745
f 1438//1438 1745//1745 1440//1440
f 1440//1440 1745//1745 1746//1746
f 1440//1440 1746//1746 1446//1446
f 1446//1446 1746//1746 1747//1747
f 1446//1446 1747//1747 1448//1448
f 1448//1448 1747//1747 1748//1748
f 1448//1448 1748//1748 1453//1453
f 1453//1453 1748//1748 1749//1749
f 1453//1453 1749//1749 1317//1317
f 1317//1317 1749//1749 1750//1750
f 1317//1317 1750//1750 1459//1459
f 1459//1459 1750//1750 1751//1751
f 1459//1459 1751//1751 1457//1457
f 1457//1457 1751//1751 1724//1724
f 1457//1457 1724//1724 1466//1466
f 1466//1466 1724//1724 1470//1470
f 1466//1466 1470//1470 1464//1464
f 1464//1464 1470//1470 1472//1472
f 1281//1281 1280//1280 1687//1687
f 1687//1687 1280//1280 1662//1662
f 1687//1687 1662//1662 1278//1278
f 1278//1278 1662//1662 1661//1661
f 1278//1278 1661//1661 1279//1279
f 1279//1279 1661//1661 1753//1753
f 1279//1279 1753//1753 1762//1762
f 1762//1762 1753//1753 1755//1755
f 1762//1762 1755//1755 1763//1763
f 1763//1763 1755//1755 1757//1757
f 1763//1763 1757//1757 1764//1764
f 1764//1764 1757//1757 1759//1759
f 1764//1764 1759//1759 1765//1765
f 1765//1765 1759//1759 1430//1430
f 1765//1765 1430//1430 1426//1426
f 1426//1426 1430//1430 1432//1432
f 1426//1426 1432//1432 1424//1424
f 1421//1421 1419//1419 1426//1426
f 1426//1426 1419//1419 1766//1766
f 1426//1426 1766//1766 1765//1765
f 1765//1765 1766//1766 1767//1767
f 1765//1765 1767//1767 1764//1764
f 1764//1764 1767//1767 1768//1768
f 1764//1764 1768//1768 1763//1763
f 1763//1763 1768//1768 1769//1769
f 1763//1763 1769//1769 1762//1762
f 1762//1762 1769//1769 1691//1691
f 1762//1762 1691//1691 1279//1279
f 1279//1279 1691//1691 1690//1690
f 1279//1279 1690//1690 1277//1277
f 1277//1277 1690//1690 1770//1770
f 1277//1277 1770//1770 1685//1685
f 1771//1771 1689//1689 1772//1772
f 1772//1772 1689//1689 1773//1773
f 1772//1772 1773//1773 1774//1774
f 1774//1774 1773//1773 1775//1775
f 1774//1774 1775//1775 1776//1776
f 1776//1776 1775//1775 1777//1777
f 1776//1776 1777//1777 1778//1778
f 1778//1778 1777//1777 1779//1779
f 1778//1778 1779//1779 1780//1780
f 1780//1780 1779//1779 1781//1781
f 1780//1780 1781//1781 1782//1782
f 1782//1782 1781//1781 1320//1320
f 1782//1782 1320//1320 1412//1412
f 1412//1412 1320//1320 1416//1416
f 1412//1412 1416//1416 1410//1410
f 1689//1689 1691//1691 1773//1773
f 1773//1773 1691//1691 1769//1769
f 1773//1773 1769//1769 1775//1775
f 1775//1775 1769//1769 1768//1768
f 1775//1775 1768//1768 1777//1777
f 1777//1777 1768//1768 1767//1767
f 1777//1777 1767//1767 1779//1779
f 1779//1779 1767//1767 1766//1766
f 1779//1779 1766//1766 1781//1781
f 1781//1781 1766//1766 1419//1419
f 1781//1781 1419//1419 1320//1320
f 1320//1320 1419//1419 1420//1420
f 1320//1320 1420//1420 1318//1318
f 1274//1274 1276//1276 1783//1783
f 1783//1783 1784//1784 1785//1785
f 1785//1785 1784//1784 1786//1786
f 1785//1785 1786//1786 1787//1787
f 1787//1787 1786//1786 1788//1788
f 1788//1788 1789//1789 1790//1790
f 1790//1790 1789//1789 1791//1791
f 1790//1790 1791//1791 1792//1792
f 1275//1275 1793//1793 1276//1276
f 1276//1276 1793//1793 1794//1794
f 1276//1276 1794//1794 1795//1795
f 1795//1795 1794//1794 1796//1796
f 1795//1795 1796//1796 1797//1797
f 1797//1797 1796//1796 1798//1798
f 1799//1799 1800//1800 1256//1256
f 1801//1801 1273//1273 1802//1802
f 1803//1803 1798//1798 1804//1804
f 1804//1804 1798//1798 1796//1796
f 1804//1804 1796//1796 1805//1805
f 1805//1805 1796//1796 1806//1806
f 1269//1269 1807//1807 1808//1808
f 1270//1270 1269//1269 1809//1809
f 1809//1809 1269//1269 1808//1808
f 1809//1809 1808//1808 1810//1810
f 1807//1807 1269//1269 1811//1811
f 1811//1811 1269//1269 1268//1268
f 1811//1811 1268//1268 1812//1812
f 1256//1256 1800//1800 1257//1257
f 1257//1257 1800//1800 1813//1813
f 1257//1257 1813//1813 1258//1258
f 1814//1814 1263//1263 1815//1815
f 1815//1815 1263//1263 1262//1262
f 1815//1815 1262//1262 1816//1816
f 1817//1817 1266//1266 1818//1818
f 1818//1818 1266//1266 1265//1265
f 1818//1818 1265//1265 1819//1819
f 1603//1603 1608//1608 1601//1601
f 1601//1601 1608//1608 1607//1607
f 1601//1601 1607//1607 1293//1293
f 1293//1293 1607//1607 1605//1605
f 1293//1293 1605//1605 1294//1294
f 1294//1294 1605//1605 1820//1820
f 1294//1294 1820//1820 1821//1821
f 1821//1821 1820//1820 1822//1822
f 1821//1821 1822//1822 1823//1823
f 1823//1823 1822//1822 1824//1824
f 1823//1823 1824//1824 1825//1825
f 1825//1825 1824//1824 1826//1826
f 1825//1825 1826//1826 1827//1827
f 1827//1827 1826//1826 1828//1828
f 1814//1814 1829//1829 1263//1263
f 1263//1263 1829//1829 1830//1830
f 1263//1263 1830//1830 1264//1264
f 1264//1264 1830//1830 1831//1831
f 1264//1264 1831//1831 1832//1832
f 1261//1261 1260//1260 1833//1833
f 1833//1833 1260//1260 1834//1834
f 1833//1833 1834//1834 1832//1832
f 1835//1835 1836//1836 1837//1837
f 1832//1832 1831//1831 1833//1833
f 1833//1833 1831//1831 1835//1835
f 1833//1833 1835//1835 1261//1261
f 1261//1261 1835//1835 1837//1837
f 1261//1261 1837//1837 1259//1259
f 1838//1838 1839//1839 1840//1840
f 1840//1840 1839//1839 1841//1841
f 1840//1840 1841//1841 1842//1842
f 1842//1842 1841//1841 1843//1843
f 1842//1842 1843//1843 1844//1844
f 1618//1618 1844//1844 1845//1845
f 1845//1845 1844//1844 1843//1843
f 1845//1845 1843//1843 1846//1846
f 1846//1846 1843//1843 1841//1841
f 1846//1846 1841//1841 1836//1836
f 1836//1836 1841//1841 1839//1839
f 1836//1836 1839//1839 1837//1837
f 1837//1837 1839//1839 1838//1838
f 1837//1837 1838//1838 1259//1259
f 1819//1819 1847//1847 1848//1848
f 1848//1848 1847//1847 1849//1849
f 1848//1848 1849//1849 1850//1850
f 1850//1850 1849//1849 1851//1851
f 1850//1850 1851//1851 1852//1852
f 1852//1852 1851//1851 1853//1853
f 1852//1852 1853//1853 1854//1854
f 1827//1827 1810//1810 1825//1825
f 1825//1825 1810//1810 1808//1808
f 1825//1825 1808//1808 1823//1823
f 1823//1823 1808//1808 1807//1807
f 1823//1823 1807//1807 1821//1821
f 1821//1821 1807//1807 1811//1811
f 1821//1821 1811//1811 1294//1294
f 1294//1294 1811//1811 1812//1812
f 1294//1294 1812//1812 1292//1292
f 1855//1855 1856//1856 1791//1791
f 1791//1791 1856//1856 1857//1857
f 1791//1791 1857//1857 1792//1792
f 1858//1858 1858//1858 1855//1855
f 1855//1855 1858//1858 1859//1859
f 1855//1855 1859//1859 1856//1856
f 1860//1860 1861//1861 1862//1862
f 1862//1862 1861//1861 1863//1863
f 1862//1862 1863//1863 1864//1864
f 1865//1865 1866//1866 1867//1867
f 1867//1867 1866//1866 1255//1255
f 1255//1255 1254//1254 1867//1867
f 1867//1867 1254//1254 1254//1254
f 1867//1867 1254//1254 1858//1858
f 1858//1858 1855//1855 1867//1867
f 1867//1867 1855//1855 1868//1868
f 1867//1867 1868//1868 1865//1865
f 1801//1801 1802//1802 1869//1869
f 1869//1869 1802//1802 1870//1870
f 1869//1869 1870//1870 1871//1871
f 1272//1272 1271//1271 1872//1872
f 1273//1273 1272//1272 1802//1802
f 1802//1802 1272//1272 1872//1872
f 1802//1802 1872//1872 1870//1870
f 1870//1870 1872//1872 1873//1873
f 1870//1870 1873//1873 1871//1871
f 1874//1874 1875//1875 1873//1873
f 1873//1873 1875//1875 1876//1876
f 1873//1873 1876//1876 1871//1871
f 1872//1872 1877//1877 1873//1873
f 1873//1873 1877//1877 1878//1878
f 1873//1873 1878//1878 1874//1874
f 1874//1874 1878//1878 1879//1879
f 1271//1271 1880//1880 1872//1872
f 1872//1872 1880//1880 1881//1881
f 1872//1872 1881//1881 1877//1877
f 1877//1877 1881//1881 1882//1882
f 1877//1877 1882//1882 1878//1878
f 1878//1878 1882//1882 1883//1883
f 1878//1878 1883//1883 1879//1879
f 1879//1879 1883//1883 1884//1884
f 1885//1885 1886//1886 1887//1887
f 1887//1887 1886//1886 1888//1888
f 1887//1887 1888//1888 1889//1889
f 1890//1890 1891//1891 1892//1892
f 1892//1892 1891//1891 1860//1860
f 1893//1893 1894//1894 1891//1891
f 1891//1891 1894//1894 1895//1895
f 1891//1891 1895//1895 1860//1860
f 1860//1860 1895//1895 1896//1896
f 1860//1860 1896//1896 1861//1861
f 1897//1897 1898//1898 1899//1899
f 1899//1899 1899//1899 1897//1897
f 1897//1897 1899//1899 1900//1900
f 1897//1897 1900//1900 1252//1252
f 1252//1252 1900//1900 1900//1900
f 1252//1252 1900//1900 1250//1250
f 1249//1249 1901//1901 1898//1898
f 1898//1898 1901//1901 1902//1902
f 1898//1898 1902//1902 1899//1899
f 1903//1903 1904//1904 1905//1905
f 1905//1905 1904//1904 1906//1906
f 1905//1905 1906//1906 1907//1907
f 1907//1907 1906//1906 1908//1908
f 1248//1248 1247//1247 1909//1909
f 1244//1244 1246//1246 1910//1910
f 1910//1910 1246//1246 1911//1911
f 1910//1910 1911//1911 1912//1912
f 1912//1912 1911//1911 1913//1913
f 1912//1912 1913//1913 1914//1914
f 1915//1915 1916//1916 1917//1917
f 1917//1917 1916//1916 1918//1918
f 1917//1917 1918//1918 1919//1919
f 1920//1920 1921//1921 1922//1922
f 1922//1922 1921//1921 1923//1923
f 1922//1922 1923//1923 1924//1924
f 1924//1924 1923//1923 1917//1917
f 1924//1924 1917//1917 1925//1925
f 1925//1925 1917//1917 1919//1919
f 1920//1920 1914//1914 1921//1921
f 1921//1921 1914//1914 1913//1913
f 1921//1921 1913//1913 1926//1926
f 1926//1926 1913//1913 1911//1911
f 1926//1926 1911//1911 1927//1927
f 1927//1927 1911//1911 1246//1246
f 1927//1927 1246//1246 1247//1247
f 1247//1247 1246//1246 1245//1245
f 1247//1247 1245//1245 1909//1909
f 1241//1241 1243//1243 1928//1928
f 1238//1238 1240//1240 1929//1929
f 1930//1930 1931//1931 1932//1932
f 1932//1932 1931//1931 1933//1933
f 1932//1932 1933//1933 1934//1934
f 1935//1935 1936//1936 1915//1915
f 1915//1915 1936//1936 1937//1937
f 1915//1915 1937//1937 1916//1916
f 1249//1249 1938//1938 1247//1247
f 1247//1247 1938//1938 1939//1939
f 1247//1247 1939//1939 1927//1927
f 1927//1927 1939//1939 1940//1940
f 1927//1927 1940//1940 1926//1926
f 1926//1926 1940//1940 1941//1941
f 1926//1926 1941//1941 1921//1921
f 1921//1921 1941//1941 1942//1942
f 1921//1921 1942//1942 1923//1923
f 1923//1923 1942//1942 1943//1943
f 1923//1923 1943//1943 1917//1917
f 1917//1917 1943//1943 1944//1944
f 1917//1917 1944//1944 1915//1915
f 1915//1915 1944//1944 1945//1945
f 1234//1234 1233//1233 1946//1946
f 1946//1946 1233//1233 1947//1947
f 1946//1946 1947//1947 1948//1948
f 1948//1948 1947//1947 1949//1949
f 1948//1948 1949//1949 1243//1243
f 1885//1885 1950//1950 1886//1886
f 1886//1886 1950//1950 1951//1951
f 1886//1886 1951//1951 1888//1888
f 1888//1888 1951//1951 1952//1952
f 1888//1888 1952//1952 1889//1889
f 1889//1889 1952//1952 1953//1953
f 1954//1954 1955//1955 1956//1956
f 1956//1956 1955//1955 1957//1957
f 1956//1956 1957//1957 1958//1958
f 1958//1958 1957//1957 1959//1959
f 1958//1958 1959//1959 1960//1960
f 1960//1960 1959//1959 1961//1961
f 1960//1960 1961//1961 1962//1962
f 1962//1962 1961//1961 1963//1963
f 1962//1962 1963//1963 1964//1964
f 1955//1955 1965//1965 1957//1957
f 1957//1957 1965//1965 1966//1966
f 1957//1957 1966//1966 1959//1959
f 1959//1959 1966//1966 1967//1967
f 1959//1959 1967//1967 1961//1961
f 1961//1961 1967//1967 1968//1968
f 1961//1961 1968//1968 1963//1963
f 1969//1969 1970//1970 1971//1971
f 1971//1971 1970//1970 1972//1972
f 1971//1971 1972//1972 1973//1973
f 1973//1973 1972//1972 1974//1974
f 1973//1973 1974//1974 1975//1975
f 1975//1975 1974//1974 1976//1976
f 1975//1975 1976//1976 1977//1977
f 1227//1227 1226//1226 1978//1978
f 1978//1978 1226//1226 1979//1979
f 1978//1978 1979//1979 1980//1980
f 1980//1980 1979//1979 1981//1981
f 1980//1980 1981//1981 1982//1982
f 1982//1982 1981//1981 1983//1983
f 1982//1982 1983//1983 1984//1984
f 1984//1984 1983//1983 1985//1985
f 1984//1984 1985//1985 1986//1986
f 1987//1987 1954//1954 1988//1988
f 1988//1988 1954//1954 1956//1956
f 1988//1988 1956//1956 1989//1989
f 1989//1989 1956//1956 1958//1958
f 1989//1989 1958//1958 1990//1990
f 1990//1990 1958//1958 1960//1960
f 1990//1990 1960//1960 1991//1991
f 1991//1991 1960//1960 1962//1962
f 1991//1991 1962//1962 1992//1992
f 1992//1992 1962//1962 1964//1964
f 1992//1992 1964//1964 1993//1993
f 1237//1237 1236//1236 1994//1994
f 1994//1994 1236//1236 1995//1995
f 1994//1994 1995//1995 1996//1996
f 1996//1996 1995//1995 1997//1997
f 1996//1996 1997//1997 1998//1998
f 1998//1998 1997//1997 1999//1999
f 1998//1998 1999//1999 2000//2000
f 2000//2000 1999//1999 2001//2001
f 2000//2000 2001//2001 2002//2002
f 2002//2002 2001//2001 1898//1898
f 2002//2002 1898//1898 2003//2003
f 2003//2003 1898//1898 1897//1897
f 2003//2003 1897//1897 1890//1890
f 1890//1890 1897//1897 1252//1252
f 1890//1890 1252//1252 1891//1891
f 1891//1891 1252//1252 1251//1251
f 1891//1891 1251//1251 1893//1893
f 2004//2004 1235//1235 2005//2005
f 2006//2006 1230//1230 2007//2007
f 2007//2007 1230//1230 1229//1229
f 2007//2007 1229//1229 2004//2004
f 2004//2004 2005//2005 2007//2007
f 2007//2007 2005//2005 2008//2008
f 2007//2007 2008//2008 2006//2006
f 1892//1892 1987//1987 1890//1890
f 1890//1890 1987//1987 1988//1988
f 1890//1890 1988//1988 2003//2003
f 2003//2003 1988//1988 1989//1989
f 2003//2003 1989//1989 2002//2002
f 2002//2002 1989//1989 1990//1990
f 2002//2002 1990//1990 2000//2000
f 2000//2000 1990//1990 1991//1991
f 2000//2000 1991//1991 1998//1998
f 1998//1998 1991//1991 1992//1992
f 1998//1998 1992//1992 1996//1996
f 1996//1996 1992//1992 1993//1993
f 1996//1996 1993//1993 1994//1994
f 1994//1994 1993//1993 2009//2009
f 1994//1994 2009//2009 1237//1237
f 2010//2010 2011//2011 2012//2012
f 2012//2012 2011//2011 2013//2013
f 2012//2012 2013//2013 2014//2014
f 2014//2014 2013//2013 2015//2015
f 2014//2014 2015//2015 2016//2016
f 2016//2016 2015//2015 2017//2017
f 2016//2016 2017//2017 2018//2018
f 2018//2018 2017//2017 2019//2019
f 2018//2018 2019//2019 1240//1240
f 1240//1240 2019//2019 1932//1932
f 1240//1240 1932//1932 1929//1929
f 1929//1929 1932//1932 1934//1934
f 1239//1239 1928//1928 1240//1240
f 1240//1240 1928//1928 1243//1243
f 1240//1240 1243//1243 2018//2018
f 2018//2018 1243//1243 1949//1949
f 2018//2018 1949//1949 2016//2016
f 2016//2016 1949//1949 1947//1947
f 2016//2016 1947//1947 2014//2014
f 2014//2014 1947//1947 1233//1233
f 2014//2014 1233//1233 2012//2012
f 2012//2012 1233//1233 1232//1232
f 2012//2012 1232//1232 2010//2010
f 1345//1345 1930//1930 1343//1343
f 1343//1343 1930//1930 1932//1932
f 1343//1343 1932//1932 1341//1341
f 1341//1341 1932//1932 2019//2019
f 1341//1341 2019//2019 1350//1350
f 1350//1350 2019//2019 2017//2017
f 1350//1350 2017//2017 1348//1348
f 1348//1348 2017//2017 2015//2015
f 1348//1348 2015//2015 1354//1354
f 1354//1354 2015//2015 2013//2013
f 1354//1354 2013//2013 1356//1356
f 1356//1356 2013//2013 2011//2011
f 1356//1356 2011//2011 1359//1359
f 2020//2020 2021//2021 2022//2022
f 2022//2022 2021//2021 2023//2023
f 2024//2024 1228//1228 2023//2023
f 2023//2023 1228//1228 2025//2025
f 2023//2023 2025//2025 2022//2022
f 1862//1862 1903//1903 1860//1860
f 1860//1860 1903//1903 1905//1905
f 1860//1860 1905//1905 1892//1892
f 1892//1892 1905//1905 1907//1907
f 1892//1892 1907//1907 1987//1987
f 1987//1987 1907//1907 1908//1908
f 1987//1987 1908//1908 1954//1954
f 1954//1954 1908//1908 2026//2026
f 1954//1954 2026//2026 1955//1955
f 1955//1955 2026//2026 2027//2027
f 1955//1955 2027//2027 1965//1965
f 1965//1965 2027//2027 1986//1986
f 1965//1965 1986//1986 1966//1966
f 1966//1966 1986//1986 1985//1985
f 1966//1966 1985//1985 1967//1967
f 1967//1967 1985//1985 1983//1983
f 1967//1967 1983//1983 1968//1968
f 1968//1968 1983//1983 1981//1981
f 1968//1968 1981//1981 1963//1963
f 1963//1963 1981//1981 1979//1979
f 1963//1963 1979//1979 1964//1964
f 1964//1964 1979//1979 1226//1226
f 1964//1964 1226//1226 1993//1993
f 1993//1993 1226//1226 1228//1228
f 1993//1993 1228//1228 2009//2009
f 2009//2009 1228//1228 2024//2024
f 2009//2009 2024//2024 1237//1237
f 1242//1242 2028//2028 1243//1243
f 1243//1243 2028//2028 1935//1935
f 1243//1243 1935//1935 1948//1948
f 1948//1948 1935//1935 1915//1915
f 1948//1948 1915//1915 1946//1946
f 1946//1946 1915//1915 1945//1945
f 1946//1946 1945//1945 1234//1234
f 1234//1234 1945//1945 2029//2029
f 1234//1234 2029//2029 1232//1232
f 1232//1232 2029//2029 2030//2030
f 1232//1232 2030//2030 2010//2010
f 2010//2010 2030//2030 2031//2031
f 2010//2010 2031//2031 2011//2011
f 2011//2011 2031//2031 2032//2032
f 2011//2011 2032//2032 1359//1359
f 1813//1813 2033//2033 1258//1258
f 1258//1258 2033//2033 2034//2034
f 1258//1258 2034//2034 2035//2035
f 2035//2035 2034//2034 2036//2036
f 2035//2035 2036//2036 2037//2037
f 2037//2037 2036//2036 2038//2038
f 2037//2037 2038//2038 2039//2039
f 1783//1783 1276//1276 1784//1784
f 1784//1784 1276//1276 1795//1795
f 1784//1784 1795//1795 1786//1786
f 1786//1786 1795//1795 1797//1797
f 1786//1786 1797//1797 2040//2040
f 2040//2040 1797//1797 1798//1798
f 2040//2040 1798//1798 1799//1799
f 1799//1799 1798//1798 1803//1803
f 1799//1799 1803//1803 1800//1800
f 1800//1800 1803//1803 2041//2041
f 1800//1800 2041//2041 1813//1813
f 1813//1813 2041//2041 1814//1814
f 1813//1813 1814//1814 2033//2033
f 2033//2033 1814//1814 1815//1815
f 2033//2033 1815//1815 2034//2034
f 2034//2034 1815//1815 1816//1816
f 2034//2034 1816//1816 2036//2036
f 2036//2036 1816//1816 2042//2042
f 2036//2036 2042//2042 2038//2038
f 2038//2038 2043//2043 2039//2039
f 2039//2039 2043//2043 2044//2044
f 2039//2039 2044//2044 2045//2045
f 2045//2045 2044//2044 2046//2046
f 2045//2045 2046//2046 2047//2047
f 2047//2047 2046//2046 2048//2048
f 2047//2047 2048//2048 2049//2049
f 2049//2049 2048//2048 2050//2050
f 2051//2051 2050//2050 2052//2052
f 2052//2052 2050//2050 2048//2048
f 2052//2052 2048//2048 2053//2053
f 2053//2053 2048//2048 2046//2046
f 2053//2053 2046//2046 2054//2054
f 2054//2054 2046//2046 2044//2044
f 2054//2054 2044//2044 2055//2055
f 2055//2055 2044//2044 2043//2043
f 1225//1225 2056//2056 1224//1224
f 1224//1224 2056//2056 2057//2057
f 1224//1224 2057//2057 2058//2058
f 2058//2058 2057//2057 2059//2059
f 2058//2058 2059//2059 2060//2060
f 2060//2060 2059//2059 2061//2061
f 2060//2060 2061//2061 2062//2062
f 2063//2063 2064//2064 2065//2065
f 2065//2065 2064//2064 2066//2066
f 2065//2065 2066//2066 2067//2067
f 1635//1635 1658//1658 1637//1637
f 1637//1637 1658//1658 1645//1645
f 1637//1637 1645//1645 1639//1639
f 1639//1639 1645//1645 1644//1644
f 1639//1639 1644//1644 1621//1621
f 1621//1621 1644//1644 1624//1624
f 1621//1621 1624//1624 1616//1616
f 1616//1616 1624//1624 1613//1613
f 1616//1616 1613//1613 1288//1288
f 1288//1288 1613//1613 1615//1615
f 1288//1288 1615//1615 1286//1286
f 1286//1286 1615//1615 1659//1659
f 1286//1286 1659//1659 2068//2068
f 2068//2068 1659//1659 1219//1219
f 2068//2068 1219//1219 2069//2069
f 2069//2069 1219//1219 1218//1218
f 2069//2069 1218//1218 2070//2070
f 2071//2071 2063//2063 2072//2072
f 2072//2072 2063//2063 2065//2065
f 2072//2072 2065//2065 2073//2073
f 2073//2073 2065//2065 2067//2067
f 2073//2073 2067//2067 2074//2074
f 2075//2075 2071//2071 2076//2076
f 2076//2076 2071//2071 2072//2072
f 2076//2076 2072//2072 2077//2077
f 2077//2077 2072//2072 2073//2073
f 2077//2077 2073//2073 2078//2078
f 2078//2078 2073//2073 2074//2074
f 2078//2078 2074//2074 2079//2079
f 1223//1223 1224//1224 1221//1221
f 1221//1221 1224//1224 2058//2058
f 1221//1221 2058//2058 2080//2080
f 2080//2080 2058//2058 2060//2060
f 2080//2080 2060//2060 2081//2081
f 2081//2081 2060//2060 2062//2062
f 2081//2081 2062//2062 2082//2082
f 1222//1222 1221//1221 2083//2083
f 2083//2083 1221//1221 2080//2080
f 2083//2083 2080//2080 2084//2084
f 2084//2084 2080//2080 2081//2081
f 2084//2084 2081//2081 2085//2085
f 2085//2085 2081//2081 2082//2082
f 2085//2085 2082//2082 2086//2086
f 2087//2087 2088//2088 2089//2089
f 2089//2089 2088//2088 2090//2090
f 2089//2089 2090//2090 2091//2091
f 2091//2091 2090//2090 2092//2092
f 2091//2091 2092//2092 2093//2093
f 2093//2093 2092//2092 2094//2094
f 2093//2093 2094//2094 2095//2095
f 2095//2095 2094//2094 2096//2096
f 2097//2097 2096//2096 2098//2098
f 2098//2098 2096//2096 2094//2094
f 2098//2098 2094//2094 2099//2099
f 2099//2099 2094//2094 2092//2092
f 2099//2099 2092//2092 2100//2100
f 2100//2100 2092//2092 2090//2090
f 2100//2100 2090//2090 2101//2101
f 2101//2101 2090//2090 2088//2088
f 2042//2042 2102//2102 2038//2038
f 2038//2038 2102//2102 2103//2103
f 2038//2038 2103//2103 2043//2043
f 2043//2043 2103//2103 2104//2104
f 2043//2043 2104//2104 2055//2055
f 2055//2055 2104//2104 2105//2105
f 2055//2055 2105//2105 2054//2054
f 2054//2054 2105//2105 2106//2106
f 2054//2054 2106//2106 2053//2053
f 2053//2053 2106//2106 2107//2107
f 2053//2053 2107//2107 2052//2052
f 2052//2052 2107//2107 2108//2108
f 2052//2052 2108//2108 2051//2051
f 2051//2051 2108//2108 2109//2109
f 2110//2110 2109//2109 2111//2111
f 2111//2111 2109//2109 2108//2108
f 2111//2111 2108//2108 2112//2112
f 2112//2112 2108//2108 2107//2107
f 2112//2112 2107//2107 2113//2113
f 2113//2113 2107//2107 2106//2106
f 2113//2113 2106//2106 2114//2114
f 2114//2114 2106//2106 2105//2105
f 2114//2114 2105//2105 2115//2115
f 2115//2115 2105//2105 2104//2104
f 2115//2115 2104//2104 2116//2116
f 2116//2116 2104//2104 2103//2103
f 2116//2116 2103//2103 2117//2117
f 2117//2117 2103//2103 2102//2102
f 2118//2118 2119//2119 2120//2120
f 2120//2120 2119//2119 2121//2121
f 2120//2120 2121//2121 2122//2122
f 2122//2122 2121//2121 2123//2123
f 2124//2124 2125//2125 2126//2126
f 2126//2126 2125//2125 2127//2127
f 2126//2126 2127//2127 2128//2128
f 2128//2128 2127//2127 1976//1976
f 2128//2128 1976//1976 2129//2129
f 2129//2129 1976//1976 1974//1974
f 2129//2129 1974//1974 2130//2130
f 2130//2130 1974//1974 1972//1972
f 2130//2130 1972//1972 2131//2131
f 2131//2131 1972//1972 1970//1970
f 2131//2131 1970//1970 2132//2132
f 2132//2132 1970//1970 1969//1969
f 2132//2132 1969//1969 2133//2133
f 1789//1789 1801//1801 1791//1791
f 1791//1791 1801//1801 1869//1869
f 1791//1791 1869//1869 1855//1855
f 1855//1855 1869//1869 1871//1871
f 1855//1855 1871//1871 1868//1868
f 1868//1868 1871//1871 1876//1876
f 1868//1868 1876//1876 1865//1865
f 1865//1865 1876//1876 1875//1875
f 1865//1865 1875//1875 2134//2134
f 2134//2134 1875//1875 1874//1874
f 2134//2134 1874//1874 2135//2135
f 2135//2135 1874//1874 1879//1879
f 2135//2135 1879//1879 2133//2133
f 2133//2133 1879//1879 1884//1884
f 2133//2133 1884//1884 2132//2132
f 2132//2132 1884//1884 2136//2136
f 2132//2132 2136//2136 2131//2131
f 2131//2131 2136//2136 2137//2137
f 2131//2131 2137//2137 2130//2130
f 2130//2130 2137//2137 2138//2138
f 2130//2130 2138//2138 2129//2129
f 2129//2129 2138//2138 2139//2139
f 2129//2129 2139//2139 2128//2128
f 2128//2128 2139//2139 2140//2140
f 2128//2128 2140//2140 2126//2126
f 2126//2126 2140//2140 2141//2141
f 2124//2124 2118//2118 2125//2125
f 2125//2125 2118//2118 2120//2120
f 2125//2125 2120//2120 2127//2127
f 2127//2127 2120//2120 2122//2122
f 2127//2127 2122//2122 1976//1976
f 1976//1976 2122//2122 2123//2123
f 1976//1976 2123//2123 1977//1977
f 1788//1788 1786//1786 1789//1789
f 1789//1789 1786//1786 2040//2040
f 1789//1789 2040//2040 1801//1801
f 1801//1801 2040//2040 1799//1799
f 1801//1801 1799//1799 1273//1273
f 1273//1273 1799//1799 1256//1256
f 1273//1273 1256//1256 1271//1271
f 1271//1271 1256//1256 1258//1258
f 1271//1271 1258//1258 1880//1880
f 1880//1880 1258//1258 2035//2035
f 1880//1880 2035//2035 1881//1881
f 1881//1881 2035//2035 2037//2037
f 1881//1881 2037//2037 1882//1882
f 1882//1882 2037//2037 2039//2039
f 1882//1882 2039//2039 1883//1883
f 1883//1883 2039//2039 2045//2045
f 1883//1883 2045//2045 1884//1884
f 1884//1884 2045//2045 2047//2047
f 1884//1884 2047//2047 2136//2136
f 2136//2136 2047//2047 2049//2049
f 2136//2136 2049//2049 2137//2137
f 2137//2137 2049//2049 2050//2050
f 2137//2137 2050//2050 2138//2138
f 2138//2138 2050//2050 2051//2051
f 2138//2138 2051//2051 2139//2139
f 2139//2139 2051//2051 2109//2109
f 2139//2139 2109//2109 2140//2140
f 2140//2140 2109//2109 2110//2110
f 2140//2140 2110//2110 2141//2141
f 1262//1262 2142//2142 1816//1816
f 1816//1816 2142//2142 2143//2143
f 1816//1816 2143//2143 2042//2042
f 2042//2042 2143//2143 2144//2144
f 2042//2042 2144//2144 2102//2102
f 2102//2102 2144//2144 2145//2145
f 2102//2102 2145//2145 2117//2117
f 2117//2117 2145//2145 2146//2146
f 2117//2117 2146//2146 2116//2116
f 2116//2116 2146//2146 2147//2147
f 2116//2116 2147//2147 2115//2115
f 2115//2115 2147//2147 2148//2148
f 2115//2115 2148//2148 2114//2114
f 2114//2114 2148//2148 2149//2149
f 2114//2114 2149//2149 2113//2113
f 2113//2113 2149//2149 2150//2150
f 2113//2113 2150//2150 2112//2112
f 2112//2112 2150//2150 2151//2151
f 2112//2112 2151//2151 2111//2111
f 2111//2111 2151//2151 2152//2152
f 2111//2111 2152//2152 2110//2110
f 2110//2110 2152//2152 2153//2153
f 2110//2110 2153//2153 2141//2141
f 2142//2142 2154//2154 2143//2143
f 2143//2143 2154//2154 2155//2155
f 2143//2143 2155//2155 2144//2144
f 2144//2144 2155//2155 2156//2156
f 2144//2144 2156//2156 2145//2145
f 2145//2145 2156//2156 2157//2157
f 2145//2145 2157//2157 2146//2146
f 2146//2146 2157//2157 2158//2158
f 2146//2146 2158//2158 2147//2147
f 2147//2147 2158//2158 2159//2159
f 2147//2147 2159//2159 2148//2148
f 2148//2148 2159//2159 2160//2160
f 2148//2148 2160//2160 2149//2149
f 2149//2149 2160//2160 2161//2161
f 2149//2149 2161//2161 2150//2150
f 2150//2150 2161//2161 2162//2162
f 2150//2150 2162//2162 2151//2151
f 2151//2151 2162//2162 2163//2163
f 2151//2151 2163//2163 2152//2152
f 2152//2152 2163//2163 2164//2164
f 2152//2152 2164//2164 2153//2153
f 2165//2165 2166//2166 2167//2167
f 2167//2167 2166//2166 2168//2168
f 2167//2167 2168//2168 2169//2169
f 2169//2169 2170//2170 2171//2171
f 2172//2172 2165//2165 2173//2173
f 2173//2173 2165//2165 2167//2167
f 2173//2173 2167//2167 2174//2174
f 2174//2174 2167//2167 2169//2169
f 2174//2174 2169//2169 2175//2175
f 2175//2175 2169//2169 2171//2171
f 1235//1235 1237//1237 2005//2005
f 2005//2005 1237//1237 2024//2024
f 2005//2005 2024//2024 2008//2008
f 2008//2008 2024//2024 2023//2023
f 2008//2008 2023//2023 2006//2006
f 2006//2006 2023//2023 2021//2021
f 2006//2006 2021//2021 1230//1230
f 1230//1230 2021//2021 2020//2020
f 1230//1230 2020//2020 1231//1231
f 1231//1231 2020//2020 2176//2176
f 1231//1231 2176//2176 2177//2177
f 2177//2177 2176//2176 2178//2178
f 2177//2177 2178//2178 2179//2179
f 2179//2179 2178//2178 2180//2180
f 2179//2179 2180//2180 2181//2181
f 1249//1249 1898//1898 1938//1938
f 1938//1938 1898//1898 2001//2001
f 1938//1938 2001//2001 1939//1939
f 1939//1939 2001//2001 1999//1999
f 1939//1939 1999//1999 1940//1940
f 1940//1940 1999//1999 1997//1997
f 1940//1940 1997//1997 1941//1941
f 1941//1941 1997//1997 1995//1995
f 1941//1941 1995//1995 1942//1942
f 1942//1942 1995//1995 1236//1236
f 1942//1942 1236//1236 1943//1943
f 1943//1943 1236//1236 1235//1235
f 1943//1943 1235//1235 1944//1944
f 1944//1944 1235//1235 2004//2004
f 1944//1944 2004//2004 1945//1945
f 1945//1945 2004//2004 1229//1229
f 1945//1945 1229//1229 2029//2029
f 2029//2029 1229//1229 1231//1231
f 2029//2029 1231//1231 2030//2030
f 2030//2030 1231//1231 2177//2177
f 2030//2030 2177//2177 2031//2031
f 2031//2031 2177//2177 2179//2179
f 2031//2031 2179//2179 2032//2032
f 2032//2032 2179//2179 2181//2181
f 2032//2032 2181//2181 2182//2182
f 1217//1217 2170//2170 2183//2183
f 2183//2183 2170//2170 2169//2169
f 2183//2183 2169//2169 2184//2184
f 2184//2184 2169//2169 2168//2168
f 2184//2184 2168//2168 2185//2185
f 2185//2185 2168//2168 2166//2166
f 2186//2186 2187//2187 2188//2188
f 2188//2188 2187//2187 2189//2189
f 2188//2188 2189//2189 2190//2190
f 2190//2190 2189//2189 2191//2191
f 2192//2192 2193//2193 2194//2194
f 2195//2195 2196//2196 2197//2197
f 2197//2197 2196//2196 2194//2194
f 1360//1360 1359//1359 1361//1361
f 1361//1361 1359//1359 2032//2032
f 1361//1361 2032//2032 1365//1365
f 1365//1365 2032//2032 2182//2182
f 1365//1365 2182//2182 1363//1363
f 1363//1363 2182//2182 2198//2198
f 1363//1363 2198//2198 1368//1368
f 1904//1904 1953//1953 1906//1906
f 1906//1906 1953//1953 1952//1952
f 1906//1906 1952//1952 1908//1908
f 1908//1908 1952//1952 1951//1951
f 1908//1908 1951//1951 2026//2026
f 2026//2026 1951//1951 1950//1950
f 2026//2026 1950//1950 2027//2027
f 2027//2027 1950//1950 1885//1885
f 2027//2027 1885//1885 1986//1986
f 1986//1986 1885//1885 2199//2199
f 1986//1986 2199//2199 1984//1984
f 1984//1984 2199//2199 2200//2200
f 1984//1984 2200//2200 1982//1982
f 1982//1982 2200//2200 2201//2201
f 1982//1982 2201//2201 1980//1980
f 1980//1980 2201//2201 2202//2202
f 1980//1980 2202//2202 1978//1978
f 1978//1978 2202//2202 2203//2203
f 1978//1978 2203//2203 1227//1227
f 1227//1227 2203//2203 2204//2204
f 1227//1227 2204//2204 1228//1228
f 1228//1228 2204//2204 2172//2172
f 1228//1228 2172//2172 2025//2025
f 2025//2025 2172//2172 2173//2173
f 2025//2025 2173//2173 2022//2022
f 2022//2022 2173//2173 2174//2174
f 2022//2022 2174//2174 2020//2020
f 2020//2020 2174//2174 2175//2175
f 2020//2020 2175//2175 2176//2176
f 2176//2176 2175//2175 2171//2171
f 2176//2176 2171//2171 2178//2178
f 2178//2178 2171//2171 2170//2170
f 2178//2178 2170//2170 2180//2180
f 2180//2180 2170//2170 1217//1217
f 2180//2180 1217//1217 2181//2181
f 2181//2181 1217//1217 1216//1216
f 2181//2181 1216//1216 2182//2182
f 2182//2182 1216//1216 1215//1215
f 2182//2182 1215//1215 2198//2198
f 2198//2198 1215//1215 2205//2205
f 2198//2198 2205//2205 1368//1368
f 1834//1834 2206//2206 1832//1832
f 1832//1832 2206//2206 2207//2207
f 1832//1832 2207//2207 1264//1264
f 1264//1264 2207//2207 2208//2208
f 1264//1264 2208//2208 1262//1262
f 1262//1262 2208//2208 2209//2209
f 1262//1262 2209//2209 2142//2142
f 2142//2142 2209//2209 2210//2210
f 2142//2142 2210//2210 2154//2154
f 2154//2154 2210//2210 2211//2211
f 2154//2154 2211//2211 2155//2155
f 2155//2155 2211//2211 2212//2212
f 2155//2155 2212//2212 2156//2156
f 2156//2156 2212//2212 2213//2213
f 2156//2156 2213//2213 2157//2157
f 2157//2157 2213//2213 2214//2214
f 2157//2157 2214//2214 2158//2158
f 2158//2158 2214//2214 2215//2215
f 2158//2158 2215//2215 2159//2159
f 2159//2159 2215//2215 2216//2216
f 2159//2159 2216//2216 2160//2160
f 2160//2160 2216//2216 2217//2217
f 2160//2160 2217//2217 2161//2161
f 2161//2161 2217//2217 2218//2218
f 2161//2161 2218//2218 2162//2162
f 2162//2162 2218//2218 2219//2219
f 2162//2162 2219//2219 2163//2163
f 2163//2163 2219//2219 2220//2220
f 2163//2163 2220//2220 2164//2164
f 2164//2164 2220//2220 2186//2186
f 2164//2164 2186//2186 2153//2153
f 2153//2153 2186//2186 2188//2188
f 2153//2153 2188//2188 2141//2141
f 2141//2141 2188//2188 2190//2190
f 2141//2141 2190//2190 2126//2126
f 2126//2126 2190//2190 2221//2221
f 2126//2126 2221//2221 2124//2124
f 2056//2056 2075//2075 2057//2057
f 2057//2057 2075//2075 2076//2076
f 2057//2057 2076//2076 2059//2059
f 2059//2059 2076//2076 2077//2077
f 2059//2059 2077//2077 2061//2061
f 2061//2061 2077//2077 2078//2078
f 2061//2061 2078//2078 2062//2062
f 2062//2062 2078//2078 2079//2079
f 2062//2062 2079//2079 2082//2082
f 2082//2082 2079//2079 2222//2222
f 2082//2082 2222//2222 2086//2086
f 2086//2086 2222//2222 2223//2223
f 2086//2086 2223//2223 2224//2224
f 2224//2224 2223//2223 2225//2225
f 2224//2224 2225//2225 2226//2226
f 2226//2226 2225//2225 2227//2227
f 2226//2226 2227//2227 2228//2228
f 2228//2228 2227//2227 2229//2229
f 2228//2228 2229//2229 2230//2230
f 2229//2229 2231//2231 2230//2230
f 2230//2230 2231//2231 2232//2232
f 2230//2230 2232//2232 2233//2233
f 2233//2233 2232//2232 2234//2234
f 2233//2233 2234//2234 2235//2235
f 2236//2236 2195//2195 2237//2237
f 2237//2237 2195//2195 2197//2197
f 2237//2237 2197//2197 2238//2238
f 2238//2238 2197//2197 2239//2239
f 2238//2238 2239//2239 2240//2240
f 2240//2240 2239//2239 2241//2241
f 2240//2240 2241//2241 2097//2097
f 2097//2097 2241//2241 2242//2242
f 2097//2097 2242//2242 2096//2096
f 2096//2096 2242//2242 2243//2243
f 2096//2096 2243//2243 2095//2095
f 2236//2236 2244//2244 2195//2195
f 2195//2195 2244//2244 2245//2245
f 2195//2195 2245//2245 2196//2196
f 2196//2196 2245//2245 2246//2246
f 2196//2196 2246//2246 2194//2194
f 2194//2194 2246//2246 2247//2247
f 2194//2194 2247//2247 2192//2192
f 2234//2234 2236//2236 2235//2235
f 2235//2235 2236//2236 2237//2237
f 2235//2235 2237//2237 2233//2233
f 2233//2233 2237//2237 2238//2238
f 2233//2233 2238//2238 2230//2230
f 2230//2230 2238//2238 2240//2240
f 2230//2230 2240//2240 2228//2228
f 2228//2228 2240//2240 2097//2097
f 2228//2228 2097//2097 2226//2226
f 2226//2226 2097//2097 2098//2098
f 2226//2226 2098//2098 2224//2224
f 2224//2224 2098//2098 2099//2099
f 2224//2224 2099//2099 2086//2086
f 2086//2086 2099//2099 2100//2100
f 2086//2086 2100//2100 2085//2085
f 2085//2085 2100//2100 2101//2101
f 2085//2085 2101//2101 2084//2084
f 2084//2084 2101//2101 2088//2088
f 2084//2084 2088//2088 2083//2083
f 2083//2083 2088//2088 2087//2087
f 2083//2083 2087//2087 1222//1222
f 1376//1376 2248//2248 1383//1383
f 1383//1383 2248//2248 1771//1771
f 1383//1383 1771//1771 1380//1380
f 1380//1380 1771//1771 1772//1772
f 1380//1380 1772//1772 1377//1377
f 1377//1377 1772//1772 1774//1774
f 1377//1377 1774//1774 1387//1387
f 1387//1387 1774//1774 1776//1776
f 1387//1387 1776//1776 1389//1389
f 1389//1389 1776//1776 1778//1778
f 1389//1389 1778//1778 1394//1394
f 1394//1394 1778//1778 1780//1780
f 1394//1394 1780//1780 1398//1398
f 1398//1398 1780//1780 1782//1782
f 1398//1398 1782//1782 1401//1401
f 1401//1401 1782//1782 1412//1412
f 1401//1401 1412//1412 1407//1407
f 1407//1407 1412//1412 1413//1413
f 1407//1407 1413//1413 1405//1405
f 2183//2183 2193//2193 1217//1217
f 1217//1217 2193//2193 2192//2192
f 1217//1217 2192//2192 1215//1215
f 1215//1215 2192//2192 2247//2247
f 1215//1215 2247//2247 2205//2205
f 2205//2205 2247//2247 2246//2246
f 2205//2205 2246//2246 2249//2249
f 2249//2249 2246//2246 2245//2245
f 2249//2249 2245//2245 2250//2250
f 2250//2250 2245//2245 2244//2244
f 2250//2250 2244//2244 2251//2251
f 2251//2251 2244//2244 2236//2236
f 2251//2251 2236//2236 2252//2252
f 2252//2252 2236//2236 2234//2234
f 2252//2252 2234//2234 2253//2253
f 2253//2253 2234//2234 2232//2232
f 2253//2253 2232//2232 2254//2254
f 2254//2254 2232//2232 2231//2231
f 2064//2064 2070//2070 2066//2066
f 2066//2066 2070//2070 1218//1218
f 2066//2066 1218//1218 2067//2067
f 2067//2067 1218//1218 1220//1220
f 2067//2067 1220//1220 2074//2074
f 2074//2074 1220//1220 1752//1752
f 2074//2074 1752//1752 2079//2079
f 2079//2079 1752//1752 1665//1665
f 2079//2079 1665//1665 2222//2222
f 2222//2222 1665//1665 1282//1282
f 2222//2222 1282//1282 2223//2223
f 2223//2223 1282//1282 1281//1281
f 2223//2223 1281//1281 2225//2225
f 2225//2225 1281//1281 1688//1688
f 2225//2225 1688//1688 2227//2227
f 2227//2227 1688//1688 1686//1686
f 2227//2227 1686//1686 2229//2229
f 2229//2229 1686//1686 1685//1685
f 2229//2229 1685//1685 2231//2231
f 2231//2231 1685//1685 1770//1770
f 2231//2231 1770//1770 2254//2254
f 2254//2254 1770//1770 1690//1690
f 2254//2254 1690//1690 2253//2253
f 2253//2253 1690//1690 1689//1689
f 2253//2253 1689//1689 2252//2252
f 2252//2252 1689//1689 1771//1771
f 2252//2252 1771//1771 2251//2251
f 2251//2251 1771//1771 2248//2248
f 2251//2251 2248//2248 2250//2250
f 2250//2250 2248//2248 1376//1376
f 2250//2250 1376//1376 2249//2249
f 2249//2249 1376//1376 1374//1374
f 2249//2249 1374//1374 2205//2205
f 2205//2205 1374//1374 1372//1372
f 2205//2205 1372//1372 1368//1368
f 1368//1368 1372//1372 1371//1371
f 1368//1368 1371//1371 1369//1369
f 1618//1618 1287//1287 1844//1844
f 1844//1844 1287//1287 1286//1286
f 1844//1844 1286//1286 1842//1842
f 1842//1842 1286//1286 2068//2068
f 1842//1842 2068//2068 1840//1840
f 1840//1840 2068//2068 2069//2069
f 1840//1840 2069//2069 1838//1838
f 1838//1838 2069//2069 2070//2070
f 1838//1838 2070//2070 1259//1259
f 1259//1259 2070//2070 2064//2064
f 1259//1259 2064//2064 1260//1260
f 1260//1260 2064//2064 2063//2063
f 1260//1260 2063//2063 1834//1834
f 1834//1834 2063//2063 2071//2071
f 1834//1834 2071//2071 2206//2206
f 2206//2206 2071//2071 2075//2075
f 2206//2206 2075//2075 2207//2207
f 2207//2207 2075//2075 2056//2056
f 2207//2207 2056//2056 2208//2208
f 2208//2208 2056//2056 1225//1225
f 2208//2208 1225//1225 2209//2209
f 2209//2209 1225//1225 1223//1223
f 2209//2209 1223//1223 2210//2210
f 2210//2210 1223//1223 1222//1222
f 2210//2210 1222//1222 2211//2211
f 2211//2211 1222//1222 2087//2087
f 2211//2211 2087//2087 2212//2212
f 2212//2212 2087//2087 2089//2089
f 2212//2212 2089//2089 2213//2213
f 2213//2213 2089//2089 2091//2091
f 2213//2213 2091//2091 2214//2214
f 2214//2214 2091//2091 2093//2093
f 2214//2214 2093//2093 2215//2215
f 2215//2215 2093//2093 2095//2095
f 2215//2215 2095//2095 2216//2216
f 2216//2216 2095//2095 2243//2243
f 2216//2216 2243//2243 2217//2217
f 2217//2217 2243//2243 2242//2242
f 2217//2217 2242//2242 2218//2218
f 2218//2218 2242//2242 2241//2241
f 2218//2218 2241//2241 2219//2219
f 2219//2219 2241//2241 2239//2239
f 2219//2219 2239//2239 2220//2220
f 2220//2220 2239//2239 2197//2197
f 2220//2220 2197//2197 2186//2186
f 2186//2186 2197//2197 2194//2194
f 2186//2186 2194//2194 2187//2187
f 2187//2187 2194//2194 2193//2193
f 2187//2187 2193//2193 2189//2189
f 2189//2189 2193//2193 2183//2183
f 2189//2189 2183//2183 2191//2191
f 2191//2191 2183//2183 2184//2184
f 2191//2191 2184//2184 2190//2190
f 2190//2190 2184//2184 2185//2185
f 2190//2190 2185//2185 2221//2221
f 2221//2221 2185//2185 2166//2166
f 2221//2221 2166//2166 2124//2124
f 2124//2124 2166//2166 2165//2165
f 2124//2124 2165//2165 2118//2118
f 2118//2118 2165//2165 2172//2172
f 2118//2118 2172//2172 2119//2119
f 2119//2119 2172//2172 2204//2204
f 2119//2119 2204//2204 2121//2121
f 2121//2121 2204//2204 2203//2203
f 2121//2121 2203//2203 2123//2123
f 2123//2123 2203//2203 2202//2202
f 2123//2123 2202//2202 1977//1977
f 1977//1977 2202//2202 2201//2201
f 1977//1977 2201//2201 1975//1975
f 1975//1975 2201//2201 2200//2200
f 1975//1975 2200//2200 1973//1973
f 1973//1973 2200//2200 2199//2199
f 1973//1973 2199//2199 1971//1971
f 1971//1971 2199//2199 1885//1885
f 1971//1971 1885//1885 1969//1969
f 1969//1969 1885//1885 1887//1887
f 1969//1969 1887//1887 2133//2133
f 2133//2133 1887//1887 1889//1889
f 2133//2133 1889//1889 2135//2135
f 2135//2135 1889//1889 1953//1953
f 2135//2135 1953//1953 2134//2134
f 2134//2134 1953//1953 1904//1904
f 2134//2134 1904//1904 1865//1865
f 1865//1865 1904//1904 1903//1903
f 1865//1865 1903//1903 1866//1866
f 1866//1866 1903//1903 1862//1862
f 1866//1866 1862//1862 1255//1255
f 1255//1255 1862//1862 1864//1864
f 1255//1255 1864//1864 1253//1253
f 1340//1340 2255//2255 2256//2256
f 1105//1105 1107//1107 2257//2257
f 2257//2257 1107//1107 1340//1340
f 2257//2257 1340//1340 2258//2258
f 2258//2258 1340//1340 2256//2256
f 1100//1100 1338//1338 1339//1339
f 1339//1339 1338//1338 2259//2259
f 1339//1339 2259//2259 2260//2260
f 1113//1113 1339//1339 1340//1340
f 1340//1340 1339//1339 2260//2260
f 1340//1340 2260//2260 2255//2255
f 2255//2255 2260//2260 2261//2261
f 2255//2255 2261//2261 2256//2256
f 2262//2262 2263//2263 2264//2264
f 2264//2264 2263//2263 2265//2265
f 2264//2264 2265//2265 2266//2266
f 2267//2267 2268//2268 2269//2269
f 2269//2269 2268//2268 2270//2270
f 2269//2269 2270//2270 2271//2271
f 2271//2271 2270//2270 2266//2266
f 2271//2271 2266//2266 2272//2272
f 2272//2272 2266//2266 2265//2265
f 1096//1096 1095//1095 1321//1321
f 1321//1321 1095//1095 1336//1336
f 1321//1321 1336//1336 2273//2273
f 1029//1029 1335//1335 1336//1336
f 1336//1336 1335//1335 2274//2274
f 1336//1336 2274//2274 2273//2273
f 1102//1102 1071//1071 1338//1338
f 1338//1338 1071//1071 1321//1321
f 1338//1338 1321//1321 2259//2259
f 2259//2259 1321//1321 2273//2273
f 2259//2259 2273//2273 2275//2275
f 2275//2275 2273//2273 2274//2274
f 2275//2275 2274//2274 2276//2276
f 2277//2277 2278//2278 2279//2279
f 2279//2279 2278//2278 2280//2280
f 2279//2279 2280//2280 2281//2281
f 2281//2281 2280//2280 2282//2282
f 2281//2281 2282//2282 2283//2283
f 2284//2284 2285//2285 2286//2286
f 2286//2286 2285//2285 2287//2287
f 2286//2286 2287//2287 2288//2288
f 2288//2288 2287//2287 2289//2289
f 2288//2288 2289//2289 2290//2290
f 2291//2291 2292//2292 2293//2293
f 2293//2293 2292//2292 2294//2294
f 2262//2262 2264//2264 2295//2295
f 2295//2295 2264//2264 2296//2296
f 2295//2295 2296//2296 2297//2297
f 1213//1213 1212//1212 2298//2298
f 2298//2298 1212//1212 2299//2299
f 2298//2298 2299//2299 2300//2300
f 2291//2291 2293//2293 2301//2301
f 2301//2301 2293//2293 2302//2302
f 2301//2301 2302//2302 2303//2303
f 2304//2304 2305//2305 2306//2306
f 2306//2306 2305//2305 2307//2307
f 1275//1275 2308//2308 1793//1793
f 1793//1793 2308//2308 2309//2309
f 1793//1793 2309//2309 2307//2307
f 2307//2307 2309//2309 2310//2310
f 2307//2307 2310//2310 2306//2306
f 2311//2311 2302//2302 2312//2312
f 2312//2312 2302//2302 2293//2293
f 2312//2312 2293//2293 2300//2300
f 2300//2300 2293//2293 2294//2294
f 2300//2300 2294//2294 2298//2298
f 2298//2298 2294//2294 2313//2313
f 2298//2298 2313//2313 1213//1213
f 2314//2314 2284//2284 2315//2315
f 2315//2315 2284//2284 2286//2286
f 2315//2315 2286//2286 2316//2316
f 2316//2316 2286//2286 2288//2288
f 2316//2316 2288//2288 2317//2317
f 2317//2317 2288//2288 2290//2290
f 2317//2317 2290//2290 2318//2318
f 1806//1806 2319//2319 2320//2320
f 2320//2320 2319//2319 2321//2321
f 2320//2320 2321//2321 2322//2322
f 2322//2322 2321//2321 2323//2323
f 2322//2322 2323//2323 2324//2324
f 2324//2324 2323//2323 2311//2311
f 2324//2324 2311//2311 2325//2325
f 2325//2325 2311//2311 2312//2312
f 2325//2325 2312//2312 2318//2318
f 2318//2318 2312//2312 2300//2300
f 2318//2318 2300//2300 2317//2317
f 2317//2317 2300//2300 2299//2299
f 2317//2317 2299//2299 2316//2316
f 2316//2316 2299//2299 1212//1212
f 2316//2316 1212//1212 2315//2315
f 2315//2315 1212//1212 1214//1214
f 2315//2315 1214//1214 2314//2314
f 1806//1806 1796//1796 2319//2319
f 2319//2319 1796//1796 1794//1794
f 2319//2319 1794//1794 2321//2321
f 2321//2321 1794//1794 1793//1793
f 2321//2321 1793//1793 2323//2323
f 2323//2323 1793//1793 2307//2307
f 2323//2323 2307//2307 2311//2311
f 2311//2311 2307//2307 2305//2305
f 2311//2311 2305//2305 2302//2302
f 2302//2302 2305//2305 2304//2304
f 2302//2302 2304//2304 2303//2303
f 2326//2326 2277//2277 2327//2327
f 2327//2327 2277//2277 2279//2279
f 2327//2327 2279//2279 2328//2328
f 2328//2328 2279//2279 2281//2281
f 2328//2328 2281//2281 2329//2329
f 2329//2329 2281//2281 2283//2283
f 2329//2329 2283//2283 2330//2330
f 1093//1093 1092//1092 1337//1337
f 1337//1337 1092//1092 1334//1334
f 1337//1337 1334//1334 1335//1335
f 1335//1335 1334//1334 2331//2331
f 1335//1335 2331//2331 2274//2274
f 2274//2274 2331//2331 2332//2332
f 2274//2274 2332//2332 2276//2276
f 2276//2276 2332//2332 2333//2333
f 2276//2276 2333//2333 2334//2334
f 2334//2334 2333//2333 2335//2335
f 2334//2334 2335//2335 2336//2336
f 2336//2336 2335//2335 2337//2337
f 2336//2336 2337//2337 2338//2338
f 2338//2338 2337//2337 2339//2339
f 2338//2338 2339//2339 2340//2340
f 1077//1077 1079//1079 1334//1334
f 1334//1334 1079//1079 1333//1333
f 1334//1334 1333//1333 2331//2331
f 2331//2331 1333//1333 2341//2341
f 2331//2331 2341//2341 2332//2332
f 2332//2332 2341//2341 2342//2342
f 2332//2332 2342//2342 2333//2333
f 2333//2333 2342//2342 2343//2343
f 2333//2333 2343//2343 2335//2335
f 2335//2335 2343//2343 2344//2344
f 2335//2335 2344//2344 2337//2337
f 2337//2337 2344//2344 2345//2345
f 2337//2337 2345//2345 2339//2339
f 1604//1604 1854//1854 1605//1605
f 1605//1605 1854//1854 1853//1853
f 1605//1605 1853//1853 1820//1820
f 1820//1820 1853//1853 1851//1851
f 1820//1820 1851//1851 1822//1822
f 1822//1822 1851//1851 1849//1849
f 1822//1822 1849//1849 1824//1824
f 1824//1824 1849//1849 1847//1847
f 1824//1824 1847//1847 1826//1826
f 1826//1826 1847//1847 1819//1819
f 1826//1826 1819//1819 1828//1828
f 1828//1828 1819//1819 1265//1265
f 1828//1828 1265//1265 1827//1827
f 1827//1827 1265//1265 1267//1267
f 1827//1827 1267//1267 1810//1810
f 1810//1810 1267//1267 2346//2346
f 1810//1810 2346//2346 1809//1809
f 1809//1809 2346//2346 2347//2347
f 1809//1809 2347//2347 2348//2348
f 2348//2348 2347//2347 2349//2349
f 2348//2348 2349//2349 2350//2350
f 2350//2350 2349//2349 2351//2351
f 2350//2350 2351//2351 2352//2352
f 2352//2352 2351//2351 2353//2353
f 2352//2352 2353//2353 2354//2354
f 2354//2354 2353//2353 2355//2355
f 2354//2354 2355//2355 2356//2356
f 2356//2356 2355//2355 2357//2357
f 2356//2356 2357//2357 2358//2358
f 2358//2358 2357//2357 2330//2330
f 2358//2358 2330//2330 2340//2340
f 2340//2340 2330//2330 2283//2283
f 2340//2340 2283//2283 2338//2338
f 2338//2338 2283//2283 2282//2282
f 2338//2338 2282//2282 2336//2336
f 2336//2336 2282//2282 2280//2280
f 2336//2336 2280//2280 2334//2334
f 2334//2334 2280//2280 2278//2278
f 2334//2334 2278//2278 2276//2276
f 2276//2276 2278//2278 2277//2277
f 2276//2276 2277//2277 2275//2275
f 2275//2275 2277//2277 2326//2326
f 2275//2275 2326//2326 2259//2259
f 2259//2259 2326//2326 2268//2268
f 2259//2259 2268//2268 2260//2260
f 2260//2260 2268//2268 2267//2267
f 2260//2260 2267//2267 2261//2261
f 2359//2359 2360//2360 2361//2361
f 2361//2361 2360//2360 2362//2362
f 2361//2361 2362//2362 2363//2363
f 2363//2363 2362//2362 2364//2364
f 2363//2363 2364//2364 2365//2365
f 2365//2365 2364//2364 2366//2366
f 2365//2365 2366//2366 2367//2367
f 2367//2367 2366//2366 2368//2368
f 2367//2367 2368//2368 2369//2369
f 2369//2369 2368//2368 2370//2370
f 2369//2369 2370//2370 2371//2371
f 2371//2371 2370//2370 2372//2372
f 2371//2371 2372//2372 2373//2373
f 2373//2373 2372//2372 2374//2374
f 2373//2373 2374//2374 2375//2375
f 2375//2375 2374//2374 2376//2376
f 2375//2375 2376//2376 2377//2377
f 2377//2377 2376//2376 2378//2378
f 2377//2377 2378//2378 2379//2379
f 2379//2379 2378//2378 2380//2380
f 2379//2379 2380//2380 2381//2381
f 2381//2381 2380//2380 2382//2382
f 2381//2381 2382//2382 1211//1211
f 1211//1211 2382//2382 2383//2383
f 1211//1211 2383//2383 1209//1209
f 1209//1209 2383//2383 1332//1332
f 1209//1209 1332//1332 1069//1069
f 1069//1069 1332//1332 1070//1070
f 1060//1060 1059//1059 1333//1333
f 1333//1333 1059//1059 1332//1332
f 1333//1333 1332//1332 2341//2341
f 2341//2341 1332//1332 2383//2383
f 2341//2341 2383//2383 2342//2342
f 2342//2342 2383//2383 2382//2382
f 2342//2342 2382//2382 2343//2343
f 2343//2343 2382//2382 2380//2380
f 2343//2343 2380//2380 2344//2344
f 2344//2344 2380//2380 2378//2378
f 2344//2344 2378//2378 2345//2345
f 2345//2345 2378//2378 2376//2376
f 2345//2345 2376//2376 2339//2339
f 2339//2339 2376//2376 2374//2374
f 2339//2339 2374//2374 2340//2340
f 2340//2340 2374//2374 2372//2372
f 2340//2340 2372//2372 2358//2358
f 2358//2358 2372//2372 2370//2370
f 2358//2358 2370//2370 2356//2356
f 2356//2356 2370//2370 2368//2368
f 2356//2356 2368//2368 2354//2354
f 2354//2354 2368//2368 2366//2366
f 2354//2354 2366//2366 2352//2352
f 2352//2352 2366//2366 2364//2364
f 2352//2352 2364//2364 2350//2350
f 2350//2350 2364//2364 2362//2362
f 2350//2350 2362//2362 2348//2348
f 2348//2348 2362//2362 2360//2360
f 2348//2348 2360//2360 1809//1809
f 1809//1809 2360//2360 2359//2359
f 1809//1809 2359//2359 1270//1270
f 2292//2292 2297//2297 2294//2294
f 2294//2294 2297//2297 2296//2296
f 2294//2294 2296//2296 2313//2313
f 2313//2313 2296//2296 2264//2264
f 2313//2313 2264//2264 1213//1213
f 1213//1213 2264//2264 2266//2266
f 1213//1213 2266//2266 1214//1214
f 1214//1214 2266//2266 2270//2270
f 1214//1214 2270//2270 2314//2314
f 2314//2314 2270//2270 2268//2268
f 2314//2314 2268//2268 2284//2284
f 2284//2284 2268//2268 2326//2326
f 2284//2284 2326//2326 2285//2285
f 2285//2285 2326//2326 2327//2327
f 2285//2285 2327//2327 2287//2287
f 2287//2287 2327//2327 2328//2328
f 2287//2287 2328//2328 2289//2289
f 2289//2289 2328//2328 2329//2329
f 2289//2289 2329//2329 2290//2290
f 2290//2290 2329//2329 2330//2330
f 2290//2290 2330//2330 2318//2318
f 2318//2318 2330//2330 2357//2357
f 2318//2318 2357//2357 2325//2325
f 2325//2325 2357//2357 2355//2355
f 2325//2325 2355//2355 2324//2324
f 2324//2324 2355//2355 2353//2353
f 2324//2324 2353//2353 2322//2322
f 2322//2322 2353//2353 2351//2351
f 2322//2322 2351//2351 2320//2320
f 2320//2320 2351//2351 2349//2349
f 2320//2320 2349//2349 1806//1806
f 1806//1806 2349//2349 2347//2347
f 1806//1806 2347//2347 1805//1805
f 1805//1805 2347//2347 2346//2346
f 1805//1805 2346//2346 1804//1804
f 1804//1804 2346//2346 1267//1267
f 1804//1804 1267//1267 1803//1803
f 1803//1803 1267//1267 1266//1266
f 1803//1803 1266//1266 2041//2041
f 2041//2041 1266//1266 1817//1817
f 2041//2041 1817//1817 1814//1814
f 1814//1814 1817//1817 1818//1818
f 1814//1814 1818//1818 1829//1829
f 1829//1829 1818//1818 1819//1819
f 1829//1829 1819//1819 1830//1830
f 1830//1830 1819//1819 1848//1848
f 1830//1830 1848//1848 1831//1831
f 1831//1831 1848//1848 1850//1850
f 1831//1831 1850//1850 1835//1835
f 1835//1835 1850//1850 1852//1852
f 1835//1835 1852//1852 1836//1836
f 1836//1836 1852//1852 1854//1854
f 1836//1836 1854//1854 1846//1846
f 1846//1846 1854//1854 1604//1604
f 1846//1846 1604//1604 1845//1845
f 1845//1845 1604//1604 1606//1606
f 1845//1845 1606//1606 1618//1618
f 1618//1618 1606//1606 1608//1608
f 1618//1618 1608//1608 1617//1617
f 1617//1617 1608//1608 1603//1603
f 1617//1617 1603//1603 1619//1619
f 1619//1619 1603//1603 1602//1602
f 1619//1619 1602//1602 1611//1611
f 1611//1611 1602//1602 1595//1595
f 1611//1611 1595//1595 1609//1609
f 1609//1609 1595//1595 1597//1597
f 1609//1609 1597//1597 1285//1285
f 1065//1065 1051//1051 1331//1331
f 1331//1331 1051//1051 1322//1322
f 1331//1331 1322//1322 1210//1210
f 1210//1210 1322//1322 1574//1574
f 1210//1210 1574//1574 1211//1211
f 1211//1211 1574//1574 1572//1572
f 1211//1211 1572//1572 2381//2381
f 2381//2381 1572//1572 1570//1570
f 2381//2381 1570//1570 2379//2379
f 2379//2379 1570//1570 1568//1568
f 2379//2379 1568//1568 2377//2377
f 2377//2377 1568//1568 1566//1566
f 2377//2377 1566//1566 2375//2375
f 2375//2375 1566//1566 1564//1564
f 2375//2375 1564//1564 2373//2373
f 2373//2373 1564//1564 1562//1562
f 2373//2373 1562//1562 2371//2371
f 2371//2371 1562//1562 1560//1560
f 2371//2371 1560//1560 2369//2369
f 2369//2369 1560//1560 1558//1558
f 2369//2369 1558//1558 2367//2367
f 2367//2367 1558//1558 1556//1556
f 2367//2367 1556//1556 2365//2365
f 2365//2365 1556//1556 1578//1578
f 2365//2365 1578//1578 2363//2363
f 2363//2363 1578//1578 1299//1299
f 2363//2363 1299//1299 2361//2361
f 2361//2361 1299//1299 1298//1298
f 2361//2361 1298//1298 2359//2359
f 2359//2359 1298//1298 1295//1295
f 2359//2359 1295//1295 1270//1270
f 1270//1270 1295//1295 1291//1291
f 1270//1270 1291//1291 1268//1268
f 1268//1268 1291//1291 1290//1290
f 1268//1268 1290//1290 1812//1812
f 1812//1812 1290//1290 1289//1289
f 1812//1812 1289//1289 1292//1292
f 1292//1292 1289//1289 1594//1594
f 1292//1292 1594//1594 1596//1596
f 1596//1596 1594//1594 1598//1598
f 1596//1596 1598//1598 1597//1597
f 1597//1597 1598//1598 1600//1600
f 1597//1597 1600//1600 1285//1285
f 1285//1285 1600//1600 1648//1648
f 1285//1285 1648//1648 1283//1283
f 1283//1283 1648//1648 1650//1650
f 1283//1283 1650//1650 1634//1634
f 1634//1634 1650//1650 1652//1652
f 1634//1634 1652//1652 1635//1635
f 1635//1635 1652//1652 1743//1743
f 1635//1635 1743//1743 1658//1658
f 1658//1658 1743//1743 1742//1742
f 1658//1658 1742//1742 1657//1657
f 1657//1657 1742//1742 1740//1740
f 1657//1657 1740//1740 1656//1656
f 1656//1656 1740//1740 1738//1738
f 1656//1656 1738//1738 1655//1655
f 1655//1655 1738//1738 1736//1736
f 1655//1655 1736//1736 1654//1654
f 1654//1654 1736//1736 1734//1734
f 1654//1654 1734//1734 1653//1653
f 1653//1653 1734//1734 1732//1732
f 1653//1653 1732//1732 1692//1692
f 1692//1692 1732//1732 1730//1730
f 1692//1692 1730//1730 1693//1693
f 1693//1693 1730//1730 1728//1728
f 1693//1693 1728//1728 1694//1694
f 1694//1694 1728//1728 1726//1726
f 1694//1694 1726//1726 1754//1754
f 1754//1754 1726//1726 1725//1725
f 1754//1754 1725//1725 1756//1756
f 1756//1756 1725//1725 1744//1744
f 1756//1756 1744//1744 1758//1758
f 1758//1758 1744//1744 1435//1435
f 1758//1758 1435//1435 1760//1760
f 1760//1760 1435//1435 1436//1436
f 1760//1760 1436//1436 1761//1761
f 2262//2262 2295//2295 2384//2384
f 2385//2385 2386//2386 2387//2387
f 2388//2388 2389//2389 2390//2390
f 2390//2390 2389//2389 2391//2391
f 2392//2392 2393//2393 2394//2394
f 2395//2395 2396//2396 2397//2397
f 2398//2398 2399//2399 2400//2400
f 2400//2400 2399//2399 2401//2401
f 2402//2402 2403//2403 2404//2404
f 2405//2405 2406//2406 2407//2407
f 2408//2408 2409//2409 2410//2410
f 2411//2411 2412//2412 2413//2413
f 2413//2413 2412//2412 2414//2414
f 2415//2415 2416//2416 2417//2417
f 2416//2416 2415//2415 2418//2418
f 2419//2419 2420//2420 2421//2421
f 2422//2422 2421//2421 2423//2423
f 1937//1937 1936//1936 2424//2424
f 1933//1933 1931//1931 2425//2425
f 1894//1894 1893//1893 2426//2426
f 2427//2427 2428//2428 2429//2429
f 2429//2429 2428//2428 2430//2430
f 2431//2431 2432//2432 2433//2433
f 2434//2434 2435//2435 2436//2436
f 1792//1792 1857//1857 2437//2437
f 2438//2438 2439//2439 2440//2440
f 2441//2441 2442//2442 2443//2443
f 1274//1274 2444//2444 2445//2445
f 2446//2446 2447//2447 2448//2448
f 2449//2449 2450//2450 2451//2451
f 2452//2452 2453//2453 2449//2449
f 2454//2454 2455//2455 2456//2456
f 2457//2457 2458//2458 2459//2459
f 2460//2460 2461//2461 2462//2462
f 2463//2463 2464//2464 2465//2465
f 2466//2466 2467//2467 2468//2468
f 2469//2469 2470//2470 2471//2471
f 2471//2471 2470//2470 2472//2472
f 2473//2473 2474//2474 2475//2475
f 2475//2475 2474//2474 2476//2476
f 2477//2477 2478//2478 2479//2479
f 2480//2480 2481//2481 2482//2482
f 2483//2483 2484//2484 2446//2446
f 2485//2485 2486//2486 2487//2487
f 2488//2488 2489//2489 2490//2490
f 2491//2491 2492//2492 2493//2493
f 2494//2494 2495//2495 2496//2496
f 2497//2497 2498//2498 2499//2499
f 2500//2500 2501//2501 2502//2502
f 2503//2503 2504//2504 2505//2505
f 2506//2506 2507//2507 2508//2508
f 2509//2509 2510//2510 2511//2511
f 2512//2512 2513//2513 2514//2514
f 2515//2515 2516//2516 2517//2517
f 2518//2518 2519//2519 2520//2520
f 2521//2521 2522//2522 2523//2523
f 2523//2523 2522//2522 2524//2524
f 2523//2523 2524//2524 2525//2525
f 2526//2526 2527//2527 2522//2522
f 2522//2522 2527//2527 2528//2528
f 2522//2522 2528//2528 2524//2524
f 2529//2529 2530//2530 2531//2531
f 2515//2515 2517//2517 2532//2532
f 2509//2509 2511//2511 2533//2533
f 2534//2534 2535//2535 2536//2536
f 2537//2537 2538//2538 2539//2539
f 2539//2539 2538//2538 2540//2540
f 2539//2539 2540//2540 2541//2541
f 2541//2541 2540//2540 2542//2542
f 2541//2541 2542//2542 2543//2543
f 2544//2544 2545//2545 2546//2546
f 2546//2546 2545//2545 2547//2547
f 2546//2546 2547//2547 2548//2548
f 2548//2548 2547//2547 2549//2549
f 2548//2548 2549//2549 2550//2550
f 2550//2550 2549//2549 2551//2551
f 2550//2550 2551//2551 2552//2552
f 2553//2553 2554//2554 2555//2555
f 2555//2555 2554//2554 2556//2556
f 2553//2553 2555//2555 2557//2557
f 2557//2557 2555//2555 2558//2558
f 2557//2557 2558//2558 2559//2559
f 2559//2559 2558//2558 2560//2560
f 2559//2559 2560//2560 2561//2561
f 2561//2561 2560//2560 2562//2562
f 2562//2562 2560//2560 2563//2563
f 2562//2562 2563//2563 2564//2564
f 2564//2564 2563//2563 2565//2565
f 2564//2564 2565//2565 2566//2566
f 2566//2566 2565//2565 2567//2567
f 2567//2567 2565//2565 2425//2425
f 2567//2567 2425//2425 2568//2568
f 1930//1930 1345//1345 2569//2569
f 2568//2568 2425//2425 2569//2569
f 2569//2569 2425//2425 1931//1931
f 2569//2569 1931//1931 1930//1930
f 2570//2570 2571//2571 2572//2572
f 1105//1105 2257//2257 2573//2573
f 2573//2573 2257//2257 2570//2570
f 2573//2573 2570//2570 2574//2574
f 2574//2574 2570//2570 2572//2572
f 2575//2575 2576//2576 2570//2570
f 2570//2570 2576//2576 2577//2577
f 2570//2570 2577//2577 2571//2571
f 2578//2578 2579//2579 2580//2580
f 2578//2578 2580//2580 2575//2575
f 2580//2580 2581//2581 2575//2575
f 2575//2575 2581//2581 2582//2582
f 2575//2575 2582//2582 2583//2583
f 2583//2583 2584//2584 2575//2575
f 2575//2575 2584//2584 2585//2585
f 2575//2575 2585//2585 2576//2576
f 2586//2586 2587//2587 2588//2588
f 2588//2588 2587//2587 2589//2589
f 2588//2588 2589//2589 2590//2590
f 2590//2590 2589//2589 2591//2591
f 2590//2590 2591//2591 2592//2592
f 2593//2593 2594//2594 2595//2595
f 2595//2595 2594//2594 2596//2596
f 2595//2595 2596//2596 2588//2588
f 2588//2588 2596//2596 2597//2597
f 2588//2588 2597//2597 2586//2586
f 2598//2598 2599//2599 2600//2600
f 2598//2598 2600//2600 2595//2595
f 2595//2595 2600//2600 2601//2601
f 2595//2595 2601//2601 2593//2593
f 2602//2602 2603//2603 2604//2604
f 2604//2604 2603//2603 2605//2605
f 2604//2604 2605//2605 2598//2598
f 2598//2598 2605//2605 2606//2606
f 2598//2598 2606//2606 2599//2599
f 2508//2508 2507//2507 2604//2604
f 2604//2604 2507//2507 2607//2607
f 2604//2604 2607//2607 2602//2602
f 2503//2503 2505//2505 2608//2608
f 2609//2609 2610//2610 2611//2611
f 2611//2611 2610//2610 2612//2612
f 2500//2500 2502//2502 2613//2613
f 2614//2614 2615//2615 2616//2616
f 2616//2616 2615//2615 2617//2617
f 2616//2616 2617//2617 2618//2618
f 2497//2497 2499//2499 2619//2619
f 2494//2494 2496//2496 2620//2620
f 2621//2621 2622//2622 2623//2623
f 2623//2623 2622//2622 2624//2624
f 2623//2623 2624//2624 2625//2625
f 2626//2626 2627//2627 2628//2628
f 2629//2629 2626//2626 2630//2630
f 2630//2630 2626//2626 2628//2628
f 2630//2630 2628//2628 2631//2631
f 2627//2627 2626//2626 2632//2632
f 2632//2632 2626//2626 2633//2633
f 2632//2632 2633//2633 2634//2634
f 2635//2635 2636//2636 2637//2637
f 2637//2637 2636//2636 2638//2638
f 2637//2637 2638//2638 2633//2633
f 2633//2633 2638//2638 2639//2639
f 2633//2633 2639//2639 2634//2634
f 2640//2640 2641//2641 2642//2642
f 2642//2642 2643//2643 2640//2640
f 2640//2640 2643//2643 2644//2644
f 2640//2640 2644//2644 2637//2637
f 2637//2637 2644//2644 2645//2645
f 2637//2637 2645//2645 2635//2635
f 2641//2641 2640//2640 2646//2646
f 2646//2646 2640//2640 2647//2647
f 2646//2646 2647//2647 2648//2648
f 2649//2649 2650//2650 2647//2647
f 2647//2647 2650//2650 2651//2651
f 2647//2647 2651//2651 2648//2648
f 2652//2652 2653//2653 2654//2654
f 2654//2654 2653//2653 2655//2655
f 2654//2654 2655//2655 2649//2649
f 2656//2656 2657//2657 2658//2658
f 2659//2659 2660//2660 2661//2661
f 2662//2662 2663//2663 2656//2656
f 2656//2656 2663//2663 2664//2664
f 2656//2656 2664//2664 2657//2657
f 2665//2665 2666//2666 2667//2667
f 2667//2667 2666//2666 2668//2668
f 2669//2669 2670//2670 2665//2665
f 2671//2671 2672//2672 2673//2673
f 2673//2673 2672//2672 2674//2674
f 2673//2673 2674//2674 2669//2669
f 2669//2669 2674//2674 2675//2675
f 2669//2669 2675//2675 2670//2670
f 2671//2671 2673//2673 2676//2676
f 2676//2676 2673//2673 2677//2677
f 2676//2676 2677//2677 2678//2678
f 2679//2679 2680//2680 2681//2681
f 2681//2681 2680//2680 2682//2682
f 2681//2681 2682//2682 2677//2677
f 2677//2677 2682//2682 2683//2683
f 2677//2677 2683//2683 2678//2678
f 2684//2684 2685//2685 2686//2686
f 2686//2686 2685//2685 2687//2687
f 2686//2686 2687//2687 2681//2681
f 2681//2681 2687//2687 2688//2688
f 2681//2681 2688//2688 2679//2679
f 2684//2684 2686//2686 2689//2689
f 2689//2689 2686//2686 2690//2690
f 2689//2689 2690//2690 2691//2691
f 2692//2692 2693//2693 2694//2694
f 2694//2694 2695//2695 2692//2692
f 2692//2692 2695//2695 2696//2696
f 2692//2692 2696//2696 2690//2690
f 2690//2690 2696//2696 2697//2697
f 2690//2690 2697//2697 2691//2691
f 2693//2693 2692//2692 2698//2698
f 2698//2698 2692//2692 2699//2699
f 2698//2698 2699//2699 2700//2700
f 2486//2486 2701//2701 2487//2487
f 2487//2487 2701//2701 2702//2702
f 2487//2487 2702//2702 2699//2699
f 2699//2699 2702//2702 2703//2703
f 2699//2699 2703//2703 2700//2700
f 2484//2484 2704//2704 2446//2446
f 2446//2446 2704//2704 2705//2705
f 2446//2446 2705//2705 2447//2447
f 2447//2447 2705//2705 2706//2706
f 2447//2447 2706//2706 2707//2707
f 2708//2708 2709//2709 2710//2710
f 2710//2710 2709//2709 2711//2711
f 2712//2712 2713//2713 2714//2714
f 2714//2714 2713//2713 2715//2715
f 2714//2714 2715//2715 2716//2716
f 2716//2716 2715//2715 2717//2717
f 2716//2716 2717//2717 2718//2718
f 2712//2712 2714//2714 2719//2719
f 2719//2719 2714//2714 2720//2720
f 2719//2719 2720//2720 2721//2721
f 2722//2722 2723//2723 2724//2724
f 2724//2724 2723//2723 2725//2725
f 2724//2724 2725//2725 2720//2720
f 2720//2720 2725//2725 2726//2726
f 2720//2720 2726//2726 2721//2721
f 2722//2722 2724//2724 2727//2727
f 2727//2727 2724//2724 2728//2728
f 2727//2727 2728//2728 2729//2729
f 2730//2730 2731//2731 2732//2732
f 2732//2732 2731//2731 2733//2733
f 2732//2732 2733//2733 2728//2728
f 2728//2728 2733//2733 2734//2734
f 2728//2728 2734//2734 2729//2729
f 2730//2730 2732//2732 2735//2735
f 2735//2735 2732//2732 2736//2736
f 2735//2735 2736//2736 2737//2737
f 2737//2737 2736//2736 2738//2738
f 2738//2738 2736//2736 2739//2739
f 2738//2738 2739//2739 2740//2740
f 2741//2741 2742//2742 2743//2743
f 2743//2743 2742//2742 2744//2744
f 2743//2743 2744//2744 2739//2739
f 2739//2739 2744//2744 2745//2745
f 2739//2739 2745//2745 2740//2740
f 2746//2746 2747//2747 2748//2748
f 2748//2748 2747//2747 2749//2749
f 2749//2749 2750//2750 2748//2748
f 2748//2748 2750//2750 2751//2751
f 2748//2748 2751//2751 2743//2743
f 2743//2743 2751//2751 2752//2752
f 2743//2743 2752//2752 2741//2741
f 2753//2753 2754//2754 2755//2755
f 2755//2755 2754//2754 2756//2756
f 2755//2755 2756//2756 2748//2748
f 2748//2748 2756//2756 2757//2757
f 2748//2748 2757//2757 2746//2746
f 2753//2753 2755//2755 2758//2758
f 2758//2758 2755//2755 2759//2759
f 2758//2758 2759//2759 2760//2760
f 2521//2521 2761//2761 2522//2522
f 2522//2522 2761//2761 2762//2762
f 2522//2522 2762//2762 2759//2759
f 2759//2759 2762//2762 2763//2763
f 2759//2759 2763//2763 2760//2760
f 2612//2612 2613//2613 2611//2611
f 2611//2611 2613//2613 2502//2502
f 2611//2611 2502//2502 2764//2764
f 2764//2764 2502//2502 2765//2765
f 2764//2764 2765//2765 2766//2766
f 2766//2766 2765//2765 2767//2767
f 2766//2766 2767//2767 2768//2768
f 2769//2769 2770//2770 2771//2771
f 2771//2771 2770//2770 2772//2772
f 2771//2771 2772//2772 2773//2773
f 2773//2773 2772//2772 2774//2774
f 2773//2773 2774//2774 2775//2775
f 2775//2775 2774//2774 2776//2776
f 2775//2775 2776//2776 2616//2616
f 2616//2616 2776//2776 2499//2499
f 2616//2616 2499//2499 2614//2614
f 2614//2614 2499//2499 2498//2498
f 2618//2618 2609//2609 2616//2616
f 2616//2616 2609//2609 2611//2611
f 2616//2616 2611//2611 2775//2775
f 2775//2775 2611//2611 2764//2764
f 2775//2775 2764//2764 2773//2773
f 2773//2773 2764//2764 2766//2766
f 2773//2773 2766//2766 2771//2771
f 2771//2771 2766//2766 2768//2768
f 2771//2771 2768//2768 2769//2769
f 2777//2777 2778//2778 2779//2779
f 2780//2780 2781//2781 2782//2782
f 2782//2782 2781//2781 2783//2783
f 2782//2782 2783//2783 2784//2784
f 2784//2784 2783//2783 2785//2785
f 2784//2784 2785//2785 2786//2786
f 2786//2786 2785//2785 2787//2787
f 2781//2781 2788//2788 2783//2783
f 2783//2783 2788//2788 2789//2789
f 2783//2783 2789//2789 2785//2785
f 2785//2785 2789//2789 2790//2790
f 2785//2785 2790//2790 2787//2787
f 2787//2787 2790//2790 2791//2791
f 2769//2769 2792//2792 2770//2770
f 2770//2770 2792//2792 2793//2793
f 2770//2770 2793//2793 2772//2772
f 2772//2772 2793//2793 2794//2794
f 2772//2772 2794//2794 2774//2774
f 2774//2774 2794//2794 2795//2795
f 2774//2774 2795//2795 2776//2776
f 2776//2776 2795//2795 2796//2796
f 2776//2776 2796//2796 2499//2499
f 2499//2499 2796//2796 2496//2496
f 2499//2499 2496//2496 2619//2619
f 2619//2619 2496//2496 2495//2495
f 2792//2792 2797//2797 2793//2793
f 2793//2793 2797//2797 2798//2798
f 2793//2793 2798//2798 2794//2794
f 2794//2794 2798//2798 2799//2799
f 2794//2794 2799//2799 2795//2795
f 2795//2795 2799//2799 2800//2800
f 2795//2795 2800//2800 2796//2796
f 2796//2796 2800//2800 2801//2801
f 2796//2796 2801//2801 2496//2496
f 2496//2496 2801//2801 2493//2493
f 2496//2496 2493//2493 2620//2620
f 2620//2620 2493//2493 2492//2492
f 2625//2625 2491//2491 2623//2623
f 2623//2623 2491//2491 2493//2493
f 2623//2623 2493//2493 2802//2802
f 2802//2802 2493//2493 2801//2801
f 2802//2802 2801//2801 2803//2803
f 2803//2803 2801//2801 2800//2800
f 2803//2803 2800//2800 2804//2804
f 2804//2804 2800//2800 2799//2799
f 2804//2804 2799//2799 2805//2805
f 2805//2805 2799//2799 2798//2798
f 2805//2805 2798//2798 2806//2806
f 2806//2806 2798//2798 2797//2797
f 2806//2806 2797//2797 2807//2807
f 2779//2779 2778//2778 2808//2808
f 2808//2808 2778//2778 2809//2809
f 2808//2808 2809//2809 2810//2810
f 2810//2810 2809//2809 2811//2811
f 2810//2810 2811//2811 2812//2812
f 2812//2812 2811//2811 2813//2813
f 2812//2812 2813//2813 2814//2814
f 2767//2767 2780//2780 2768//2768
f 2768//2768 2780//2780 2782//2782
f 2768//2768 2782//2782 2769//2769
f 2769//2769 2782//2782 2784//2784
f 2769//2769 2784//2784 2792//2792
f 2792//2792 2784//2784 2786//2786
f 2792//2792 2786//2786 2797//2797
f 2797//2797 2786//2786 2787//2787
f 2797//2797 2787//2787 2807//2807
f 2807//2807 2787//2787 2791//2791
f 2807//2807 2791//2791 2815//2815
f 2814//2814 2816//2816 2812//2812
f 2812//2812 2816//2816 2817//2817
f 2812//2812 2817//2817 2810//2810
f 2810//2810 2817//2817 2818//2818
f 2810//2810 2818//2818 2808//2808
f 2808//2808 2818//2818 2819//2819
f 2808//2808 2819//2819 2779//2779
f 2788//2788 2777//2777 2789//2789
f 2789//2789 2777//2777 2779//2779
f 2789//2789 2779//2779 2790//2790
f 2790//2790 2779//2779 2819//2819
f 2790//2790 2819//2819 2791//2791
f 2791//2791 2819//2819 2818//2818
f 2791//2791 2818//2818 2815//2815
f 2815//2815 2818//2818 2817//2817
f 2815//2815 2817//2817 2820//2820
f 2820//2820 2817//2817 2816//2816
f 2820//2820 2816//2816 2821//2821
f 2629//2629 2621//2621 2626//2626
f 2626//2626 2621//2621 2623//2623
f 2626//2626 2623//2623 2633//2633
f 2633//2633 2623//2623 2802//2802
f 2633//2633 2802//2802 2637//2637
f 2637//2637 2802//2802 2803//2803
f 2637//2637 2803//2803 2640//2640
f 2640//2640 2803//2803 2804//2804
f 2640//2640 2804//2804 2647//2647
f 2647//2647 2804//2804 2805//2805
f 2647//2647 2805//2805 2822//2822
f 2822//2822 2805//2805 2806//2806
f 2822//2822 2806//2806 2823//2823
f 2823//2823 2806//2806 2807//2807
f 2823//2823 2807//2807 2824//2824
f 2824//2824 2807//2807 2815//2815
f 2824//2824 2815//2815 2825//2825
f 2825//2825 2815//2815 2820//2820
f 2825//2825 2820//2820 2482//2482
f 2482//2482 2820//2820 2821//2821
f 2482//2482 2821//2821 2480//2480
f 2661//2661 2662//2662 2659//2659
f 2659//2659 2662//2662 2656//2656
f 2659//2659 2656//2656 2826//2826
f 2827//2827 2828//2828 2829//2829
f 2830//2830 2831//2831 2477//2477
f 2477//2477 2831//2831 2832//2832
f 2477//2477 2832//2832 2478//2478
f 2478//2478 2832//2832 2833//2833
f 2478//2478 2833//2833 2834//2834
f 2834//2834 2835//2835 2478//2478
f 2478//2478 2835//2835 2836//2836
f 2478//2478 2836//2836 2479//2479
f 2479//2479 2836//2836 2837//2837
f 2479//2479 2837//2837 2838//2838
f 2830//2830 2477//2477 2839//2839
f 2839//2839 2477//2477 2479//2479
f 2839//2839 2479//2479 2468//2468
f 2468//2468 2479//2479 2838//2838
f 2468//2468 2838//2838 2466//2466
f 2828//2828 2831//2831 2829//2829
f 2829//2829 2831//2831 2830//2830
f 2829//2829 2830//2830 2840//2840
f 2840//2840 2830//2830 2839//2839
f 2840//2840 2839//2839 2841//2841
f 2841//2841 2839//2839 2468//2468
f 2841//2841 2468//2468 2842//2842
f 2842//2842 2468//2468 2467//2467
f 2843//2843 2844//2844 2845//2845
f 2845//2845 2844//2844 2846//2846
f 2845//2845 2846//2846 2847//2847
f 2649//2649 2647//2647 2654//2654
f 2654//2654 2647//2647 2822//2822
f 2654//2654 2822//2822 2848//2848
f 2848//2848 2822//2822 2823//2823
f 2848//2848 2823//2823 2849//2849
f 2849//2849 2823//2823 2824//2824
f 2849//2849 2824//2824 2850//2850
f 2850//2850 2824//2824 2825//2825
f 2850//2850 2825//2825 2851//2851
f 2851//2851 2825//2825 2482//2482
f 2851//2851 2482//2482 2852//2852
f 2852//2852 2482//2482 2481//2481
f 2852//2852 2481//2481 2459//2459
f 2459//2459 2481//2481 2853//2853
f 2459//2459 2853//2853 2457//2457
f 2458//2458 2854//2854 2459//2459
f 2459//2459 2854//2854 2855//2855
f 2459//2459 2855//2855 2852//2852
f 2852//2852 2855//2855 2856//2856
f 2852//2852 2856//2856 2851//2851
f 2851//2851 2856//2856 2857//2857
f 2851//2851 2857//2857 2850//2850
f 2850//2850 2857//2857 2858//2858
f 2850//2850 2858//2858 2849//2849
f 2849//2849 2858//2858 2859//2859
f 2849//2849 2859//2859 2848//2848
f 2848//2848 2859//2859 2490//2490
f 2848//2848 2490//2490 2654//2654
f 2654//2654 2490//2490 2489//2489
f 2654//2654 2489//2489 2652//2652
f 2853//2853 2860//2860 2457//2457
f 2457//2457 2860//2860 2861//2861
f 2457//2457 2861//2861 2458//2458
f 2458//2458 2861//2861 2862//2862
f 2458//2458 2862//2862 2854//2854
f 2854//2854 2862//2862 2863//2863
f 2854//2854 2863//2863 2864//2864
f 2865//2865 2866//2866 2867//2867
f 2867//2867 2866//2866 2868//2868
f 2867//2867 2868//2868 2842//2842
f 2842//2842 2868//2868 2869//2869
f 2842//2842 2869//2869 2841//2841
f 2841//2841 2869//2869 2870//2870
f 2841//2841 2870//2870 2840//2840
f 2840//2840 2870//2870 2871//2871
f 2840//2840 2871//2871 2829//2829
f 2872//2872 2873//2873 2874//2874
f 2874//2874 2873//2873 2875//2875
f 2874//2874 2875//2875 2876//2876
f 2876//2876 2875//2875 2877//2877
f 2876//2876 2877//2877 2878//2878
f 2873//2873 2865//2865 2875//2875
f 2875//2875 2865//2865 2867//2867
f 2875//2875 2867//2867 2877//2877
f 2877//2877 2867//2867 2842//2842
f 2877//2877 2842//2842 2878//2878
f 2878//2878 2842//2842 2467//2467
f 2879//2879 2880//2880 2881//2881
f 2881//2881 2880//2880 2882//2882
f 2881//2881 2882//2882 2462//2462
f 2883//2883 2879//2879 2884//2884
f 2884//2884 2879//2879 2881//2881
f 2884//2884 2881//2881 2885//2885
f 2885//2885 2881//2881 2462//2462
f 2885//2885 2462//2462 2465//2465
f 2465//2465 2462//2462 2461//2461
f 2465//2465 2461//2461 2463//2463
f 2453//2453 2886//2886 2449//2449
f 2449//2449 2886//2886 2887//2887
f 2449//2449 2887//2887 2450//2450
f 2888//2888 2889//2889 2890//2890
f 2890//2890 2889//2889 2872//2872
f 2454//2454 2883//2883 2455//2455
f 2455//2455 2883//2883 2884//2884
f 2455//2455 2884//2884 2891//2891
f 2891//2891 2884//2884 2885//2885
f 2891//2891 2885//2885 2892//2892
f 2892//2892 2885//2885 2465//2465
f 2892//2892 2465//2465 2475//2475
f 2475//2475 2465//2465 2464//2464
f 2475//2475 2464//2464 2473//2473
f 2893//2893 2894//2894 2895//2895
f 2843//2843 2896//2896 2844//2844
f 2844//2844 2896//2896 2897//2897
f 2844//2844 2897//2897 2846//2846
f 2846//2846 2897//2897 2898//2898
f 2846//2846 2898//2898 2847//2847
f 2847//2847 2898//2898 2899//2899
f 2894//2894 2893//2893 2900//2900
f 2900//2900 2893//2893 2901//2901
f 2900//2900 2901//2901 2902//2902
f 2902//2902 2901//2901 2903//2903
f 2902//2902 2903//2903 2904//2904
f 2905//2905 2906//2906 2907//2907
f 2907//2907 2906//2906 2908//2908
f 2908//2908 2906//2906 2909//2909
f 2908//2908 2909//2909 2910//2910
f 2895//2895 2911//2911 2893//2893
f 2893//2893 2911//2911 2912//2912
f 2893//2893 2912//2912 2901//2901
f 2901//2901 2912//2912 2908//2908
f 2901//2901 2908//2908 2903//2903
f 2903//2903 2908//2908 2910//2910
f 2903//2903 2910//2910 2904//2904
f 2913//2913 2914//2914 2915//2915
f 2915//2915 2914//2914 2916//2916
f 2915//2915 2916//2916 2917//2917
f 2918//2918 2387//2387 2919//2919
f 2919//2919 2387//2387 2386//2386
f 2919//2919 2386//2386 2920//2920
f 2916//2916 2921//2921 2917//2917
f 2917//2917 2921//2921 2922//2922
f 2917//2917 2922//2922 2918//2918
f 2918//2918 2922//2922 2923//2923
f 2918//2918 2923//2923 2387//2387
f 2907//2907 2924//2924 2905//2905
f 2905//2905 2924//2924 2925//2925
f 2905//2905 2925//2925 2926//2926
f 2927//2927 2928//2928 2456//2456
f 2456//2456 2928//2928 2929//2929
f 2456//2456 2929//2929 2454//2454
f 2454//2454 2929//2929 2930//2930
f 2454//2454 2930//2930 2883//2883
f 2883//2883 2930//2930 2931//2931
f 2883//2883 2931//2931 2879//2879
f 2879//2879 2931//2931 2932//2932
f 2879//2879 2932//2932 2880//2880
f 2513//2513 2532//2532 2514//2514
f 2514//2514 2532//2532 2517//2517
f 2514//2514 2517//2517 2933//2933
f 2933//2933 2517//2517 2934//2934
f 2933//2933 2934//2934 2935//2935
f 2935//2935 2934//2934 2936//2936
f 2935//2935 2936//2936 2937//2937
f 2937//2937 2936//2936 2938//2938
f 2937//2937 2938//2938 2939//2939
f 2939//2939 2938//2938 2940//2940
f 2939//2939 2940//2940 2941//2941
f 2940//2940 2942//2942 2941//2941
f 2941//2941 2942//2942 2943//2943
f 2941//2941 2943//2943 2944//2944
f 2944//2944 2943//2943 2945//2945
f 2944//2944 2945//2945 2946//2946
f 2946//2946 2945//2945 2947//2947
f 2946//2946 2947//2947 2927//2927
f 2927//2927 2947//2947 2948//2948
f 2927//2927 2948//2948 2928//2928
f 2928//2928 2948//2948 2949//2949
f 2928//2928 2949//2949 2929//2929
f 2929//2929 2949//2949 2950//2950
f 2929//2929 2950//2950 2930//2930
f 2930//2930 2950//2950 2951//2951
f 2930//2930 2951//2951 2931//2931
f 2931//2931 2951//2951 2952//2952
f 2931//2931 2952//2952 2932//2932
f 2953//2953 2886//2886 2954//2954
f 2954//2954 2886//2886 2453//2453
f 2954//2954 2453//2453 2955//2955
f 2955//2955 2453//2453 2452//2452
f 2864//2864 2956//2956 2854//2854
f 2854//2854 2956//2956 2957//2957
f 2854//2854 2957//2957 2855//2855
f 2855//2855 2957//2957 2958//2958
f 2855//2855 2958//2958 2856//2856
f 2856//2856 2958//2958 2959//2959
f 2856//2856 2959//2959 2857//2857
f 2857//2857 2959//2959 2960//2960
f 2857//2857 2960//2960 2858//2858
f 2858//2858 2960//2960 2826//2826
f 2858//2858 2826//2826 2859//2859
f 2859//2859 2826//2826 2656//2656
f 2859//2859 2656//2656 2490//2490
f 2490//2490 2656//2656 2658//2658
f 2490//2490 2658//2658 2488//2488
f 2460//2460 2462//2462 2961//2961
f 2961//2961 2462//2462 2882//2882
f 2961//2961 2882//2882 2962//2962
f 2962//2962 2882//2882 2880//2880
f 2962//2962 2880//2880 2963//2963
f 2963//2963 2880//2880 2932//2932
f 2963//2963 2932//2932 2964//2964
f 2964//2964 2932//2932 2952//2952
f 2964//2964 2952//2952 2965//2965
f 2966//2966 2967//2967 2968//2968
f 2966//2966 2968//2968 2969//2969
f 2967//2967 2966//2966 2970//2970
f 2970//2970 2966//2966 2971//2971
f 2970//2970 2971//2971 2956//2956
f 2956//2956 2971//2971 2972//2972
f 2956//2956 2972//2972 2957//2957
f 2957//2957 2972//2972 2973//2973
f 2957//2957 2973//2973 2958//2958
f 2958//2958 2973//2973 2974//2974
f 2958//2958 2974//2974 2959//2959
f 2959//2959 2974//2974 2975//2975
f 2959//2959 2975//2975 2960//2960
f 2960//2960 2975//2975 2976//2976
f 2960//2960 2976//2976 2826//2826
f 2826//2826 2976//2976 2667//2667
f 2826//2826 2667//2667 2659//2659
f 2659//2659 2667//2667 2668//2668
f 2659//2659 2668//2668 2660//2660
f 2665//2665 2667//2667 2669//2669
f 2669//2669 2667//2667 2976//2976
f 2669//2669 2976//2976 2673//2673
f 2673//2673 2976//2976 2975//2975
f 2673//2673 2975//2975 2677//2677
f 2677//2677 2975//2975 2974//2974
f 2677//2677 2974//2974 2681//2681
f 2681//2681 2974//2974 2973//2973
f 2681//2681 2973//2973 2686//2686
f 2686//2686 2973//2973 2972//2972
f 2686//2686 2972//2972 2690//2690
f 2690//2690 2972//2972 2971//2971
f 2690//2690 2971//2971 2692//2692
f 2692//2692 2971//2971 2966//2966
f 2692//2692 2966//2966 2699//2699
f 2699//2699 2966//2966 2969//2969
f 2699//2699 2969//2969 2487//2487
f 2711//2711 2483//2483 2710//2710
f 2710//2710 2483//2483 2446//2446
f 2710//2710 2446//2446 2977//2977
f 2977//2977 2446//2446 2448//2448
f 2977//2977 2448//2448 2888//2888
f 2888//2888 2448//2448 2451//2451
f 2888//2888 2451//2451 2889//2889
f 2889//2889 2451//2451 2450//2450
f 2889//2889 2450//2450 2872//2872
f 2872//2872 2450//2450 2887//2887
f 2872//2872 2887//2887 2873//2873
f 2873//2873 2887//2887 2886//2886
f 2873//2873 2886//2886 2865//2865
f 2865//2865 2886//2886 2953//2953
f 2865//2865 2953//2953 2866//2866
f 2707//2707 2485//2485 2447//2447
f 2447//2447 2485//2485 2487//2487
f 2447//2447 2487//2487 2448//2448
f 2448//2448 2487//2487 2969//2969
f 2448//2448 2969//2969 2451//2451
f 2451//2451 2969//2969 2968//2968
f 2451//2451 2968//2968 2449//2449
f 2449//2449 2968//2968 2967//2967
f 2449//2449 2967//2967 2452//2452
f 2452//2452 2967//2967 2970//2970
f 2452//2452 2970//2970 2955//2955
f 2955//2955 2970//2970 2956//2956
f 2955//2955 2956//2956 2954//2954
f 2954//2954 2956//2956 2864//2864
f 2954//2954 2864//2864 2953//2953
f 2953//2953 2864//2864 2863//2863
f 2953//2953 2863//2863 2866//2866
f 2866//2866 2863//2863 2862//2862
f 2866//2866 2862//2862 2868//2868
f 2868//2868 2862//2862 2861//2861
f 2868//2868 2861//2861 2869//2869
f 2869//2869 2861//2861 2860//2860
f 2869//2869 2860//2860 2870//2870
f 2870//2870 2860//2860 2853//2853
f 2870//2870 2853//2853 2871//2871
f 2871//2871 2853//2853 2481//2481
f 2871//2871 2481//2481 2829//2829
f 2829//2829 2481//2481 2480//2480
f 2829//2829 2480//2480 2827//2827
f 2827//2827 2480//2480 2821//2821
f 2827//2827 2821//2821 2978//2978
f 2978//2978 2821//2821 2816//2816
f 2978//2978 2816//2816 2979//2979
f 2979//2979 2816//2816 2814//2814
f 2516//2516 2518//2518 2517//2517
f 2517//2517 2518//2518 2520//2520
f 2517//2517 2520//2520 2934//2934
f 2934//2934 2520//2520 2980//2980
f 2934//2934 2980//2980 2936//2936
f 2936//2936 2980//2980 2981//2981
f 2936//2936 2981//2981 2938//2938
f 2938//2938 2981//2981 2982//2982
f 2938//2938 2982//2982 2940//2940
f 2940//2940 2982//2982 2983//2983
f 2940//2940 2983//2983 2942//2942
f 2942//2942 2983//2983 2984//2984
f 2942//2942 2984//2984 2943//2943
f 2943//2943 2984//2984 2985//2985
f 2943//2943 2985//2985 2945//2945
f 2945//2945 2985//2985 2986//2986
f 2945//2945 2986//2986 2947//2947
f 2947//2947 2986//2986 2987//2987
f 2947//2947 2987//2987 2948//2948
f 2948//2948 2987//2987 2988//2988
f 2948//2948 2988//2988 2949//2949
f 2949//2949 2988//2988 2989//2989
f 2949//2949 2989//2989 2950//2950
f 2950//2950 2989//2989 2990//2990
f 2950//2950 2990//2990 2951//2951
f 2951//2951 2990//2990 2991//2991
f 2951//2951 2991//2991 2952//2952
f 2952//2952 2991//2991 2992//2992
f 2952//2952 2992//2992 2965//2965
f 2519//2519 2529//2529 2520//2520
f 2520//2520 2529//2529 2531//2531
f 2520//2520 2531//2531 2980//2980
f 2980//2980 2531//2531 2993//2993
f 2980//2980 2993//2993 2981//2981
f 2981//2981 2993//2993 2994//2994
f 2981//2981 2994//2994 2982//2982
f 2982//2982 2994//2994 2995//2995
f 2982//2982 2995//2995 2983//2983
f 2983//2983 2995//2995 2996//2996
f 2983//2983 2996//2996 2984//2984
f 2984//2984 2996//2996 2997//2997
f 2984//2984 2997//2997 2985//2985
f 2985//2985 2997//2997 2998//2998
f 2985//2985 2998//2998 2986//2986
f 2986//2986 2998//2998 2999//2999
f 2986//2986 2999//2999 2987//2987
f 2987//2987 2999//2999 3000//3000
f 2987//2987 3000//3000 2988//2988
f 2988//2988 3000//3000 3001//3001
f 2988//2988 3001//3001 2989//2989
f 2989//2989 3001//3001 3002//3002
f 2989//2989 3002//3002 2990//2990
f 2990//2990 3002//3002 3003//3003
f 2990//2990 3003//3003 2991//2991
f 2991//2991 3003//3003 3004//3004
f 2991//2991 3004//3004 2992//2992
f 2992//2992 3004//3004 3005//3005
f 2992//2992 3005//3005 2965//2965
f 2530//2530 2526//2526 2531//2531
f 2531//2531 2526//2526 2522//2522
f 2531//2531 2522//2522 2993//2993
f 2993//2993 2522//2522 2759//2759
f 2993//2993 2759//2759 2994//2994
f 2994//2994 2759//2759 2755//2755
f 2994//2994 2755//2755 2995//2995
f 2995//2995 2755//2755 2748//2748
f 2995//2995 2748//2748 2996//2996
f 2996//2996 2748//2748 2743//2743
f 2996//2996 2743//2743 2997//2997
f 2997//2997 2743//2743 2739//2739
f 2997//2997 2739//2739 2998//2998
f 2998//2998 2739//2739 2736//2736
f 2998//2998 2736//2736 2999//2999
f 2999//2999 2736//2736 2732//2732
f 2999//2999 2732//2732 3000//3000
f 3000//3000 2732//2732 2728//2728
f 3000//3000 2728//2728 3001//3001
f 3001//3001 2728//2728 2724//2724
f 3001//3001 2724//2724 3002//3002
f 3002//3002 2724//2724 2720//2720
f 3002//3002 2720//2720 3003//3003
f 3003//3003 2720//2720 2714//2714
f 3003//3003 2714//2714 3004//3004
f 3004//3004 2714//2714 2716//2716
f 3004//3004 2716//2716 3005//3005
f 3006//3006 1275//1275 1274//1274
f 2445//2445 2444//2444 3007//3007
f 3007//3007 3008//3008 3009//3009
f 2444//2444 1785//1785 3007//3007
f 3007//3007 1785//1785 3010//3010
f 3007//3007 3010//3010 3008//3008
f 3008//3008 3010//3010 1788//1788
f 3011//3011 3012//3012 3013//3013
f 3013//3013 3012//3012 3014//3014
f 3015//3015 3016//3016 3017//3017
f 3017//3017 3016//3016 3018//3018
f 3017//3017 3018//3018 3012//3012
f 3019//3019 3020//3020 3021//3021
f 3021//3021 3020//3020 3022//3022
f 3021//3021 3022//3022 3023//3023
f 3024//3024 3025//3025 3026//3026
f 3026//3026 3025//3025 3027//3027
f 3024//3024 3028//3028 3025//3025
f 3025//3025 3028//3028 3029//3029
f 3025//3025 3029//3029 3030//3030
f 3026//3026 3023//3023 3024//3024
f 3024//3024 3023//3023 3022//3022
f 3024//3024 3022//3022 3028//3028
f 3028//3028 3022//3022 3020//3020
f 3028//3028 3020//3020 3013//3013
f 3013//3013 3020//3020 3019//3019
f 3013//3013 3019//3019 3011//3011
f 3031//3031 3032//3032 3033//3033
f 3034//3034 3031//3031 3035//3035
f 3035//3035 3031//3031 3036//3036
f 3035//3035 3036//3036 3037//3037
f 3037//3037 3036//3036 3038//3038
f 3031//3031 3033//3033 3036//3036
f 3036//3036 3033//3033 3039//3039
f 3036//3036 3039//3039 3038//3038
f 2439//2439 3040//3040 2440//2440
f 2440//2440 3040//3040 3041//3041
f 2440//2440 3041//3041 3042//3042
f 3042//3042 3041//3041 3043//3043
f 3042//3042 3043//3043 3044//3044
f 3044//3044 3043//3043 3045//3045
f 3044//3044 3045//3045 3046//3046
f 3046//3046 3045//3045 3047//3047
f 3046//3046 3047//3047 3048//3048
f 3048//3048 3047//3047 2471//2471
f 3048//3048 2471//2471 3049//3049
f 3049//3049 2471//2471 2472//2472
f 3050//3050 3051//3051 3052//3052
f 3052//3052 3051//3051 3053//3053
f 3054//3054 3055//3055 3056//3056
f 3056//3056 3055//3055 3057//3057
f 3057//3057 3058//3058 3056//3056
f 3056//3056 3058//3058 3059//3059
f 3056//3056 3059//3059 3060//3060
f 3060//3060 3059//3059 3061//3061
f 3050//3050 3054//3054 3051//3051
f 3051//3051 3054//3054 3056//3056
f 3051//3051 3056//3056 3053//3053
f 3053//3053 3056//3056 3060//3060
f 3053//3053 3060//3060 3062//3062
f 3062//3062 3060//3060 3061//3061
f 3062//3062 3061//3061 3063//3063
f 3064//3064 3065//3065 3066//3066
f 3066//3066 3065//3065 3067//3067
f 3066//3066 3067//3067 3068//3068
f 2469//2469 3069//3069 2470//2470
f 2470//2470 3069//3069 2896//2896
f 2470//2470 2896//2896 2472//2472
f 2472//2472 2896//2896 2843//2843
f 2472//2472 2843//2843 3049//3049
f 2439//2439 3027//3027 3040//3040
f 3040//3040 3027//3027 3025//3025
f 3040//3040 3025//3025 3041//3041
f 3041//3041 3025//3025 3030//3030
f 3041//3041 3030//3030 3043//3043
f 3043//3043 3030//3030 3070//3070
f 3043//3043 3070//3070 3045//3045
f 3045//3045 3070//3070 3071//3071
f 3045//3045 3071//3071 3047//3047
f 3047//3047 3071//3071 3064//3064
f 3047//3047 3064//3064 2471//2471
f 2471//2471 3064//3064 3066//3066
f 2471//2471 3066//3066 2469//2469
f 2469//2469 3066//3066 3068//3068
f 2469//2469 3068//3068 3069//3069
f 2438//2438 2440//2440 3072//3072
f 3072//3072 2440//2440 3042//3042
f 3072//3072 3042//3042 3073//3073
f 3073//3073 3042//3042 3044//3044
f 3073//3073 3044//3044 3074//3074
f 3074//3074 3044//3044 3046//3046
f 3074//3074 3046//3046 3075//3075
f 3075//3075 3046//3046 3048//3048
f 3075//3075 3048//3048 2476//2476
f 2476//2476 3048//3048 3049//3049
f 2476//2476 3049//3049 2475//2475
f 2475//2475 3049//3049 2843//2843
f 2475//2475 2843//2843 2892//2892
f 2892//2892 2843//2843 2845//2845
f 2892//2892 2845//2845 2891//2891
f 2891//2891 2845//2845 2847//2847
f 2891//2891 2847//2847 2455//2455
f 2455//2455 2847//2847 2899//2899
f 2455//2455 2899//2899 2456//2456
f 3039//3039 3076//3076 3038//3038
f 3038//3038 3076//3076 3057//3057
f 3038//3038 3057//3057 3037//3037
f 3037//3037 3057//3057 3055//3055
f 3037//3037 3055//3055 3035//3035
f 3035//3035 3055//3055 3054//3054
f 3035//3035 3054//3054 3034//3034
f 3034//3034 3054//3054 3050//3050
f 2718//2718 2708//2708 2716//2716
f 2716//2716 2708//2708 2710//2710
f 2716//2716 2710//2710 3005//3005
f 3005//3005 2710//2710 2977//2977
f 3005//3005 2977//2977 2965//2965
f 2965//2965 2977//2977 2888//2888
f 2965//2965 2888//2888 2964//2964
f 2964//2964 2888//2888 2890//2890
f 2964//2964 2890//2890 2963//2963
f 2963//2963 2890//2890 2872//2872
f 2963//2963 2872//2872 2962//2962
f 2962//2962 2872//2872 2874//2874
f 2962//2962 2874//2874 2961//2961
f 2961//2961 2874//2874 2876//2876
f 2961//2961 2876//2876 2460//2460
f 2460//2460 2876//2876 2878//2878
f 2460//2460 2878//2878 2461//2461
f 2461//2461 2878//2878 2467//2467
f 2461//2461 2467//2467 2463//2463
f 2463//2463 2467//2467 2466//2466
f 2463//2463 2466//2466 2464//2464
f 2464//2464 2466//2466 2838//2838
f 2464//2464 2838//2838 2473//2473
f 2473//2473 2838//2838 2837//2837
f 2473//2473 2837//2837 2474//2474
f 2474//2474 2837//2837 2836//2836
f 2474//2474 2836//2836 2476//2476
f 2476//2476 2836//2836 2835//2835
f 2476//2476 2835//2835 3075//3075
f 3075//3075 2835//2835 2834//2834
f 3075//3075 2834//2834 3074//3074
f 3074//3074 2834//2834 2833//2833
f 3074//3074 2833//2833 3073//3073
f 3073//3073 2833//2833 2832//2832
f 3073//3073 2832//2832 3072//3072
f 3072//3072 2832//2832 2831//2831
f 3072//3072 2831//2831 2438//2438
f 2438//2438 2831//2831 2828//2828
f 2438//2438 2828//2828 2439//2439
f 1857//1857 1856//1856 2437//2437
f 2437//2437 1856//1856 1859//1859
f 2437//2437 1859//1859 2436//2436
f 1254//1254 1253//1253 2434//2434
f 1859//1859 1858//1858 2436//2436
f 2436//2436 1858//1858 1858//1858
f 2436//2436 1858//1858 2434//2434
f 2434//2434 1858//1858 1254//1254
f 2434//2434 1254//1254 1254//1254
f 3077//3077 2435//2435 3078//3078
f 3078//3078 2435//2435 2434//2434
f 3078//3078 2434//2434 3079//3079
f 3079//3079 2434//2434 1253//1253
f 3079//3079 1253//1253 1864//1864
f 3080//3080 3077//3077 3081//3081
f 3081//3081 3077//3077 3078//3078
f 3081//3081 3078//3078 3082//3082
f 3082//3082 3078//3078 3079//3079
f 3082//3082 3079//3079 3083//3083
f 3083//3083 3079//3079 1864//1864
f 3083//3083 1864//1864 1863//1863
f 3084//3084 3085//3085 3086//3086
f 3086//3086 3085//3085 3087//3087
f 3086//3086 3087//3087 3088//3088
f 3088//3088 3087//3087 3089//3089
f 3088//3088 3089//3089 3090//3090
f 3090//3090 3089//3089 3091//3091
f 3092//3092 2432//2432 3093//3093
f 3093//3093 2432//2432 2431//2431
f 3093//3093 2431//2431 3094//3094
f 3094//3094 2431//2431 3095//3095
f 3094//3094 3095//3095 3096//3096
f 3096//3096 3095//3095 3097//3097
f 3096//3096 3097//3097 3098//3098
f 3098//3098 3097//3097 3099//3099
f 3098//3098 3099//3099 3100//3100
f 3101//3101 3102//3102 3103//3103
f 3103//3103 3102//3102 3104//3104
f 3103//3103 3104//3104 3105//3105
f 3106//3106 3107//3107 3108//3108
f 3108//3108 3107//3107 3109//3109
f 3101//3101 3106//3106 3102//3102
f 3102//3102 3106//3106 3108//3108
f 3102//3102 3108//3108 3110//3110
f 3110//3110 3108//3108 3109//3109
f 3110//3110 3111//3111 3102//3102
f 3102//3102 3111//3111 2429//2429
f 3102//3102 2429//2429 3104//3104
f 3104//3104 2429//2429 2430//2430
f 3104//3104 2430//2430 3105//3105
f 2428//2428 3092//3092 2430//2430
f 2430//2430 3092//3092 3093//3093
f 2430//2430 3093//3093 3105//3105
f 3105//3105 3093//3093 3094//3094
f 3105//3105 3094//3094 3103//3103
f 3103//3103 3094//3094 3096//3096
f 3103//3103 3096//3096 3101//3101
f 3101//3101 3096//3096 3098//3098
f 3101//3101 3098//3098 3106//3106
f 3106//3106 3098//3098 3100//3100
f 3106//3106 3100//3100 3107//3107
f 3112//3112 1896//1896 1895//1895
f 1896//1896 3112//3112 1861//1861
f 1893//1893 1251//1251 2426//2426
f 2426//2426 1251//1251 1250//1250
f 2426//2426 1250//1250 3113//3113
f 3113//3113 1250//1250 1900//1900
f 3113//3113 1900//1900 3114//3114
f 3114//3114 1900//1900 1900//1900
f 1902//1902 1901//1901 3115//3115
f 1900//1900 1899//1899 3114//3114
f 3114//3114 1899//1899 1899//1899
f 3114//3114 1899//1899 1902//1902
f 1895//1895 1894//1894 3112//3112
f 3112//3112 1894//1894 2426//2426
f 3112//3112 2426//2426 3116//3116
f 1902//1902 3115//3115 3114//3114
f 3114//3114 3115//3115 3117//3117
f 3114//3114 3117//3117 3113//3113
f 3113//3113 3117//3117 3118//3118
f 3113//3113 3118//3118 2426//2426
f 2426//2426 3118//3118 3119//3119
f 2426//2426 3119//3119 3116//3116
f 3116//3116 3119//3119 3120//3120
f 3116//3116 3120//3120 3121//3121
f 3121//3121 3120//3120 3122//3122
f 3121//3121 3122//3122 3123//3123
f 1249//1249 1248//1248 3124//3124
f 3124//3124 1248//1248 1909//1909
f 3124//3124 1909//1909 3125//3125
f 3125//3125 1909//1909 1245//1245
f 1244//1244 1910//1910 3126//3126
f 3126//3126 1910//1910 3127//3127
f 3126//3126 3127//3127 3128//3128
f 1922//1922 1924//1924 3129//3129
f 1922//1922 3129//3129 1920//1920
f 1936//1936 1935//1935 3130//3130
f 3130//3130 1935//1935 2028//2028
f 3130//3130 2028//2028 1242//1242
f 1241//1241 1928//1928 3131//3131
f 3131//3131 1928//1928 1239//1239
f 1238//1238 1929//1929 3132//3132
f 3132//3132 1929//1929 1934//1934
f 1916//1916 1937//1937 3133//3133
f 1924//1924 1925//1925 3129//3129
f 3129//3129 1925//1925 1919//1919
f 3129//3129 1919//1919 3133//3133
f 3133//3133 1919//1919 1918//1918
f 3133//3133 1918//1918 1916//1916
f 1914//1914 1920//1920 3134//3134
f 3134//3134 1920//1920 3129//3129
f 3134//3134 3129//3129 3135//3135
f 3135//3135 3129//3129 3133//3133
f 3135//3135 3133//3133 3136//3136
f 1245//1245 1244//1244 3125//3125
f 3125//3125 1244//1244 3126//3126
f 3125//3125 3126//3126 3137//3137
f 3137//3137 3126//3126 3128//3128
f 3137//3137 3128//3128 3138//3138
f 3138//3138 3128//3128 3139//3139
f 3138//3138 3139//3139 3140//3140
f 3140//3140 3139//3139 3141//3141
f 3140//3140 3141//3141 3142//3142
f 1790//1790 1792//1792 3015//3015
f 3015//3015 1792//1792 2437//2437
f 3015//3015 2437//2437 3016//3016
f 3016//3016 2437//2437 2436//2436
f 3016//3016 2436//2436 3143//3143
f 3143//3143 2436//2436 2435//2435
f 3143//3143 2435//2435 3144//3144
f 3144//3144 2435//2435 3077//3077
f 3144//3144 3077//3077 3145//3145
f 3145//3145 3077//3077 3080//3080
f 3145//3145 3080//3080 3146//3146
f 3146//3146 3080//3080 3147//3147
f 3146//3146 3147//3147 3148//3148
f 1863//1863 1861//1861 3083//3083
f 3083//3083 1861//1861 3112//3112
f 3083//3083 3112//3112 3082//3082
f 3082//3082 3112//3112 3116//3116
f 3082//3082 3116//3116 3081//3081
f 3081//3081 3116//3116 3121//3121
f 3081//3081 3121//3121 3080//3080
f 3080//3080 3121//3121 3123//3123
f 3080//3080 3123//3123 3147//3147
f 3014//3014 3012//3012 2433//2433
f 2433//2433 3012//3012 3018//3018
f 2433//2433 3018//3018 2431//2431
f 2431//2431 3018//3018 3016//3016
f 2431//2431 3016//3016 3095//3095
f 3095//3095 3016//3016 3143//3143
f 3095//3095 3143//3143 3097//3097
f 3097//3097 3143//3143 3144//3144
f 3097//3097 3144//3144 3099//3099
f 3099//3099 3144//3144 3145//3145
f 3099//3099 3145//3145 3100//3100
f 3100//3100 3145//3145 3146//3146
f 3100//3100 3146//3146 3107//3107
f 3107//3107 3146//3146 3148//3148
f 3107//3107 3148//3148 3109//3109
f 3149//3149 3150//3150 3151//3151
f 3151//3151 3150//3150 3152//3152
f 3151//3151 3152//3152 3153//3153
f 2420//2420 2419//2419 3154//3154
f 3154//3154 2419//2419 3155//3155
f 3154//3154 3155//3155 3156//3156
f 3156//3156 3155//3155 3157//3157
f 3156//3156 3157//3157 3158//3158
f 3158//3158 3157//3157 3159//3159
f 3158//3158 3159//3159 3160//3160
f 3161//3161 3162//3162 3163//3163
f 3163//3163 3162//3162 3164//3164
f 3163//3163 3164//3164 3165//3165
f 3165//3165 3164//3164 3166//3166
f 3165//3165 3166//3166 3167//3167
f 3167//3167 3166//3166 3168//3168
f 3169//3169 3124//3124 3170//3170
f 3170//3170 3124//3124 3125//3125
f 3170//3170 3125//3125 3171//3171
f 3171//3171 3125//3125 3137//3137
f 3171//3171 3137//3137 3172//3172
f 3172//3172 3137//3137 3138//3138
f 3172//3172 3138//3138 3173//3173
f 3173//3173 3138//3138 3140//3140
f 3173//3173 3140//3140 3174//3174
f 3174//3174 3140//3140 3142//3142
f 3174//3174 3142//3142 3175//3175
f 3176//3176 3169//3169 3177//3177
f 3177//3177 3169//3169 3170//3170
f 3177//3177 3170//3170 3178//3178
f 3178//3178 3170//3170 3171//3171
f 3178//3178 3171//3171 3179//3179
f 3179//3179 3171//3171 3172//3172
f 3179//3179 3172//3172 3180//3180
f 3180//3180 3172//3172 3173//3173
f 3180//3180 3173//3173 3181//3181
f 3181//3181 3173//3173 3174//3174
f 3181//3181 3174//3174 3182//3182
f 3182//3182 3174//3174 3175//3175
f 3182//3182 3175//3175 3183//3183
f 1239//1239 1238//1238 3131//3131
f 3131//3131 1238//1238 3132//3132
f 3131//3131 3132//3132 3184//3184
f 3184//3184 3132//3132 3185//3185
f 3184//3184 3185//3185 3186//3186
f 3186//3186 3185//3185 3187//3187
f 3186//3186 3187//3187 3188//3188
f 3188//3188 3187//3187 3189//3189
f 3188//3188 3189//3189 3190//3190
f 3190//3190 3189//3189 3191//3191
f 3190//3190 3191//3191 3192//3192
f 3192//3192 3191//3191 3193//3193
f 3192//3192 3193//3193 3194//3194
f 1937//1937 2424//2424 3133//3133
f 3133//3133 2424//2424 3195//3195
f 3133//3133 3195//3195 3136//3136
f 3136//3136 3195//3195 3196//3196
f 3136//3136 3196//3196 3197//3197
f 3197//3197 3196//3196 3198//3198
f 3197//3197 3198//3198 3199//3199
f 3200//3200 2418//2418 3201//3201
f 3201//3201 2418//2418 2415//2415
f 3201//3201 2415//2415 3202//3202
f 3202//3202 2415//2415 2417//2417
f 3202//3202 2417//2417 3203//3203
f 3204//3204 3205//3205 3206//3206
f 3206//3206 3205//3205 3207//3207
f 3206//3206 3207//3207 3208//3208
f 3208//3208 3207//3207 3209//3209
f 3208//3208 3209//3209 3210//3210
f 3210//3210 3209//3209 3211//3211
f 3210//3210 3211//3211 3212//3212
f 3212//3212 3211//3211 3213//3213
f 3212//3212 3213//3213 3214//3214
f 3214//3214 3213//3213 3215//3215
f 3214//3214 3215//3215 3216//3216
f 3216//3216 3215//3215 3217//3217
f 3216//3216 3217//3217 3218//3218
f 3218//3218 3203//3203 3216//3216
f 3216//3216 3203//3203 2417//2417
f 3216//3216 2417//2417 3214//3214
f 3214//3214 2417//2417 2416//2416
f 3214//3214 2416//2416 3212//3212
f 3212//3212 2416//2416 2418//2418
f 3212//3212 2418//2418 3210//3210
f 3210//3210 2418//2418 3200//3200
f 3210//3210 3200//3200 3208//3208
f 3208//3208 3200//3200 2422//2422
f 3208//3208 2422//2422 3206//3206
f 3206//3206 2422//2422 2423//2423
f 3206//3206 2423//2423 3204//3204
f 1910//1910 1912//1912 3127//3127
f 3127//3127 1912//1912 1914//1914
f 3127//3127 1914//1914 3128//3128
f 3128//3128 1914//1914 3134//3134
f 3128//3128 3134//3134 3139//3139
f 3139//3139 3134//3134 3135//3135
f 3139//3139 3135//3135 3141//3141
f 3141//3141 3135//3135 3136//3136
f 3141//3141 3136//3136 3142//3142
f 3142//3142 3136//3136 3197//3197
f 3142//3142 3197//3197 3175//3175
f 3175//3175 3197//3197 3199//3199
f 3175//3175 3199//3199 3183//3183
f 3183//3183 3199//3199 3219//3219
f 3183//3183 3219//3219 3220//3220
f 3220//3220 3219//3219 3221//3221
f 2411//2411 3222//3222 2412//2412
f 2412//2412 3222//3222 3203//3203
f 2412//2412 3203//3203 2414//2414
f 2414//2414 3203//3203 3218//3218
f 3223//3223 3194//3194 3224//3224
f 3224//3224 3194//3194 3193//3193
f 3224//3224 3193//3193 3225//3225
f 2556//2556 3225//3225 2555//2555
f 2555//2555 3225//3225 3193//3193
f 2555//2555 3193//3193 2558//2558
f 2558//2558 3193//3193 3191//3191
f 2558//2558 3191//3191 2560//2560
f 2560//2560 3191//3191 3189//3189
f 2560//2560 3189//3189 2563//2563
f 2563//2563 3189//3189 3187//3187
f 2563//2563 3187//3187 2565//2565
f 2565//2565 3187//3187 3185//3185
f 2565//2565 3185//3185 2425//2425
f 2425//2425 3185//3185 3132//3132
f 2425//2425 3132//3132 1933//1933
f 1933//1933 3132//3132 1934//1934
f 2396//2396 3221//3221 2397//2397
f 2397//2397 3221//3221 3219//3219
f 2397//2397 3219//3219 3226//3226
f 3226//3226 3219//3219 3199//3199
f 3226//3226 3199//3199 3227//3227
f 3227//3227 3199//3199 3198//3198
f 3085//3085 3228//3228 3087//3087
f 3087//3087 3228//3228 3229//3229
f 3087//3087 3229//3229 3089//3089
f 3089//3089 3229//3229 3230//3230
f 3089//3089 3230//3230 3091//3091
f 3231//3231 3232//3232 3233//3233
f 3233//3233 3232//3232 3234//3234
f 3084//3084 3235//3235 3085//3085
f 3085//3085 3235//3235 3233//3233
f 3085//3085 3233//3233 3228//3228
f 3228//3228 3233//3233 3234//3234
f 3228//3228 3234//3234 3229//3229
f 3229//3229 3234//3234 3236//3236
f 3229//3229 3236//3236 3230//3230
f 3230//3230 3236//3236 3237//3237
f 3230//3230 3237//3237 3091//3091
f 3234//3234 3238//3238 3236//3236
f 3236//3236 3238//3238 3076//3076
f 3236//3236 3076//3076 3237//3237
f 3237//3237 3076//3076 3039//3039
f 3237//3237 3039//3039 3091//3091
f 3091//3091 3039//3039 3033//3033
f 3091//3091 3033//3033 3090//3090
f 3090//3090 3033//3033 3032//3032
f 3239//3239 3240//3240 3241//3241
f 3122//3122 3153//3153 3123//3123
f 3123//3123 3153//3153 3152//3152
f 3123//3123 3152//3152 3147//3147
f 3147//3147 3152//3152 3150//3150
f 3147//3147 3150//3150 3148//3148
f 3148//3148 3150//3150 3149//3149
f 3148//3148 3149//3149 3109//3109
f 3109//3109 3149//3149 3242//3242
f 3109//3109 3242//3242 3110//3110
f 3110//3110 3242//3242 3243//3243
f 3110//3110 3243//3243 3111//3111
f 3111//3111 3243//3243 3244//3244
f 3111//3111 3244//3244 2429//2429
f 2429//2429 3244//3244 3245//3245
f 2429//2429 3245//3245 2427//2427
f 3245//3245 3231//3231 2427//2427
f 2427//2427 3231//3231 3233//3233
f 2427//2427 3233//3233 2428//2428
f 2428//2428 3233//3233 3235//3235
f 2428//2428 3235//3235 3092//3092
f 3092//3092 3235//3235 3084//3084
f 3092//3092 3084//3084 2432//2432
f 2432//2432 3084//3084 3086//3086
f 2432//2432 3086//3086 2433//2433
f 2433//2433 3086//3086 3088//3088
f 2433//2433 3088//3088 3014//3014
f 3014//3014 3088//3088 3090//3090
f 3014//3014 3090//3090 3013//3013
f 3013//3013 3090//3090 3032//3032
f 3013//3013 3032//3032 3028//3028
f 3028//3028 3032//3032 3031//3031
f 3028//3028 3031//3031 3029//3029
f 3029//3029 3031//3031 3034//3034
f 3029//3029 3034//3034 3030//3030
f 3030//3030 3034//3034 3050//3050
f 3030//3030 3050//3050 3070//3070
f 3070//3070 3050//3050 3052//3052
f 3070//3070 3052//3052 3071//3071
f 3071//3071 3052//3052 3053//3053
f 3071//3071 3053//3053 3064//3064
f 3064//3064 3053//3053 3062//3062
f 3064//3064 3062//3062 3065//3065
f 3065//3065 3062//3062 3063//3063
f 3065//3065 3063//3063 3067//3067
f 3246//3246 3247//3247 3248//3248
f 2409//2409 3249//3249 3250//3250
f 3251//3251 2408//2408 3252//3252
f 3241//3241 3240//3240 3253//3253
f 3253//3253 3240//3240 3254//3254
f 3253//3253 3254//3254 3255//3255
f 3255//3255 3254//3254 3256//3256
f 3255//3255 3256//3256 3257//3257
f 3257//3257 3256//3256 3258//3258
f 3257//3257 3258//3258 3259//3259
f 3259//3259 3258//3258 3260//3260
f 3259//3259 3260//3260 3261//3261
f 3261//3261 3260//3260 3262//3262
f 3261//3261 3262//3262 3263//3263
f 3263//3263 3262//3262 3264//3264
f 3263//3263 3264//3264 3265//3265
f 3265//3265 3264//3264 3266//3266
f 3265//3265 3266//3266 3267//3267
f 3267//3267 3266//3266 3268//3268
f 3267//3267 3268//3268 3269//3269
f 2895//2895 3270//3270 2911//2911
f 2911//2911 3270//3270 3271//3271
f 2911//2911 3271//3271 2912//2912
f 2912//2912 3271//3271 3272//3272
f 2912//2912 3272//3272 2908//2908
f 2908//2908 3272//3272 3273//3273
f 2908//2908 3273//3273 2907//2907
f 2907//2907 3273//3273 3274//3274
f 2907//2907 3274//3274 2924//2924
f 2924//2924 3274//3274 3275//3275
f 2924//2924 3275//3275 2925//2925
f 2894//2894 3269//3269 2895//2895
f 2895//2895 3269//3269 3268//3268
f 2895//2895 3268//3268 3270//3270
f 3270//3270 3268//3268 3266//3266
f 3270//3270 3266//3266 3276//3276
f 3276//3276 3266//3266 3264//3264
f 3276//3276 3264//3264 3277//3277
f 3277//3277 3264//3264 3262//3262
f 3277//3277 3262//3262 3278//3278
f 3278//3278 3262//3262 3260//3260
f 3278//3278 3260//3260 3279//3279
f 3279//3279 3260//3260 3258//3258
f 3279//3279 3258//3258 3280//3280
f 3280//3280 3258//3258 3256//3256
f 3280//3280 3256//3256 3281//3281
f 3281//3281 3256//3256 3254//3254
f 3281//3281 3254//3254 3282//3282
f 3282//3282 3254//3254 3240//3240
f 3282//3282 3240//3240 3283//3283
f 3283//3283 3240//3240 3239//3239
f 3283//3283 3239//3239 3284//3284
f 2407//2407 2406//2406 3285//3285
f 3285//3285 2406//2406 3286//3286
f 3285//3285 3286//3286 3287//3287
f 3287//3287 3286//3286 3288//3288
f 3287//3287 3288//3288 3289//3289
f 3289//3289 3288//3288 3290//3290
f 3289//3289 3290//3290 3291//3291
f 3291//3291 3290//3290 3292//3292
f 3291//3291 3292//3292 3293//3293
f 3293//3293 3292//3292 3294//3294
f 3293//3293 3294//3294 3295//3295
f 3295//3295 3294//3294 3296//3296
f 3295//3295 3296//3296 3297//3297
f 3297//3297 3296//3296 3298//3298
f 3297//3297 3298//3298 3299//3299
f 3299//3299 3298//3298 3300//3300
f 3299//3299 3300//3300 3301//3301
f 2391//2391 3302//3302 3303//3303
f 3303//3303 3302//3302 3304//3304
f 3303//3303 3304//3304 3305//3305
f 3305//3305 3304//3304 3306//3306
f 3305//3305 3306//3306 3307//3307
f 3307//3307 3306//3306 3308//3308
f 3307//3307 3308//3308 3251//3251
f 2402//2402 2404//2404 3309//3309
f 3310//3310 2401//2401 3311//3311
f 3311//3311 2401//2401 2399//2399
f 3311//3311 2399//2399 2407//2407
f 2407//2407 2399//2399 2398//2398
f 2407//2407 2398//2398 2405//2405
f 3312//3312 2533//2533 2920//2920
f 2920//2920 2533//2533 2511//2511
f 2920//2920 2511//2511 2919//2919
f 2919//2919 2511//2511 3313//3313
f 2919//2919 3313//3313 2918//2918
f 2918//2918 3313//3313 3314//3314
f 2918//2918 3314//3314 2917//2917
f 2917//2917 3314//3314 3315//3315
f 2917//2917 3315//3315 2915//2915
f 2915//2915 3315//3315 2926//2926
f 2915//2915 2926//2926 2913//2913
f 2913//2913 2926//2926 2925//2925
f 2913//2913 2925//2925 2914//2914
f 2914//2914 2925//2925 3275//3275
f 2914//2914 3275//3275 3316//3316
f 3316//3316 3275//3275 3274//3274
f 3316//3316 3274//3274 3310//3310
f 3310//3310 3274//3274 3273//3273
f 3310//3310 3273//3273 2401//2401
f 2401//2401 3273//3273 3272//3272
f 2401//2401 3272//3272 2400//2400
f 2400//2400 3272//3272 3271//3271
f 2400//2400 3271//3271 2398//2398
f 2398//2398 3271//3271 3270//3270
f 2398//2398 3270//3270 2405//2405
f 2405//2405 3270//3270 3276//3276
f 2405//2405 3276//3276 2406//2406
f 2406//2406 3276//3276 3277//3277
f 2406//2406 3277//3277 3286//3286
f 3286//3286 3277//3277 3278//3278
f 3286//3286 3278//3278 3288//3288
f 3288//3288 3278//3278 3279//3279
f 3288//3288 3279//3279 3290//3290
f 3290//3290 3279//3279 3280//3280
f 3290//3290 3280//3280 3292//3292
f 3292//3292 3280//3280 3281//3281
f 3292//3292 3281//3281 3294//3294
f 3294//3294 3281//3281 3282//3282
f 3294//3294 3282//3282 3296//3296
f 3296//3296 3282//3282 3283//3283
f 3296//3296 3283//3283 3298//3298
f 3298//3298 3283//3283 3284//3284
f 3298//3298 3284//3284 3300//3300
f 3317//3317 3161//3161 3318//3318
f 3318//3318 3161//3161 3163//3163
f 3318//3318 3163//3163 3319//3319
f 3319//3319 3163//3163 3165//3165
f 3319//3319 3165//3165 3320//3320
f 3320//3320 3165//3165 3167//3167
f 3320//3320 3167//3167 3321//3321
f 3321//3321 3167//3167 3168//3168
f 3321//3321 3168//3168 3322//3322
f 3323//3323 3317//3317 3324//3324
f 3324//3324 3317//3317 3318//3318
f 3324//3324 3318//3318 3325//3325
f 3325//3325 3318//3318 3319//3319
f 3325//3325 3319//3319 3326//3326
f 3326//3326 3319//3319 3320//3320
f 3326//3326 3320//3320 3327//3327
f 3327//3327 3320//3320 3321//3321
f 3327//3327 3321//3321 3328//3328
f 3328//3328 3321//3321 3322//3322
f 3328//3328 3322//3322 3329//3329
f 3329//3329 3322//3322 3330//3330
f 3301//3301 3323//3323 3247//3247
f 3247//3247 3323//3323 3324//3324
f 3247//3247 3324//3324 3248//3248
f 3248//3248 3324//3324 3325//3325
f 3248//3248 3325//3325 3331//3331
f 3331//3331 3325//3325 3326//3326
f 3331//3331 3326//3326 3332//3332
f 3332//3332 3326//3326 3327//3327
f 3332//3332 3327//3327 3333//3333
f 3333//3333 3327//3327 3328//3328
f 3333//3333 3328//3328 3334//3334
f 3334//3334 3328//3328 3329//3329
f 3334//3334 3329//3329 3335//3335
f 3335//3335 3329//3329 3330//3330
f 3335//3335 3330//3330 3336//3336
f 3162//3162 3337//3337 3164//3164
f 3164//3164 3337//3337 3338//3338
f 3164//3164 3338//3338 3166//3166
f 3166//3166 3338//3338 3339//3339
f 3166//3166 3339//3339 3168//3168
f 3168//3168 3339//3339 3340//3340
f 3168//3168 3340//3340 3322//3322
f 3322//3322 3340//3340 3341//3341
f 3322//3322 3341//3341 3330//3330
f 3330//3330 3341//3341 3342//3342
f 3330//3330 3342//3342 3336//3336
f 3336//3336 3342//3342 3343//3343
f 2408//2408 2410//2410 3252//3252
f 3252//3252 2410//2410 3344//3344
f 3252//3252 3344//3344 3345//3345
f 3345//3345 3344//3344 3346//3346
f 3345//3345 3346//3346 3347//3347
f 3347//3347 3346//3346 3348//3348
f 3347//3347 3348//3348 3349//3349
f 3349//3349 3348//3348 3350//3350
f 3349//3349 3350//3350 3351//3351
f 3251//3251 3252//3252 3307//3307
f 3307//3307 3252//3252 3345//3345
f 3307//3307 3345//3345 3305//3305
f 3305//3305 3345//3345 3347//3347
f 3305//3305 3347//3347 3303//3303
f 3303//3303 3347//3347 3349//3349
f 3303//3303 3349//3349 2391//2391
f 2391//2391 3349//3349 3351//3351
f 2391//2391 3351//3351 2390//2390
f 2421//2421 2422//2422 2419//2419
f 2419//2419 2422//2422 3200//3200
f 2419//2419 3200//3200 3155//3155
f 3155//3155 3200//3200 3201//3201
f 3155//3155 3201//3201 3157//3157
f 3157//3157 3201//3201 3202//3202
f 3157//3157 3202//3202 3159//3159
f 3159//3159 3202//3202 3203//3203
f 3159//3159 3203//3203 3160//3160
f 3160//3160 3203//3203 3222//3222
f 3160//3160 3222//3222 3352//3352
f 3352//3352 3222//3222 2411//2411
f 3352//3352 2411//2411 3353//3353
f 3353//3353 2411//2411 2413//2413
f 3353//3353 2413//2413 3354//3354
f 3354//3354 3355//3355 3353//3353
f 3353//3353 3355//3355 3356//3356
f 3353//3353 3356//3356 3352//3352
f 3352//3352 3356//3356 3357//3357
f 3352//3352 3357//3357 3160//3160
f 3160//3160 3357//3357 3358//3358
f 3160//3160 3358//3358 3158//3158
f 3158//3158 3358//3358 3359//3359
f 3158//3158 3359//3359 3156//3156
f 3156//3156 3359//3359 3360//3360
f 3156//3156 3360//3360 3154//3154
f 3154//3154 3360//3360 3361//3361
f 3154//3154 3361//3361 2420//2420
f 3246//3246 3248//3248 3362//3362
f 3362//3362 3248//3248 3331//3331
f 3362//3362 3331//3331 3363//3363
f 3363//3363 3331//3331 3332//3332
f 3363//3363 3332//3332 3364//3364
f 3364//3364 3332//3332 3333//3333
f 3364//3364 3333//3333 3365//3365
f 3365//3365 3333//3333 3334//3334
f 3365//3365 3334//3334 3366//3366
f 3366//3366 3334//3334 3335//3335
f 3366//3366 3335//3335 3367//3367
f 3367//3367 3335//3335 3336//3336
f 3367//3367 3336//3336 3368//3368
f 3368//3368 3336//3336 3343//3343
f 3368//3368 3343//3343 3369//3369
f 1242//1242 1241//1241 3130//3130
f 3130//3130 1241//1241 3131//3131
f 3130//3130 3131//3131 3370//3370
f 3370//3370 3131//3131 3184//3184
f 3370//3370 3184//3184 3371//3371
f 3371//3371 3184//3184 3186//3186
f 3371//3371 3186//3186 3372//3372
f 3372//3372 3186//3186 3188//3188
f 3372//3372 3188//3188 3373//3373
f 3373//3373 3188//3188 3190//3190
f 3373//3373 3190//3190 3374//3374
f 3374//3374 3190//3190 3192//3192
f 3374//3374 3192//3192 3375//3375
f 3375//3375 3192//3192 3194//3194
f 3375//3375 3194//3194 3376//3376
f 3376//3376 3194//3194 3223//3223
f 3376//3376 3223//3223 3377//3377
f 3377//3377 3223//3223 3224//3224
f 3377//3377 3224//3224 3378//3378
f 3205//3205 3176//3176 3207//3207
f 3207//3207 3176//3176 3177//3177
f 3207//3207 3177//3177 3209//3209
f 3209//3209 3177//3177 3178//3178
f 3209//3209 3178//3178 3211//3211
f 3211//3211 3178//3178 3179//3179
f 3211//3211 3179//3179 3213//3213
f 3213//3213 3179//3179 3180//3180
f 3213//3213 3180//3180 3215//3215
f 3215//3215 3180//3180 3181//3181
f 3215//3215 3181//3181 3217//3217
f 3217//3217 3181//3181 3182//3182
f 3217//3217 3182//3182 3218//3218
f 3218//3218 3182//3182 3183//3183
f 3218//3218 3183//3183 2414//2414
f 2414//2414 3183//3183 3220//3220
f 2414//2414 3220//3220 2413//2413
f 2413//2413 3220//3220 3221//3221
f 2413//2413 3221//3221 3354//3354
f 3354//3354 3221//3221 2396//2396
f 3354//3354 2396//2396 3379//3379
f 3379//3379 2396//2396 2395//2395
f 3379//3379 2395//2395 3380//3380
f 2556//2556 2544//2544 3225//3225
f 3225//3225 2544//2544 2546//2546
f 3225//3225 2546//2546 3224//3224
f 3224//3224 2546//2546 2548//2548
f 3224//3224 2548//2548 3378//3378
f 3378//3378 2548//2548 2550//2550
f 3378//3378 2550//2550 3381//3381
f 3381//3381 2550//2550 2552//2552
f 3381//3381 2552//2552 3382//3382
f 3383//3383 3384//3384 3369//3369
f 3369//3369 3384//3384 3385//3385
f 3369//3369 3385//3385 3368//3368
f 3368//3368 3385//3385 3386//3386
f 3368//3368 3386//3386 3367//3367
f 3367//3367 3386//3386 3387//3387
f 3367//3367 3387//3387 3366//3366
f 3366//3366 3387//3387 3388//3388
f 3366//3366 3388//3388 3365//3365
f 3365//3365 3388//3388 3389//3389
f 3365//3365 3389//3389 3364//3364
f 3364//3364 3389//3389 3390//3390
f 3364//3364 3390//3390 3363//3363
f 3363//3363 3390//3390 3250//3250
f 3363//3363 3250//3250 3362//3362
f 3362//3362 3250//3250 3249//3249
f 3362//3362 3249//3249 3246//3246
f 3391//3391 3392//3392 3393//3393
f 3391//3391 3393//3393 3394//3394
f 1936//1936 3130//3130 2424//2424
f 2424//2424 3130//3130 3370//3370
f 2424//2424 3370//3370 3195//3195
f 3195//3195 3370//3370 3371//3371
f 3195//3195 3371//3371 3196//3196
f 3196//3196 3371//3371 3372//3372
f 3196//3196 3372//3372 3198//3198
f 3198//3198 3372//3372 3373//3373
f 3198//3198 3373//3373 3227//3227
f 3227//3227 3373//3373 3374//3374
f 3227//3227 3374//3374 3226//3226
f 3226//3226 3374//3374 3375//3375
f 3226//3226 3375//3375 2397//2397
f 2397//2397 3375//3375 3376//3376
f 2397//2397 3376//3376 2395//2395
f 2395//2395 3376//3376 3377//3377
f 2395//2395 3377//3377 3380//3380
f 3380//3380 3377//3377 3378//3378
f 3380//3380 3378//3378 3395//3395
f 3395//3395 3378//3378 3381//3381
f 3395//3395 3381//3381 2537//2537
f 2537//2537 3381//3381 3382//3382
f 2537//2537 3382//3382 2538//2538
f 2394//2394 3392//3392 3396//3396
f 3396//3396 3392//3392 3391//3391
f 3396//3396 3391//3391 3397//3397
f 3397//3397 3391//3391 3394//3394
f 3397//3397 3394//3394 3398//3398
f 2389//2389 3399//3399 2391//2391
f 2391//2391 3399//3399 3400//3400
f 2391//2391 3400//3400 3302//3302
f 3302//3302 3400//3400 3401//3401
f 3302//3302 3401//3401 3304//3304
f 3304//3304 3401//3401 2404//2404
f 3304//3304 2404//2404 3306//3306
f 3306//3306 2404//2404 2403//2403
f 3306//3306 2403//2403 3308//3308
f 3402//3402 3403//3403 3404//3404
f 3404//3404 3403//3403 3405//3405
f 3404//3404 3405//3405 3406//3406
f 3406//3406 3405//3405 3407//3407
f 3406//3406 3407//3407 3408//3408
f 3408//3408 3407//3407 3409//3409
f 3408//3408 3409//3409 3410//3410
f 3411//3411 3412//3412 3413//3413
f 3413//3413 3412//3412 3414//3414
f 3413//3413 3414//3414 3415//3415
f 3415//3415 3414//3414 3410//3410
f 3415//3415 3410//3410 3416//3416
f 3416//3416 3410//3410 3409//3409
f 3402//3402 3309//3309 3403//3403
f 3403//3403 3309//3309 2404//2404
f 3403//3403 2404//2404 3405//3405
f 3405//3405 2404//2404 3401//3401
f 3405//3405 3401//3401 3407//3407
f 3407//3407 3401//3401 3400//3400
f 3407//3407 3400//3400 3409//3409
f 3409//3409 3400//3400 3399//3399
f 3409//3409 3399//3399 3416//3416
f 3416//3416 3399//3399 2389//2389
f 3416//3416 2389//2389 3415//3415
f 3415//3415 2389//2389 2388//2388
f 3415//3415 2388//2388 3413//3413
f 2392//2392 2394//2394 3417//3417
f 3417//3417 2394//2394 3396//3396
f 3417//3417 3396//3396 3418//3418
f 3418//3418 3396//3396 3397//3397
f 3418//3418 3397//3397 3419//3419
f 3419//3419 3397//3397 3398//3398
f 3419//3419 3398//3398 3420//3420
f 3337//3337 3361//3361 3338//3338
f 3338//3338 3361//3361 3360//3360
f 3338//3338 3360//3360 3339//3339
f 3339//3339 3360//3360 3359//3359
f 3339//3339 3359//3359 3340//3340
f 3340//3340 3359//3359 3358//3358
f 3340//3340 3358//3358 3341//3341
f 3341//3341 3358//3358 3357//3357
f 3341//3341 3357//3357 3342//3342
f 3342//3342 3357//3357 3356//3356
f 3342//3342 3356//3356 3343//3343
f 3343//3343 3356//3356 3355//3355
f 3343//3343 3355//3355 3369//3369
f 3369//3369 3355//3355 3354//3354
f 3369//3369 3354//3354 3383//3383
f 3383//3383 3354//3354 3379//3379
f 3383//3383 3379//3379 3421//3421
f 3421//3421 3379//3379 3380//3380
f 3421//3421 3380//3380 3422//3422
f 3422//3422 3380//3380 3395//3395
f 3422//3422 3395//3395 3423//3423
f 3423//3423 3395//3395 2537//2537
f 3423//3423 2537//2537 3424//3424
f 3424//3424 2537//2537 2539//2539
f 3424//3424 2539//2539 3425//3425
f 3425//3425 2539//2539 2541//2541
f 3425//3425 2541//2541 3426//3426
f 3426//3426 2541//2541 2543//2543
f 3426//3426 2543//2543 3427//3427
f 3350//3350 2393//2393 3351//3351
f 3351//3351 2393//2393 2392//2392
f 3351//3351 2392//2392 2390//2390
f 2390//2390 2392//2392 3417//3417
f 2390//2390 3417//3417 2388//2388
f 2388//2388 3417//3417 3418//3418
f 2388//2388 3418//3418 3413//3413
f 3413//3413 3418//3418 3419//3419
f 3413//3413 3419//3419 3411//3411
f 3411//3411 3419//3419 3420//3420
f 3411//3411 3420//3420 3428//3428
f 2409//2409 3250//3250 2410//2410
f 2410//2410 3250//3250 3390//3390
f 2410//2410 3390//3390 3344//3344
f 3344//3344 3390//3390 3389//3389
f 3344//3344 3389//3389 3346//3346
f 3346//3346 3389//3389 3388//3388
f 3346//3346 3388//3388 3348//3348
f 3348//3348 3388//3388 3387//3387
f 3348//3348 3387//3387 3350//3350
f 3350//3350 3387//3387 3386//3386
f 3350//3350 3386//3386 2393//2393
f 2393//2393 3386//3386 3385//3385
f 2393//2393 3385//3385 2394//2394
f 2394//2394 3385//3385 3384//3384
f 2394//2394 3384//3384 3392//3392
f 3392//3392 3384//3384 3383//3383
f 3392//3392 3383//3383 3393//3393
f 3393//3393 3383//3383 3421//3421
f 3393//3393 3421//3421 3394//3394
f 3394//3394 3421//3421 3422//3422
f 3394//3394 3422//3422 3398//3398
f 3398//3398 3422//3422 3423//3423
f 3398//3398 3423//3423 3420//3420
f 3420//3420 3423//3423 3424//3424
f 3420//3420 3424//3424 3428//3428
f 3428//3428 3424//3424 3425//3425
f 3428//3428 3425//3425 3429//3429
f 3429//3429 3425//3425 3426//3426
f 3429//3429 3426//3426 2534//2534
f 2534//2534 3426//3426 3427//3427
f 2534//2534 3427//3427 2535//2535
f 3301//3301 3247//3247 3299//3299
f 3299//3299 3247//3247 3246//3246
f 3299//3299 3246//3246 3297//3297
f 3297//3297 3246//3246 3249//3249
f 3297//3297 3249//3249 3295//3295
f 3295//3295 3249//3249 2409//2409
f 3295//3295 2409//2409 3293//3293
f 3293//3293 2409//2409 2408//2408
f 3293//3293 2408//2408 3291//3291
f 3291//3291 2408//2408 3251//3251
f 3291//3291 3251//3251 3289//3289
f 3289//3289 3251//3251 3308//3308
f 3289//3289 3308//3308 3287//3287
f 3287//3287 3308//3308 2403//2403
f 3287//3287 2403//2403 3285//3285
f 3285//3285 2403//2403 2402//2402
f 3285//3285 2402//2402 2407//2407
f 2407//2407 2402//2402 3309//3309
f 2407//2407 3309//3309 3311//3311
f 3311//3311 3309//3309 3402//3402
f 3311//3311 3402//3402 3310//3310
f 3310//3310 3402//3402 3404//3404
f 3310//3310 3404//3404 3316//3316
f 3316//3316 3404//3404 3406//3406
f 3316//3316 3406//3406 2914//2914
f 2914//2914 3406//3406 3408//3408
f 2914//2914 3408//3408 2916//2916
f 2916//2916 3408//3408 3410//3410
f 2916//2916 3410//3410 2921//2921
f 2921//2921 3410//3410 3414//3414
f 2921//2921 3414//3414 2922//2922
f 2922//2922 3414//3414 3412//3412
f 2922//2922 3412//3412 2923//2923
f 2923//2923 3412//3412 3411//3411
f 2923//2923 3411//3411 2387//2387
f 2387//2387 3411//3411 3428//3428
f 2387//2387 3428//3428 2385//2385
f 2385//2385 3428//3428 3429//3429
f 2385//2385 3429//3429 2386//2386
f 2386//2386 3429//3429 2534//2534
f 2386//2386 2534//2534 2920//2920
f 2920//2920 2534//2534 2536//2536
f 2920//2920 2536//2536 3312//3312
f 2510//2510 2512//2512 2511//2511
f 2511//2511 2512//2512 2514//2514
f 2511//2511 2514//2514 3313//3313
f 3313//3313 2514//2514 2933//2933
f 3313//3313 2933//2933 3314//3314
f 3314//3314 2933//2933 2935//2935
f 3314//3314 2935//2935 3315//3315
f 3315//3315 2935//2935 2937//2937
f 3315//3315 2937//2937 2926//2926
f 2926//2926 2937//2937 2939//2939
f 2926//2926 2939//2939 2905//2905
f 2905//2905 2939//2939 2941//2941
f 2905//2905 2941//2941 2906//2906
f 2906//2906 2941//2941 2944//2944
f 2906//2906 2944//2944 2909//2909
f 2909//2909 2944//2944 2946//2946
f 2909//2909 2946//2946 2910//2910
f 2910//2910 2946//2946 2927//2927
f 2910//2910 2927//2927 2904//2904
f 2904//2904 2927//2927 2456//2456
f 2904//2904 2456//2456 2902//2902
f 2902//2902 2456//2456 2899//2899
f 2902//2902 2899//2899 2900//2900
f 2900//2900 2899//2899 2898//2898
f 2900//2900 2898//2898 2894//2894
f 2894//2894 2898//2898 2897//2897
f 2894//2894 2897//2897 3269//3269
f 3269//3269 2897//2897 2896//2896
f 3269//3269 2896//2896 3267//3267
f 3267//3267 2896//2896 3069//3069
f 3267//3267 3069//3069 3265//3265
f 3265//3265 3069//3069 3068//3068
f 3265//3265 3068//3068 3263//3263
f 3263//3263 3068//3068 3067//3067
f 3263//3263 3067//3067 3261//3261
f 3261//3261 3067//3067 3063//3063
f 3261//3261 3063//3063 3259//3259
f 3259//3259 3063//3063 3061//3061
f 3259//3259 3061//3061 3257//3257
f 3257//3257 3061//3061 3059//3059
f 3257//3257 3059//3059 3255//3255
f 3255//3255 3059//3059 3058//3058
f 3255//3255 3058//3058 3253//3253
f 3253//3253 3058//3058 3057//3057
f 3253//3253 3057//3057 3241//3241
f 3241//3241 3057//3057 3076//3076
f 3241//3241 3076//3076 3239//3239
f 3239//3239 3076//3076 3238//3238
f 3239//3239 3238//3238 3284//3284
f 3284//3284 3238//3238 3234//3234
f 3284//3284 3234//3234 3300//3300
f 3300//3300 3234//3234 3232//3232
f 3300//3300 3232//3232 3301//3301
f 3301//3301 3232//3232 3231//3231
f 3301//3301 3231//3231 3323//3323
f 3323//3323 3231//3231 3245//3245
f 3323//3323 3245//3245 3317//3317
f 3317//3317 3245//3245 3244//3244
f 3317//3317 3244//3244 3161//3161
f 3161//3161 3244//3244 3243//3243
f 3161//3161 3243//3243 3162//3162
f 3162//3162 3243//3243 3242//3242
f 3162//3162 3242//3242 3337//3337
f 3337//3337 3242//3242 3149//3149
f 3337//3337 3149//3149 3361//3361
f 3361//3361 3149//3149 3151//3151
f 3361//3361 3151//3151 2420//2420
f 2420//2420 3151//3151 3153//3153
f 2420//2420 3153//3153 2421//2421
f 2421//2421 3153//3153 3122//3122
f 2421//2421 3122//3122 2423//2423
f 2423//2423 3122//3122 3120//3120
f 2423//2423 3120//3120 3204//3204
f 3204//3204 3120//3120 3119//3119
f 3204//3204 3119//3119 3205//3205
f 3205//3205 3119//3119 3118//3118
f 3205//3205 3118//3118 3176//3176
f 3176//3176 3118//3118 3117//3117
f 3176//3176 3117//3117 3169//3169
f 3169//3169 3117//3117 3115//3115
f 3169//3169 3115//3115 3124//3124
f 3124//3124 3115//3115 1901//1901
f 3124//3124 1901//1901 1249//1249
f 2261//2261 2267//2267 3430//3430
f 3430//3430 2267//2267 2269//2269
f 3430//3430 2269//2269 3431//3431
f 3432//3432 3433//3433 3434//3434
f 3433//3433 3432//3432 3435//3435
f 3435//3435 3432//3432 3436//3436
f 3435//3435 3436//3436 3437//3437
f 2257//2257 2258//2258 2570//2570
f 2570//2570 2258//2258 3438//3438
f 2570//2570 3438//3438 2575//2575
f 2575//2575 3438//3438 3439//3439
f 2575//2575 3439//3439 2578//2578
f 2578//2578 3439//3439 3440//3440
f 2578//2578 3440//3440 3441//3441
f 3442//3442 3443//3443 3434//3434
f 3434//3434 3443//3443 3430//3430
f 3434//3434 3430//3430 3432//3432
f 3432//3432 3430//3430 3431//3431
f 3432//3432 3431//3431 3436//3436
f 2384//2384 3444//3444 3445//3445
f 3445//3445 3444//3444 3446//3446
f 3445//3445 3446//3446 3447//3447
f 3447//3447 3446//3446 3448//3448
f 3447//3447 3448//3448 3449//3449
f 3449//3449 3448//3448 3450//3450
f 3449//3449 3450//3450 3451//3451
f 3451//3451 3450//3450 3452//3452
f 2269//2269 2271//2271 3431//3431
f 3431//3431 2271//2271 2272//2272
f 3431//3431 2272//2272 3436//3436
f 3436//3436 2272//2272 2265//2265
f 3436//3436 2265//2265 3437//3437
f 3437//3437 2265//2265 2263//2263
f 3437//3437 2263//2263 2262//2262
f 2262//2262 2384//2384 3437//3437
f 3437//3437 2384//2384 3445//3445
f 3437//3437 3445//3445 3435//3435
f 3435//3435 3445//3445 3447//3447
f 3435//3435 3447//3447 3433//3433
f 3433//3433 3447//3447 3449//3449
f 3433//3433 3449//3449 3434//3434
f 3434//3434 3449//3449 3451//3451
f 3434//3434 3451//3451 3442//3442
f 3442//3442 3451//3451 3452//3452
f 3442//3442 3452//3452 3453//3453
f 3454//3454 2297//2297 2292//2292
f 3454//3454 2292//2292 3455//3455
f 2295//2295 2297//2297 2384//2384
f 2384//2384 2297//2297 3454//3454
f 2384//2384 3454//3454 3444//3444
f 3444//3444 3454//3454 3456//3456
f 3444//3444 3456//3456 3446//3446
f 3446//3446 3456//3456 3457//3457
f 3446//3446 3457//3457 3448//3448
f 3448//3448 3457//3457 3458//3458
f 3448//3448 3458//3458 3450//3450
f 3450//3450 3458//3458 3459//3459
f 3450//3450 3459//3459 3452//3452
f 3452//3452 3459//3459 3460//3460
f 3452//3452 3460//3460 3453//3453
f 2303//2303 3461//3461 2301//2301
f 2301//2301 3461//3461 3455//3455
f 2301//2301 3455//3455 2291//2291
f 2291//2291 3455//3455 2292//2292
f 2303//2303 3462//3462 3463//3463
f 3463//3463 3462//3462 2306//2306
f 3463//3463 2306//2306 3464//3464
f 3464//3464 2306//2306 2310//2310
f 3464//3464 2310//2310 3465//3465
f 3465//3465 2310//2310 3466//3466
f 3465//3465 3466//3466 2308//2308
f 3467//3467 3463//3463 3468//3468
f 3468//3468 3463//3463 3464//3464
f 3468//3468 3464//3464 3469//3469
f 3469//3469 3464//3464 3465//3465
f 3469//3469 3465//3465 3006//3006
f 3006//3006 3465//3465 2308//2308
f 3006//3006 2308//2308 1275//1275
f 3441//3441 3470//3470 3471//3471
f 3471//3471 3470//3470 3472//3472
f 3471//3471 3472//3472 3473//3473
f 3473//3473 3472//3472 3474//3474
f 3473//3473 3474//3474 3475//3475
f 3475//3475 3474//3474 3476//3476
f 3475//3475 3476//3476 3477//3477
f 3478//3478 2506//2506 3479//3479
f 3479//3479 2506//2506 2508//2508
f 3479//3479 2508//2508 3477//3477
f 3477//3477 2508//2508 2604//2604
f 3477//3477 2604//2604 3475//3475
f 3475//3475 2604//2604 2598//2598
f 3475//3475 2598//2598 3473//3473
f 3473//3473 2598//2598 2595//2595
f 3473//3473 2595//2595 3471//3471
f 3471//3471 2595//2595 2588//2588
f 3471//3471 2588//2588 3441//3441
f 3441//3441 2588//2588 2590//2590
f 3441//3441 2590//2590 2578//2578
f 2578//2578 2590//2590 2592//2592
f 2578//2578 2592//2592 2579//2579
f 3480//3480 3481//3481 3482//3482
f 3482//3482 3481//3481 3483//3483
f 3482//3482 3483//3483 3484//3484
f 3484//3484 3483//3483 3485//3485
f 3484//3484 3485//3485 3486//3486
f 3486//3486 3485//3485 3487//3487
f 3486//3486 3487//3487 3488//3488
f 3488//3488 3487//3487 3489//3489
f 3488//3488 3489//3489 3490//3490
f 1274//1274 2445//2445 3006//3006
f 3006//3006 2445//2445 3491//3491
f 3006//3006 3491//3491 3469//3469
f 3469//3469 3491//3491 3492//3492
f 3469//3469 3492//3492 3468//3468
f 3468//3468 3492//3492 3493//3493
f 3468//3468 3493//3493 3467//3467
f 3467//3467 3493//3493 3494//3494
f 3467//3467 3494//3494 3495//3495
f 3495//3495 3494//3494 3496//3496
f 3495//3495 3496//3496 3490//3490
f 3490//3490 3496//3496 3497//3497
f 3490//3490 3497//3497 3488//3488
f 3488//3488 3497//3497 3498//3498
f 3488//3488 3498//3498 3486//3486
f 3486//3486 3498//3498 3499//3499
f 3486//3486 3499//3499 3484//3484
f 3484//3484 3499//3499 3500//3500
f 3484//3484 3500//3500 3482//3482
f 3482//3482 3500//3500 3501//3501
f 3482//3482 3501//3501 3480//3480
f 2504//2504 3502//3502 2505//2505
f 2505//2505 3502//3502 3478//3478
f 2505//2505 3478//3478 3503//3503
f 3503//3503 3478//3478 3479//3479
f 3503//3503 3479//3479 3504//3504
f 3504//3504 3479//3479 3477//3477
f 3504//3504 3477//3477 3505//3505
f 3505//3505 3477//3477 3476//3476
f 2258//2258 2256//2256 3438//3438
f 3438//3438 2256//2256 2261//2261
f 3438//3438 2261//2261 3439//3439
f 3439//3439 2261//2261 3430//3430
f 3439//3439 3430//3430 3440//3440
f 3440//3440 3430//3430 3443//3443
f 3440//3440 3443//3443 3441//3441
f 3441//3441 3443//3443 3442//3442
f 3441//3441 3442//3442 3470//3470
f 3470//3470 3442//3442 3453//3453
f 3470//3470 3453//3453 3472//3472
f 3472//3472 3453//3453 3506//3506
f 3472//3472 3506//3506 3474//3474
f 3474//3474 3506//3506 3507//3507
f 3474//3474 3507//3507 3476//3476
f 3476//3476 3507//3507 3508//3508
f 3476//3476 3508//3508 3505//3505
f 2303//2303 3463//3463 3461//3461
f 3461//3461 3463//3463 3467//3467
f 3461//3461 3467//3467 3455//3455
f 3455//3455 3467//3467 3495//3495
f 3455//3455 3495//3495 3454//3454
f 3454//3454 3495//3495 3490//3490
f 3454//3454 3490//3490 3456//3456
f 3456//3456 3490//3490 3489//3489
f 3456//3456 3489//3489 3457//3457
f 3457//3457 3489//3489 3487//3487
f 3457//3457 3487//3487 3458//3458
f 3458//3458 3487//3487 3485//3485
f 3458//3458 3485//3485 3459//3459
f 3459//3459 3485//3485 3483//3483
f 3459//3459 3483//3483 3460//3460
f 3460//3460 3483//3483 3481//3481
f 3460//3460 3481//3481 3453//3453
f 3453//3453 3481//3481 3480//3480
f 3453//3453 3480//3480 3506//3506
f 3506//3506 3480//3480 3509//3509
f 3506//3506 3509//3509 3507//3507
f 3507//3507 3509//3509 3510//3510
f 3507//3507 3510//3510 3508//3508
f 3511//3511 3512//3512 3513//3513
f 3513//3513 3512//3512 3514//3514
f 3513//3513 3514//3514 3515//3515
f 3515//3515 3514//3514 3516//3516
f 3515//3515 3516//3516 3517//3517
f 3517//3517 3516//3516 3518//3518
f 3517//3517 3518//3518 3519//3519
f 3519//3519 3518//3518 3520//3520
f 3519//3519 3520//3520 3521//3521
f 3521//3521 3520//3520 3522//3522
f 3521//3521 3522//3522 3523//3523
f 3523//3523 3522//3522 3524//3524
f 3523//3523 3524//3524 3525//3525
f 3525//3525 3524//3524 3526//3526
f 3525//3525 3526//3526 3527//3527
f 3527//3527 3526//3526 3528//3528
f 3527//3527 3528//3528 3529//3529
f 2442//2442 3530//3530 2443//2443
f 2443//2443 3530//3530 3531//3531
f 2443//2443 3531//3531 3532//3532
f 3532//3532 3531//3531 3533//3533
f 3532//3532 3533//3533 3534//3534
f 3534//3534 3533//3533 3535//3535
f 3534//3534 3535//3535 3536//3536
f 3536//3536 3535//3535 3537//3537
f 3536//3536 3537//3537 3538//3538
f 3538//3538 3537//3537 3539//3539
f 3538//3538 3539//3539 3540//3540
f 3540//3540 3539//3539 3541//3541
f 3540//3540 3541//3541 3542//3542
f 3542//3542 3541//3541 3543//3543
f 3542//3542 3543//3543 3544//3544
f 3544//3544 3543//3543 3545//3545
f 3544//3544 3545//3545 3546//3546
f 3546//3546 3545//3545 3547//3547
f 3512//3512 2441//2441 3514//3514
f 3514//3514 2441//2441 2443//2443
f 3514//3514 2443//2443 3516//3516
f 3516//3516 2443//2443 3532//3532
f 3516//3516 3532//3532 3518//3518
f 3518//3518 3532//3532 3534//3534
f 3518//3518 3534//3534 3520//3520
f 3520//3520 3534//3534 3536//3536
f 3520//3520 3536//3536 3522//3522
f 3522//3522 3536//3536 3538//3538
f 3522//3522 3538//3538 3524//3524
f 3524//3524 3538//3538 3540//3540
f 3524//3524 3540//3540 3526//3526
f 3526//3526 3540//3540 3542//3542
f 3526//3526 3542//3542 3528//3528
f 3528//3528 3542//3542 3544//3544
f 3528//3528 3544//3544 3529//3529
f 3529//3529 3544//3544 3546//3546
f 3009//3009 3548//3548 3007//3007
f 3007//3007 3548//3548 3549//3549
f 3007//3007 3549//3549 2445//2445
f 2445//2445 3549//3549 3550//3550
f 2445//2445 3550//3550 3491//3491
f 3491//3491 3550//3550 3511//3511
f 3491//3491 3511//3511 3492//3492
f 3492//3492 3511//3511 3513//3513
f 3492//3492 3513//3513 3493//3493
f 3493//3493 3513//3513 3515//3515
f 3493//3493 3515//3515 3494//3494
f 3494//3494 3515//3515 3517//3517
f 3494//3494 3517//3517 3496//3496
f 3496//3496 3517//3517 3519//3519
f 3496//3496 3519//3519 3497//3497
f 3497//3497 3519//3519 3521//3521
f 3497//3497 3521//3521 3498//3498
f 3498//3498 3521//3521 3523//3523
f 3498//3498 3523//3523 3499//3499
f 3499//3499 3523//3523 3525//3525
f 3499//3499 3525//3525 3500//3500
f 3500//3500 3525//3525 3527//3527
f 3500//3500 3527//3527 3501//3501
f 3501//3501 3527//3527 3529//3529
f 3501//3501 3529//3529 3480//3480
f 3480//3480 3529//3529 3546//3546
f 3480//3480 3546//3546 3509//3509
f 3509//3509 3546//3546 3547//3547
f 3509//3509 3547//3547 3510//3510
f 2501//2501 2608//2608 2502//2502
f 2502//2502 2608//2608 2505//2505
f 2502//2502 2505//2505 2765//2765
f 2765//2765 2505//2505 3503//3503
f 2765//2765 3503//3503 2767//2767
f 2767//2767 3503//3503 3504//3504
f 2767//2767 3504//3504 2780//2780
f 2780//2780 3504//3504 3505//3505
f 2780//2780 3505//3505 2781//2781
f 2781//2781 3505//3505 3508//3508
f 2781//2781 3508//3508 2788//2788
f 2788//2788 3508//3508 3510//3510
f 2788//2788 3510//3510 2777//2777
f 2777//2777 3510//3510 3547//3547
f 2777//2777 3547//3547 2778//2778
f 2778//2778 3547//3547 3545//3545
f 2778//2778 3545//3545 2809//2809
f 2809//2809 3545//3545 3543//3543
f 2809//2809 3543//3543 2811//2811
f 2811//2811 3543//3543 3541//3541
f 2811//2811 3541//3541 2813//2813
f 2813//2813 3541//3541 3539//3539
f 2813//2813 3539//3539 2814//2814
f 2814//2814 3539//3539 3537//3537
f 2814//2814 3537//3537 2979//2979
f 2979//2979 3537//3537 3535//3535
f 2979//2979 3535//3535 2978//2978
f 2978//2978 3535//3535 3533//3533
f 2978//2978 3533//3533 2827//2827
f 2827//2827 3533//3533 3531//3531
f 2827//2827 3531//3531 2828//2828
f 2828//2828 3531//3531 3530//3530
f 2828//2828 3530//3530 2439//2439
f 2439//2439 3530//3530 2442//2442
f 2439//2439 2442//2442 3027//3027
f 3027//3027 2442//2442 2441//2441
f 3027//3027 2441//2441 3026//3026
f 3026//3026 2441//2441 3512//3512
f 3026//3026 3512//3512 3023//3023
f 3023//3023 3512//3512 3511//3511
f 3023//3023 3511//3511 3021//3021
f 3021//3021 3511//3511 3550//3550
f 3021//3021 3550//3550 3019//3019
f 3019//3019 3550//3550 3549//3549
f 3019//3019 3549//3549 3011//3011
f 3011//3011 3549//3549 3548//3548
f 3011//3011 3548//3548 3012//3012
f 3012//3012 3548//3548 3009//3009
f 3012//3012 3009//3009 3017//3017
f 3017//3017 3009//3009 3008//3008
f 3017//3017 3008//3008 3015//3015
f 3015//3015 3008//3008 1788//1788
f 3015//3015 1788//1788 1790//1790
f 2602//2602 2607//2607 3551//3551
f 3551//3551 2607//2607 3552//3552
f 3553//3553 2606//2606 3554//3554
f 3554//3554 2606//2606 2605//2605
f 3554//3554 2605//2605 3551//3551
f 3551//3551 2605//2605 2603//2603
f 3551//3551 2603//2603 2602//2602
f 3555//3555 2619//2619 2495//2495
f 2491//2491 3556//3556 3557//3557
f 3558//3558 2621//2621 2629//2629
f 2594//2594 3559//3559 3560//3560
f 3555//3555 2495//2495 3561//3561
f 2495//2495 2494//2494 3561//3561
f 3561//3561 2494//2494 2620//2620
f 3561//3561 2620//2620 3557//3557
f 3557//3557 2620//2620 2492//2492
f 3557//3557 2492//2492 2491//2491
f 3558//3558 2629//2629 3562//3562
f 3562//3562 2629//2629 2630//2630
f 3562//3562 2630//2630 3563//3563
f 3563//3563 2630//2630 2631//2631
f 3563//3563 2631//2631 3564//3564
f 3564//3564 2631//2631 3565//3565
f 3564//3564 3565//3565 3566//3566
f 2607//2607 2507//2507 3552//3552
f 3552//3552 2507//2507 2506//2506
f 3552//3552 2506//2506 3567//3567
f 3567//3567 2506//2506 3478//3478
f 3567//3567 3478//3478 3502//3502
f 2618//2618 3568//3568 3569//3569
f 2619//2619 3555//3555 2497//2497
f 2497//2497 3555//3555 3570//3570
f 2497//2497 3570//3570 2498//2498
f 2491//2491 2625//2625 3556//3556
f 3556//3556 2625//2625 2624//2624
f 3556//3556 2624//2624 3558//3558
f 3558//3558 2624//2624 2622//2622
f 3558//3558 2622//2622 2621//2621
f 3571//3571 3572//3572 3573//3573
f 3573//3573 3572//3572 3574//3574
f 3573//3573 3574//3574 3575//3575
f 3576//3576 3577//3577 2587//2587
f 2587//2587 3577//3577 2589//2589
f 2594//2594 2593//2593 3559//3559
f 3559//3559 2593//2593 2601//2601
f 3559//3559 2601//2601 3578//3578
f 3578//3578 2601//2601 2600//2600
f 3578//3578 2600//2600 3553//3553
f 3553//3553 2600//2600 2599//2599
f 3553//3553 2599//2599 2606//2606
f 2501//2501 3579//3579 2608//2608
f 2608//2608 3579//3579 3580//3580
f 2608//2608 3580//3580 2503//2503
f 2503//2503 3580//3580 3567//3567
f 2503//2503 3567//3567 2504//2504
f 2504//2504 3567//3567 3502//3502
f 2501//2501 2500//2500 3579//3579
f 3579//3579 2500//2500 2613//2613
f 3579//3579 2613//2613 3581//3581
f 2613//2613 2612//2612 3581//3581
f 3581//3581 2612//2612 2610//2610
f 3581//3581 2610//2610 3569//3569
f 3569//3569 2610//2610 2609//2609
f 3569//3569 2609//2609 2618//2618
f 2618//2618 2617//2617 3568//3568
f 3568//3568 2617//2617 2615//2615
f 3568//3568 2615//2615 3570//3570
f 3570//3570 2615//2615 2614//2614
f 3570//3570 2614//2614 2498//2498
f 3565//3565 3582//3582 3566//3566
f 3566//3566 3582//3582 3583//3583
f 3566//3566 3583//3583 3574//3574
f 3574//3574 3583//3583 3584//3584
f 3574//3574 3584//3584 3575//3575
f 2589//2589 3577//3577 2591//2591
f 2591//2591 3577//3577 3585//3585
f 2591//2591 3585//3585 2592//2592
f 2592//2592 3585//3585 3586//3586
f 2592//2592 3586//3586 2579//2579
f 3587//3587 1105//1105 2573//2573
f 2579//2579 3586//3586 2580//2580
f 2580//2580 3586//3586 3588//3588
f 2580//2580 3588//3588 2581//2581
f 2587//2587 2586//2586 3576//3576
f 3576//3576 2586//2586 2597//2597
f 3576//3576 2597//2597 3560//3560
f 3560//3560 2597//2597 2596//2596
f 3560//3560 2596//2596 2594//2594
f 2581//2581 3588//3588 2582//2582
f 2582//2582 3588//3588 3589//3589
f 2582//2582 3589//3589 2583//2583
f 3587//3587 2573//2573 3590//3590
f 2573//2573 2574//2574 3590//3590
f 3590//3590 2574//2574 2572//2572
f 3590//3590 2572//2572 3591//3591
f 3591//3591 2572//2572 2571//2571
f 3591//3591 2571//2571 3592//3592
f 3592//3592 2571//2571 2577//2577
f 3592//3592 2577//2577 3593//3593
f 3593//3593 2577//2577 2576//2576
f 3593//3593 2576//2576 3594//3594
f 3594//3594 2576//2576 2585//2585
f 3594//3594 2585//2585 3589//3589
f 3589//3589 2585//2585 2584//2584
f 3589//3589 2584//2584 2583//2583
f 960//960 968//968 969//969
f 901//901 900//900 905//905
f 920//920 921//921 922//922
f 3595//3595 629//629 3596//3596
f 3596//3596 629//629 631//631
f 636//636 633//633 639//639
f 639//639 633//633 634//634
f 639//639 634//634 640//640
f 640//640 634//634 635//635
f 640//640 635//635 632//632
f 613//613 631//631 637//637
f 637//637 631//631 636//636
f 637//637 636//636 638//638
f 638//638 636//636 639//639
f 612//612 1008//1008 613//613
f 613//613 1008//1008 1005//1005
f 613//613 1005//1005 631//631
f 624//624 3595//3595 3597//3597
f 624//624 625//625 626//626
f 626//626 630//630 624//624
f 624//624 630//630 627//627
f 624//624 627//627 3595//3595
f 3595//3595 627//627 628//628
f 3595//3595 628//628 629//629
f 3597//3597 3598//3598 624//624
f 624//624 3598//3598 3599//3599
f 624//624 3599//3599 623//623
f 623//623 3599//3599 3600//3600
f 623//623 3600//3600 622//622
f 622//622 3600//3600 3601//3601
f 615//615 618//618 616//616
f 616//616 618//618 619//619
f 616//616 619//619 617//617
f 617//617 619//619 614//614
f 3601//3601 3602//3602 622//622
f 622//622 3602//3602 3603//3603
f 622//622 3603//3603 620//620
f 620//620 3603//3603 998//998
f 620//620 998//998 621//621
f 621//621 998//998 999//999
f 621//621 999//999 619//619
f 619//619 999//999 1008//1008
f 619//619 1008//1008 614//614
f 614//614 1008//1008 612//612
f 3604//3604 3605//3605 765//765
f 765//765 3605//3605 714//714
f 765//765 714//714 764//764
f 764//764 714//714 715//715
f 764//764 715//715 731//731
f 731//731 730//730 764//764
f 764//764 730//730 729//729
f 764//764 729//729 728//728
f 728//728 727//727 764//764
f 764//764 727//727 726//726
f 764//764 726//726 725//725
f 725//725 724//724 764//764
f 764//764 724//724 723//723
f 764//764 723//723 722//722
f 721//721 720//720 1002//1002
f 720//720 719//719 1002//1002
f 1002//1002 719//719 718//718
f 1002//1002 718//718 717//717
f 717//717 716//716 1002//1002
f 1002//1002 716//716 737//737
f 1002//1002 737//737 736//736
f 689//689 690//690 3606//3606
f 3606//3606 690//690 695//695
f 3606//3606 695//695 694//694
f 694//694 693//693 3606//3606
f 3606//3606 693//693 692//692
f 3606//3606 692//692 691//691
f 691//691 696//696 3606//3606
f 3606//3606 696//696 697//697
f 3606//3606 697//697 698//698
f 698//698 699//699 3606//3606
f 3606//3606 699//699 700//700
f 3606//3606 700//700 701//701
f 701//701 702//702 3606//3606
f 3606//3606 702//702 703//703
f 3606//3606 703//703 704//704
f 704//704 705//705 3606//3606
f 3606//3606 705//705 706//706
f 3606//3606 706//706 707//707
f 707//707 708//708 3606//3606
f 3606//3606 708//708 709//709
f 3606//3606 709//709 710//710
f 3607//3607 712//712 3605//3605
f 3605//3605 712//712 713//713
f 3605//3605 713//713 714//714
f 710//710 711//711 3606//3606
f 3606//3606 711//711 712//712
f 3606//3606 712//712 3608//3608
f 3608//3608 712//712 3607//3607
f 643//643 644//644 1006//1006
f 1006//1006 644//644 645//645
f 1006//1006 645//645 1005//1005
f 1005//1005 645//645 646//646
f 1005//1005 646//646 647//647
f 647//647 648//648 1005//1005
f 1005//1005 648//648 649//649
f 1005//1005 649//649 650//650
f 650//650 651//651 1005//1005
f 1005//1005 651//651 652//652
f 1005//1005 652//652 653//653
f 653//653 654//654 1005//1005
f 1005//1005 654//654 655//655
f 1005//1005 655//655 656//656
f 656//656 657//657 1005//1005
f 1005//1005 657//657 658//658
f 1005//1005 658//658 659//659
f 659//659 660//660 1005//1005
f 1005//1005 660//660 661//661
f 1005//1005 661//661 662//662
f 662//662 663//663 1005//1005
f 1005//1005 663//663 3609//3609
f 1005//1005 3609//3609 631//631
f 631//631 3609//3609 3610//3610
f 631//631 3610//3610 3596//3596
f 663//663 664//664 3609//3609
f 3609//3609 664//664 665//665
f 3609//3609 665//665 3611//3611
f 3611//3611 665//665 666//666
f 3611//3611 666//666 3612//3612
f 3612//3612 666//666 3606//3606
f 666//666 667//667 3606//3606
f 3606//3606 667//667 668//668
f 3606//3606 668//668 3613//3613
f 3613//3613 668//668 669//669
f 3613//3613 669//669 670//670
f 670//670 671//671 3613//3613
f 3613//3613 671//671 672//672
f 3613//3613 672//672 3606//3606
f 3606//3606 672//672 673//673
f 3606//3606 673//673 674//674
f 674//674 675//675 3606//3606
f 3606//3606 675//675 676//676
f 3606//3606 676//676 677//677
f 677//677 678//678 3606//3606
f 3606//3606 678//678 679//679
f 3606//3606 679//679 680//680
f 680//680 681//681 3606//3606
f 3606//3606 681//681 682//682
f 3606//3606 682//682 683//683
f 683//683 684//684 3606//3606
f 3606//3606 684//684 685//685
f 3606//3606 685//685 686//686
f 686//686 687//687 3606//3606
f 3606//3606 687//687 688//688
f 3606//3606 688//688 689//689
f 736//736 735//735 1002//1002
f 1002//1002 735//735 734//734
f 1002//1002 734//734 733//733
f 733//733 732//732 1002//1002
f 1002//1002 732//732 641//641
f 1002//1002 641//641 1006//1006
f 1006//1006 641//641 642//642
f 1006//1006 642//642 643//643
f 3614//3614 3615//3615 767//767
f 767//767 3615//3615 3616//3616
f 767//767 3616//3616 766//766
f 766//766 3616//3616 3617//3617
f 766//766 3617//3617 765//765
f 765//765 3617//3617 3618//3618
f 765//765 3618//3618 3604//3604
f 722//722 721//721 764//764
f 764//764 721//721 1002//1002
f 764//764 1002//1002 763//763
f 763//763 1002//1002 963//963
f 763//763 963//963 762//762
f 762//762 963//963 964//964
f 760//760 761//761 759//759
f 759//759 761//761 762//762
f 759//759 762//762 757//757
f 757//757 762//762 964//964
f 757//757 964//964 758//758
f 758//758 964//964 755//755
f 943//943 744//744 944//944
f 944//944 744//744 747//747
f 944//944 747//747 945//945
f 755//755 964//964 756//756
f 756//756 964//964 967//967
f 756//756 967//967 754//754
f 960//960 961//961 968//968
f 968//968 961//961 962//962
f 968//968 962//962 946//946
f 746//746 745//745 750//750
f 750//750 745//745 748//748
f 750//750 748//748 749//749
f 750//750 751//751 746//746
f 746//746 751//751 752//752
f 746//746 752//752 747//747
f 747//747 752//752 753//753
f 747//747 753//753 945//945
f 945//945 753//753 754//754
f 945//945 754//754 946//946
f 946//946 754//754 967//967
f 946//946 967//967 968//968
f 768//768 738//738 767//767
f 767//767 738//738 739//739
f 767//767 739//739 3614//3614
f 3614//3614 739//739 740//740
f 740//740 741//741 3614//3614
f 3614//3614 741//741 742//742
f 3614//3614 742//742 3619//3619
f 3619//3619 742//742 743//743
f 3619//3619 743//743 3620//3620
f 790//790 791//791 792//792
f 794//794 986//986 793//793
f 793//793 986//986 987//987
f 794//794 795//795 3567//3567
f 3567//3567 795//795 3552//3552
f 3552//3552 795//795 796//796
f 3552//3552 796//796 3551//3551
f 797//797 769//769 796//796
f 796//796 769//769 770//770
f 796//796 770//770 3551//3551
f 987//987 787//787 788//788
f 792//792 793//793 790//790
f 790//790 793//793 987//987
f 790//790 987//987 789//789
f 789//789 987//987 788//788
f 817//817 816//816 781//781
f 781//781 816//816 815//815
f 815//815 814//814 781//781
f 781//781 814//814 813//813
f 781//781 813//813 812//812
f 812//812 811//811 781//781
f 781//781 811//811 810//810
f 781//781 810//810 782//782
f 782//782 810//810 809//809
f 782//782 809//809 808//808
f 808//808 807//807 782//782
f 782//782 807//807 806//806
f 782//782 806//806 783//783
f 783//783 806//806 805//805
f 783//783 805//805 804//804
f 804//804 803//803 783//783
f 783//783 803//803 802//802
f 783//783 802//802 801//801
f 776//776 823//823 774//774
f 774//774 823//823 824//824
f 774//774 824//824 3560//3560
f 1000//1000 1003//1003 818//818
f 787//787 987//987 786//786
f 786//786 987//987 1000//1000
f 786//786 1000//1000 781//781
f 781//781 1000//1000 818//818
f 781//781 818//818 817//817
f 777//777 778//778 785//785
f 785//785 778//778 780//780
f 785//785 780//780 779//779
f 785//785 784//784 777//777
f 777//777 784//784 783//783
f 777//777 783//783 776//776
f 776//776 783//783 801//801
f 776//776 801//801 823//823
f 3560//3560 3559//3559 774//774
f 774//774 3559//3559 3578//3578
f 774//774 3578//3578 775//775
f 775//775 3578//3578 3553//3553
f 775//775 3553//3553 771//771
f 771//771 3553//3553 3554//3554
f 771//771 3554//3554 772//772
f 772//772 3554//3554 3551//3551
f 772//772 3551//3551 773//773
f 773//773 3551//3551 770//770
f 848//848 849//849 3589//3589
f 3589//3589 849//849 870//870
f 3589//3589 870//870 869//869
f 869//869 868//868 3589//3589
f 3589//3589 868//868 867//867
f 3589//3589 867//867 866//866
f 866//866 865//865 3589//3589
f 3589//3589 865//865 864//864
f 3589//3589 864//864 863//863
f 863//863 862//862 3589//3589
f 3589//3589 862//862 861//861
f 3589//3589 861//861 860//860
f 860//860 859//859 3589//3589
f 3589//3589 859//859 858//858
f 3589//3589 858//858 857//857
f 857//857 856//856 3589//3589
f 3589//3589 856//856 855//855
f 3589//3589 855//855 854//854
f 854//854 853//853 3589//3589
f 3589//3589 853//853 852//852
f 3589//3589 852//852 851//851
f 3590//3590 871//871 3587//3587
f 3587//3587 871//871 872//872
f 3587//3587 872//872 1105//1105
f 1105//1105 872//872 1106//1106
f 3590//3590 3591//3591 871//871
f 871//871 3591//3591 3592//3592
f 871//871 3592//3592 3593//3593
f 851//851 850//850 3589//3589
f 3589//3589 850//850 871//871
f 3589//3589 871//871 3594//3594
f 3594//3594 871//871 3593//3593
f 1106//1106 872//872 1108//1108
f 1108//1108 872//872 873//873
f 1108//1108 873//873 979//979
f 979//979 873//873 893//893
f 979//979 893//893 892//892
f 892//892 891//891 979//979
f 979//979 891//891 890//890
f 979//979 890//890 889//889
f 889//889 888//888 979//979
f 979//979 888//888 887//887
f 979//979 887//887 886//886
f 886//886 885//885 979//979
f 979//979 885//885 884//884
f 979//979 884//884 883//883
f 883//883 882//882 979//979
f 979//979 882//882 881//881
f 979//979 881//881 880//880
f 880//880 879//879 979//979
f 979//979 879//879 878//878
f 979//979 878//878 877//877
f 874//874 1007//1007 875//875
f 875//875 1007//1007 979//979
f 875//875 979//979 876//876
f 876//876 979//979 877//877
f 825//825 3588//3588 3586//3586
f 3586//3586 3585//3585 825//825
f 825//825 3585//3585 3577//3577
f 825//825 3577//3577 824//824
f 824//824 3577//3577 3576//3576
f 824//824 3576//3576 3560//3560
f 3588//3588 825//825 3589//3589
f 3589//3589 825//825 826//826
f 3589//3589 826//826 847//847
f 847//847 846//846 3589//3589
f 3589//3589 846//846 845//845
f 3589//3589 845//845 844//844
f 844//844 843//843 3589//3589
f 3589//3589 843//843 842//842
f 3589//3589 842//842 841//841
f 841//841 840//840 3589//3589
f 3589//3589 840//840 839//839
f 3589//3589 839//839 838//838
f 838//838 837//837 3589//3589
f 3589//3589 837//837 836//836
f 3589//3589 836//836 835//835
f 835//835 829//829 3589//3589
f 3589//3589 829//829 830//830
f 3589//3589 830//830 834//834
f 834//834 833//833 3589//3589
f 3589//3589 833//833 832//832
f 3589//3589 832//832 831//831
f 831//831 828//828 3589//3589
f 3589//3589 828//828 827//827
f 3589//3589 827//827 848//848
f 822//822 821//821 1003//1003
f 874//874 798//798 1007//1007
f 1007//1007 798//798 799//799
f 1007//1007 799//799 1003//1003
f 1003//1003 799//799 800//800
f 1003//1003 800//800 822//822
f 821//821 820//820 1003//1003
f 1003//1003 820//820 819//819
f 1003//1003 819//819 818//818
f 915//915 916//916 917//917
f 1101//1101 1114//1114 919//919
f 919//919 1114//1114 1112//1112
f 922//922 1072//1072 920//920
f 920//920 1072//1072 1097//1097
f 920//920 1097//1097 919//919
f 919//919 1097//1097 1099//1099
f 919//919 1099//1099 1101//1101
f 910//910 914//914 980//980
f 980//980 914//914 913//913
f 1112//1112 1110//1110 919//919
f 919//919 1110//1110 1108//1108
f 919//919 1108//1108 918//918
f 918//918 1108//1108 979//979
f 918//918 979//979 917//917
f 917//917 979//979 980//980
f 917//917 980//980 915//915
f 915//915 980//980 913//913
f 915//915 913//913 912//912
f 1061//1061 1078//1078 898//898
f 898//898 1078//1078 1091//1091
f 898//898 1091//1091 899//899
f 910//910 980//980 911//911
f 911//911 980//980 966//966
f 911//911 966//966 906//906
f 922//922 897//897 1072//1072
f 1072//1072 897//897 896//896
f 1072//1072 896//896 1073//1073
f 1073//1073 896//896 895//895
f 1073//1073 895//895 1030//1030
f 1030//1030 895//895 894//894
f 1030//1030 894//894 1031//1031
f 1031//1031 894//894 899//899
f 1031//1031 899//899 1081//1081
f 1081//1081 899//899 1091//1091
f 937//937 1050//1050 1067//1067
f 937//937 1067//1067 936//936
f 935//935 1061//1061 932//932
f 932//932 1061//1061 898//898
f 932//932 898//898 908//908
f 908//908 898//898 904//904
f 908//908 904//904 909//909
f 909//909 904//904 903//903
f 909//909 903//903 905//905
f 905//905 903//903 902//902
f 905//905 902//902 901//901
f 935//935 934//934 1061//1061
f 1061//1061 934//934 933//933
f 1061//1061 933//933 1055//1055
f 1055//1055 933//933 936//936
f 1055//1055 936//936 1056//1056
f 1056//1056 936//936 1067//1067
f 926//926 927//927 928//928
f 908//908 907//907 932//932
f 932//932 907//907 906//906
f 932//932 906//906 930//930
f 930//930 906//906 966//966
f 930//930 966//966 931//931
f 931//931 966//966 965//965
f 931//931 965//965 929//929
f 929//929 965//965 992//992
f 929//929 992//992 928//928
f 928//928 992//992 926//926
f 926//926 992//992 924//924
f 926//926 924//924 925//925
f 937//937 941//941 1050//1050
f 1050//1050 941//941 940//940
f 1050//1050 940//940 1048//1048
f 994//994 938//938 993//993
f 993//993 938//938 942//942
f 993//993 942//942 992//992
f 992//992 942//942 923//923
f 992//992 923//923 924//924
f 949//949 953//953 3621//3621
f 3621//3621 953//953 952//952
f 974//974 951//951 969//969
f 969//969 951//951 954//954
f 969//969 954//954 956//956
f 958//958 960//960 957//957
f 957//957 960//960 969//969
f 957//957 969//969 959//959
f 959//959 969//969 956//956
f 959//959 956//956 955//955
f 3621//3621 3622//3622 949//949
f 949//949 3622//3622 3623//3623
f 949//949 3623//3623 950//950
f 950//950 3623//3623 3624//3624
f 950//950 3624//3624 947//947
f 3624//3624 3625//3625 947//947
f 947//947 3625//3625 3626//3626
f 947//947 3626//3626 948//948
f 948//948 3626//3626 3627//3627
f 948//948 3627//3627 943//943
f 943//943 3627//3627 3628//3628
f 943//943 3628//3628 744//744
f 744//744 3628//3628 3629//3629
f 744//744 3629//3629 743//743
f 743//743 3629//3629 3630//3630
f 743//743 3630//3630 3620//3620
f 997//997 1019//1019 1021//1021
f 997//997 1021//1021 1004//1004
f 1021//1021 1023//1023 1004//1004
f 1004//1004 1023//1023 1010//1010
f 1004//1004 1010//1010 1001//1001
f 1010//1010 1009//1009 1001//1001
f 1001//1001 1009//1009 1018//1018
f 1001//1001 1018//1018 996//996
f 1018//1018 1038//1038 996//996
f 996//996 1038//1038 1027//1027
f 996//996 1027//1027 995//995
f 940//940 939//939 1048//1048
f 1048//1048 939//939 938//938
f 1048//1048 938//938 1046//1046
f 1046//1046 938//938 994//994
f 1046//1046 994//994 1044//1044
f 1044//1044 994//994 995//995
f 1044//1044 995//995 1025//1025
f 1025//1025 995//995 1027//1027
f 794//794 3567//3567 986//986
f 986//986 3567//3567 3580//3580
f 986//986 3580//3580 985//985
f 3580//3580 3579//3579 985//985
f 985//985 3579//3579 3581//3581
f 985//985 3581//3581 975//975
f 3581//3581 3569//3569 975//975
f 975//975 3569//3569 3568//3568
f 975//975 3568//3568 973//973
f 3568//3568 3570//3570 973//973
f 973//973 3570//3570 3555//3555
f 973//973 3555//3555 972//972
f 3555//3555 3561//3561 972//972
f 972//972 3561//3561 3557//3557
f 972//972 3557//3557 971//971
f 3564//3564 990//990 991//991
f 3557//3557 3556//3556 971//971
f 971//971 3556//3556 3558//3558
f 971//971 3558//3558 970//970
f 970//970 3558//3558 3562//3562
f 970//970 3562//3562 991//991
f 991//991 3562//3562 3563//3563
f 991//991 3563//3563 3564//3564
f 3564//3564 3566//3566 990//990
f 990//990 3566//3566 3574//3574
f 990//990 3574//3574 989//989
f 989//989 3574//3574 3572//3572
f 989//989 3572//3572 3571//3571
f 3571//3571 3631//3631 989//989
f 989//989 3631//3631 3632//3632
f 989//989 3632//3632 3633//3633
f 3634//3634 983//983 3635//3635
f 3635//3635 983//983 989//989
f 3635//3635 989//989 3636//3636
f 3636//3636 989//989 3633//3633
f 3637//3637 982//982 3638//3638
f 3638//3638 982//982 983//983
f 3638//3638 983//983 3639//3639
f 3639//3639 983//983 3634//3634
f 3640//3640 981//981 3641//3641
f 3641//3641 981//981 982//982
f 3641//3641 982//982 3642//3642
f 3642//3642 982//982 3637//3637
f 952//952 951//951 3621//3621
f 3621//3621 951//951 974//974
f 3621//3621 974//974 3643//3643
f 3643//3643 974//974 981//981
f 3643//3643 981//981 3644//3644
f 3644//3644 981//981 3640//3640
f 3645//3645 976//976 3646//3646
f 3646//3646 976//976 998//998
f 3646//3646 998//998 3647//3647
f 3647//3647 998//998 3603//3603
f 3648//3648 977//977 3649//3649
f 3649//3649 977//977 976//976
f 3649//3649 976//976 3650//3650
f 3650//3650 976//976 3645//3645
f 3651//3651 978//978 3652//3652
f 3652//3652 978//978 977//977
f 3652//3652 977//977 3653//3653
f 3653//3653 977//977 3648//3648
f 3654//3654 984//984 3655//3655
f 3655//3655 984//984 978//978
f 3655//3655 978//978 3656//3656
f 3656//3656 978//978 3651//3651
f 3654//3654 3657//3657 984//984
f 984//984 3657//3657 1014//1014
f 984//984 1014//1014 988//988
f 988//988 1014//1014 1013//1013
f 988//988 1013//1013 1032//1032
f 1032//1032 1086//1086 988//988
f 988//988 1086//1086 1074//1074
f 988//988 1074//1074 997//997
f 997//997 1074//1074 1062//1062
f 997//997 1062//1062 1019//1019
f 3658//3658 3659//3659 3660//3660
f 3661//3661 3662//3662 3663//3663
f 3664//3664 3665//3665 3661//3661
f 3661//3661 3663//3663 3664//3664
f 3664//3664 3663//3663 3666//3666
f 3664//3664 3666//3666 3667//3667
f 3660//3660 3668//3668 3664//3664
f 3664//3664 3668//3668 3669//3669
f 3664//3664 3669//3669 3665//3665
f 3670//3670 3671//3671 3672//3672
f 3672//3672 3671//3671 3673//3673
f 3672//3672 3673//3673 3674//3674
f 3675//3675 3676//3676 3677//3677
f 3677//3677 3676//3676 3678//3678
f 3677//3677 3678//3678 3670//3670
f 3670//3670 3678//3678 3679//3679
f 3670//3670 3679//3679 3671//3671
f 3675//3675 3677//3677 3680//3680
f 3680//3680 3677//3677 3681//3681
f 3680//3680 3681//3681 3682//3682
f 3683//3683 3684//3684 3681//3681
f 3681//3681 3684//3684 3685//3685
f 3681//3681 3685//3685 3682//3682
f 1084//1084 1015//1015 3686//3686
f 3686//3686 1015//1015 1014//1014
f 3686//3686 1014//1014 3683//3683
f 3683//3683 1014//1014 3687//3687
f 3683//3683 3687//3687 3684//3684
f 1076//1076 1075//1075 1324//1324
f 1324//1324 1075//1075 1088//1088
f 1324//1324 1088//1088 1087//1087
f 1528//1528 1527//1527 3686//3686
f 3686//3686 1527//1527 1525//1525
f 3686//3686 1525//1525 1084//1084
f 1084//1084 1525//1525 1324//1324
f 1084//1084 1324//1324 1085//1085
f 1085//1085 1324//1324 1087//1087
f 3688//3688 3689//3689 3690//3690
f 3690//3690 3689//3689 3691//3691
f 3692//3692 3693//3693 3694//3694
f 3694//3694 3693//3693 3695//3695
f 3694//3694 3695//3695 3690//3690
f 3690//3690 3695//3695 3696//3696
f 3690//3690 3696//3696 3688//3688
f 3697//3697 3698//3698 3699//3699
f 3699//3699 3698//3698 3700//3700
f 3699//3699 3700//3700 3694//3694
f 3694//3694 3700//3700 3701//3701
f 3694//3694 3701//3701 3692//3692
f 3702//3702 3703//3703 3704//3704
f 3702//3702 3704//3704 3705//3705
f 3706//3706 3707//3707 3708//3708
f 3708//3708 3707//3707 3709//3709
f 3708//3708 3709//3709 3699//3699
f 3699//3699 3709//3709 3710//3710
f 3699//3699 3710//3710 3697//3697
f 3659//3659 3711//3711 3660//3660
f 3660//3660 3711//3711 3712//3712
f 3660//3660 3712//3712 3702//3702
f 3702//3702 3712//3712 3713//3713
f 3702//3702 3713//3713 3703//3703
f 3658//3658 3660//3660 3714//3714
f 3714//3714 3660//3660 3664//3664
f 3714//3714 3664//3664 3715//3715
f 3715//3715 3664//3664 3667//3667
f 3715//3715 3667//3667 3716//3716
f 3717//3717 3718//3718 3716//3716
f 3716//3716 3718//3718 3719//3719
f 3716//3716 3719//3719 3715//3715
f 1521//1521 1304//1304 3720//3720
f 3720//3720 1304//1304 1303//1303
f 3720//3720 1303//1303 1524//1524
f 3704//3704 3706//3706 3705//3705
f 3705//3705 3706//3706 3708//3708
f 3705//3705 3708//3708 3721//3721
f 3721//3721 3708//3708 3699//3699
f 3721//3721 3699//3699 3722//3722
f 3722//3722 3699//3699 3694//3694
f 3722//3722 3694//3694 3720//3720
f 3720//3720 3694//3694 3690//3690
f 3720//3720 3690//3690 1521//1521
f 1521//1521 3690//3690 3691//3691
f 1521//1521 3691//3691 1522//1522
f 3674//3674 3668//3668 3672//3672
f 3672//3672 3668//3668 3660//3660
f 3672//3672 3660//3660 3670//3670
f 3670//3670 3660//3660 3702//3702
f 3670//3670 3702//3702 3677//3677
f 3677//3677 3702//3702 3705//3705
f 3677//3677 3705//3705 3681//3681
f 3681//3681 3705//3705 3721//3721
f 3681//3681 3721//3721 3683//3683
f 3683//3683 3721//3721 3722//3722
f 3683//3683 3722//3722 3686//3686
f 3686//3686 3722//3722 3720//3720
f 3686//3686 3720//3720 1528//1528
f 1528//1528 3720//3720 1524//1524
f 3723//3723 3724//3724 3725//3725
f 3726//3726 3727//3727 3728//3728
f 1425//1425 1424//1424 3729//3729
f 1441//1441 1452//1452 3730//3730
f 1450//1450 1445//1445 3731//3731
f 1449//1449 1456//1456 3732//3732
f 1460//1460 3733//3733 3734//3734
f 1307//1307 1306//1306 3735//3735
f 1508//1508 1507//1507 3736//3736
f 3698//3698 3697//3697 3737//3737
f 3703//3703 3713//3713 3738//3738
f 3739//3739 3740//3740 3741//3741
f 3742//3742 3743//3743 3744//3744
f 3745//3745 3746//3746 3747//3747
f 3748//3748 3749//3749 3750//3750
f 3751//3751 3752//3752 3753//3753
f 3754//3754 3755//3755 3756//3756
f 3757//3757 3758//3758 3759//3759
f 3760//3760 3761//3761 3762//3762
f 3763//3763 3764//3764 3765//3765
f 3766//3766 3767//3767 3768//3768
f 1405//1405 1413//1413 3769//3769
f 1403//1403 1405//1405 3770//3770
f 3770//3770 1405//1405 3769//3769
f 3770//3770 3769//3769 3771//3771
f 3771//3771 3769//3769 3772//3772
f 3773//3773 3774//3774 3775//3775
f 3775//3775 3774//3774 3776//3776
f 3777//3777 3778//3778 3779//3779
f 3778//3778 3777//3777 3780//3780
f 3780//3780 3777//3777 3781//3781
f 3780//3780 3781//3781 3782//3782
f 3783//3783 3784//3784 3785//3785
f 3786//3786 3787//3787 3783//3783
f 3783//3783 3787//3787 3788//3788
f 3783//3783 3788//3788 3784//3784
f 3789//3789 3790//3790 3791//3791
f 3792//3792 3793//3793 3794//3794
f 3792//3792 3794//3794 3795//3795
f 3789//3789 3791//3791 3796//3796
f 3796//3796 3791//3791 3765//3765
f 3796//3796 3765//3765 3794//3794
f 3794//3794 3765//3765 3764//3764
f 3794//3794 3764//3764 3795//3795
f 3763//3763 3765//3765 3797//3797
f 3797//3797 3765//3765 3798//3798
f 3797//3797 3798//3798 3799//3799
f 3800//3800 3801//3801 3802//3802
f 3802//3802 3801//3801 3803//3803
f 3802//3802 3803//3803 3798//3798
f 3798//3798 3803//3803 3804//3804
f 3798//3798 3804//3804 3799//3799
f 3805//3805 3806//3806 3802//3802
f 3802//3802 3806//3806 3807//3807
f 3802//3802 3807//3807 3800//3800
f 3808//3808 3809//3809 3810//3810
f 3810//3810 3809//3809 3811//3811
f 3810//3810 3811//3811 3805//3805
f 3805//3805 3811//3811 3812//3812
f 3805//3805 3812//3812 3806//3806
f 3761//3761 3813//3813 3762//3762
f 3762//3762 3813//3813 3814//3814
f 3762//3762 3814//3814 3815//3815
f 3815//3815 3814//3814 3816//3816
f 3815//3815 3816//3816 3817//3817
f 3818//3818 3819//3819 3820//3820
f 3819//3819 3818//3818 3821//3821
f 3821//3821 3818//3818 3822//3822
f 3821//3821 3822//3822 3823//3823
f 3824//3824 3825//3825 3822//3822
f 3822//3822 3825//3825 3826//3826
f 3822//3822 3826//3826 3823//3823
f 3824//3824 3822//3822 3827//3827
f 3827//3827 3822//3822 3828//3828
f 3827//3827 3828//3828 3829//3829
f 3829//3829 3828//3828 3830//3830
f 3829//3829 3830//3830 3831//3831
f 3832//3832 3833//3833 3834//3834
f 3834//3834 3833//3833 3835//3835
f 3834//3834 3835//3835 3830//3830
f 3830//3830 3835//3835 3836//3836
f 3830//3830 3836//3836 3831//3831
f 3837//3837 3838//3838 3839//3839
f 3839//3839 3838//3838 3840//3840
f 3839//3839 3840//3840 3834//3834
f 3834//3834 3840//3840 3841//3841
f 3834//3834 3841//3841 3832//3832
f 3837//3837 3839//3839 3842//3842
f 3842//3842 3839//3839 3843//3843
f 3842//3842 3843//3843 3844//3844
f 3845//3845 3846//3846 3847//3847
f 3847//3847 3846//3846 3848//3848
f 3847//3847 3848//3848 3843//3843
f 3843//3843 3848//3848 3849//3849
f 3843//3843 3849//3849 3844//3844
f 3850//3850 3851//3851 3852//3852
f 3852//3852 3851//3851 3853//3853
f 3852//3852 3853//3853 3854//3854
f 3850//3850 3855//3855 3851//3851
f 3851//3851 3855//3855 3856//3856
f 3851//3851 3856//3856 3847//3847
f 3847//3847 3856//3856 3857//3857
f 3847//3847 3857//3857 3845//3845
f 3858//3858 3859//3859 3860//3860
f 3860//3860 3859//3859 3861//3861
f 3860//3860 3861//3861 3853//3853
f 3853//3853 3861//3861 3862//3862
f 3853//3853 3862//3862 3854//3854
f 3759//3759 3758//3758 3860//3860
f 3860//3860 3758//3758 3863//3863
f 3860//3860 3863//3863 3858//3858
f 3756//3756 3755//3755 3759//3759
f 3759//3759 3755//3755 3864//3864
f 3759//3759 3864//3864 3757//3757
f 3865//3865 3866//3866 3867//3867
f 3866//3866 3868//3868 3867//3867
f 3867//3867 3868//3868 3869//3869
f 3867//3867 3869//3869 3756//3756
f 3756//3756 3869//3869 3870//3870
f 3756//3756 3870//3870 3754//3754
f 3871//3871 3872//3872 3873//3873
f 3753//3753 3752//3752 3873//3873
f 3873//3873 3752//3752 3874//3874
f 3873//3873 3874//3874 3871//3871
f 3872//3872 3875//3875 3873//3873
f 3873//3873 3875//3875 3876//3876
f 3873//3873 3876//3876 3867//3867
f 3867//3867 3876//3876 3877//3877
f 3867//3867 3877//3877 3865//3865
f 3878//3878 3879//3879 3880//3880
f 3880//3880 3879//3879 3881//3881
f 3880//3880 3881//3881 3753//3753
f 3753//3753 3881//3881 3882//3882
f 3753//3753 3882//3882 3751//3751
f 3750//3750 3749//3749 3880//3880
f 3880//3880 3749//3749 3883//3883
f 3880//3880 3883//3883 3878//3878
f 3747//3747 3746//3746 3750//3750
f 3750//3750 3746//3746 3884//3884
f 3750//3750 3884//3884 3748//3748
f 3744//3744 3743//3743 3747//3747
f 3747//3747 3743//3743 3885//3885
f 3747//3747 3885//3885 3745//3745
f 3741//3741 3740//3740 3744//3744
f 3744//3744 3740//3740 3886//3886
f 3744//3744 3886//3886 3742//3742
f 3887//3887 3888//3888 3889//3889
f 3889//3889 3888//3888 3890//3890
f 3889//3889 3890//3890 3891//3891
f 3891//3891 3892//3892 3889//3889
f 3889//3889 3892//3892 3893//3893
f 3889//3889 3893//3893 3741//3741
f 3741//3741 3893//3893 3894//3894
f 3741//3741 3894//3894 3739//3739
f 3895//3895 3896//3896 3897//3897
f 3897//3897 3896//3896 3898//3898
f 3897//3897 3898//3898 3887//3887
f 3887//3887 3898//3898 3899//3899
f 3887//3887 3899//3899 3888//3888
f 3900//3900 3901//3901 3902//3902
f 3902//3902 3901//3901 3903//3903
f 3902//3902 3903//3903 3897//3897
f 3897//3897 3903//3903 3904//3904
f 3897//3897 3904//3904 3895//3895
f 3905//3905 3906//3906 3902//3902
f 3902//3902 3906//3906 3907//3907
f 3902//3902 3907//3907 3900//3900
f 3908//3908 3909//3909 3910//3910
f 3910//3910 3909//3909 3911//3911
f 3910//3910 3911//3911 3905//3905
f 3905//3905 3911//3911 3912//3912
f 3905//3905 3912//3912 3906//3906
f 3913//3913 3914//3914 3915//3915
f 3915//3915 3914//3914 3916//3916
f 3915//3915 3916//3916 3910//3910
f 3910//3910 3916//3916 3917//3917
f 3910//3910 3917//3917 3908//3908
f 3715//3715 3719//3719 3915//3915
f 3915//3915 3719//3719 3718//3718
f 3913//3913 3915//3915 3918//3918
f 3918//3918 3915//3915 3718//3718
f 3918//3918 3718//3718 3717//3717
f 3712//3712 3711//3711 3919//3919
f 3711//3711 3659//3659 3919//3919
f 3919//3919 3659//3659 3658//3658
f 3919//3919 3658//3658 3714//3714
f 3710//3710 3709//3709 3920//3920
f 3709//3709 3707//3707 3920//3920
f 3920//3920 3707//3707 3706//3706
f 3920//3920 3706//3706 3704//3704
f 3693//3693 3692//3692 3921//3921
f 3921//3921 3692//3692 3701//3701
f 3921//3921 3701//3701 3700//3700
f 3688//3688 3696//3696 3922//3922
f 3922//3922 3696//3696 3695//3695
f 3922//3922 1519//1519 3688//3688
f 3688//3688 1519//1519 1518//1518
f 3688//3688 1518//1518 3689//3689
f 3689//3689 1518//1518 1517//1517
f 3689//3689 1517//1517 3691//3691
f 3691//3691 1517//1517 1522//1522
f 1516//1516 1515//1515 3922//3922
f 3922//3922 1515//1515 1520//1520
f 3922//3922 1520//1520 1519//1519
f 1512//1512 1510//1510 3923//3923
f 3923//3923 1510//1510 1509//1509
f 3736//3736 1507//1507 3924//3924
f 3924//3924 1507//1507 1506//1506
f 3924//3924 1506//1506 1513//1513
f 1508//1508 3736//3736 1500//1500
f 1500//1500 3736//3736 3925//3925
f 1500//1500 3925//3925 1501//1501
f 3735//3735 1306//1306 3926//3926
f 1497//1497 1495//1495 3927//3927
f 3926//3926 1306//1306 3927//3927
f 3927//3927 1306//1306 1498//1498
f 3927//3927 1498//1498 1497//1497
f 1495//1495 1494//1494 3927//3927
f 3927//3927 1494//1494 1504//1504
f 3927//3927 1504//1504 3925//3925
f 3925//3925 1504//1504 1503//1503
f 3925//3925 1503//1503 1501//1501
f 3928//3928 1488//1488 3929//3929
f 3929//3929 1488//1488 1492//1492
f 1492//1492 1310//1310 3929//3929
f 3929//3929 1310//1310 1309//1309
f 3929//3929 1309//1309 3735//3735
f 3735//3735 1309//1309 1493//1493
f 3735//3735 1493//1493 1307//1307
f 1490//1490 1489//1489 3930//3930
f 3930//3930 1489//1489 1484//1484
f 3930//3930 1484//1484 3928//3928
f 3928//3928 1484//1484 1486//1486
f 3928//3928 1486//1486 1488//1488
f 1479//1479 3931//3931 1480//1480
f 1480//1480 3931//3931 3932//3932
f 1480//1480 3932//3932 1481//1481
f 1479//1479 1313//1313 3931//3931
f 3931//3931 1313//1313 1312//1312
f 3931//3931 1312//1312 3930//3930
f 3930//3930 1312//1312 1491//1491
f 3930//3930 1491//1491 1490//1490
f 1474//1474 1473//1473 3933//3933
f 3933//3933 1473//1473 1483//1483
f 3933//3933 1483//1483 3932//3932
f 3932//3932 1483//1483 1482//1482
f 3932//3932 1482//1482 1481//1481
f 1472//1472 1471//1471 3934//3934
f 3934//3934 1471//1471 1477//1477
f 3934//3934 1477//1477 3933//3933
f 3933//3933 1477//1477 1476//1476
f 3933//3933 1476//1476 1474//1474
f 1468//1468 1467//1467 3935//3935
f 3935//3935 1467//1467 1465//1465
f 3935//3935 1465//1465 3934//3934
f 3934//3934 1465//1465 1464//1464
f 3934//3934 1464//1464 1472//1472
f 3733//3733 1460//1460 3936//3936
f 3936//3936 1460//1460 1458//1458
f 3936//3936 1458//1458 3935//3935
f 3935//3935 1458//1458 1469//1469
f 3935//3935 1469//1469 1468//1468
f 3937//3937 1315//1315 3734//3734
f 3734//3734 1315//1315 1463//1463
f 1463//1463 1462//1462 3734//3734
f 3734//3734 1462//1462 1461//1461
f 3734//3734 1461//1461 1460//1460
f 3732//3732 1456//1456 3938//3938
f 1456//1456 1455//1455 3938//3938
f 3938//3938 1455//1455 1454//1454
f 3938//3938 1454//1454 3937//3937
f 3937//3937 1454//1454 1316//1316
f 3937//3937 1316//1316 1315//1315
f 3731//3731 1445//1445 3732//3732
f 3732//3732 1445//1445 1447//1447
f 3732//3732 1447//1447 1449//1449
f 3730//3730 1452//1452 3731//3731
f 3731//3731 1452//1452 1451//1451
f 3731//3731 1451//1451 1450//1450
f 1441//1441 3730//3730 1439//1439
f 1439//1439 3730//3730 3939//3939
f 1439//1439 3939//3939 1437//1437
f 3940//3940 1443//1443 3939//3939
f 3939//3939 1443//1443 1442//1442
f 3939//3939 1442//1442 1437//1437
f 3941//3941 1428//1428 1761//1761
f 1434//1434 1433//1433 3940//3940
f 3940//3940 1433//1433 1444//1444
f 3940//3940 1444//1444 1443//1443
f 3941//3941 1761//1761 3940//3940
f 3940//3940 1761//1761 1436//1436
f 3940//3940 1436//1436 1434//1434
f 1424//1424 1432//1432 3729//3729
f 3729//3729 1432//1432 1431//1431
f 3729//3729 1431//1431 3941//3941
f 3941//3941 1431//1431 1429//1429
f 3941//3941 1429//1429 1428//1428
f 1425//1425 3729//3729 1427//1427
f 1427//1427 3729//3729 3942//3942
f 1427//1427 3942//3942 1421//1421
f 1418//1418 1417//1417 3943//3943
f 3943//3943 1417//1417 1423//1423
f 3943//3943 1423//1423 3942//3942
f 3942//3942 1423//1423 1422//1422
f 3942//3942 1422//1422 1421//1421
f 3944//3944 1415//1415 1414//1414
f 1414//1414 1319//1319 3944//3944
f 3944//3944 1319//1319 1318//1318
f 3944//3944 1318//1318 3943//3943
f 3943//3943 1318//1318 1420//1420
f 3943//3943 1420//1420 1418//1418
f 1413//1413 1411//1411 3769//3769
f 3769//3769 1411//1411 1410//1410
f 3769//3769 1410//1410 3944//3944
f 3944//3944 1410//1410 1416//1416
f 3944//3944 1416//1416 1415//1415
f 3704//3704 3703//3703 3920//3920
f 3920//3920 3703//3703 3738//3738
f 3920//3920 3738//3738 3945//3945
f 3945//3945 3738//3738 3946//3946
f 3945//3945 3946//3946 3947//3947
f 3947//3947 3946//3946 3948//3948
f 3947//3947 3948//3948 3949//3949
f 3949//3949 3948//3948 3950//3950
f 3949//3949 3950//3950 3951//3951
f 3951//3951 3950//3950 3952//3952
f 3951//3951 3952//3952 3953//3953
f 3953//3953 3952//3952 3954//3954
f 3953//3953 3954//3954 3955//3955
f 3955//3955 3954//3954 3956//3956
f 3955//3955 3956//3956 3957//3957
f 3957//3957 3956//3956 3958//3958
f 3957//3957 3958//3958 3959//3959
f 3959//3959 3958//3958 3960//3960
f 3959//3959 3960//3960 3961//3961
f 3961//3961 3960//3960 3962//3962
f 3961//3961 3962//3962 3963//3963
f 3963//3963 3962//3962 3964//3964
f 3963//3963 3964//3964 3965//3965
f 3965//3965 3964//3964 3966//3966
f 3965//3965 3966//3966 3967//3967
f 3967//3967 3966//3966 3968//3968
f 3967//3967 3968//3968 3969//3969
f 3969//3969 3968//3968 3970//3970
f 3969//3969 3970//3970 3971//3971
f 3971//3971 3970//3970 3972//3972
f 3971//3971 3972//3972 3973//3973
f 3972//3972 3974//3974 3973//3973
f 3973//3973 3974//3974 3975//3975
f 3973//3973 3975//3975 3976//3976
f 3976//3976 3975//3975 3977//3977
f 3976//3976 3977//3977 3978//3978
f 3978//3978 3977//3977 3979//3979
f 3978//3978 3979//3979 3980//3980
f 3980//3980 3979//3979 3981//3981
f 3980//3980 3981//3981 3982//3982
f 3982//3982 3981//3981 3983//3983
f 3982//3982 3983//3983 3984//3984
f 3984//3984 3983//3983 3985//3985
f 3984//3984 3985//3985 3986//3986
f 3986//3986 3985//3985 3987//3987
f 3986//3986 3987//3987 3988//3988
f 3988//3988 3987//3987 3989//3989
f 3988//3988 3989//3989 3990//3990
f 3990//3990 3989//3989 3991//3991
f 3990//3990 3991//3991 3992//3992
f 3992//3992 3991//3991 3993//3993
f 3992//3992 3993//3993 3994//3994
f 3994//3994 3993//3993 3995//3995
f 3994//3994 3995//3995 3996//3996
f 3996//3996 3995//3995 3997//3997
f 3998//3998 3999//3999 4000//4000
f 4000//4000 3999//3999 3783//3783
f 4000//4000 3783//3783 3781//3781
f 3781//3781 3783//3783 3785//3785
f 3781//3781 3785//3785 3782//3782
f 3767//3767 3786//3786 3768//3768
f 3768//3768 3786//3786 3783//3783
f 3768//3768 3783//3783 4001//4001
f 4001//4001 3783//3783 3999//3999
f 4001//4001 3999//3999 4002//4002
f 4002//4002 3999//3999 3998//3998
f 4002//4002 3998//3998 3727//3727
f 3727//3727 3726//3726 4002//4002
f 4002//4002 3726//3726 4003//4003
f 4002//4002 4003//4003 4001//4001
f 4001//4001 4003//4003 4004//4004
f 4001//4001 4004//4004 3768//3768
f 4005//4005 4006//4006 4007//4007
f 4007//4007 4006//4006 4008//4008
f 3714//3714 3715//3715 3919//3919
f 3919//3919 3715//3715 3915//3915
f 3919//3919 3915//3915 4009//4009
f 4009//4009 3915//3915 3910//3910
f 4009//4009 3910//3910 4010//4010
f 4010//4010 3910//3910 3905//3905
f 4010//4010 3905//3905 4011//4011
f 4011//4011 3905//3905 3902//3902
f 4011//4011 3902//3902 4012//4012
f 4012//4012 3902//3902 3897//3897
f 4012//4012 3897//3897 4013//4013
f 4013//4013 3897//3897 3887//3887
f 4013//4013 3887//3887 4014//4014
f 4014//4014 3887//3887 3889//3889
f 4014//4014 3889//3889 4015//4015
f 4015//4015 3889//3889 3741//3741
f 4015//4015 3741//3741 4016//4016
f 4016//4016 3741//3741 3744//3744
f 4016//4016 3744//3744 4017//4017
f 4017//4017 3744//3744 3747//3747
f 4017//4017 3747//3747 4018//4018
f 4018//4018 3747//3747 3750//3750
f 4018//4018 3750//3750 4019//4019
f 4019//4019 3750//3750 3880//3880
f 4019//4019 3880//3880 4020//4020
f 4020//4020 3880//3880 3753//3753
f 4020//4020 3753//3753 4021//4021
f 4021//4021 3753//3753 3873//3873
f 4021//4021 3873//3873 4022//4022
f 4022//4022 3873//3873 3867//3867
f 4022//4022 3867//3867 4023//4023
f 4023//4023 3867//3867 3756//3756
f 4023//4023 3756//3756 4024//4024
f 4024//4024 3756//3756 3759//3759
f 4024//4024 3759//3759 4025//4025
f 4025//4025 3759//3759 3860//3860
f 4025//4025 3860//3860 4026//4026
f 4026//4026 3860//3860 3853//3853
f 4026//4026 3853//3853 4027//4027
f 4027//4027 3853//3853 3851//3851
f 4027//4027 3851//3851 4028//4028
f 4028//4028 3851//3851 3847//3847
f 4028//4028 3847//3847 4029//4029
f 4029//4029 3847//3847 3843//3843
f 4029//4029 3843//3843 4030//4030
f 4030//4030 3843//3843 3839//3839
f 4030//4030 3839//3839 4031//4031
f 4031//4031 3839//3839 3834//3834
f 4031//4031 3834//3834 4032//4032
f 4032//4032 3834//3834 3830//3830
f 4032//4032 3830//3830 4033//4033
f 4033//4033 3830//3830 3828//3828
f 4033//4033 3828//3828 4034//4034
f 4034//4034 3828//3828 3822//3822
f 4034//4034 3822//3822 4005//4005
f 4005//4005 3822//3822 3818//3818
f 4005//4005 3818//3818 4006//4006
f 3713//3713 3712//3712 3738//3738
f 3738//3738 3712//3712 3919//3919
f 3738//3738 3919//3919 3946//3946
f 3946//3946 3919//3919 4009//4009
f 3946//3946 4009//4009 3948//3948
f 3948//3948 4009//4009 4010//4010
f 3948//3948 4010//4010 3950//3950
f 3950//3950 4010//4010 4011//4011
f 3950//3950 4011//4011 3952//3952
f 3952//3952 4011//4011 4012//4012
f 3952//3952 4012//4012 3954//3954
f 3954//3954 4012//4012 4013//4013
f 3954//3954 4013//4013 3956//3956
f 3956//3956 4013//4013 4014//4014
f 3956//3956 4014//4014 3958//3958
f 3958//3958 4014//4014 4015//4015
f 3958//3958 4015//4015 3960//3960
f 3960//3960 4015//4015 4016//4016
f 3960//3960 4016//4016 3962//3962
f 3962//3962 4016//4016 4017//4017
f 3962//3962 4017//4017 3964//3964
f 3964//3964 4017//4017 4018//4018
f 3964//3964 4018//4018 3966//3966
f 3966//3966 4018//4018 4019//4019
f 3966//3966 4019//4019 3968//3968
f 3968//3968 4019//4019 4020//4020
f 3968//3968 4020//4020 3970//3970
f 3970//3970 4020//4020 4021//4021
f 3970//3970 4021//4021 3972//3972
f 3972//3972 4021//4021 4022//4022
f 3972//3972 4022//4022 3974//3974
f 3974//3974 4022//4022 4023//4023
f 3974//3974 4023//4023 3975//3975
f 3975//3975 4023//4023 4024//4024
f 3975//3975 4024//4024 3977//3977
f 3977//3977 4024//4024 4025//4025
f 3977//3977 4025//4025 3979//3979
f 3979//3979 4025//4025 4026//4026
f 3979//3979 4026//4026 3981//3981
f 3981//3981 4026//4026 4027//4027
f 3981//3981 4027//4027 3983//3983
f 3983//3983 4027//4027 4028//4028
f 3983//3983 4028//4028 3985//3985
f 3985//3985 4028//4028 4029//4029
f 3985//3985 4029//4029 3987//3987
f 3987//3987 4029//4029 4030//4030
f 3987//3987 4030//4030 3989//3989
f 3989//3989 4030//4030 4031//4031
f 3989//3989 4031//4031 3991//3991
f 3991//3991 4031//4031 4032//4032
f 3991//3991 4032//4032 3993//3993
f 3993//3993 4032//4032 4033//4033
f 3993//3993 4033//4033 3995//3995
f 3995//3995 4033//4033 4034//4034
f 3995//3995 4034//4034 3997//3997
f 3997//3997 4034//4034 4005//4005
f 3997//3997 4005//4005 4035//4035
f 4035//4035 4005//4005 4007//4007
f 4035//4035 4007//4007 4036//4036
f 4036//4036 4007//4007 4008//4008
f 4036//4036 4008//4008 4037//4037
f 4037//4037 4008//4008 4038//4038
f 4037//4037 4038//4038 4039//4039
f 3820//3820 3760//3760 3818//3818
f 3818//3818 3760//3760 3762//3762
f 3818//3818 3762//3762 4006//4006
f 4006//4006 3762//3762 3815//3815
f 4006//4006 3815//3815 4008//4008
f 4008//4008 3815//3815 4040//4040
f 4008//4008 4040//4040 4038//4038
f 4041//4041 4042//4042 4043//4043
f 4043//4043 4042//4042 4044//4044
f 4043//4043 4044//4044 4045//4045
f 4045//4045 4044//4044 4046//4046
f 4045//4045 4046//4046 4047//4047
f 4047//4047 4046//4046 4048//4048
f 4047//4047 4048//4048 4049//4049
f 4049//4049 4048//4048 4050//4050
f 4049//4049 4050//4050 4051//4051
f 3790//3790 3766//3766 3791//3791
f 3791//3791 3766//3766 3768//3768
f 3791//3791 3768//3768 4052//4052
f 4052//4052 3768//3768 4004//4004
f 4052//4052 4004//4004 4053//4053
f 4053//4053 4004//4004 4003//4003
f 4053//4053 4003//4003 4054//4054
f 4054//4054 4003//4003 3726//3726
f 4054//4054 3726//3726 4055//4055
f 4055//4055 3726//3726 3728//3728
f 4055//4055 3728//3728 4056//4056
f 4057//4057 4041//4041 4058//4058
f 4058//4058 4041//4041 4043//4043
f 4058//4058 4043//4043 4059//4059
f 4059//4059 4043//4043 4045//4045
f 4059//4059 4045//4045 4060//4060
f 4060//4060 4045//4045 4047//4047
f 4060//4060 4047//4047 4061//4061
f 4061//4061 4047//4047 4049//4049
f 4061//4061 4049//4049 4062//4062
f 4062//4062 4049//4049 4051//4051
f 4057//4057 3996//3996 4041//4041
f 4041//4041 3996//3996 3997//3997
f 4041//4041 3997//3997 4042//4042
f 4042//4042 3997//3997 4035//4035
f 4042//4042 4035//4035 4044//4044
f 4044//4044 4035//4035 4036//4036
f 4044//4044 4036//4036 4046//4046
f 4046//4046 4036//4036 4037//4037
f 4046//4046 4037//4037 4048//4048
f 4048//4048 4037//4037 4039//4039
f 4048//4048 4039//4039 4050//4050
f 3725//3725 3724//3724 4063//4063
f 4063//4063 3724//3724 4064//4064
f 4063//4063 4064//4064 4065//4065
f 4065//4065 4064//4064 4066//4066
f 4065//4065 4066//4066 4067//4067
f 4067//4067 4066//4066 4068//4068
f 4067//4067 4068//4068 4069//4069
f 4069//4069 4068//4068 4070//4070
f 4069//4069 4070//4070 4071//4071
f 4071//4071 4070//4070 4072//4072
f 4071//4071 4072//4072 4073//4073
f 4073//4073 4072//4072 4074//4074
f 4073//4073 4074//4074 4075//4075
f 4075//4075 4074//4074 4076//4076
f 4075//4075 4076//4076 4077//4077
f 4077//4077 4076//4076 4078//4078
f 4077//4077 4078//4078 4079//4079
f 4080//4080 4081//4081 4082//4082
f 4082//4082 4081//4081 4083//4083
f 4082//4082 4083//4083 4084//4084
f 4084//4084 4083//4083 4085//4085
f 4084//4084 4085//4085 4086//4086
f 4086//4086 4085//4085 4087//4087
f 4086//4086 4087//4087 4088//4088
f 4088//4088 4087//4087 4089//4089
f 4088//4088 4089//4089 4090//4090
f 4090//4090 4089//4089 4091//4091
f 3725//3725 4091//4091 3723//3723
f 3723//3723 4091//4091 4089//4089
f 3723//3723 4089//4089 4092//4092
f 4092//4092 4089//4089 4087//4087
f 4092//4092 4087//4087 4093//4093
f 4093//4093 4087//4087 4085//4085
f 4093//4093 4085//4085 4094//4094
f 4094//4094 4085//4085 4083//4083
f 4094//4094 4083//4083 4095//4095
f 4095//4095 4083//4083 4081//4081
f 4095//4095 4081//4081 4096//4096
f 4096//4096 4081//4081 4080//4080
f 4096//4096 4080//4080 4097//4097
f 4097//4097 4080//4080 3775//3775
f 4091//4091 4098//4098 4090//4090
f 4090//4090 4098//4098 4099//4099
f 4090//4090 4099//4099 4088//4088
f 4088//4088 4099//4099 4100//4100
f 4088//4088 4100//4100 4086//4086
f 4086//4086 4100//4100 4101//4101
f 4086//4086 4101//4101 4084//4084
f 4084//4084 4101//4101 4102//4102
f 4084//4084 4102//4102 4082//4082
f 4082//4082 4102//4102 4103//4103
f 4082//4082 4103//4103 4080//4080
f 4098//4098 4056//4056 4099//4099
f 4099//4099 4056//4056 3728//3728
f 4099//4099 3728//3728 4100//4100
f 4100//4100 3728//3728 3727//3727
f 4100//4100 3727//3727 4101//4101
f 4101//4101 3727//3727 3998//3998
f 4101//4101 3998//3998 4102//4102
f 4102//4102 3998//3998 4000//4000
f 4102//4102 4000//4000 4103//4103
f 4103//4103 4000//4000 3781//3781
f 4103//4103 3781//3781 4080//4080
f 4080//4080 3781//3781 3777//3777
f 4080//4080 3777//3777 3775//3775
f 3775//3775 3777//3777 3779//3779
f 3775//3775 3779//3779 3773//3773
f 1509//1509 1516//1516 3923//3923
f 3923//3923 1516//1516 3922//3922
f 3923//3923 3922//3922 3921//3921
f 3921//3921 3922//3922 3695//3695
f 3921//3921 3695//3695 3693//3693
f 1513//1513 1512//1512 3924//3924
f 3924//3924 1512//1512 3923//3923
f 3924//3924 3923//3923 4104//4104
f 4104//4104 3923//3923 3921//3921
f 4104//4104 3921//3921 3737//3737
f 3737//3737 3921//3921 3700//3700
f 3737//3737 3700//3700 3698//3698
f 4079//4079 4078//4078 4105//4105
f 4105//4105 4078//4078 4106//4106
f 4105//4105 4106//4106 4107//4107
f 4107//4107 4106//4106 4108//4108
f 4107//4107 4108//4108 4109//4109
f 4109//4109 4108//4108 4110//4110
f 4109//4109 4110//4110 4111//4111
f 4111//4111 4110//4110 4112//4112
f 4111//4111 4112//4112 4113//4113
f 4113//4113 4112//4112 4114//4114
f 4113//4113 4114//4114 4115//4115
f 4115//4115 4114//4114 4116//4116
f 4115//4115 4116//4116 4117//4117
f 4117//4117 4116//4116 4118//4118
f 4117//4117 4118//4118 4119//4119
f 4119//4119 4118//4118 4120//4120
f 4119//4119 4120//4120 4121//4121
f 4121//4121 4120//4120 4122//4122
f 4121//4121 4122//4122 4123//4123
f 4123//4123 4122//4122 4124//4124
f 4123//4123 4124//4124 4125//4125
f 4125//4125 4124//4124 4126//4126
f 4125//4125 4126//4126 4127//4127
f 4127//4127 4126//4126 4128//4128
f 4127//4127 4128//4128 4129//4129
f 4129//4129 4128//4128 4130//4130
f 4129//4129 4130//4130 4131//4131
f 4131//4131 4130//4130 4132//4132
f 4131//4131 4132//4132 4133//4133
f 3776//3776 3772//3772 3775//3775
f 3775//3775 3772//3772 3769//3769
f 3775//3775 3769//3769 4097//4097
f 4097//4097 3769//3769 3944//3944
f 4097//4097 3944//3944 4096//4096
f 4096//4096 3944//3944 3943//3943
f 4096//4096 3943//3943 4095//4095
f 4095//4095 3943//3943 3942//3942
f 4095//4095 3942//3942 4094//4094
f 4094//4094 3942//3942 3729//3729
f 4094//4094 3729//3729 4093//4093
f 4093//4093 3729//3729 3941//3941
f 4093//4093 3941//3941 4092//4092
f 4092//4092 3941//3941 3940//3940
f 4092//4092 3940//3940 3723//3723
f 3723//3723 3940//3940 3939//3939
f 3723//3723 3939//3939 3724//3724
f 3724//3724 3939//3939 3730//3730
f 3724//3724 3730//3730 4064//4064
f 4064//4064 3730//3730 3731//3731
f 4064//4064 3731//3731 4066//4066
f 4066//4066 3731//3731 3732//3732
f 4066//4066 3732//3732 4068//4068
f 4068//4068 3732//3732 3938//3938
f 4068//4068 3938//3938 4070//4070
f 4070//4070 3938//3938 3937//3937
f 4070//4070 3937//3937 4072//4072
f 4072//4072 3937//3937 3734//3734
f 4072//4072 3734//3734 4074//4074
f 4074//4074 3734//3734 3733//3733
f 4074//4074 3733//3733 4076//4076
f 4076//4076 3733//3733 3936//3936
f 4076//4076 3936//3936 4078//4078
f 4078//4078 3936//3936 3935//3935
f 4078//4078 3935//3935 4106//4106
f 4106//4106 3935//3935 3934//3934
f 4106//4106 3934//3934 4108//4108
f 4108//4108 3934//3934 3933//3933
f 4108//4108 3933//3933 4110//4110
f 4110//4110 3933//3933 3932//3932
f 4110//4110 3932//3932 4112//4112
f 4112//4112 3932//3932 3931//3931
f 4112//4112 3931//3931 4114//4114
f 4114//4114 3931//3931 3930//3930
f 4114//4114 3930//3930 4116//4116
f 4116//4116 3930//3930 3928//3928
f 4116//4116 3928//3928 4118//4118
f 4118//4118 3928//3928 3929//3929
f 4118//4118 3929//3929 4120//4120
f 4120//4120 3929//3929 3735//3735
f 4120//4120 3735//3735 4122//4122
f 4122//4122 3735//3735 3926//3926
f 4122//4122 3926//3926 4124//4124
f 4124//4124 3926//3926 3927//3927
f 4124//4124 3927//3927 4126//4126
f 4126//4126 3927//3927 3925//3925
f 4126//4126 3925//3925 4128//4128
f 4128//4128 3925//3925 3736//3736
f 4128//4128 3736//3736 4130//4130
f 4130//4130 3736//3736 3924//3924
f 4130//4130 3924//3924 4132//4132
f 4132//4132 3924//3924 4104//4104
f 4132//4132 4104//4104 4133//4133
f 4133//4133 4104//4104 3737//3737
f 3817//3817 3808//3808 3815//3815
f 3815//3815 3808//3808 3810//3810
f 3815//3815 3810//3810 4040//4040
f 4040//4040 3810//3810 3805//3805
f 4040//4040 3805//3805 4038//4038
f 4038//4038 3805//3805 3802//3802
f 4038//4038 3802//3802 4039//4039
f 4039//4039 3802//3802 3798//3798
f 4039//4039 3798//3798 4050//4050
f 4050//4050 3798//3798 3765//3765
f 4050//4050 3765//3765 4051//4051
f 4051//4051 3765//3765 3791//3791
f 4051//4051 3791//3791 4062//4062
f 4062//4062 3791//3791 4052//4052
f 4062//4062 4052//4052 4061//4061
f 4061//4061 4052//4052 4053//4053
f 4061//4061 4053//4053 4060//4060
f 4060//4060 4053//4053 4054//4054
f 4060//4060 4054//4054 4059//4059
f 4059//4059 4054//4054 4055//4055
f 4059//4059 4055//4055 4058//4058
f 4058//4058 4055//4055 4056//4056
f 4058//4058 4056//4056 4057//4057
f 4057//4057 4056//4056 4098//4098
f 4057//4057 4098//4098 3996//3996
f 3996//3996 4098//4098 4091//4091
f 3996//3996 4091//4091 3994//3994
f 3994//3994 4091//4091 3725//3725
f 3994//3994 3725//3725 3992//3992
f 3992//3992 3725//3725 4063//4063
f 3992//3992 4063//4063 3990//3990
f 3990//3990 4063//4063 4065//4065
f 3990//3990 4065//4065 3988//3988
f 3988//3988 4065//4065 4067//4067
f 3988//3988 4067//4067 3986//3986
f 3986//3986 4067//4067 4069//4069
f 3986//3986 4069//4069 3984//3984
f 3984//3984 4069//4069 4071//4071
f 3984//3984 4071//4071 3982//3982
f 3982//3982 4071//4071 4073//4073
f 3982//3982 4073//4073 3980//3980
f 3980//3980 4073//4073 4075//4075
f 3980//3980 4075//4075 3978//3978
f 3978//3978 4075//4075 4077//4077
f 3978//3978 4077//4077 3976//3976
f 3976//3976 4077//4077 4079//4079
f 3976//3976 4079//4079 3973//3973
f 3973//3973 4079//4079 4105//4105
f 3973//3973 4105//4105 3971//3971
f 3971//3971 4105//4105 4107//4107
f 3971//3971 4107//4107 3969//3969
f 3969//3969 4107//4107 4109//4109
f 3969//3969 4109//4109 3967//3967
f 3967//3967 4109//4109 4111//4111
f 3967//3967 4111//4111 3965//3965
f 3965//3965 4111//4111 4113//4113
f 3965//3965 4113//4113 3963//3963
f 3963//3963 4113//4113 4115//4115
f 3963//3963 4115//4115 3961//3961
f 3961//3961 4115//4115 4117//4117
f 3961//3961 4117//4117 3959//3959
f 3959//3959 4117//4117 4119//4119
f 3959//3959 4119//4119 3957//3957
f 3957//3957 4119//4119 4121//4121
f 3957//3957 4121//4121 3955//3955
f 3955//3955 4121//4121 4123//4123
f 3955//3955 4123//4123 3953//3953
f 3953//3953 4123//4123 4125//4125
f 3953//3953 4125//4125 3951//3951
f 3951//3951 4125//4125 4127//4127
f 3951//3951 4127//4127 3949//3949
f 3949//3949 4127//4127 4129//4129
f 3949//3949 4129//4129 3947//3947
f 3947//3947 4129//4129 4131//4131
f 3947//3947 4131//4131 3945//3945
f 3945//3945 4131//4131 4133//4133
f 3945//3945 4133//4133 3920//3920
f 3920//3920 4133//4133 3737//3737
f 3920//3920 3737//3737 3710//3710
f 3710//3710 3737//3737 3697//3697
f 1136//1136 1135//1135 4134//4134
f 2559//2559 2561//2561 1180//1180
f 4135//4135 4136//4136 1186//1186
f 1186//1186 4136//4136 4137//4137
f 1186//1186 4137//4137 1187//1187
f 2549//2549 1177//1177 1176//1176
f 1175//1175 2552//2552 1176//1176
f 1176//1176 2552//2552 2551//2551
f 1176//1176 2551//2551 2549//2549
f 1173//1173 1172//1172 3427//3427
f 1392//1392 1143//1143 1393//1393
f 1393//1393 1143//1143 1144//1144
f 1393//1393 1144//1144 1395//1395
f 1395//1395 1144//1144 1145//1145
f 1395//1395 1145//1145 1396//1396
f 1396//1396 1145//1145 1146//1146
f 1396//1396 1146//1146 1390//1390
f 1390//1390 1146//1146 1147//1147
f 1390//1390 1147//1147 1391//1391
f 1161//1161 1160//1160 1345//1345
f 1159//1159 2568//2568 1160//1160
f 1160//1160 2568//2568 2569//2569
f 1160//1160 2569//2569 1345//1345
f 1174//1174 2538//2538 1175//1175
f 1175//1175 2538//2538 3382//3382
f 1175//1175 3382//3382 2552//2552
f 3427//3427 1172//1172 2535//2535
f 1186//1186 1185//1185 4135//4135
f 4135//4135 1185//1185 1204//1204
f 4135//4135 1204//1204 4138//4138
f 4138//4138 1204//1204 1203//1203
f 4138//4138 1203//1203 4139//4139
f 1134//1134 4140//4140 1135//1135
f 1135//1135 4140//4140 4141//4141
f 1135//1135 4141//4141 4134//4134
f 1179//1179 1178//1178 2556//2556
f 2549//2549 2547//2547 1177//1177
f 1177//1177 2547//2547 2545//2545
f 1177//1177 2545//2545 1178//1178
f 1178//1178 2545//2545 2544//2544
f 1178//1178 2544//2544 2556//2556
f 4142//4142 4143//4143 1202//1202
f 1202//1202 4143//4143 4144//4144
f 1202//1202 4144//4144 1203//1203
f 1203//1203 4144//4144 4145//4145
f 1203//1203 4145//4145 4139//4139
f 1132//1132 4146//4146 1133//1133
f 1133//1133 4146//4146 4147//4147
f 1133//1133 4147//4147 1134//1134
f 1134//1134 4147//4147 4148//4148
f 1134//1134 4148//4148 4140//4140
f 1148//1148 1386//1386 1147//1147
f 1147//1147 1386//1386 1388//1388
f 1147//1147 1388//1388 1391//1391
f 2561//2561 2562//2562 1180//1180
f 1180//1180 2562//2562 2564//2564
f 1180//1180 2564//2564 1181//1181
f 1181//1181 2564//2564 2566//2566
f 1181//1181 2566//2566 1159//1159
f 1159//1159 2566//2566 2567//2567
f 1159//1159 2567//2567 2568//2568
f 2556//2556 2554//2554 1179//1179
f 1179//1179 2554//2554 2553//2553
f 1179//1179 2553//2553 1180//1180
f 1180//1180 2553//2553 2557//2557
f 1180//1180 2557//2557 2559//2559
f 3427//3427 2543//2543 1173//1173
f 1173//1173 2543//2543 2542//2542
f 1173//1173 2542//2542 1174//1174
f 1174//1174 2542//2542 2540//2540
f 1174//1174 2540//2540 2538//2538
f 1200//1200 4149//4149 4150//4150
f 1131//1131 4151//4151 1132//1132
f 1132//1132 4151//4151 4152//4152
f 1132//1132 4152//4152 4146//4146
f 3794//3794 3793//3793 1129//1129
f 1129//1129 3793//3793 4153//4153
f 1129//1129 4153//4153 1130//1130
f 1130//1130 4153//4153 4154//4154
f 1130//1130 4154//4154 1131//1131
f 1131//1131 4154//4154 4155//4155
f 1131//1131 4155//4155 4151//4151
f 1392//1392 1397//1397 1143//1143
f 1143//1143 1397//1397 1399//1399
f 1143//1143 1399//1399 1142//1142
f 1142//1142 1399//1399 1400//1400
f 1142//1142 1400//1400 1141//1141
f 1152//1152 1153//1153 1373//1373
f 1367//1367 1366//1366 1155//1155
f 2535//2535 1172//1172 2536//2536
f 2536//2536 1172//1172 1171//1171
f 2536//2536 1171//1171 3312//3312
f 4156//4156 1137//1137 4157//4157
f 4157//4157 1137//1137 1136//1136
f 4157//4157 1136//1136 4158//4158
f 4158//4158 1136//1136 4134//4134
f 1366//1366 1364//1364 1155//1155
f 1155//1155 1364//1364 1370//1370
f 1155//1155 1370//1370 1154//1154
f 1154//1154 1370//1370 1369//1369
f 1154//1154 1369//1369 1153//1153
f 1153//1153 1369//1369 1371//1371
f 1153//1153 1371//1371 1373//1373
f 4142//4142 1202//1202 4150//4150
f 4150//4150 1202//1202 1201//1201
f 4150//4150 1201//1201 1200//1200
f 1194//1194 1193//1193 4159//4159
f 1128//1128 1127//1127 3766//3766
f 1400//1400 1402//1402 1141//1141
f 1141//1141 1402//1402 1409//1409
f 1141//1141 1409//1409 1138//1138
f 1150//1150 1381//1381 1149//1149
f 1149//1149 1381//1381 1379//1379
f 1149//1149 1379//1379 1148//1148
f 1148//1148 1379//1379 1378//1378
f 1148//1148 1378//1378 1386//1386
f 1373//1373 1375//1375 1152//1152
f 1152//1152 1375//1375 1385//1385
f 1152//1152 1385//1385 1151//1151
f 1151//1151 1385//1385 1384//1384
f 1151//1151 1384//1384 1150//1150
f 1150//1150 1384//1384 1382//1382
f 1150//1150 1382//1382 1381//1381
f 3312//3312 1171//1171 2533//2533
f 2533//2533 1171//1171 1170//1170
f 2533//2533 1170//1170 2509//2509
f 2509//2509 1170//1170 1169//1169
f 2509//2509 1169//1169 2510//2510
f 4137//4137 4160//4160 1187//1187
f 1187//1187 4160//4160 4161//4161
f 1187//1187 4161//4161 1188//1188
f 1188//1188 4161//4161 4162//4162
f 1188//1188 4162//4162 1189//1189
f 1189//1189 4162//4162 2525//2525
f 1189//1189 2525//2525 1184//1184
f 4149//4149 1200//1200 4163//4163
f 4163//4163 1200//1200 1199//1199
f 4163//4163 1199//1199 4164//4164
f 4164//4164 1199//1199 4165//4165
f 4165//4165 1199//1199 1198//1198
f 4165//4165 1198//1198 4166//4166
f 4166//4166 1198//1198 1197//1197
f 4166//4166 1197//1197 4167//4167
f 3766//3766 1127//1127 3767//3767
f 3767//3767 1127//1127 1126//1126
f 3767//3767 1126//1126 3786//3786
f 3786//3786 1126//1126 1125//1125
f 3786//3786 1125//1125 3787//3787
f 3787//3787 1125//1125 1124//1124
f 3787//3787 1124//1124 3788//3788
f 4159//4159 1193//1193 4168//4168
f 1353//1353 1355//1355 1156//1156
f 1156//1156 1355//1355 1357//1357
f 1156//1156 1357//1357 1157//1157
f 1157//1157 1357//1357 1358//1358
f 1157//1157 1358//1358 1158//1158
f 1158//1158 1358//1358 1360//1360
f 1158//1158 1360//1360 1155//1155
f 1155//1155 1360//1360 1362//1362
f 1155//1155 1362//1362 1367//1367
f 1352//1352 1162//1162 1342//1342
f 1342//1342 1162//1162 1161//1161
f 1342//1342 1161//1161 1344//1344
f 1344//1344 1161//1161 1345//1345
f 1183//1183 2526//2526 1182//1182
f 1182//1182 2526//2526 2530//2530
f 1182//1182 2530//2530 1164//1164
f 2525//2525 2524//2524 1184//1184
f 1184//1184 2524//2524 2528//2528
f 1184//1184 2528//2528 1183//1183
f 1183//1183 2528//2528 2527//2527
f 1183//1183 2527//2527 2526//2526
f 1195//1195 4169//4169 1196//1196
f 1196//1196 4169//4169 4170//4170
f 1196//1196 4170//4170 1197//1197
f 1197//1197 4170//4170 4171//4171
f 1197//1197 4171//4171 4167//4167
f 4159//4159 4172//4172 1194//1194
f 1194//1194 4172//4172 4173//4173
f 1194//1194 4173//4173 1195//1195
f 1195//1195 4173//4173 4174//4174
f 1195//1195 4174//4174 4169//4169
f 3766//3766 3790//3790 1128//1128
f 1128//1128 3790//3790 3789//3789
f 1128//1128 3789//3789 1129//1129
f 1129//1129 3789//3789 3796//3796
f 1129//1129 3796//3796 3794//3794
f 1409//1409 1408//1408 1138//1138
f 1138//1138 1408//1408 1406//1406
f 1138//1138 1406//1406 1139//1139
f 1139//1139 1406//1406 1404//1404
f 1139//1139 1404//1404 1140//1140
f 1352//1352 1351//1351 1162//1162
f 1162//1162 1351//1351 1349//1349
f 1162//1162 1349//1349 1163//1163
f 1163//1163 1349//1349 1347//1347
f 1163//1163 1347//1347 1156//1156
f 1156//1156 1347//1347 1346//1346
f 1156//1156 1346//1346 1353//1353
f 2510//2510 1169//1169 2512//2512
f 2512//2512 1169//1169 1168//1168
f 2512//2512 1168//1168 2513//2513
f 2513//2513 1168//1168 1167//1167
f 2513//2513 1167//1167 2532//2532
f 2532//2532 1167//1167 1166//1166
f 2532//2532 1166//1166 2515//2515
f 1190//1190 4175//4175 1191//1191
f 1191//1191 4175//4175 4176//4176
f 1191//1191 4176//4176 1192//1192
f 1192//1192 4176//4176 4177//4177
f 1192//1192 4177//4177 1193//1193
f 1193//1193 4177//4177 4178//4178
f 1193//1193 4178//4178 4168//4168
f 1206//1206 4179//4179 1190//1190
f 1190//1190 4179//4179 4180//4180
f 1190//1190 4180//4180 4175//4175
f 1121//1121 3780//3780 1122//1122
f 1122//1122 3780//3780 3782//3782
f 1122//1122 3782//3782 1123//1123
f 1123//1123 3782//3782 3785//3785
f 1123//1123 3785//3785 1124//1124
f 1124//1124 3785//3785 3784//3784
f 1124//1124 3784//3784 3788//3788
f 1404//1404 1403//1403 1140//1140
f 1140//1140 1403//1403 3770//3770
f 1140//1140 3770//3770 1117//1117
f 2530//2530 2529//2529 1164//1164
f 1164//1164 2529//2529 2519//2519
f 1164//1164 2519//2519 1165//1165
f 1165//1165 2519//2519 2518//2518
f 1165//1165 2518//2518 1166//1166
f 1166//1166 2518//2518 2516//2516
f 1166//1166 2516//2516 2515//2515
f 4181//4181 1208//1208 1205//1205
f 4156//4156 4182//4182 1137//1137
f 1137//1137 4182//4182 4183//4183
f 1137//1137 4183//4183 1205//1205
f 1205//1205 4183//4183 4184//4184
f 1205//1205 4184//4184 4181//4181
f 1119//1119 3773//3773 1120//1120
f 1120//1120 3773//3773 3779//3779
f 1120//1120 3779//3779 1121//1121
f 1121//1121 3779//3779 3778//3778
f 1121//1121 3778//3778 3780//3780
f 4181//4181 4185//4185 1208//1208
f 1208//1208 4185//4185 4186//4186
f 1208//1208 4186//4186 1207//1207
f 1207//1207 4186//4186 4187//4187
f 1207//1207 4187//4187 1206//1206
f 1206//1206 4187//4187 4188//4188
f 1206//1206 4188//4188 4179//4179
f 3770//3770 3771//3771 1117//1117
f 1117//1117 3771//3771 3772//3772
f 1117//1117 3772//3772 1118//1118
f 1118//1118 3772//3772 3776//3776
f 1118//1118 3776//3776 1119//1119
f 1119//1119 3776//3776 3774//3774
f 1119//1119 3774//3774 3773//3773
f 4189//4189 4190//4190 4191//4191
f 4192//4192 4193//4193 4194//4194
f 2733//2733 2731//2731 4195//4195
f 2754//2754 2753//2753 4191//4191
f 4137//4137 4136//4136 4189//4189
f 4145//4145 4144//4144 4196//4196
f 4197//4197 4198//4198 4199//4199
f 4200//4200 4201//4201 4202//4202
f 4203//4203 4204//4204 4205//4205
f 4205//4205 4204//4204 4206//4206
f 4207//4207 4208//4208 4209//4209
f 4207//4207 4209//4209 4202//4202
f 4202//4202 4209//4209 4210//4210
f 4202//4202 4210//4210 4200//4200
f 4208//4208 4207//4207 4211//4211
f 4211//4211 4207//4207 4212//4212
f 4211//4211 4212//4212 4213//4213
f 4198//4198 4214//4214 4199//4199
f 4199//4199 4214//4214 4215//4215
f 4199//4199 4215//4215 4212//4212
f 4212//4212 4215//4215 4216//4216
f 4212//4212 4216//4216 4213//4213
f 4217//4217 4218//4218 4219//4219
f 4217//4217 4219//4219 4199//4199
f 4199//4199 4219//4219 4220//4220
f 4199//4199 4220//4220 4197//4197
f 4221//4221 4222//4222 4217//4217
f 4217//4217 4222//4222 4223//4223
f 4217//4217 4223//4223 4218//4218
f 4224//4224 4225//4225 4226//4226
f 4226//4226 4227//4227 4224//4224
f 4224//4224 4227//4227 4228//4228
f 4224//4224 4228//4228 4221//4221
f 4221//4221 4228//4228 4229//4229
f 4221//4221 4229//4229 4222//4222
f 4225//4225 4224//4224 4230//4230
f 4230//4230 4224//4224 4231//4231
f 4230//4230 4231//4231 4232//4232
f 4233//4233 4234//4234 4235//4235
f 4235//4235 4234//4234 4236//4236
f 4235//4235 4236//4236 4231//4231
f 4231//4231 4236//4236 4237//4237
f 4231//4231 4237//4237 4232//4232
f 4233//4233 4235//4235 4238//4238
f 4238//4238 4235//4235 4239//4239
f 4238//4238 4239//4239 4240//4240
f 4241//4241 4242//4242 4243//4243
f 4243//4243 4242//4242 4244//4244
f 4243//4243 4244//4244 4239//4239
f 4239//4239 4244//4244 4245//4245
f 4239//4239 4245//4245 4240//4240
f 4241//4241 4243//4243 4246//4246
f 4246//4246 4243//4243 4247//4247
f 4246//4246 4247//4247 4248//4248
f 4249//4249 4250//4250 4251//4251
f 4250//4250 4252//4252 4251//4251
f 4251//4251 4252//4252 4253//4253
f 4251//4251 4253//4253 4247//4247
f 4247//4247 4253//4253 4254//4254
f 4247//4247 4254//4254 4248//4248
f 4255//4255 4256//4256 4257//4257
f 4257//4257 4256//4256 4258//4258
f 4257//4257 4258//4258 4251//4251
f 4251//4251 4258//4258 4259//4259
f 4251//4251 4259//4259 4249//4249
f 4260//4260 4261//4261 4262//4262
f 4262//4262 4261//4261 4263//4263
f 4263//4263 4264//4264 4262//4262
f 4262//4262 4264//4264 4265//4265
f 4262//4262 4265//4265 4257//4257
f 4257//4257 4265//4265 4266//4266
f 4257//4257 4266//4266 4255//4255
f 4260//4260 4262//4262 4267//4267
f 4267//4267 4262//4262 4268//4268
f 4267//4267 4268//4268 4269//4269
f 4270//4270 4271//4271 4272//4272
f 4272//4272 4271//4271 4273//4273
f 4272//4272 4273//4273 4268//4268
f 4268//4268 4273//4273 4274//4274
f 4268//4268 4274//4274 4269//4269
f 4270//4270 4272//4272 4275//4275
f 4275//4275 4272//4272 4276//4276
f 4275//4275 4276//4276 4277//4277
f 4278//4278 4279//4279 4280//4280
f 4280//4280 4279//4279 4281//4281
f 4280//4280 4281//4281 4276//4276
f 4276//4276 4281//4281 4282//4282
f 4276//4276 4282//4282 4277//4277
f 4283//4283 4284//4284 4285//4285
f 4285//4285 4284//4284 4286//4286
f 4285//4285 4286//4286 4280//4280
f 4280//4280 4286//4286 4287//4287
f 4280//4280 4287//4287 4278//4278
f 4283//4283 4285//4285 4288//4288
f 4288//4288 4285//4285 4289//4289
f 4288//4288 4289//4289 4290//4290
f 4291//4291 4292//4292 4293//4293
f 4293//4293 4292//4292 4294//4294
f 4293//4293 4294//4294 4289//4289
f 4289//4289 4294//4294 4295//4295
f 4289//4289 4295//4295 4290//4290
f 4291//4291 4293//4293 4296//4296
f 4296//4296 4293//4293 4297//4297
f 4296//4296 4297//4297 4298//4298
f 4299//4299 4300//4300 4301//4301
f 4301//4301 4302//4302 4299//4299
f 4299//4299 4302//4302 4303//4303
f 4299//4299 4303//4303 4297//4297
f 4297//4297 4303//4303 4304//4304
f 4297//4297 4304//4304 4298//4298
f 4300//4300 4299//4299 4305//4305
f 4305//4305 4299//4299 4306//4306
f 4305//4305 4306//4306 4307//4307
f 4308//4308 4309//4309 4310//4310
f 4310//4310 4309//4309 4311//4311
f 4310//4310 4311//4311 4306//4306
f 4306//4306 4311//4311 4312//4312
f 4306//4306 4312//4312 4307//4307
f 4308//4308 4310//4310 4313//4313
f 4313//4313 4310//4310 4314//4314
f 4313//4313 4314//4314 4315//4315
f 4316//4316 4317//4317 4318//4318
f 4318//4318 4317//4317 4319//4319
f 4318//4318 4319//4319 4314//4314
f 4314//4314 4319//4319 4320//4320
f 4314//4314 4320//4320 4315//4315
f 4321//4321 4322//4322 4323//4323
f 4323//4323 4322//4322 4324//4324
f 4323//4323 4324//4324 4325//4325
f 4321//4321 4326//4326 4322//4322
f 4322//4322 4326//4326 4327//4327
f 4322//4322 4327//4327 4318//4318
f 4318//4318 4327//4327 4328//4328
f 4318//4318 4328//4328 4316//4316
f 4329//4329 4330//4330 4331//4331
f 4332//4332 4333//4333 4334//4334
f 4334//4334 4333//4333 4335//4335
f 4334//4334 4335//4335 4329//4329
f 4329//4329 4335//4335 4336//4336
f 4329//4329 4336//4336 4330//4330
f 4337//4337 4338//4338 4339//4339
f 4339//4339 4338//4338 4334//4334
f 4334//4334 4338//4338 4340//4340
f 4334//4334 4340//4340 4332//4332
f 4341//4341 4342//4342 4343//4343
f 4343//4343 4342//4342 4344//4344
f 4343//4343 4344//4344 4339//4339
f 4339//4339 4344//4344 4345//4345
f 4339//4339 4345//4345 4337//4337
f 4346//4346 4347//4347 4348//4348
f 4346//4346 4348//4348 4343//4343
f 4343//4343 4348//4348 4349//4349
f 4343//4343 4349//4349 4341//4341
f 4350//4350 4166//4166 4167//4167
f 4149//4149 4163//4163 4351//4351
f 4351//4351 4163//4163 4164//4164
f 4351//4351 4164//4164 4165//4165
f 4150//4150 4352//4352 4142//4142
f 4142//4142 4352//4352 4196//4196
f 4142//4142 4196//4196 4143//4143
f 4143//4143 4196//4196 4144//4144
f 4135//4135 4138//4138 4353//4353
f 4353//4353 4138//4138 4139//4139
f 4354//4354 4161//4161 4160//4160
f 4354//4354 2761//2761 4161//4161
f 4161//4161 2761//2761 2521//2521
f 4161//4161 2521//2521 4162//4162
f 4162//4162 2521//2521 2523//2523
f 4162//4162 2523//2523 2525//2525
f 2758//2758 2760//2760 4354//4354
f 2760//2760 2763//2763 4354//4354
f 4354//4354 2763//2763 2762//2762
f 4354//4354 2762//2762 2761//2761
f 4355//4355 2756//2756 2754//2754
f 2747//2747 2746//2746 4355//4355
f 4355//4355 2746//2746 2757//2757
f 4355//4355 2757//2757 2756//2756
f 2751//2751 2750//2750 4356//4356
f 4356//4356 2750//2750 2749//2749
f 4356//4356 2749//2749 2747//2747
f 2742//2742 2741//2741 4357//4357
f 4357//4357 2741//2741 2752//2752
f 2738//2738 2740//2740 4358//4358
f 4358//4358 2740//2740 2745//2745
f 4358//4358 2745//2745 2744//2744
f 2731//2731 2730//2730 4195//4195
f 4195//4195 2730//2730 2735//2735
f 4195//4195 2735//2735 2737//2737
f 2734//2734 2733//2733 4359//4359
f 2723//2723 2722//2722 4360//4360
f 4360//4360 2722//2722 2727//2727
f 4360//4360 2727//2727 4359//4359
f 4359//4359 2727//2727 2729//2729
f 4359//4359 2729//2729 2734//2734
f 2723//2723 4360//4360 2725//2725
f 2725//2725 4360//4360 4361//4361
f 2725//2725 4361//4361 2726//2726
f 2713//2713 2712//2712 4362//4362
f 4362//4362 2712//2712 2719//2719
f 4362//4362 2719//2719 4361//4361
f 4361//4361 2719//2719 2721//2721
f 4361//4361 2721//2721 2726//2726
f 2713//2713 4362//4362 2715//2715
f 2715//2715 4362//4362 4363//4363
f 2715//2715 4363//4363 2717//2717
f 2711//2711 2709//2709 4364//4364
f 4364//4364 2709//2709 2708//2708
f 4364//4364 2708//2708 4363//4363
f 4363//4363 2708//2708 2718//2718
f 4363//4363 2718//2718 2717//2717
f 2711//2711 4364//4364 2483//2483
f 2483//2483 4364//4364 4365//4365
f 2483//2483 4365//4365 2484//2484
f 4366//4366 2705//2705 4365//4365
f 4365//4365 2705//2705 2704//2704
f 4365//4365 2704//2704 2484//2484
f 2701//2701 2486//2486 4367//4367
f 4367//4367 2486//2486 2485//2485
f 4367//4367 2485//2485 4368//4368
f 4368//4368 2485//2485 2707//2707
f 4368//4368 2707//2707 4366//4366
f 4366//4366 2707//2707 2706//2706
f 4366//4366 2706//2706 2705//2705
f 2698//2698 2700//2700 4369//4369
f 4369//4369 2700//2700 2703//2703
f 4369//4369 2703//2703 4367//4367
f 4367//4367 2703//2703 2702//2702
f 4367//4367 2702//2702 2701//2701
f 2698//2698 4369//4369 2693//2693
f 2693//2693 4369//4369 4370//4370
f 2693//2693 4370//4370 2694//2694
f 4371//4371 2689//2689 2691//2691
f 2691//2691 2697//2697 4371//4371
f 4371//4371 2697//2697 2696//2696
f 4371//4371 2696//2696 4370//4370
f 4370//4370 2696//2696 2695//2695
f 4370//4370 2695//2695 2694//2694
f 2489//2489 4372//4372 2652//2652
f 2652//2652 4372//4372 4373//4373
f 2652//2652 4373//4373 2653//2653
f 4374//4374 2649//2649 4373//4373
f 4373//4373 2649//2649 2655//2655
f 4373//4373 2655//2655 2653//2653
f 4375//4375 2651//2651 4374//4374
f 4374//4374 2651//2651 2650//2650
f 4374//4374 2650//2650 2649//2649
f 2643//2643 2642//2642 4376//4376
f 4376//4376 2642//2642 2641//2641
f 4376//4376 2641//2641 4377//4377
f 4377//4377 2641//2641 2646//2646
f 4377//4377 2646//2646 4375//4375
f 4375//4375 2646//2646 2648//2648
f 4375//4375 2648//2648 2651//2651
f 4378//4378 4379//4379 4375//4375
f 4379//4379 4380//4380 4375//4375
f 4375//4375 4380//4380 4381//4381
f 4375//4375 4381//4381 4377//4377
f 4382//4382 4383//4383 4384//4384
f 4384//4384 4383//4383 4385//4385
f 4386//4386 4387//4387 4388//4388
f 4389//4389 4390//4390 4391//4391
f 4391//4391 4390//4390 4392//4392
f 4391//4391 4392//4392 4393//4393
f 4394//4394 4395//4395 4396//4396
f 4394//4394 4396//4396 4397//4397
f 4398//4398 4202//4202 4204//4204
f 4204//4204 4202//4202 4201//4201
f 4204//4204 4201//4201 4206//4206
f 4399//4399 4400//4400 4401//4401
f 4401//4401 4400//4400 4402//4402
f 4401//4401 4402//4402 4403//4403
f 4403//4403 4402//4402 4404//4404
f 4403//4403 4404//4404 4405//4405
f 4405//4405 4404//4404 4406//4406
f 4405//4405 4406//4406 4407//4407
f 4407//4407 4406//4406 4408//4408
f 4407//4407 4408//4408 4409//4409
f 4409//4409 4408//4408 4410//4410
f 4409//4409 4410//4410 4411//4411
f 4411//4411 4410//4410 4412//4412
f 4411//4411 4412//4412 4413//4413
f 4413//4413 4412//4412 4414//4414
f 4413//4413 4414//4414 4415//4415
f 4415//4415 4414//4414 4416//4416
f 4415//4415 4416//4416 4417//4417
f 4417//4417 4416//4416 4418//4418
f 4417//4417 4418//4418 4419//4419
f 4419//4419 4418//4418 4420//4420
f 4419//4419 4420//4420 4421//4421
f 4421//4421 4420//4420 4422//4422
f 4421//4421 4422//4422 4423//4423
f 4423//4423 4422//4422 4424//4424
f 4423//4423 4424//4424 4425//4425
f 4425//4425 4424//4424 4426//4426
f 4425//4425 4426//4426 4427//4427
f 4427//4427 4426//4426 4428//4428
f 4427//4427 4428//4428 4391//4391
f 4391//4391 4428//4428 4396//4396
f 4391//4391 4396//4396 4389//4389
f 4389//4389 4396//4396 4395//4395
f 4429//4429 4430//4430 4431//4431
f 4431//4431 4430//4430 4432//4432
f 4431//4431 4432//4432 4433//4433
f 4433//4433 4432//4432 4434//4434
f 4433//4433 4434//4434 4435//4435
f 4435//4435 4434//4434 4436//4436
f 4435//4435 4436//4436 4193//4193
f 4193//4193 4192//4192 4435//4435
f 4435//4435 4192//4192 4437//4437
f 4435//4435 4437//4437 4433//4433
f 4433//4433 4437//4437 4438//4438
f 4433//4433 4438//4438 4431//4431
f 4431//4431 4438//4438 4439//4439
f 4431//4431 4439//4439 4429//4429
f 4150//4150 4149//4149 4352//4352
f 4352//4352 4149//4149 4351//4351
f 4352//4352 4351//4351 4440//4440
f 4440//4440 4351//4351 4441//4441
f 4440//4440 4441//4441 4442//4442
f 4443//4443 4444//4444 4445//4445
f 4445//4445 4444//4444 4446//4446
f 4445//4445 4446//4446 4447//4447
f 4447//4447 4446//4446 4448//4448
f 4447//4447 4448//4448 4449//4449
f 4449//4449 4448//4448 4450//4450
f 4449//4449 4450//4450 4451//4451
f 4451//4451 4450//4450 4452//4452
f 4398//4398 4453//4453 4202//4202
f 4202//4202 4453//4453 4454//4454
f 4202//4202 4454//4454 4207//4207
f 4207//4207 4454//4454 4455//4455
f 4207//4207 4455//4455 4212//4212
f 4212//4212 4455//4455 4456//4456
f 4212//4212 4456//4456 4199//4199
f 4199//4199 4456//4456 4457//4457
f 4199//4199 4457//4457 4217//4217
f 4217//4217 4457//4457 4458//4458
f 4217//4217 4458//4458 4221//4221
f 4221//4221 4458//4458 4459//4459
f 4221//4221 4459//4459 4224//4224
f 4224//4224 4459//4459 4460//4460
f 4224//4224 4460//4460 4231//4231
f 4231//4231 4460//4460 4461//4461
f 4231//4231 4461//4461 4235//4235
f 4235//4235 4461//4461 4462//4462
f 4235//4235 4462//4462 4239//4239
f 4239//4239 4462//4462 4463//4463
f 4239//4239 4463//4463 4243//4243
f 4243//4243 4463//4463 4464//4464
f 4243//4243 4464//4464 4247//4247
f 4247//4247 4464//4464 4465//4465
f 4247//4247 4465//4465 4251//4251
f 4251//4251 4465//4465 4466//4466
f 4251//4251 4466//4466 4257//4257
f 4257//4257 4466//4466 4467//4467
f 4257//4257 4467//4467 4262//4262
f 4262//4262 4467//4467 4468//4468
f 4262//4262 4468//4468 4268//4268
f 4268//4268 4468//4468 4469//4469
f 4268//4268 4469//4469 4272//4272
f 4272//4272 4469//4469 4470//4470
f 4272//4272 4470//4470 4276//4276
f 4276//4276 4470//4470 4471//4471
f 4276//4276 4471//4471 4280//4280
f 4280//4280 4471//4471 4472//4472
f 4280//4280 4472//4472 4285//4285
f 4285//4285 4472//4472 4473//4473
f 4285//4285 4473//4473 4289//4289
f 4289//4289 4473//4473 4474//4474
f 4289//4289 4474//4474 4293//4293
f 4293//4293 4474//4474 4475//4475
f 4293//4293 4475//4475 4297//4297
f 4297//4297 4475//4475 4476//4476
f 4297//4297 4476//4476 4299//4299
f 4299//4299 4476//4476 4477//4477
f 4299//4299 4477//4477 4306//4306
f 4306//4306 4477//4477 4478//4478
f 4306//4306 4478//4478 4310//4310
f 4310//4310 4478//4478 4479//4479
f 4310//4310 4479//4479 4314//4314
f 4314//4314 4479//4479 4480//4480
f 4314//4314 4480//4480 4318//4318
f 4318//4318 4480//4480 4430//4430
f 4318//4318 4430//4430 4322//4322
f 4322//4322 4430//4430 4429//4429
f 4322//4322 4429//4429 4324//4324
f 4324//4324 4429//4429 4439//4439
f 4324//4324 4439//4439 4481//4481
f 4481//4481 4439//4439 4438//4438
f 4481//4481 4438//4438 4482//4482
f 4482//4482 4438//4438 4437//4437
f 4482//4482 4437//4437 4483//4483
f 4483//4483 4437//4437 4192//4192
f 4483//4483 4192//4192 4484//4484
f 4484//4484 4192//4192 4194//4194
f 4484//4484 4194//4194 4485//4485
f 4452//4452 4324//4324 4451//4451
f 4451//4451 4324//4324 4481//4481
f 4451//4451 4481//4481 4449//4449
f 4449//4449 4481//4481 4482//4482
f 4449//4449 4482//4482 4447//4447
f 4447//4447 4482//4482 4483//4483
f 4447//4447 4483//4483 4445//4445
f 4445//4445 4483//4483 4484//4484
f 4445//4445 4484//4484 4443//4443
f 4443//4443 4484//4484 4485//4485
f 4486//4486 4442//4442 4487//4487
f 4487//4487 4442//4442 4441//4441
f 4487//4487 4441//4441 4488//4488
f 4488//4488 4441//4441 4351//4351
f 4488//4488 4351//4351 4350//4350
f 4350//4350 4351//4351 4165//4165
f 4350//4350 4165//4165 4166//4166
f 4489//4489 4486//4486 4490//4490
f 4490//4490 4486//4486 4487//4487
f 4490//4490 4487//4487 4491//4491
f 4491//4491 4487//4487 4488//4488
f 4491//4491 4488//4488 4492//4492
f 4492//4492 4488//4488 4350//4350
f 4492//4492 4350//4350 4171//4171
f 4171//4171 4350//4350 4167//4167
f 4169//4169 4493//4493 4170//4170
f 4170//4170 4493//4493 4347//4347
f 4170//4170 4347//4347 4171//4171
f 4171//4171 4347//4347 4346//4346
f 4171//4171 4346//4346 4492//4492
f 4492//4492 4346//4346 4343//4343
f 4492//4492 4343//4343 4491//4491
f 4491//4491 4343//4343 4339//4339
f 4491//4491 4339//4339 4490//4490
f 4490//4490 4339//4339 4334//4334
f 4490//4490 4334//4334 4489//4489
f 4489//4489 4334//4334 4329//4329
f 2689//2689 4371//4371 2684//2684
f 2684//2684 4371//4371 4494//4494
f 2684//2684 4494//4494 2685//2685
f 4357//4357 4495//4495 4496//4496
f 4496//4496 4495//4495 4497//4497
f 4496//4496 4497//4497 4498//4498
f 4498//4498 4497//4497 4499//4499
f 4498//4498 4500//4500 4496//4496
f 4496//4496 4500//4500 4358//4358
f 4496//4496 4358//4358 4357//4357
f 4357//4357 4358//4358 2744//2744
f 4357//4357 2744//2744 2742//2742
f 2753//2753 2758//2758 4191//4191
f 4191//4191 2758//2758 4354//4354
f 4191//4191 4354//4354 4189//4189
f 4189//4189 4354//4354 4160//4160
f 4189//4189 4160//4160 4137//4137
f 4501//4501 4502//4502 4503//4503
f 4503//4503 4502//4502 4504//4504
f 4503//4503 4504//4504 4505//4505
f 4505//4505 4504//4504 4506//4506
f 4505//4505 4506//4506 4507//4507
f 4507//4507 4506//4506 4508//4508
f 4507//4507 4508//4508 4509//4509
f 4509//4509 4508//4508 4510//4510
f 4509//4509 4510//4510 4511//4511
f 4511//4511 4510//4510 4512//4512
f 4511//4511 4512//4512 4513//4513
f 4513//4513 4512//4512 4514//4514
f 4513//4513 4514//4514 4515//4515
f 4515//4515 4514//4514 4516//4516
f 4515//4515 4516//4516 4517//4517
f 4517//4517 4516//4516 4518//4518
f 4517//4517 4518//4518 4519//4519
f 4499//4499 4502//4502 4498//4498
f 4498//4498 4502//4502 4501//4501
f 4498//4498 4501//4501 4500//4500
f 4500//4500 4501//4501 4195//4195
f 4500//4500 4195//4195 4358//4358
f 4358//4358 4195//4195 2737//2737
f 4358//4358 2737//2737 2738//2738
f 4356//4356 4520//4520 4521//4521
f 4521//4521 4520//4520 4522//4522
f 4521//4521 4522//4522 4523//4523
f 4523//4523 4522//4522 4524//4524
f 4523//4523 4524//4524 4525//4525
f 4525//4525 4524//4524 4526//4526
f 4525//4525 4526//4526 4527//4527
f 2747//2747 4355//4355 4356//4356
f 4356//4356 4355//4355 4528//4528
f 4356//4356 4528//4528 4520//4520
f 4520//4520 4528//4528 4529//4529
f 4520//4520 4529//4529 4522//4522
f 4522//4522 4529//4529 4530//4530
f 4522//4522 4530//4530 4524//4524
f 4524//4524 4530//4530 4531//4531
f 4524//4524 4531//4531 4526//4526
f 4526//4526 4531//4531 4532//4532
f 4526//4526 4532//4532 4527//4527
f 4527//4527 4532//4532 4533//4533
f 4527//4527 4533//4533 4534//4534
f 4534//4534 4533//4533 4535//4535
f 4534//4534 4535//4535 4536//4536
f 4536//4536 4535//4535 4537//4537
f 4536//4536 4537//4537 4538//4538
f 4538//4538 4537//4537 4539//4539
f 4538//4538 4539//4539 4540//4540
f 4540//4540 4539//4539 4541//4541
f 4540//4540 4541//4541 4542//4542
f 4542//4542 4541//4541 4543//4543
f 4542//4542 4543//4543 4544//4544
f 4544//4544 4543//4543 4545//4545
f 4544//4544 4545//4545 4546//4546
f 4546//4546 4545//4545 4547//4547
f 4546//4546 4547//4547 4548//4548
f 4548//4548 4547//4547 4549//4549
f 4548//4548 4549//4549 4550//4550
f 4550//4550 4549//4549 4551//4551
f 4550//4550 4551//4551 4552//4552
f 4552//4552 4551//4551 4553//4553
f 4552//4552 4553//4553 4399//4399
f 4399//4399 4553//4553 4554//4554
f 4399//4399 4554//4554 4400//4400
f 2754//2754 4191//4191 4355//4355
f 4355//4355 4191//4191 4190//4190
f 4355//4355 4190//4190 4528//4528
f 4528//4528 4190//4190 4555//4555
f 4528//4528 4555//4555 4529//4529
f 4529//4529 4555//4555 4556//4556
f 4529//4529 4556//4556 4530//4530
f 4530//4530 4556//4556 4557//4557
f 4530//4530 4557//4557 4531//4531
f 4531//4531 4557//4557 4558//4558
f 4531//4531 4558//4558 4532//4532
f 4532//4532 4558//4558 4559//4559
f 4532//4532 4559//4559 4533//4533
f 4560//4560 4561//4561 4562//4562
f 4562//4562 4561//4561 4563//4563
f 4562//4562 4563//4563 4564//4564
f 4564//4564 4563//4563 4353//4353
f 4564//4564 4353//4353 4196//4196
f 4196//4196 4353//4353 4139//4139
f 4196//4196 4139//4139 4145//4145
f 4436//4436 4560//4560 4193//4193
f 4193//4193 4560//4560 4562//4562
f 4193//4193 4562//4562 4194//4194
f 4194//4194 4562//4562 4564//4564
f 4194//4194 4564//4564 4485//4485
f 4485//4485 4564//4564 4196//4196
f 4485//4485 4196//4196 4443//4443
f 4443//4443 4196//4196 4352//4352
f 4443//4443 4352//4352 4444//4444
f 4444//4444 4352//4352 4440//4440
f 4444//4444 4440//4440 4446//4446
f 4446//4446 4440//4440 4442//4442
f 4446//4446 4442//4442 4448//4448
f 4448//4448 4442//4442 4486//4486
f 4448//4448 4486//4486 4450//4450
f 4450//4450 4486//4486 4489//4489
f 4450//4450 4489//4489 4452//4452
f 4452//4452 4489//4489 4329//4329
f 4452//4452 4329//4329 4324//4324
f 4324//4324 4329//4329 4331//4331
f 4324//4324 4331//4331 4325//4325
f 4136//4136 4135//4135 4189//4189
f 4189//4189 4135//4135 4353//4353
f 4189//4189 4353//4353 4190//4190
f 4190//4190 4353//4353 4563//4563
f 4190//4190 4563//4563 4555//4555
f 4555//4555 4563//4563 4561//4561
f 4555//4555 4561//4561 4556//4556
f 4556//4556 4561//4561 4560//4560
f 4556//4556 4560//4560 4557//4557
f 4557//4557 4560//4560 4436//4436
f 4557//4557 4436//4436 4558//4558
f 4558//4558 4436//4436 4434//4434
f 4558//4558 4434//4434 4559//4559
f 4559//4559 4434//4434 4432//4432
f 4559//4559 4432//4432 4533//4533
f 4533//4533 4432//4432 4430//4430
f 4533//4533 4430//4430 4535//4535
f 4535//4535 4430//4430 4480//4480
f 4535//4535 4480//4480 4537//4537
f 4537//4537 4480//4480 4479//4479
f 4537//4537 4479//4479 4539//4539
f 4539//4539 4479//4479 4478//4478
f 4539//4539 4478//4478 4541//4541
f 4541//4541 4478//4478 4477//4477
f 4541//4541 4477//4477 4543//4543
f 4543//4543 4477//4477 4476//4476
f 4543//4543 4476//4476 4545//4545
f 4545//4545 4476//4476 4475//4475
f 4545//4545 4475//4475 4547//4547
f 4547//4547 4475//4475 4474//4474
f 4547//4547 4474//4474 4549//4549
f 4549//4549 4474//4474 4473//4473
f 4549//4549 4473//4473 4551//4551
f 4551//4551 4473//4473 4472//4472
f 4551//4551 4472//4472 4553//4553
f 4553//4553 4472//4472 4471//4471
f 4553//4553 4471//4471 4554//4554
f 4554//4554 4471//4471 4470//4470
f 4554//4554 4470//4470 4400//4400
f 4400//4400 4470//4470 4469//4469
f 4400//4400 4469//4469 4402//4402
f 4402//4402 4469//4469 4468//4468
f 4402//4402 4468//4468 4404//4404
f 4404//4404 4468//4468 4467//4467
f 4404//4404 4467//4467 4406//4406
f 4406//4406 4467//4467 4466//4466
f 4406//4406 4466//4466 4408//4408
f 4408//4408 4466//4466 4465//4465
f 4408//4408 4465//4465 4410//4410
f 4410//4410 4465//4465 4464//4464
f 4410//4410 4464//4464 4412//4412
f 4412//4412 4464//4464 4463//4463
f 4412//4412 4463//4463 4414//4414
f 4414//4414 4463//4463 4462//4462
f 4414//4414 4462//4462 4416//4416
f 4416//4416 4462//4462 4461//4461
f 4416//4416 4461//4461 4418//4418
f 4418//4418 4461//4461 4460//4460
f 4418//4418 4460//4460 4420//4420
f 4420//4420 4460//4460 4459//4459
f 4420//4420 4459//4459 4422//4422
f 4422//4422 4459//4459 4458//4458
f 4422//4422 4458//4458 4424//4424
f 4424//4424 4458//4458 4457//4457
f 4424//4424 4457//4457 4426//4426
f 4426//4426 4457//4457 4456//4456
f 4426//4426 4456//4456 4428//4428
f 4428//4428 4456//4456 4455//4455
f 4428//4428 4455//4455 4396//4396
f 4396//4396 4455//4455 4454//4454
f 4396//4396 4454//4454 4397//4397
f 4397//4397 4454//4454 4453//4453
f 4385//4385 4378//4378 4384//4384
f 4384//4384 4378//4378 4375//4375
f 4384//4384 4375//4375 4565//4565
f 4565//4565 4375//4375 4374//4374
f 4565//4565 4374//4374 4566//4566
f 4566//4566 4374//4374 4373//4373
f 2489//2489 2488//2488 4372//4372
f 4372//4372 2488//2488 2658//2658
f 4372//4372 2658//2658 4567//4567
f 4567//4567 2658//2658 2657//2657
f 4567//4567 2657//2657 2664//2664
f 2672//2672 4568//4568 2674//2674
f 2674//2674 4568//4568 4569//4569
f 2674//2674 4569//4569 2675//2675
f 2680//2680 4570//4570 2682//2682
f 2682//2682 4570//4570 4571//4571
f 2682//2682 4571//4571 2683//2683
f 2672//2672 2671//2671 4568//4568
f 4568//4568 2671//2671 2676//2676
f 4568//4568 2676//2676 4571//4571
f 4571//4571 2676//2676 2678//2678
f 4571//4571 2678//2678 2683//2683
f 2660//2660 2668//2668 4572//4572
f 2664//2664 2663//2663 4567//4567
f 4567//4567 2663//2663 2662//2662
f 4567//4567 2662//2662 4572//4572
f 4572//4572 2662//2662 2661//2661
f 4572//4572 2661//2661 2660//2660
f 2668//2668 2666//2666 4572//4572
f 4572//4572 2666//2666 2665//2665
f 4572//4572 2665//2665 4569//4569
f 4569//4569 2665//2665 2670//2670
f 4569//4569 2670//2670 2675//2675
f 2680//2680 2679//2679 4570//4570
f 4570//4570 2679//2679 2688//2688
f 4570//4570 2688//2688 4494//4494
f 4494//4494 2688//2688 2687//2687
f 4494//4494 2687//2687 2685//2685
f 4569//4569 4573//4573 4572//4572
f 4572//4572 4573//4573 4574//4574
f 4572//4572 4574//4574 4567//4567
f 4567//4567 4574//4574 4575//4575
f 4567//4567 4575//4575 4372//4372
f 4372//4372 4575//4575 4576//4576
f 4372//4372 4576//4576 4373//4373
f 4373//4373 4576//4576 4577//4577
f 4373//4373 4577//4577 4566//4566
f 4387//4387 4382//4382 4388//4388
f 4388//4388 4382//4382 4384//4384
f 4388//4388 4384//4384 4578//4578
f 4578//4578 4384//4384 4565//4565
f 4578//4578 4565//4565 4579//4579
f 4579//4579 4565//4565 4566//4566
f 4579//4579 4566//4566 4580//4580
f 4580//4580 4566//4566 4577//4577
f 4580//4580 4577//4577 4581//4581
f 4581//4581 4577//4577 4576//4576
f 4581//4581 4576//4576 4582//4582
f 4582//4582 4576//4576 4575//4575
f 4582//4582 4575//4575 4583//4583
f 4583//4583 4575//4575 4574//4574
f 4583//4583 4574//4574 4584//4584
f 4584//4584 4574//4574 4573//4573
f 4518//4518 4585//4585 4519//4519
f 4519//4519 4585//4585 4586//4586
f 4519//4519 4586//4586 4587//4587
f 4587//4587 4586//4586 4588//4588
f 4587//4587 4588//4588 4589//4589
f 4589//4589 4588//4588 4590//4590
f 4589//4589 4590//4590 4591//4591
f 4591//4591 4590//4590 4592//4592
f 4591//4591 4592//4592 4593//4593
f 4593//4593 4592//4592 4594//4594
f 4593//4593 4594//4594 4595//4595
f 4595//4595 4594//4594 4596//4596
f 4595//4595 4596//4596 4597//4597
f 4597//4597 4596//4596 4598//4598
f 4597//4597 4598//4598 4599//4599
f 4599//4599 4598//4598 4600//4600
f 4599//4599 4600//4600 4601//4601
f 4601//4601 4600//4600 4602//4602
f 2733//2733 4195//4195 4359//4359
f 4359//4359 4195//4195 4501//4501
f 4359//4359 4501//4501 4360//4360
f 4360//4360 4501//4501 4503//4503
f 4360//4360 4503//4503 4361//4361
f 4361//4361 4503//4503 4505//4505
f 4361//4361 4505//4505 4362//4362
f 4362//4362 4505//4505 4507//4507
f 4362//4362 4507//4507 4363//4363
f 4363//4363 4507//4507 4509//4509
f 4363//4363 4509//4509 4364//4364
f 4364//4364 4509//4509 4511//4511
f 4364//4364 4511//4511 4365//4365
f 4365//4365 4511//4511 4513//4513
f 4365//4365 4513//4513 4366//4366
f 4366//4366 4513//4513 4515//4515
f 4366//4366 4515//4515 4368//4368
f 4368//4368 4515//4515 4517//4517
f 4368//4368 4517//4517 4367//4367
f 4367//4367 4517//4517 4519//4519
f 4367//4367 4519//4519 4369//4369
f 4369//4369 4519//4519 4587//4587
f 4369//4369 4587//4587 4370//4370
f 4370//4370 4587//4587 4589//4589
f 4370//4370 4589//4589 4371//4371
f 4371//4371 4589//4589 4591//4591
f 4371//4371 4591//4591 4494//4494
f 4494//4494 4591//4591 4593//4593
f 4494//4494 4593//4593 4570//4570
f 4570//4570 4593//4593 4595//4595
f 4570//4570 4595//4595 4571//4571
f 4571//4571 4595//4595 4597//4597
f 4571//4571 4597//4597 4568//4568
f 4568//4568 4597//4597 4599//4599
f 4568//4568 4599//4599 4569//4569
f 4569//4569 4599//4599 4601//4601
f 4569//4569 4601//4601 4573//4573
f 4573//4573 4601//4601 4602//4602
f 4573//4573 4602//4602 4584//4584
f 2752//2752 2751//2751 4357//4357
f 4357//4357 2751//2751 4356//4356
f 4357//4357 4356//4356 4495//4495
f 4495//4495 4356//4356 4521//4521
f 4495//4495 4521//4521 4497//4497
f 4497//4497 4521//4521 4523//4523
f 4497//4497 4523//4523 4499//4499
f 4499//4499 4523//4523 4525//4525
f 4499//4499 4525//4525 4502//4502
f 4502//4502 4525//4525 4527//4527
f 4502//4502 4527//4527 4504//4504
f 4504//4504 4527//4527 4534//4534
f 4504//4504 4534//4534 4506//4506
f 4506//4506 4534//4534 4536//4536
f 4506//4506 4536//4536 4508//4508
f 4508//4508 4536//4536 4538//4538
f 4508//4508 4538//4538 4510//4510
f 4510//4510 4538//4538 4540//4540
f 4510//4510 4540//4540 4512//4512
f 4512//4512 4540//4540 4542//4542
f 4512//4512 4542//4542 4514//4514
f 4514//4514 4542//4542 4544//4544
f 4514//4514 4544//4544 4516//4516
f 4516//4516 4544//4544 4546//4546
f 4516//4516 4546//4546 4518//4518
f 4518//4518 4546//4546 4548//4548
f 4518//4518 4548//4548 4585//4585
f 4585//4585 4548//4548 4550//4550
f 4585//4585 4550//4550 4586//4586
f 4586//4586 4550//4550 4552//4552
f 4586//4586 4552//4552 4588//4588
f 4588//4588 4552//4552 4399//4399
f 4588//4588 4399//4399 4590//4590
f 4590//4590 4399//4399 4401//4401
f 4590//4590 4401//4401 4592//4592
f 4592//4592 4401//4401 4403//4403
f 4592//4592 4403//4403 4594//4594
f 4594//4594 4403//4403 4405//4405
f 4594//4594 4405//4405 4596//4596
f 4596//4596 4405//4405 4407//4407
f 4596//4596 4407//4407 4598//4598
f 4598//4598 4407//4407 4409//4409
f 4598//4598 4409//4409 4600//4600
f 4600//4600 4409//4409 4411//4411
f 4600//4600 4411//4411 4602//4602
f 4602//4602 4411//4411 4413//4413
f 4602//4602 4413//4413 4584//4584
f 4584//4584 4413//4413 4415//4415
f 4584//4584 4415//4415 4583//4583
f 4583//4583 4415//4415 4417//4417
f 4583//4583 4417//4417 4582//4582
f 4582//4582 4417//4417 4419//4419
f 4582//4582 4419//4419 4581//4581
f 4581//4581 4419//4419 4421//4421
f 4581//4581 4421//4421 4580//4580
f 4580//4580 4421//4421 4423//4423
f 4580//4580 4423//4423 4579//4579
f 4579//4579 4423//4423 4425//4425
f 4579//4579 4425//4425 4578//4578
f 4578//4578 4425//4425 4427//4427
f 4578//4578 4427//4427 4388//4388
f 4388//4388 4427//4427 4391//4391
f 4388//4388 4391//4391 4386//4386
f 4386//4386 4391//4391 4393//4393
f 4380//4380 4379//4379 4603//4603
f 4385//4385 4383//4383 4604//4604
f 4605//4605 4606//4606 4607//4607
f 4607//4607 4606//4606 4608//4608
f 4607//4607 4608//4608 4609//4609
f 4609//4609 4610//4610 4607//4607
f 4607//4607 4610//4610 4611//4611
f 4607//4607 4611//4611 4612//4612
f 4394//4394 4397//4397 4607//4607
f 4397//4397 4453//4453 4607//4607
f 4607//4607 4453//4453 4398//4398
f 4607//4607 4398//4398 4605//4605
f 4605//4605 4398//4398 4204//4204
f 4605//4605 4204//4204 4203//4203
f 4613//4613 4387//4387 4386//4386
f 4393//4393 4392//4392 4614//4614
f 4614//4614 4392//4392 4390//4390
f 4614//4614 4390//4390 4615//4615
f 4615//4615 4390//4390 4389//4389
f 4615//4615 4389//4389 4395//4395
f 4604//4604 4383//4383 4613//4613
f 4613//4613 4383//4383 4382//4382
f 4613//4613 4382//4382 4387//4387
f 4603//4603 4379//4379 4604//4604
f 4604//4604 4379//4379 4378//4378
f 4604//4604 4378//4378 4385//4385
f 2645//2645 2644//2644 4616//4616
f 4616//4616 2644//2644 2643//2643
f 2643//2643 4376//4376 4616//4616
f 4616//4616 4376//4376 4377//4377
f 4616//4616 4377//4377 4603//4603
f 4603//4603 4377//4377 4381//4381
f 4603//4603 4381//4381 4380//4380
f 2627//2627 3584//3584 3583//3583
f 3583//3583 3582//3582 2627//2627
f 2627//2627 3582//3582 3565//3565
f 2627//2627 3565//3565 2628//2628
f 2628//2628 3565//3565 2631//2631
f 3571//3571 3573//3573 4617//4617
f 4617//4617 3573//3573 3575//3575
f 4617//4617 3575//3575 3584//3584
f 3571//3571 4617//4617 4618//4618
f 4618//4618 4617//4617 4619//4619
f 4618//4618 4619//4619 4620//4620
f 4621//4621 4622//4622 4623//4623
f 4623//4623 4622//4622 4624//4624
f 4623//4623 4624//4624 4619//4619
f 4619//4619 4624//4624 4625//4625
f 4619//4619 4625//4625 4620//4620
f 4621//4621 4623//4623 4626//4626
f 4626//4626 4623//4623 4627//4627
f 4626//4626 4627//4627 4628//4628
f 4629//4629 4630//4630 4627//4627
f 4627//4627 4630//4630 4631//4631
f 4627//4627 4631//4631 4628//4628
f 4612//4612 4632//4632 4607//4607
f 4607//4607 4632//4632 4615//4615
f 4607//4607 4615//4615 4394//4394
f 4394//4394 4615//4615 4395//4395
f 4633//4633 4634//4634 4635//4635
f 4635//4635 4634//4634 4636//4636
f 4635//4635 4636//4636 4629//4629
f 4629//4629 4636//4636 4637//4637
f 4629//4629 4637//4637 4630//4630
f 2638//2638 2636//2636 4638//4638
f 4638//4638 2636//2636 2635//2635
f 2635//2635 2645//2645 4638//4638
f 4638//4638 2645//2645 4616//4616
f 4638//4638 4616//4616 4639//4639
f 4639//4639 4616//4616 4603//4603
f 4639//4639 4603//4603 4640//4640
f 4640//4640 4603//4603 4604//4604
f 4640//4640 4604//4604 4641//4641
f 4641//4641 4604//4604 4613//4613
f 4641//4641 4613//4613 4614//4614
f 4614//4614 4613//4613 4386//4386
f 4614//4614 4386//4386 4393//4393
f 2634//2634 2639//2639 4617//4617
f 3584//3584 2627//2627 4617//4617
f 4617//4617 2627//2627 2632//2632
f 4617//4617 2632//2632 2634//2634
f 4632//4632 4633//4633 4615//4615
f 4615//4615 4633//4633 4635//4635
f 4615//4615 4635//4635 4614//4614
f 4614//4614 4635//4635 4629//4629
f 4614//4614 4629//4629 4641//4641
f 4641//4641 4629//4629 4627//4627
f 4641//4641 4627//4627 4640//4640
f 4640//4640 4627//4627 4623//4623
f 4640//4640 4623//4623 4639//4639
f 4639//4639 4623//4623 4619//4619
f 4639//4639 4619//4619 4638//4638
f 4638//4638 4619//4619 4617//4617
f 4638//4638 4617//4617 2638//2638
f 2638//2638 4617//4617 2639//2639
f 4642//4642 3630//3630 3629//3629
f 3630//3630 4642//4642 3620//3620
f 4642//4642 4643//4643 3620//3620
f 3620//3620 4643//4643 4644//4644
f 3620//3620 4644//4644 3619//3619
f 3619//3619 4644//4644 4645//4645
f 3619//3619 4645//4645 3614//3614
f 3614//3614 4645//4645 4646//4646
f 3614//3614 4646//4646 3615//3615
f 4647//4647 4648//4648 3628//3628
f 3628//3628 4648//4648 4649//4649
f 3628//3628 4649//4649 3629//3629
f 3629//3629 4649//4649 4650//4650
f 3629//3629 4650//4650 4642//4642
f 4610//4610 4651//4651 3625//3625
f 3625//3625 4651//4651 4652//4652
f 3625//3625 4652//4652 3626//3626
f 3626//3626 4652//4652 4647//4647
f 3626//3626 4647//4647 3627//3627
f 3627//3627 4647//4647 3628//3628
f 3649//3649 3679//3679 3648//3648
f 3648//3648 3679//3679 3678//3678
f 3648//3648 3678//3678 3653//3653
f 3653//3653 3678//3678 3676//3676
f 3653//3653 3676//3676 3652//3652
f 3652//3652 3676//3676 3675//3675
f 3652//3652 3675//3675 3651//3651
f 3651//3651 3675//3675 3680//3680
f 3651//3651 3680//3680 3656//3656
f 3656//3656 3680//3680 3682//3682
f 3656//3656 3682//3682 3655//3655
f 3655//3655 3682//3682 3685//3685
f 3655//3655 3685//3685 3654//3654
f 3654//3654 3685//3685 3684//3684
f 3654//3654 3684//3684 3657//3657
f 3657//3657 3684//3684 3687//3687
f 3657//3657 3687//3687 1014//1014
f 4632//4632 4612//4612 3622//3622
f 3622//3622 4612//4612 4611//4611
f 3622//3622 4611//4611 3623//3623
f 3623//3623 4611//4611 4610//4610
f 3623//3623 4610//4610 3624//3624
f 3624//3624 4610//4610 3625//3625
f 3622//3622 3621//3621 4632//4632
f 4632//4632 3621//3621 3643//3643
f 4632//4632 3643//3643 4633//4633
f 4633//4633 3643//3643 3644//3644
f 4633//4633 3644//3644 4634//4634
f 4634//4634 3644//3644 4636//4636
f 3638//3638 4628//4628 4631//4631
f 3601//3601 3600//3600 4653//4653
f 4653//4653 3600//3600 3599//3599
f 4653//4653 3599//3599 4654//4654
f 4655//4655 3609//3609 3611//3611
f 3644//3644 3640//3640 4636//4636
f 4636//4636 3640//3640 3641//3641
f 4636//4636 3641//3641 4637//4637
f 4637//4637 3641//3641 3642//3642
f 4637//4637 3642//3642 4630//4630
f 3571//3571 4618//4618 3631//3631
f 3631//3631 4618//4618 4620//4620
f 4653//4653 4656//4656 3601//3601
f 3601//3601 4656//4656 3662//3662
f 3601//3601 3662//3662 3602//3602
f 3602//3602 3662//3662 3661//3661
f 3602//3602 3661//3661 3603//3603
f 3603//3603 3661//3661 3665//3665
f 3603//3603 3665//3665 3647//3647
f 3647//3647 3665//3665 3669//3669
f 3647//3647 3669//3669 3646//3646
f 3646//3646 3669//3669 3668//3668
f 3646//3646 3668//3668 3645//3645
f 3645//3645 3668//3668 3674//3674
f 3645//3645 3674//3674 3650//3650
f 3650//3650 3674//3674 3673//3673
f 3650//3650 3673//3673 3649//3649
f 3649//3649 3673//3673 3671//3671
f 3649//3649 3671//3671 3679//3679
f 4646//4646 4657//4657 3615//3615
f 3615//3615 4657//4657 4658//4658
f 3615//3615 4658//4658 3616//3616
f 3616//3616 4658//4658 4659//4659
f 3616//3616 4659//4659 3617//3617
f 3617//3617 4659//4659 4660//4660
f 3617//3617 4660//4660 3618//3618
f 3618//3618 4660//4660 4661//4661
f 3618//3618 4661//4661 3604//3604
f 3604//3604 4661//4661 4662//4662
f 3604//3604 4662//4662 3605//3605
f 4630//4630 3642//3642 4631//4631
f 4631//4631 3642//3642 3637//3637
f 4631//4631 3637//3637 3638//3638
f 4654//4654 3599//3599 4663//4663
f 4663//4663 3599//3599 3598//3598
f 4663//4663 3598//3598 4664//4664
f 4664//4664 3598//3598 3597//3597
f 4664//4664 3597//3597 4665//4665
f 4665//4665 3597//3597 3595//3595
f 4665//4665 3595//3595 4666//4666
f 4666//4666 3595//3595 3596//3596
f 4666//4666 3596//3596 4667//4667
f 3609//3609 4655//4655 3610//3610
f 3610//3610 4655//4655 4668//4668
f 3610//3610 4668//4668 3596//3596
f 3596//3596 4668//4668 4669//4669
f 3596//3596 4669//4669 4667//4667
f 4662//4662 4670//4670 3605//3605
f 3605//3605 4670//4670 4671//4671
f 3605//3605 4671//4671 3607//3607
f 3607//3607 4671//4671 4672//4672
f 3607//3607 4672//4672 3608//3608
f 4628//4628 3638//3638 4626//4626
f 4626//4626 3638//3638 3639//3639
f 4626//4626 3639//3639 4621//4621
f 4621//4621 3639//3639 3634//3634
f 4621//4621 3634//3634 4622//4622
f 4622//4622 3634//3634 3635//3635
f 4622//4622 3635//3635 4624//4624
f 4624//4624 3635//3635 3636//3636
f 4624//4624 3636//3636 4625//4625
f 4625//4625 3636//3636 3633//3633
f 4625//4625 3633//3633 4620//4620
f 4620//4620 3633//3633 3632//3632
f 4620//4620 3632//3632 3631//3631
f 4672//4672 4673//4673 3608//3608
f 3608//3608 4673//4673 4674//4674
f 3608//3608 4674//4674 3606//3606
f 3606//3606 4674//4674 4675//4675
f 3606//3606 4675//4675 3612//3612
f 3612//3612 4675//4675 4676//4676
f 3612//3612 4676//4676 3611//3611
f 3611//3611 4676//4676 4677//4677
f 3611//3611 4677//4677 4655//4655
f 4307//4307 4312//4312 4678//4678
f 4340//4340 4338//4338 4679//4679
f 4172//4172 4159//4159 4680//4680
f 4168//4168 4178//4178 4681//4681
f 4177//4177 4176//4176 4682//4682
f 4175//4175 4180//4180 4683//4683
f 4188//4188 4187//4187 4684//4684
f 4186//4186 4185//4185 4685//4685
f 4181//4181 4184//4184 4686//4686
f 4183//4183 4182//4182 4687//4687
f 4134//4134 4141//4141 4688//4688
f 4140//4140 4148//4148 4689//4689
f 4147//4147 4146//4146 4690//4690
f 4152//4152 4151//4151 4691//4691
f 3806//3806 3812//3812 4692//4692
f 3844//3844 3849//3849 4693//4693
f 3859//3859 3858//3858 4694//4694
f 3746//3746 3745//3745 4695//4695
f 3667//3667 3666//3666 4696//4696
f 4653//4653 4654//4654 4696//4696
f 4665//4665 4666//4666 4697//4697
f 4669//4669 4668//4668 4698//4698
f 4655//4655 4677//4677 4699//4699
f 4661//4661 4660//4660 4700//4700
f 4659//4659 4658//4658 4701//4701
f 4649//4649 4648//4648 4702//4702
f 4609//4609 4608//4608 4703//4703
f 4610//4610 4609//4609 4651//4651
f 4651//4651 4609//4609 4703//4703
f 4651//4651 4703//4703 4652//4652
f 4649//4649 4702//4702 4650//4650
f 4643//4643 4642//4642 4704//4704
f 4645//4645 4644//4644 4705//4705
f 4657//4657 4646//4646 4706//4706
f 4661//4661 4700//4700 4662//4662
f 4672//4672 4671//4671 4707//4707
f 4707//4707 4671//4671 4670//4670
f 4674//4674 4673//4673 4708//4708
f 4676//4676 4675//4675 4709//4709
f 4669//4669 4698//4698 4667//4667
f 4665//4665 4697//4697 4664//4664
f 3663//3663 3662//3662 4656//4656
f 4653//4653 4696//4696 4656//4656
f 4656//4656 4696//4696 3666//3666
f 4656//4656 3666//3666 3663//3663
f 4710//4710 3918//3918 3717//3717
f 4710//4710 3717//3717 4696//4696
f 4696//4696 3717//3717 3716//3716
f 4696//4696 3716//3716 3667//3667
f 4711//4711 3916//3916 3914//3914
f 4711//4711 3914//3914 4710//4710
f 4710//4710 3914//3914 3913//3913
f 4710//4710 3913//3913 3918//3918
f 3911//3911 3909//3909 4712//4712
f 4712//4712 3909//3909 3908//3908
f 4712//4712 3908//3908 4711//4711
f 4711//4711 3908//3908 3917//3917
f 4711//4711 3917//3917 3916//3916
f 4713//4713 3907//3907 3906//3906
f 4713//4713 3906//3906 4712//4712
f 4712//4712 3906//3906 3912//3912
f 4712//4712 3912//3912 3911//3911
f 4714//4714 3903//3903 3901//3901
f 4714//4714 3901//3901 4713//4713
f 4713//4713 3901//3901 3900//3900
f 4713//4713 3900//3900 3907//3907
f 3898//3898 3896//3896 4715//4715
f 4715//4715 3896//3896 3895//3895
f 4715//4715 3895//3895 4714//4714
f 4714//4714 3895//3895 3904//3904
f 4714//4714 3904//3904 3903//3903
f 3898//3898 4715//4715 3899//3899
f 3899//3899 4715//4715 4716//4716
f 3899//3899 4716//4716 3888//3888
f 3888//3888 4716//4716 3890//3890
f 3890//3890 4716//4716 4717//4717
f 3890//3890 4717//4717 3891//3891
f 3739//3739 3894//3894 4718//4718
f 4718//4718 3894//3894 3893//3893
f 4718//4718 3893//3893 4717//4717
f 4717//4717 3893//3893 3892//3892
f 4717//4717 3892//3892 3891//3891
f 3743//3743 3742//3742 4719//4719
f 4719//4719 3742//3742 3886//3886
f 4719//4719 3886//3886 4718//4718
f 4718//4718 3886//3886 3740//3740
f 4718//4718 3740//3740 3739//3739
f 4695//4695 3745//3745 4719//4719
f 4719//4719 3745//3745 3885//3885
f 4719//4719 3885//3885 3743//3743
f 3881//3881 3879//3879 4720//4720
f 4720//4720 3879//3879 3878//3878
f 4720//4720 3878//3878 4721//4721
f 4721//4721 3878//3878 3883//3883
f 3883//3883 3749//3749 4721//4721
f 4721//4721 3749//3749 3748//3748
f 4721//4721 3748//3748 4695//4695
f 4695//4695 3748//3748 3884//3884
f 4695//4695 3884//3884 3746//3746
f 4722//4722 3752//3752 4723//4723
f 4723//4723 3752//3752 3751//3751
f 4723//4723 3751//3751 4720//4720
f 4720//4720 3751//3751 3882//3882
f 4720//4720 3882//3882 3881//3881
f 3875//3875 3872//3872 4724//4724
f 4724//4724 3872//3872 3871//3871
f 4724//4724 3871//3871 4722//4722
f 4722//4722 3871//3871 3874//3874
f 4722//4722 3874//3874 3752//3752
f 3875//3875 4724//4724 3876//3876
f 3876//3876 4724//4724 4725//4725
f 3876//3876 4725//4725 3877//3877
f 4726//4726 3866//3866 4725//4725
f 4725//4725 3866//3866 3865//3865
f 4725//4725 3865//3865 3877//3877
f 3754//3754 3870//3870 4727//4727
f 4727//4727 3870//3870 3869//3869
f 4727//4727 3869//3869 4726//4726
f 4726//4726 3869//3869 3868//3868
f 4726//4726 3868//3868 3866//3866
f 3754//3754 4727//4727 3755//3755
f 3755//3755 4727//4727 4728//4728
f 3755//3755 4728//4728 3864//3864
f 3858//3858 3863//3863 4694//4694
f 4694//4694 3863//3863 3758//3758
f 4694//4694 3758//3758 4728//4728
f 4728//4728 3758//3758 3757//3757
f 4728//4728 3757//3757 3864//3864
f 3852//3852 4729//4729 3850//3850
f 3850//3850 4729//4729 4730//4730
f 3850//3850 4730//4730 3855//3855
f 3852//3852 3854//3854 4729//4729
f 4729//4729 3854//3854 3862//3862
f 4729//4729 3862//3862 4694//4694
f 4694//4694 3862//3862 3861//3861
f 4694//4694 3861//3861 3859//3859
f 3855//3855 4730//4730 3856//3856
f 3856//3856 4730//4730 4731//4731
f 3856//3856 4731//4731 3857//3857
f 3849//3849 3848//3848 4693//4693
f 4693//4693 3848//3848 3846//3846
f 4693//4693 3846//3846 4731//4731
f 4731//4731 3846//3846 3845//3845
f 4731//4731 3845//3845 3857//3857
f 3840//3840 4732//4732 3841//3841
f 3841//3841 4732//4732 4733//4733
f 3841//3841 4733//4733 3832//3832
f 3840//3840 3838//3838 4732//4732
f 4732//4732 3838//3838 3837//3837
f 4732//4732 3837//3837 4693//4693
f 4693//4693 3837//3837 3842//3842
f 4693//4693 3842//3842 3844//3844
f 3832//3832 4733//4733 3833//3833
f 3833//3833 4733//4733 4734//4734
f 3833//3833 4734//4734 3835//3835
f 4735//4735 3824//3824 3827//3827
f 3827//3827 3829//3829 4735//4735
f 4735//4735 3829//3829 3831//3831
f 4735//4735 3831//3831 4734//4734
f 4734//4734 3831//3831 3836//3836
f 4734//4734 3836//3836 3835//3835
f 3821//3821 3823//3823 4736//4736
f 4736//4736 3823//3823 3826//3826
f 4736//4736 3826//3826 4735//4735
f 4735//4735 3826//3826 3825//3825
f 4735//4735 3825//3825 3824//3824
f 3821//3821 4736//4736 3819//3819
f 3819//3819 4736//4736 4737//4737
f 3819//3819 4737//4737 3820//3820
f 3814//3814 3813//3813 4738//4738
f 4738//4738 3813//3813 3761//3761
f 4738//4738 3761//3761 4737//4737
f 4737//4737 3761//3761 3760//3760
f 4737//4737 3760//3760 3820//3820
f 3814//3814 4738//4738 3816//3816
f 3816//3816 4738//4738 4739//4739
f 3816//3816 4739//4739 3817//3817
f 4692//4692 3812//3812 4740//4740
f 3812//3812 3811//3811 4740//4740
f 4740//4740 3811//3811 3809//3809
f 4740//4740 3809//3809 4739//4739
f 4739//4739 3809//3809 3808//3808
f 4739//4739 3808//3808 3817//3817
f 3806//3806 4692//4692 3807//3807
f 3807//3807 4692//4692 4741//4741
f 3807//3807 4741//4741 3800//3800
f 3799//3799 3804//3804 4742//4742
f 4742//4742 3804//3804 3803//3803
f 4742//4742 3803//3803 4741//4741
f 4741//4741 3803//3803 3801//3801
f 4741//4741 3801//3801 3800//3800
f 3793//3793 3792//3792 4153//4153
f 4153//4153 3792//3792 4154//4154
f 3795//3795 4743//4743 3792//3792
f 3792//3792 4743//4743 4744//4744
f 3792//3792 4744//4744 4154//4154
f 4154//4154 4744//4744 4155//4155
f 3795//3795 3764//3764 4743//4743
f 4743//4743 3764//3764 3763//3763
f 4743//4743 3763//3763 4742//4742
f 4742//4742 3763//3763 3797//3797
f 4742//4742 3797//3797 3799//3799
f 4156//4156 4157//4157 4745//4745
f 4745//4745 4157//4157 4158//4158
f 4188//4188 4684//4684 4179//4179
f 4349//4349 4348//4348 4746//4746
f 4746//4746 4348//4348 4347//4347
f 4746//4746 4347//4347 4493//4493
f 4493//4493 4169//4169 4746//4746
f 4746//4746 4169//4169 4174//4174
f 4746//4746 4174//4174 4747//4747
f 4747//4747 4174//4174 4173//4173
f 4349//4349 4746//4746 4341//4341
f 4341//4341 4746//4746 4748//4748
f 4341//4341 4748//4748 4342//4342
f 4338//4338 4337//4337 4679//4679
f 4679//4679 4337//4337 4345//4345
f 4679//4679 4345//4345 4748//4748
f 4748//4748 4345//4345 4344//4344
f 4748//4748 4344//4344 4342//4342
f 4340//4340 4679//4679 4332//4332
f 4332//4332 4679//4679 4749//4749
f 4332//4332 4749//4749 4333//4333
f 4331//4331 4330//4330 4750//4750
f 4750//4750 4330//4330 4336//4336
f 4750//4750 4336//4336 4749//4749
f 4749//4749 4336//4336 4335//4335
f 4749//4749 4335//4335 4333//4333
f 4326//4326 4321//4321 4751//4751
f 4751//4751 4321//4321 4323//4323
f 4751//4751 4323//4323 4750//4750
f 4750//4750 4323//4323 4325//4325
f 4750//4750 4325//4325 4331//4331
f 4326//4326 4751//4751 4327//4327
f 4327//4327 4751//4751 4752//4752
f 4327//4327 4752//4752 4328//4328
f 4320//4320 4319//4319 4753//4753
f 4753//4753 4319//4319 4317//4317
f 4753//4753 4317//4317 4752//4752
f 4752//4752 4317//4317 4316//4316
f 4752//4752 4316//4316 4328//4328
f 4320//4320 4753//4753 4315//4315
f 4315//4315 4753//4753 4754//4754
f 4315//4315 4754//4754 4313//4313
f 4312//4312 4311//4311 4678//4678
f 4678//4678 4311//4311 4309//4309
f 4678//4678 4309//4309 4754//4754
f 4754//4754 4309//4309 4308//4308
f 4754//4754 4308//4308 4313//4313
f 4755//4755 4301//4301 4300//4300
f 4755//4755 4300//4300 4678//4678
f 4678//4678 4300//4300 4305//4305
f 4678//4678 4305//4305 4307//4307
f 4298//4298 4304//4304 4756//4756
f 4756//4756 4304//4304 4303//4303
f 4756//4756 4303//4303 4755//4755
f 4755//4755 4303//4303 4302//4302
f 4755//4755 4302//4302 4301//4301
f 4298//4298 4756//4756 4296//4296
f 4296//4296 4756//4756 4757//4757
f 4296//4296 4757//4757 4291//4291
f 4290//4290 4295//4295 4758//4758
f 4758//4758 4295//4295 4294//4294
f 4758//4758 4294//4294 4757//4757
f 4757//4757 4294//4294 4292//4292
f 4757//4757 4292//4292 4291//4291
f 4286//4286 4284//4284 4759//4759
f 4759//4759 4284//4284 4283//4283
f 4759//4759 4283//4283 4758//4758
f 4758//4758 4283//4283 4288//4288
f 4758//4758 4288//4288 4290//4290
f 4286//4286 4759//4759 4287//4287
f 4287//4287 4759//4759 4760//4760
f 4287//4287 4760//4760 4278//4278
f 4277//4277 4282//4282 4761//4761
f 4761//4761 4282//4282 4281//4281
f 4761//4761 4281//4281 4760//4760
f 4760//4760 4281//4281 4279//4279
f 4760//4760 4279//4279 4278//4278
f 4277//4277 4761//4761 4275//4275
f 4275//4275 4761//4761 4762//4762
f 4275//4275 4762//4762 4270//4270
f 4269//4269 4274//4274 4763//4763
f 4763//4763 4274//4274 4273//4273
f 4763//4763 4273//4273 4762//4762
f 4762//4762 4273//4273 4271//4271
f 4762//4762 4271//4271 4270//4270
f 4269//4269 4763//4763 4267//4267
f 4267//4267 4763//4763 4764//4764
f 4267//4267 4764//4764 4260//4260
f 4765//4765 4263//4263 4764//4764
f 4764//4764 4263//4263 4261//4261
f 4764//4764 4261//4261 4260//4260
f 4255//4255 4266//4266 4766//4766
f 4766//4766 4266//4266 4265//4265
f 4766//4766 4265//4265 4765//4765
f 4765//4765 4265//4265 4264//4264
f 4765//4765 4264//4264 4263//4263
f 4255//4255 4766//4766 4256//4256
f 4256//4256 4766//4766 4767//4767
f 4256//4256 4767//4767 4258//4258
f 4258//4258 4767//4767 4259//4259
f 4259//4259 4767//4767 4768//4768
f 4259//4259 4768//4768 4249//4249
f 4769//4769 4252//4252 4768//4768
f 4768//4768 4252//4252 4250//4250
f 4768//4768 4250//4250 4249//4249
f 4770//4770 4254//4254 4769//4769
f 4769//4769 4254//4254 4253//4253
f 4769//4769 4253//4253 4252//4252
f 4242//4242 4771//4771 4244//4244
f 4244//4244 4771//4771 4772//4772
f 4244//4244 4772//4772 4245//4245
f 4245//4245 4772//4772 4240//4240
f 4242//4242 4241//4241 4771//4771
f 4771//4771 4241//4241 4246//4246
f 4771//4771 4246//4246 4770//4770
f 4770//4770 4246//4246 4248//4248
f 4770//4770 4248//4248 4254//4254
f 4240//4240 4772//4772 4238//4238
f 4238//4238 4772//4772 4773//4773
f 4238//4238 4773//4773 4233//4233
f 4232//4232 4237//4237 4774//4774
f 4774//4774 4237//4237 4236//4236
f 4774//4774 4236//4236 4773//4773
f 4773//4773 4236//4236 4234//4234
f 4773//4773 4234//4234 4233//4233
f 4232//4232 4774//4774 4230//4230
f 4230//4230 4774//4774 4775//4775
f 4230//4230 4775//4775 4225//4225
f 4229//4229 4228//4228 4776//4776
f 4776//4776 4228//4228 4227//4227
f 4776//4776 4227//4227 4775//4775
f 4775//4775 4227//4227 4226//4226
f 4775//4775 4226//4226 4225//4225
f 4218//4218 4223//4223 4777//4777
f 4777//4777 4223//4223 4222//4222
f 4219//4219 4778//4778 4220//4220
f 4220//4220 4778//4778 4197//4197
f 4197//4197 4778//4778 4198//4198
f 4198//4198 4778//4778 4779//4779
f 4198//4198 4779//4779 4214//4214
f 4211//4211 4213//4213 4780//4780
f 4780//4780 4213//4213 4216//4216
f 4780//4780 4216//4216 4779//4779
f 4779//4779 4216//4216 4215//4215
f 4779//4779 4215//4215 4214//4214
f 4200//4200 4210//4210 4781//4781
f 4781//4781 4210//4210 4209//4209
f 4781//4781 4209//4209 4780//4780
f 4780//4780 4209//4209 4208//4208
f 4780//4780 4208//4208 4211//4211
f 4782//4782 4205//4205 4206//4206
f 4782//4782 4206//4206 4781//4781
f 4781//4781 4206//4206 4201//4201
f 4781//4781 4201//4201 4200//4200
f 4608//4608 4606//4606 4703//4703
f 4703//4703 4606//4606 4605//4605
f 4703//4703 4605//4605 4782//4782
f 4782//4782 4605//4605 4203//4203
f 4782//4782 4203//4203 4205//4205
f 4648//4648 4647//4647 4702//4702
f 4702//4702 4647//4647 4652//4652
f 4702//4702 4652//4652 4783//4783
f 4783//4783 4652//4652 4703//4703
f 4783//4783 4703//4703 4784//4784
f 4784//4784 4703//4703 4782//4782
f 4784//4784 4782//4782 4785//4785
f 4785//4785 4782//4782 4781//4781
f 4785//4785 4781//4781 4786//4786
f 4786//4786 4781//4781 4780//4780
f 4786//4786 4780//4780 4787//4787
f 4787//4787 4780//4780 4779//4779
f 4787//4787 4779//4779 4788//4788
f 4788//4788 4779//4779 4778//4778
f 4788//4788 4778//4778 4777//4777
f 4777//4777 4778//4778 4219//4219
f 4777//4777 4219//4219 4218//4218
f 4660//4660 4659//4659 4700//4700
f 4700//4700 4659//4659 4701//4701
f 4700//4700 4701//4701 4789//4789
f 4789//4789 4701//4701 4790//4790
f 4789//4789 4790//4790 4791//4791
f 4791//4791 4790//4790 4792//4792
f 4791//4791 4792//4792 4793//4793
f 4793//4793 4792//4792 4794//4794
f 4793//4793 4794//4794 4795//4795
f 4795//4795 4794//4794 4796//4796
f 4795//4795 4796//4796 4797//4797
f 4797//4797 4796//4796 4798//4798
f 4797//4797 4798//4798 4799//4799
f 4799//4799 4798//4798 4800//4800
f 4799//4799 4800//4800 4801//4801
f 4801//4801 4800//4800 4802//4802
f 4801//4801 4802//4802 4803//4803
f 4803//4803 4802//4802 4804//4804
f 4803//4803 4804//4804 4805//4805
f 4805//4805 4804//4804 4806//4806
f 4805//4805 4806//4806 4807//4807
f 4807//4807 4806//4806 4808//4808
f 4807//4807 4808//4808 4809//4809
f 4809//4809 4808//4808 4810//4810
f 4809//4809 4810//4810 4811//4811
f 4811//4811 4810//4810 4812//4812
f 4811//4811 4812//4812 4813//4813
f 4642//4642 4650//4650 4704//4704
f 4704//4704 4650//4650 4702//4702
f 4704//4704 4702//4702 4814//4814
f 4814//4814 4702//4702 4783//4783
f 4814//4814 4783//4783 4815//4815
f 4815//4815 4783//4783 4784//4784
f 4815//4815 4784//4784 4816//4816
f 4816//4816 4784//4784 4785//4785
f 4816//4816 4785//4785 4817//4817
f 4817//4817 4785//4785 4786//4786
f 4817//4817 4786//4786 4818//4818
f 4818//4818 4786//4786 4787//4787
f 4818//4818 4787//4787 4819//4819
f 4819//4819 4787//4787 4788//4788
f 4819//4819 4788//4788 4820//4820
f 4820//4820 4788//4788 4777//4777
f 4820//4820 4777//4777 4776//4776
f 4776//4776 4777//4777 4222//4222
f 4776//4776 4222//4222 4229//4229
f 4185//4185 4181//4181 4685//4685
f 4685//4685 4181//4181 4686//4686
f 4685//4685 4686//4686 4821//4821
f 4821//4821 4686//4686 4822//4822
f 4821//4821 4822//4822 4823//4823
f 4823//4823 4822//4822 4824//4824
f 4823//4823 4824//4824 4825//4825
f 4825//4825 4824//4824 4826//4826
f 4825//4825 4826//4826 4827//4827
f 4827//4827 4826//4826 4828//4828
f 4827//4827 4828//4828 4829//4829
f 4829//4829 4828//4828 4830//4830
f 4829//4829 4830//4830 4831//4831
f 4831//4831 4830//4830 4832//4832
f 4831//4831 4832//4832 4833//4833
f 4833//4833 4832//4832 4834//4834
f 4833//4833 4834//4834 4835//4835
f 4835//4835 4834//4834 4836//4836
f 4835//4835 4836//4836 4837//4837
f 4837//4837 4836//4836 4838//4838
f 4837//4837 4838//4838 4839//4839
f 4839//4839 4838//4838 4840//4840
f 4839//4839 4840//4840 4841//4841
f 4841//4841 4840//4840 4842//4842
f 4841//4841 4842//4842 4843//4843
f 4843//4843 4842//4842 4844//4844
f 4843//4843 4844//4844 4845//4845
f 4845//4845 4844//4844 4846//4846
f 4845//4845 4846//4846 4847//4847
f 4847//4847 4846//4846 4848//4848
f 4847//4847 4848//4848 4849//4849
f 4849//4849 4848//4848 4850//4850
f 4849//4849 4850//4850 4851//4851
f 4851//4851 4850//4850 4852//4852
f 4851//4851 4852//4852 4853//4853
f 4853//4853 4852//4852 4854//4854
f 4853//4853 4854//4854 4855//4855
f 4855//4855 4854//4854 4856//4856
f 4855//4855 4856//4856 4857//4857
f 4857//4857 4856//4856 4858//4858
f 4857//4857 4858//4858 4859//4859
f 4859//4859 4858//4858 4860//4860
f 4859//4859 4860//4860 4861//4861
f 4861//4861 4860//4860 4862//4862
f 4861//4861 4862//4862 4863//4863
f 4863//4863 4862//4862 4864//4864
f 4863//4863 4864//4864 4865//4865
f 4865//4865 4864//4864 4866//4866
f 4865//4865 4866//4866 4867//4867
f 4867//4867 4866//4866 4868//4868
f 4867//4867 4868//4868 4869//4869
f 4869//4869 4868//4868 4870//4870
f 4869//4869 4870//4870 4871//4871
f 4871//4871 4870//4870 4872//4872
f 4871//4871 4872//4872 4873//4873
f 4873//4873 4872//4872 4874//4874
f 4873//4873 4874//4874 4875//4875
f 4875//4875 4874//4874 4876//4876
f 4875//4875 4876//4876 4877//4877
f 4877//4877 4876//4876 4878//4878
f 4877//4877 4878//4878 4879//4879
f 4879//4879 4878//4878 4880//4880
f 4879//4879 4880//4880 4881//4881
f 4881//4881 4880//4880 4882//4882
f 4881//4881 4882//4882 4883//4883
f 4187//4187 4186//4186 4684//4684
f 4684//4684 4186//4186 4685//4685
f 4684//4684 4685//4685 4884//4884
f 4884//4884 4685//4685 4821//4821
f 4884//4884 4821//4821 4885//4885
f 4885//4885 4821//4821 4823//4823
f 4885//4885 4823//4823 4886//4886
f 4886//4886 4823//4823 4825//4825
f 4886//4886 4825//4825 4887//4887
f 4887//4887 4825//4825 4827//4827
f 4887//4887 4827//4827 4888//4888
f 4888//4888 4827//4827 4829//4829
f 4888//4888 4829//4829 4889//4889
f 4889//4889 4829//4829 4831//4831
f 4889//4889 4831//4831 4890//4890
f 4890//4890 4831//4831 4833//4833
f 4890//4890 4833//4833 4891//4891
f 4891//4891 4833//4833 4835//4835
f 4891//4891 4835//4835 4892//4892
f 4892//4892 4835//4835 4837//4837
f 4892//4892 4837//4837 4893//4893
f 4893//4893 4837//4837 4839//4839
f 4893//4893 4839//4839 4894//4894
f 4894//4894 4839//4839 4841//4841
f 4894//4894 4841//4841 4895//4895
f 4895//4895 4841//4841 4843//4843
f 4895//4895 4843//4843 4896//4896
f 4896//4896 4843//4843 4845//4845
f 4896//4896 4845//4845 4897//4897
f 4897//4897 4845//4845 4847//4847
f 4897//4897 4847//4847 4898//4898
f 4898//4898 4847//4847 4849//4849
f 4898//4898 4849//4849 4899//4899
f 4899//4899 4849//4849 4851//4851
f 4899//4899 4851//4851 4900//4900
f 4900//4900 4851//4851 4853//4853
f 4900//4900 4853//4853 4901//4901
f 4901//4901 4853//4853 4855//4855
f 4901//4901 4855//4855 4902//4902
f 4902//4902 4855//4855 4857//4857
f 4902//4902 4857//4857 4903//4903
f 4903//4903 4857//4857 4859//4859
f 4903//4903 4859//4859 4904//4904
f 4904//4904 4859//4859 4861//4861
f 4904//4904 4861//4861 4905//4905
f 4905//4905 4861//4861 4863//4863
f 4905//4905 4863//4863 4906//4906
f 4906//4906 4863//4863 4865//4865
f 4906//4906 4865//4865 4907//4907
f 4907//4907 4865//4865 4867//4867
f 4907//4907 4867//4867 4908//4908
f 4908//4908 4867//4867 4869//4869
f 4908//4908 4869//4869 4909//4909
f 4909//4909 4869//4869 4871//4871
f 4909//4909 4871//4871 4910//4910
f 4910//4910 4871//4871 4873//4873
f 4910//4910 4873//4873 4911//4911
f 4911//4911 4873//4873 4875//4875
f 4911//4911 4875//4875 4912//4912
f 4912//4912 4875//4875 4877//4877
f 4912//4912 4877//4877 4913//4913
f 4913//4913 4877//4877 4879//4879
f 4913//4913 4879//4879 4914//4914
f 4914//4914 4879//4879 4881//4881
f 4914//4914 4881//4881 4915//4915
f 4915//4915 4881//4881 4883//4883
f 4915//4915 4883//4883 4916//4916
f 4180//4180 4179//4179 4683//4683
f 4683//4683 4179//4179 4684//4684
f 4683//4683 4684//4684 4917//4917
f 4917//4917 4684//4684 4884//4884
f 4917//4917 4884//4884 4918//4918
f 4918//4918 4884//4884 4885//4885
f 4918//4918 4885//4885 4919//4919
f 4919//4919 4885//4885 4886//4886
f 4919//4919 4886//4886 4920//4920
f 4920//4920 4886//4886 4887//4887
f 4920//4920 4887//4887 4921//4921
f 4921//4921 4887//4887 4888//4888
f 4921//4921 4888//4888 4922//4922
f 4922//4922 4888//4888 4889//4889
f 4922//4922 4889//4889 4923//4923
f 4923//4923 4889//4889 4890//4890
f 4923//4923 4890//4890 4924//4924
f 4924//4924 4890//4890 4891//4891
f 4924//4924 4891//4891 4925//4925
f 4925//4925 4891//4891 4892//4892
f 4925//4925 4892//4892 4926//4926
f 4926//4926 4892//4892 4893//4893
f 4926//4926 4893//4893 4927//4927
f 4927//4927 4893//4893 4894//4894
f 4927//4927 4894//4894 4928//4928
f 4928//4928 4894//4894 4895//4895
f 4928//4928 4895//4895 4929//4929
f 4929//4929 4895//4895 4896//4896
f 4929//4929 4896//4896 4930//4930
f 4930//4930 4896//4896 4897//4897
f 4930//4930 4897//4897 4931//4931
f 4931//4931 4897//4897 4898//4898
f 4931//4931 4898//4898 4932//4932
f 4932//4932 4898//4898 4899//4899
f 4932//4932 4899//4899 4933//4933
f 4933//4933 4899//4899 4900//4900
f 4933//4933 4900//4900 4934//4934
f 4934//4934 4900//4900 4901//4901
f 4934//4934 4901//4901 4935//4935
f 4935//4935 4901//4901 4902//4902
f 4935//4935 4902//4902 4936//4936
f 4936//4936 4902//4902 4903//4903
f 4936//4936 4903//4903 4937//4937
f 4937//4937 4903//4903 4904//4904
f 4937//4937 4904//4904 4938//4938
f 4938//4938 4904//4904 4905//4905
f 4938//4938 4905//4905 4939//4939
f 4939//4939 4905//4905 4906//4906
f 4939//4939 4906//4906 4940//4940
f 4940//4940 4906//4906 4907//4907
f 4940//4940 4907//4907 4941//4941
f 4941//4941 4907//4907 4908//4908
f 4941//4941 4908//4908 4813//4813
f 4813//4813 4908//4908 4909//4909
f 4813//4813 4909//4909 4811//4811
f 4811//4811 4909//4909 4910//4910
f 4811//4811 4910//4910 4809//4809
f 4809//4809 4910//4910 4911//4911
f 4809//4809 4911//4911 4807//4807
f 4807//4807 4911//4911 4912//4912
f 4807//4807 4912//4912 4805//4805
f 4805//4805 4912//4912 4913//4913
f 4805//4805 4913//4913 4803//4803
f 4803//4803 4913//4913 4914//4914
f 4803//4803 4914//4914 4801//4801
f 4801//4801 4914//4914 4915//4915
f 4801//4801 4915//4915 4799//4799
f 4799//4799 4915//4915 4916//4916
f 4799//4799 4916//4916 4797//4797
f 4797//4797 4916//4916 4942//4942
f 4797//4797 4942//4942 4795//4795
f 4795//4795 4942//4942 4943//4943
f 4795//4795 4943//4943 4793//4793
f 4793//4793 4943//4943 4944//4944
f 4793//4793 4944//4944 4791//4791
f 4791//4791 4944//4944 4945//4945
f 4791//4791 4945//4945 4789//4789
f 4789//4789 4945//4945 4946//4946
f 4789//4789 4946//4946 4700//4700
f 4700//4700 4946//4946 4707//4707
f 4700//4700 4707//4707 4662//4662
f 4662//4662 4707//4707 4670//4670
f 4176//4176 4175//4175 4682//4682
f 4682//4682 4175//4175 4683//4683
f 4682//4682 4683//4683 4947//4947
f 4947//4947 4683//4683 4917//4917
f 4947//4947 4917//4917 4948//4948
f 4948//4948 4917//4917 4918//4918
f 4948//4948 4918//4918 4949//4949
f 4949//4949 4918//4918 4919//4919
f 4949//4949 4919//4919 4950//4950
f 4950//4950 4919//4919 4920//4920
f 4950//4950 4920//4920 4951//4951
f 4951//4951 4920//4920 4921//4921
f 4951//4951 4921//4921 4952//4952
f 4952//4952 4921//4921 4922//4922
f 4952//4952 4922//4922 4953//4953
f 4953//4953 4922//4922 4923//4923
f 4953//4953 4923//4923 4954//4954
f 4954//4954 4923//4923 4924//4924
f 4954//4954 4924//4924 4955//4955
f 4955//4955 4924//4924 4925//4925
f 4955//4955 4925//4925 4956//4956
f 4956//4956 4925//4925 4926//4926
f 4956//4956 4926//4926 4957//4957
f 4957//4957 4926//4926 4927//4927
f 4957//4957 4927//4927 4958//4958
f 4958//4958 4927//4927 4928//4928
f 4958//4958 4928//4928 4959//4959
f 4959//4959 4928//4928 4929//4929
f 4959//4959 4929//4929 4960//4960
f 4960//4960 4929//4929 4930//4930
f 4960//4960 4930//4930 4961//4961
f 4961//4961 4930//4930 4931//4931
f 4961//4961 4931//4931 4962//4962
f 4962//4962 4931//4931 4932//4932
f 4962//4962 4932//4932 4963//4963
f 4963//4963 4932//4932 4933//4933
f 4963//4963 4933//4933 4964//4964
f 4964//4964 4933//4933 4934//4934
f 4964//4964 4934//4934 4965//4965
f 4965//4965 4934//4934 4935//4935
f 4965//4965 4935//4935 4966//4966
f 4966//4966 4935//4935 4936//4936
f 4966//4966 4936//4936 4967//4967
f 4967//4967 4936//4936 4937//4937
f 4967//4967 4937//4937 4968//4968
f 4968//4968 4937//4937 4938//4938
f 4968//4968 4938//4938 4969//4969
f 4969//4969 4938//4938 4939//4939
f 4969//4969 4939//4939 4970//4970
f 4970//4970 4939//4939 4940//4940
f 4970//4970 4940//4940 4971//4971
f 4971//4971 4940//4940 4941//4941
f 4971//4971 4941//4941 4972//4972
f 4972//4972 4941//4941 4813//4813
f 4972//4972 4813//4813 4973//4973
f 4973//4973 4813//4813 4812//4812
f 4178//4178 4177//4177 4681//4681
f 4681//4681 4177//4177 4682//4682
f 4681//4681 4682//4682 4974//4974
f 4974//4974 4682//4682 4947//4947
f 4974//4974 4947//4947 4975//4975
f 4975//4975 4947//4947 4948//4948
f 4975//4975 4948//4948 4976//4976
f 4976//4976 4948//4948 4949//4949
f 4976//4976 4949//4949 4977//4977
f 4977//4977 4949//4949 4950//4950
f 4977//4977 4950//4950 4978//4978
f 4978//4978 4950//4950 4951//4951
f 4978//4978 4951//4951 4979//4979
f 4979//4979 4951//4951 4952//4952
f 4979//4979 4952//4952 4980//4980
f 4980//4980 4952//4952 4953//4953
f 4980//4980 4953//4953 4981//4981
f 4981//4981 4953//4953 4954//4954
f 4981//4981 4954//4954 4982//4982
f 4982//4982 4954//4954 4955//4955
f 4982//4982 4955//4955 4983//4983
f 4983//4983 4955//4955 4956//4956
f 4983//4983 4956//4956 4984//4984
f 4984//4984 4956//4956 4957//4957
f 4984//4984 4957//4957 4985//4985
f 4985//4985 4957//4957 4958//4958
f 4985//4985 4958//4958 4986//4986
f 4986//4986 4958//4958 4959//4959
f 4986//4986 4959//4959 4987//4987
f 4987//4987 4959//4959 4960//4960
f 4987//4987 4960//4960 4988//4988
f 4988//4988 4960//4960 4961//4961
f 4988//4988 4961//4961 4989//4989
f 4989//4989 4961//4961 4962//4962
f 4989//4989 4962//4962 4990//4990
f 4990//4990 4962//4962 4963//4963
f 4990//4990 4963//4963 4991//4991
f 4991//4991 4963//4963 4964//4964
f 4991//4991 4964//4964 4992//4992
f 4992//4992 4964//4964 4965//4965
f 4992//4992 4965//4965 4993//4993
f 4993//4993 4965//4965 4966//4966
f 4993//4993 4966//4966 4994//4994
f 4994//4994 4966//4966 4967//4967
f 4994//4994 4967//4967 4995//4995
f 4995//4995 4967//4967 4968//4968
f 4995//4995 4968//4968 4996//4996
f 4996//4996 4968//4968 4969//4969
f 4996//4996 4969//4969 4997//4997
f 4997//4997 4969//4969 4970//4970
f 4997//4997 4970//4970 4998//4998
f 4998//4998 4970//4970 4971//4971
f 4998//4998 4971//4971 4999//4999
f 4999//4999 4971//4971 4972//4972
f 4999//4999 4972//4972 5000//5000
f 5000//5000 4972//4972 4973//4973
f 5000//5000 4973//4973 5001//5001
f 5001//5001 4973//4973 4812//4812
f 5001//5001 4812//4812 5002//5002
f 5002//5002 4812//4812 4810//4810
f 5002//5002 4810//4810 5003//5003
f 5003//5003 4810//4810 4808//4808
f 5003//5003 4808//4808 5004//5004
f 5004//5004 4808//4808 4806//4806
f 5004//5004 4806//4806 5005//5005
f 5005//5005 4806//4806 4804//4804
f 5005//5005 4804//4804 5006//5006
f 5006//5006 4804//4804 4802//4802
f 5006//5006 4802//4802 5007//5007
f 5007//5007 4802//4802 4800//4800
f 5007//5007 4800//4800 5008//5008
f 5008//5008 4800//4800 4798//4798
f 5008//5008 4798//4798 5009//5009
f 5009//5009 4798//4798 4796//4796
f 5009//5009 4796//4796 5010//5010
f 5010//5010 4796//4796 4794//4794
f 5010//5010 4794//4794 5011//5011
f 5011//5011 4794//4794 4792//4792
f 5011//5011 4792//4792 5012//5012
f 5012//5012 4792//4792 4790//4790
f 5012//5012 4790//4790 4706//4706
f 4706//4706 4790//4790 4701//4701
f 4706//4706 4701//4701 4657//4657
f 4657//4657 4701//4701 4658//4658
f 4159//4159 4168//4168 4680//4680
f 4680//4680 4168//4168 4681//4681
f 4680//4680 4681//4681 5013//5013
f 5013//5013 4681//4681 4974//4974
f 5013//5013 4974//4974 5014//5014
f 5014//5014 4974//4974 4975//4975
f 5014//5014 4975//4975 5015//5015
f 5015//5015 4975//4975 4976//4976
f 5015//5015 4976//4976 5016//5016
f 5016//5016 4976//4976 4977//4977
f 5016//5016 4977//4977 5017//5017
f 5017//5017 4977//4977 4978//4978
f 5017//5017 4978//4978 5018//5018
f 5018//5018 4978//4978 4979//4979
f 5018//5018 4979//4979 5019//5019
f 5019//5019 4979//4979 4980//4980
f 5019//5019 4980//4980 5020//5020
f 5020//5020 4980//4980 4981//4981
f 5020//5020 4981//4981 5021//5021
f 5021//5021 4981//4981 4982//4982
f 5021//5021 4982//4982 5022//5022
f 5022//5022 4982//4982 4983//4983
f 5022//5022 4983//4983 5023//5023
f 5023//5023 4983//4983 4984//4984
f 5023//5023 4984//4984 5024//5024
f 5024//5024 4984//4984 4985//4985
f 5024//5024 4985//4985 5025//5025
f 5025//5025 4985//4985 4986//4986
f 5025//5025 4986//4986 5026//5026
f 5026//5026 4986//4986 4987//4987
f 5026//5026 4987//4987 5027//5027
f 5027//5027 4987//4987 4988//4988
f 5027//5027 4988//4988 5028//5028
f 5028//5028 4988//4988 4989//4989
f 5028//5028 4989//4989 5029//5029
f 5029//5029 4989//4989 4990//4990
f 5029//5029 4990//4990 5030//5030
f 5030//5030 4990//4990 4991//4991
f 5030//5030 4991//4991 5031//5031
f 5031//5031 4991//4991 4992//4992
f 5031//5031 4992//4992 5032//5032
f 5032//5032 4992//4992 4993//4993
f 5032//5032 4993//4993 5033//5033
f 5033//5033 4993//4993 4994//4994
f 5033//5033 4994//4994 5034//5034
f 5034//5034 4994//4994 4995//4995
f 5034//5034 4995//4995 5035//5035
f 5035//5035 4995//4995 4996//4996
f 5035//5035 4996//4996 5036//5036
f 5036//5036 4996//4996 4997//4997
f 5036//5036 4997//4997 5037//5037
f 5037//5037 4997//4997 4998//4998
f 5037//5037 4998//4998 5038//5038
f 5038//5038 4998//4998 4999//4999
f 5038//5038 4999//4999 5039//5039
f 5039//5039 4999//4999 5000//5000
f 5039//5039 5000//5000 5040//5040
f 5040//5040 5000//5000 5001//5001
f 5040//5040 5001//5001 5041//5041
f 5041//5041 5001//5001 5002//5002
f 5041//5041 5002//5002 5042//5042
f 5042//5042 5002//5002 5003//5003
f 5042//5042 5003//5003 5043//5043
f 5043//5043 5003//5003 5004//5004
f 5043//5043 5004//5004 5044//5044
f 5044//5044 5004//5004 5005//5005
f 5044//5044 5005//5005 5045//5045
f 5045//5045 5005//5005 5006//5006
f 5045//5045 5006//5006 5046//5046
f 5046//5046 5006//5006 5007//5007
f 5046//5046 5007//5007 5047//5047
f 5047//5047 5007//5007 5008//5008
f 5047//5047 5008//5008 5048//5048
f 5048//5048 5008//5008 5009//5009
f 5048//5048 5009//5009 5049//5049
f 5049//5049 5009//5009 5010//5010
f 5049//5049 5010//5010 5050//5050
f 5050//5050 5010//5010 5011//5011
f 5050//5050 5011//5011 5051//5051
f 5051//5051 5011//5011 5012//5012
f 5051//5051 5012//5012 4705//4705
f 4705//4705 5012//5012 4706//4706
f 4705//4705 4706//4706 4645//4645
f 4645//4645 4706//4706 4646//4646
f 4173//4173 4172//4172 4747//4747
f 4747//4747 4172//4172 4680//4680
f 4747//4747 4680//4680 4746//4746
f 4746//4746 4680//4680 5013//5013
f 4746//4746 5013//5013 4748//4748
f 4748//4748 5013//5013 5014//5014
f 4748//4748 5014//5014 4679//4679
f 4679//4679 5014//5014 5015//5015
f 4679//4679 5015//5015 4749//4749
f 4749//4749 5015//5015 5016//5016
f 4749//4749 5016//5016 4750//4750
f 4750//4750 5016//5016 5017//5017
f 4750//4750 5017//5017 4751//4751
f 4751//4751 5017//5017 5018//5018
f 4751//4751 5018//5018 4752//4752
f 4752//4752 5018//5018 5019//5019
f 4752//4752 5019//5019 4753//4753
f 4753//4753 5019//5019 5020//5020
f 4753//4753 5020//5020 4754//4754
f 4754//4754 5020//5020 5021//5021
f 4754//4754 5021//5021 4678//4678
f 4678//4678 5021//5021 5022//5022
f 4678//4678 5022//5022 4755//4755
f 4755//4755 5022//5022 5023//5023
f 4755//4755 5023//5023 4756//4756
f 4756//4756 5023//5023 5024//5024
f 4756//4756 5024//5024 4757//4757
f 4757//4757 5024//5024 5025//5025
f 4757//4757 5025//5025 4758//4758
f 4758//4758 5025//5025 5026//5026
f 4758//4758 5026//5026 4759//4759
f 4759//4759 5026//5026 5027//5027
f 4759//4759 5027//5027 4760//4760
f 4760//4760 5027//5027 5028//5028
f 4760//4760 5028//5028 4761//4761
f 4761//4761 5028//5028 5029//5029
f 4761//4761 5029//5029 4762//4762
f 4762//4762 5029//5029 5030//5030
f 4762//4762 5030//5030 4763//4763
f 4763//4763 5030//5030 5031//5031
f 4763//4763 5031//5031 4764//4764
f 4764//4764 5031//5031 5032//5032
f 4764//4764 5032//5032 4765//4765
f 4765//4765 5032//5032 5033//5033
f 4765//4765 5033//5033 4766//4766
f 4766//4766 5033//5033 5034//5034
f 4766//4766 5034//5034 4767//4767
f 4767//4767 5034//5034 5035//5035
f 4767//4767 5035//5035 4768//4768
f 4768//4768 5035//5035 5036//5036
f 4768//4768 5036//5036 4769//4769
f 4769//4769 5036//5036 5037//5037
f 4769//4769 5037//5037 4770//4770
f 4770//4770 5037//5037 5038//5038
f 4770//4770 5038//5038 4771//4771
f 4771//4771 5038//5038 5039//5039
f 4771//4771 5039//5039 4772//4772
f 4772//4772 5039//5039 5040//5040
f 4772//4772 5040//5040 4773//4773
f 4773//4773 5040//5040 5041//5041
f 4773//4773 5041//5041 4774//4774
f 4774//4774 5041//5041 5042//5042
f 4774//4774 5042//5042 4775//4775
f 4775//4775 5042//5042 5043//5043
f 4775//4775 5043//5043 4776//4776
f 4776//4776 5043//5043 5044//5044
f 4776//4776 5044//5044 4820//4820
f 4820//4820 5044//5044 5045//5045
f 4820//4820 5045//5045 4819//4819
f 4819//4819 5045//5045 5046//5046
f 4819//4819 5046//5046 4818//4818
f 4818//4818 5046//5046 5047//5047
f 4818//4818 5047//5047 4817//4817
f 4817//4817 5047//5047 5048//5048
f 4817//4817 5048//5048 4816//4816
f 4816//4816 5048//5048 5049//5049
f 4816//4816 5049//5049 4815//4815
f 4815//4815 5049//5049 5050//5050
f 4815//4815 5050//5050 4814//4814
f 4814//4814 5050//5050 5051//5051
f 4814//4814 5051//5051 4704//4704
f 4704//4704 5051//5051 4705//4705
f 4704//4704 4705//4705 4643//4643
f 4643//4643 4705//4705 4644//4644
f 4141//4141 4140//4140 4688//4688
f 4688//4688 4140//4140 4689//4689
f 4688//4688 4689//4689 5052//5052
f 5052//5052 4689//4689 5053//5053
f 5052//5052 5053//5053 5054//5054
f 5054//5054 5053//5053 5055//5055
f 5054//5054 5055//5055 5056//5056
f 4158//4158 4134//4134 4745//4745
f 4745//4745 4134//4134 4688//4688
f 4745//4745 4688//4688 5057//5057
f 5057//5057 4688//4688 5052//5052
f 5057//5057 5052//5052 5058//5058
f 5058//5058 5052//5052 5054//5054
f 5058//5058 5054//5054 5059//5059
f 5059//5059 5054//5054 5056//5056
f 5059//5059 5056//5056 5060//5060
f 4146//4146 4152//4152 4690//4690
f 4690//4690 4152//4152 4691//4691
f 4690//4690 4691//4691 5061//5061
f 5061//5061 4691//4691 5062//5062
f 5061//5061 5062//5062 5063//5063
f 5063//5063 5062//5062 5064//5064
f 5063//5063 5064//5064 5065//5065
f 5065//5065 5064//5064 5066//5066
f 5065//5065 5066//5066 5067//5067
f 5067//5067 5066//5066 5068//5068
f 5067//5067 5068//5068 5069//5069
f 5069//5069 5068//5068 5070//5070
f 5069//5069 5070//5070 5071//5071
f 5071//5071 5070//5070 5072//5072
f 5071//5071 5072//5072 5073//5073
f 5073//5073 5072//5072 5074//5074
f 5073//5073 5074//5074 5075//5075
f 5075//5075 5074//5074 5076//5076
f 5075//5075 5076//5076 5077//5077
f 5077//5077 5076//5076 5078//5078
f 5077//5077 5078//5078 5079//5079
f 5079//5079 5078//5078 5080//5080
f 5079//5079 5080//5080 5081//5081
f 5081//5081 5080//5080 5082//5082
f 5081//5081 5082//5082 5083//5083
f 5083//5083 5082//5082 5084//5084
f 5083//5083 5084//5084 5085//5085
f 5085//5085 5084//5084 5086//5086
f 5085//5085 5086//5086 5087//5087
f 5087//5087 5086//5086 5088//5088
f 5087//5087 5088//5088 5089//5089
f 5089//5089 5088//5088 5090//5090
f 5089//5089 5090//5090 5091//5091
f 5091//5091 5090//5090 5092//5092
f 5091//5091 5092//5092 5093//5093
f 5093//5093 5092//5092 5094//5094
f 5093//5093 5094//5094 5095//5095
f 5095//5095 5094//5094 5096//5096
f 5095//5095 5096//5096 5097//5097
f 5097//5097 5096//5096 5098//5098
f 5097//5097 5098//5098 5099//5099
f 5099//5099 5098//5098 5100//5100
f 5099//5099 5100//5100 5101//5101
f 5101//5101 5100//5100 5102//5102
f 5101//5101 5102//5102 5103//5103
f 5103//5103 5102//5102 5104//5104
f 5103//5103 5104//5104 5105//5105
f 5105//5105 5104//5104 5106//5106
f 5105//5105 5106//5106 5107//5107
f 5107//5107 5106//5106 5108//5108
f 5107//5107 5108//5108 5109//5109
f 5109//5109 5108//5108 5110//5110
f 5109//5109 5110//5110 5111//5111
f 5111//5111 5110//5110 5112//5112
f 5111//5111 5112//5112 5113//5113
f 5113//5113 5112//5112 5114//5114
f 5113//5113 5114//5114 5115//5115
f 5115//5115 5114//5114 5116//5116
f 5115//5115 5116//5116 5117//5117
f 5117//5117 5116//5116 5118//5118
f 5117//5117 5118//5118 5119//5119
f 5119//5119 5118//5118 5120//5120
f 5119//5119 5120//5120 5121//5121
f 5121//5121 5120//5120 5122//5122
f 5121//5121 5122//5122 5123//5123
f 5123//5123 5122//5122 5124//5124
f 5123//5123 5124//5124 5125//5125
f 5125//5125 5124//5124 5126//5126
f 5125//5125 5126//5126 5127//5127
f 5127//5127 5126//5126 5128//5128
f 5127//5127 5128//5128 5129//5129
f 5129//5129 5128//5128 5130//5130
f 5129//5129 5130//5130 5131//5131
f 5131//5131 5130//5130 5132//5132
f 5131//5131 5132//5132 5133//5133
f 5133//5133 5132//5132 5134//5134
f 5133//5133 5134//5134 5135//5135
f 5135//5135 5134//5134 5136//5136
f 5135//5135 5136//5136 5137//5137
f 5137//5137 5136//5136 5138//5138
f 5137//5137 5138//5138 4697//4697
f 4697//4697 5138//5138 5139//5139
f 4697//4697 5139//5139 4664//4664
f 4664//4664 5139//5139 4663//4663
f 4151//4151 4155//4155 4691//4691
f 4691//4691 4155//4155 4744//4744
f 4691//4691 4744//4744 5062//5062
f 5062//5062 4744//4744 4743//4743
f 5062//5062 4743//4743 5064//5064
f 5064//5064 4743//4743 4742//4742
f 5064//5064 4742//4742 5066//5066
f 5066//5066 4742//4742 4741//4741
f 5066//5066 4741//4741 5068//5068
f 5068//5068 4741//4741 4692//4692
f 5068//5068 4692//4692 5070//5070
f 5070//5070 4692//4692 4740//4740
f 5070//5070 4740//4740 5072//5072
f 5072//5072 4740//4740 4739//4739
f 5072//5072 4739//4739 5074//5074
f 5074//5074 4739//4739 4738//4738
f 5074//5074 4738//4738 5076//5076
f 5076//5076 4738//4738 4737//4737
f 5076//5076 4737//4737 5078//5078
f 5078//5078 4737//4737 4736//4736
f 5078//5078 4736//4736 5080//5080
f 5080//5080 4736//4736 4735//4735
f 5080//5080 4735//4735 5082//5082
f 5082//5082 4735//4735 4734//4734
f 5082//5082 4734//4734 5084//5084
f 5084//5084 4734//4734 4733//4733
f 5084//5084 4733//4733 5086//5086
f 5086//5086 4733//4733 4732//4732
f 5086//5086 4732//4732 5088//5088
f 5088//5088 4732//4732 4693//4693
f 5088//5088 4693//4693 5090//5090
f 5090//5090 4693//4693 4731//4731
f 5090//5090 4731//4731 5092//5092
f 5092//5092 4731//4731 4730//4730
f 5092//5092 4730//4730 5094//5094
f 5094//5094 4730//4730 4729//4729
f 5094//5094 4729//4729 5096//5096
f 5096//5096 4729//4729 4694//4694
f 5096//5096 4694//4694 5098//5098
f 5098//5098 4694//4694 4728//4728
f 5098//5098 4728//4728 5100//5100
f 5100//5100 4728//4728 4727//4727
f 5100//5100 4727//4727 5102//5102
f 5102//5102 4727//4727 4726//4726
f 5102//5102 4726//4726 5104//5104
f 5104//5104 4726//4726 4725//4725
f 5104//5104 4725//4725 5106//5106
f 5106//5106 4725//4725 4724//4724
f 5106//5106 4724//4724 5108//5108
f 5108//5108 4724//4724 4722//4722
f 5108//5108 4722//4722 5110//5110
f 5110//5110 4722//4722 4723//4723
f 5110//5110 4723//4723 5112//5112
f 5112//5112 4723//4723 4720//4720
f 5112//5112 4720//4720 5114//5114
f 5114//5114 4720//4720 4721//4721
f 5114//5114 4721//4721 5116//5116
f 5116//5116 4721//4721 4695//4695
f 5116//5116 4695//4695 5118//5118
f 5118//5118 4695//4695 4719//4719
f 5118//5118 4719//4719 5120//5120
f 5120//5120 4719//4719 4718//4718
f 5120//5120 4718//4718 5122//5122
f 5122//5122 4718//4718 4717//4717
f 5122//5122 4717//4717 5124//5124
f 5124//5124 4717//4717 4716//4716
f 5124//5124 4716//4716 5126//5126
f 5126//5126 4716//4716 4715//4715
f 5126//5126 4715//4715 5128//5128
f 5128//5128 4715//4715 4714//4714
f 5128//5128 4714//4714 5130//5130
f 5130//5130 4714//4714 4713//4713
f 5130//5130 4713//4713 5132//5132
f 5132//5132 4713//4713 4712//4712
f 5132//5132 4712//4712 5134//5134
f 5134//5134 4712//4712 4711//4711
f 5134//5134 4711//4711 5136//5136
f 5136//5136 4711//4711 4710//4710
f 5136//5136 4710//4710 5138//5138
f 5138//5138 4710//4710 4696//4696
f 5138//5138 4696//4696 5139//5139
f 5139//5139 4696//4696 4654//4654
f 5139//5139 4654//4654 4663//4663
f 4668//4668 4655//4655 4698//4698
f 4698//4698 4655//4655 4699//4699
f 4698//4698 4699//4699 5140//5140
f 5140//5140 4699//4699 5141//5141
f 5140//5140 5141//5141 5142//5142
f 5142//5142 5141//5141 5143//5143
f 5142//5142 5143//5143 5144//5144
f 5144//5144 5143//5143 5145//5145
f 5144//5144 5145//5145 5146//5146
f 5146//5146 5145//5145 5147//5147
f 5146//5146 5147//5147 5148//5148
f 5148//5148 5147//5147 5149//5149
f 5148//5148 5149//5149 5150//5150
f 5150//5150 5149//5149 5151//5151
f 5150//5150 5151//5151 5152//5152
f 5152//5152 5151//5151 5153//5153
f 5152//5152 5153//5153 5154//5154
f 5154//5154 5153//5153 5155//5155
f 5154//5154 5155//5155 5156//5156
f 5156//5156 5155//5155 5157//5157
f 5156//5156 5157//5157 5158//5158
f 5158//5158 5157//5157 5159//5159
f 5158//5158 5159//5159 5160//5160
f 5160//5160 5159//5159 5161//5161
f 5160//5160 5161//5161 5162//5162
f 5162//5162 5161//5161 5163//5163
f 5162//5162 5163//5163 5164//5164
f 5164//5164 5163//5163 5165//5165
f 5164//5164 5165//5165 5166//5166
f 5166//5166 5165//5165 5167//5167
f 5166//5166 5167//5167 5168//5168
f 5168//5168 5167//5167 5169//5169
f 5168//5168 5169//5169 5170//5170
f 5170//5170 5169//5169 5171//5171
f 5170//5170 5171//5171 5172//5172
f 5172//5172 5171//5171 5173//5173
f 5172//5172 5173//5173 5174//5174
f 5174//5174 5173//5173 5175//5175
f 5174//5174 5175//5175 5176//5176
f 5176//5176 5175//5175 5177//5177
f 5176//5176 5177//5177 5178//5178
f 5178//5178 5177//5177 5179//5179
f 5178//5178 5179//5179 5180//5180
f 5180//5180 5179//5179 5181//5181
f 5180//5180 5181//5181 5182//5182
f 5182//5182 5181//5181 5183//5183
f 5182//5182 5183//5183 5184//5184
f 5184//5184 5183//5183 5185//5185
f 5184//5184 5185//5185 5186//5186
f 5186//5186 5185//5185 5187//5187
f 5186//5186 5187//5187 5188//5188
f 5188//5188 5187//5187 5189//5189
f 5188//5188 5189//5189 5190//5190
f 5190//5190 5189//5189 5191//5191
f 5190//5190 5191//5191 5192//5192
f 5192//5192 5191//5191 5193//5193
f 5192//5192 5193//5193 5194//5194
f 5194//5194 5193//5193 5195//5195
f 5194//5194 5195//5195 5196//5196
f 5196//5196 5195//5195 5197//5197
f 5196//5196 5197//5197 5198//5198
f 5198//5198 5197//5197 5199//5199
f 5198//5198 5199//5199 5200//5200
f 5200//5200 5199//5199 5201//5201
f 5200//5200 5201//5201 5202//5202
f 5202//5202 5201//5201 5203//5203
f 5202//5202 5203//5203 5204//5204
f 5204//5204 5203//5203 5205//5205
f 5204//5204 5205//5205 5206//5206
f 5206//5206 5205//5205 5207//5207
f 5206//5206 5207//5207 5208//5208
f 5208//5208 5207//5207 5209//5209
f 5208//5208 5209//5209 5210//5210
f 5210//5210 5209//5209 5211//5211
f 5210//5210 5211//5211 5212//5212
f 4182//4182 4156//4156 4687//4687
f 4687//4687 4156//4156 4745//4745
f 4687//4687 4745//4745 5213//5213
f 5213//5213 4745//4745 5057//5057
f 5213//5213 5057//5057 5214//5214
f 5214//5214 5057//5057 5058//5058
f 5214//5214 5058//5058 5215//5215
f 5215//5215 5058//5058 5059//5059
f 5215//5215 5059//5059 5216//5216
f 5216//5216 5059//5059 5060//5060
f 5216//5216 5060//5060 5217//5217
f 5217//5217 5060//5060 5218//5218
f 5217//5217 5218//5218 5219//5219
f 5219//5219 5218//5218 5220//5220
f 5219//5219 5220//5220 5221//5221
f 5221//5221 5220//5220 5222//5222
f 5221//5221 5222//5222 5223//5223
f 5223//5223 5222//5222 5224//5224
f 5223//5223 5224//5224 5225//5225
f 5225//5225 5224//5224 5226//5226
f 5225//5225 5226//5226 5227//5227
f 5227//5227 5226//5226 5228//5228
f 5227//5227 5228//5228 5229//5229
f 5229//5229 5228//5228 5230//5230
f 5229//5229 5230//5230 5231//5231
f 5231//5231 5230//5230 5232//5232
f 5231//5231 5232//5232 5233//5233
f 5233//5233 5232//5232 5234//5234
f 5233//5233 5234//5234 5235//5235
f 5235//5235 5234//5234 5236//5236
f 5235//5235 5236//5236 5237//5237
f 5237//5237 5236//5236 5238//5238
f 5237//5237 5238//5238 5239//5239
f 5239//5239 5238//5238 5240//5240
f 5239//5239 5240//5240 5241//5241
f 5241//5241 5240//5240 5242//5242
f 5241//5241 5242//5242 5243//5243
f 5243//5243 5242//5242 5244//5244
f 5243//5243 5244//5244 5245//5245
f 5245//5245 5244//5244 5246//5246
f 5245//5245 5246//5246 5247//5247
f 5247//5247 5246//5246 5248//5248
f 5247//5247 5248//5248 5249//5249
f 5249//5249 5248//5248 5250//5250
f 5249//5249 5250//5250 5251//5251
f 5251//5251 5250//5250 5252//5252
f 5251//5251 5252//5252 5253//5253
f 5253//5253 5252//5252 5254//5254
f 5253//5253 5254//5254 5255//5255
f 5255//5255 5254//5254 5256//5256
f 5255//5255 5256//5256 5257//5257
f 5257//5257 5256//5256 5258//5258
f 5257//5257 5258//5258 5259//5259
f 5259//5259 5258//5258 5260//5260
f 5259//5259 5260//5260 5261//5261
f 5261//5261 5260//5260 5262//5262
f 5261//5261 5262//5262 5263//5263
f 5263//5263 5262//5262 5264//5264
f 5263//5263 5264//5264 5265//5265
f 5265//5265 5264//5264 5266//5266
f 5265//5265 5266//5266 5267//5267
f 5267//5267 5266//5266 5268//5268
f 5267//5267 5268//5268 5269//5269
f 5269//5269 5268//5268 5270//5270
f 5269//5269 5270//5270 5271//5271
f 5271//5271 5270//5270 5272//5272
f 5271//5271 5272//5272 5273//5273
f 5273//5273 5272//5272 5274//5274
f 5273//5273 5274//5274 5275//5275
f 5275//5275 5274//5274 5276//5276
f 5275//5275 5276//5276 5277//5277
f 5277//5277 5276//5276 5278//5278
f 5277//5277 5278//5278 5279//5279
f 5279//5279 5278//5278 5280//5280
f 5279//5279 5280//5280 5281//5281
f 5281//5281 5280//5280 5282//5282
f 5281//5281 5282//5282 5283//5283
f 5283//5283 5282//5282 5284//5284
f 5283//5283 5284//5284 4708//4708
f 4708//4708 5284//5284 4709//4709
f 4708//4708 4709//4709 4674//4674
f 4674//4674 4709//4709 4675//4675
f 5055//5055 5212//5212 5056//5056
f 5056//5056 5212//5212 5211//5211
f 5056//5056 5211//5211 5060//5060
f 5060//5060 5211//5211 5209//5209
f 5060//5060 5209//5209 5218//5218
f 5218//5218 5209//5209 5207//5207
f 5218//5218 5207//5207 5220//5220
f 5220//5220 5207//5207 5205//5205
f 5220//5220 5205//5205 5222//5222
f 5222//5222 5205//5205 5203//5203
f 5222//5222 5203//5203 5224//5224
f 5224//5224 5203//5203 5201//5201
f 5224//5224 5201//5201 5226//5226
f 5226//5226 5201//5201 5199//5199
f 5226//5226 5199//5199 5228//5228
f 5228//5228 5199//5199 5197//5197
f 5228//5228 5197//5197 5230//5230
f 5230//5230 5197//5197 5195//5195
f 5230//5230 5195//5195 5232//5232
f 5232//5232 5195//5195 5193//5193
f 5232//5232 5193//5193 5234//5234
f 5234//5234 5193//5193 5191//5191
f 5234//5234 5191//5191 5236//5236
f 5236//5236 5191//5191 5189//5189
f 5236//5236 5189//5189 5238//5238
f 5238//5238 5189//5189 5187//5187
f 5238//5238 5187//5187 5240//5240
f 5240//5240 5187//5187 5185//5185
f 5240//5240 5185//5185 5242//5242
f 5242//5242 5185//5185 5183//5183
f 5242//5242 5183//5183 5244//5244
f 5244//5244 5183//5183 5181//5181
f 5244//5244 5181//5181 5246//5246
f 5246//5246 5181//5181 5179//5179
f 5246//5246 5179//5179 5248//5248
f 5248//5248 5179//5179 5177//5177
f 5248//5248 5177//5177 5250//5250
f 5250//5250 5177//5177 5175//5175
f 5250//5250 5175//5175 5252//5252
f 5252//5252 5175//5175 5173//5173
f 5252//5252 5173//5173 5254//5254
f 5254//5254 5173//5173 5171//5171
f 5254//5254 5171//5171 5256//5256
f 5256//5256 5171//5171 5169//5169
f 5256//5256 5169//5169 5258//5258
f 5258//5258 5169//5169 5167//5167
f 5258//5258 5167//5167 5260//5260
f 5260//5260 5167//5167 5165//5165
f 5260//5260 5165//5165 5262//5262
f 5262//5262 5165//5165 5163//5163
f 5262//5262 5163//5163 5264//5264
f 5264//5264 5163//5163 5161//5161
f 5264//5264 5161//5161 5266//5266
f 5266//5266 5161//5161 5159//5159
f 5266//5266 5159//5159 5268//5268
f 5268//5268 5159//5159 5157//5157
f 5268//5268 5157//5157 5270//5270
f 5270//5270 5157//5157 5155//5155
f 5270//5270 5155//5155 5272//5272
f 5272//5272 5155//5155 5153//5153
f 5272//5272 5153//5153 5274//5274
f 5274//5274 5153//5153 5151//5151
f 5274//5274 5151//5151 5276//5276
f 5276//5276 5151//5151 5149//5149
f 5276//5276 5149//5149 5278//5278
f 5278//5278 5149//5149 5147//5147
f 5278//5278 5147//5147 5280//5280
f 5280//5280 5147//5147 5145//5145
f 5280//5280 5145//5145 5282//5282
f 5282//5282 5145//5145 5143//5143
f 5282//5282 5143//5143 5284//5284
f 5284//5284 5143//5143 5141//5141
f 5284//5284 5141//5141 4709//4709
f 4709//4709 5141//5141 4699//4699
f 4709//4709 4699//4699 4676//4676
f 4676//4676 4699//4699 4677//4677
f 4148//4148 4147//4147 4689//4689
f 4689//4689 4147//4147 4690//4690
f 4689//4689 4690//4690 5053//5053
f 5053//5053 4690//4690 5061//5061
f 5053//5053 5061//5061 5055//5055
f 5055//5055 5061//5061 5063//5063
f 5055//5055 5063//5063 5212//5212
f 5212//5212 5063//5063 5065//5065
f 5212//5212 5065//5065 5210//5210
f 5210//5210 5065//5065 5067//5067
f 5210//5210 5067//5067 5208//5208
f 5208//5208 5067//5067 5069//5069
f 5208//5208 5069//5069 5206//5206
f 5206//5206 5069//5069 5071//5071
f 5206//5206 5071//5071 5204//5204
f 5204//5204 5071//5071 5073//5073
f 5204//5204 5073//5073 5202//5202
f 5202//5202 5073//5073 5075//5075
f 5202//5202 5075//5075 5200//5200
f 5200//5200 5075//5075 5077//5077
f 5200//5200 5077//5077 5198//5198
f 5198//5198 5077//5077 5079//5079
f 5198//5198 5079//5079 5196//5196
f 5196//5196 5079//5079 5081//5081
f 5196//5196 5081//5081 5194//5194
f 5194//5194 5081//5081 5083//5083
f 5194//5194 5083//5083 5192//5192
f 5192//5192 5083//5083 5085//5085
f 5192//5192 5085//5085 5190//5190
f 5190//5190 5085//5085 5087//5087
f 5190//5190 5087//5087 5188//5188
f 5188//5188 5087//5087 5089//5089
f 5188//5188 5089//5089 5186//5186
f 5186//5186 5089//5089 5091//5091
f 5186//5186 5091//5091 5184//5184
f 5184//5184 5091//5091 5093//5093
f 5184//5184 5093//5093 5182//5182
f 5182//5182 5093//5093 5095//5095
f 5182//5182 5095//5095 5180//5180
f 5180//5180 5095//5095 5097//5097
f 5180//5180 5097//5097 5178//5178
f 5178//5178 5097//5097 5099//5099
f 5178//5178 5099//5099 5176//5176
f 5176//5176 5099//5099 5101//5101
f 5176//5176 5101//5101 5174//5174
f 5174//5174 5101//5101 5103//5103
f 5174//5174 5103//5103 5172//5172
f 5172//5172 5103//5103 5105//5105
f 5172//5172 5105//5105 5170//5170
f 5170//5170 5105//5105 5107//5107
f 5170//5170 5107//5107 5168//5168
f 5168//5168 5107//5107 5109//5109
f 5168//5168 5109//5109 5166//5166
f 5166//5166 5109//5109 5111//5111
f 5166//5166 5111//5111 5164//5164
f 5164//5164 5111//5111 5113//5113
f 5164//5164 5113//5113 5162//5162
f 5162//5162 5113//5113 5115//5115
f 5162//5162 5115//5115 5160//5160
f 5160//5160 5115//5115 5117//5117
f 5160//5160 5117//5117 5158//5158
f 5158//5158 5117//5117 5119//5119
f 5158//5158 5119//5119 5156//5156
f 5156//5156 5119//5119 5121//5121
f 5156//5156 5121//5121 5154//5154
f 5154//5154 5121//5121 5123//5123
f 5154//5154 5123//5123 5152//5152
f 5152//5152 5123//5123 5125//5125
f 5152//5152 5125//5125 5150//5150
f 5150//5150 5125//5125 5127//5127
f 5150//5150 5127//5127 5148//5148
f 5148//5148 5127//5127 5129//5129
f 5148//5148 5129//5129 5146//5146
f 5146//5146 5129//5129 5131//5131
f 5146//5146 5131//5131 5144//5144
f 5144//5144 5131//5131 5133//5133
f 5144//5144 5133//5133 5142//5142
f 5142//5142 5133//5133 5135//5135
f 5142//5142 5135//5135 5140//5140
f 5140//5140 5135//5135 5137//5137
f 5140//5140 5137//5137 4698//4698
f 4698//4698 5137//5137 4697//4697
f 4698//4698 4697//4697 4667//4667
f 4667//4667 4697//4697 4666//4666
f 4184//4184 4183//4183 4686//4686
f 4686//4686 4183//4183 4687//4687
f 4686//4686 4687//4687 4822//4822
f 4822//4822 4687//4687 5213//5213
f 4822//4822 5213//5213 4824//4824
f 4824//4824 5213//5213 5214//5214
f 4824//4824 5214//5214 4826//4826
f 4826//4826 5214//5214 5215//5215
f 4826//4826 5215//5215 4828//4828
f 4828//4828 5215//5215 5216//5216
f 4828//4828 5216//5216 4830//4830
f 4830//4830 5216//5216 5217//5217
f 4830//4830 5217//5217 4832//4832
f 4832//4832 5217//5217 5219//5219
f 4832//4832 5219//5219 4834//4834
f 4834//4834 5219//5219 5221//5221
f 4834//4834 5221//5221 4836//4836
f 4836//4836 5221//5221 5223//5223
f 4836//4836 5223//5223 4838//4838
f 4838//4838 5223//5223 5225//5225
f 4838//4838 5225//5225 4840//4840
f 4840//4840 5225//5225 5227//5227
f 4840//4840 5227//5227 4842//4842
f 4842//4842 5227//5227 5229//5229
f 4842//4842 5229//5229 4844//4844
f 4844//4844 5229//5229 5231//5231
f 4844//4844 5231//5231 4846//4846
f 4846//4846 5231//5231 5233//5233
f 4846//4846 5233//5233 4848//4848
f 4848//4848 5233//5233 5235//5235
f 4848//4848 5235//5235 4850//4850
f 4850//4850 5235//5235 5237//5237
f 4850//4850 5237//5237 4852//4852
f 4852//4852 5237//5237 5239//5239
f 4852//4852 5239//5239 4854//4854
f 4854//4854 5239//5239 5241//5241
f 4854//4854 5241//5241 4856//4856
f 4856//4856 5241//5241 5243//5243
f 4856//4856 5243//5243 4858//4858
f 4858//4858 5243//5243 5245//5245
f 4858//4858 5245//5245 4860//4860
f 4860//4860 5245//5245 5247//5247
f 4860//4860 5247//5247 4862//4862
f 4862//4862 5247//5247 5249//5249
f 4862//4862 5249//5249 4864//4864
f 4864//4864 5249//5249 5251//5251
f 4864//4864 5251//5251 4866//4866
f 4866//4866 5251//5251 5253//5253
f 4866//4866 5253//5253 4868//4868
f 4868//4868 5253//5253 5255//5255
f 4868//4868 5255//5255 4870//4870
f 4870//4870 5255//5255 5257//5257
f 4870//4870 5257//5257 4872//4872
f 4872//4872 5257//5257 5259//5259
f 4872//4872 5259//5259 4874//4874
f 4874//4874 5259//5259 5261//5261
f 4874//4874 5261//5261 4876//4876
f 4876//4876 5261//5261 5263//5263
f 4876//4876 5263//5263 4878//4878
f 4878//4878 5263//5263 5265//5265
f 4878//4878 5265//5265 4880//4880
f 4880//4880 5265//5265 5267//5267
f 4880//4880 5267//5267 4882//4882
f 4882//4882 5267//5267 5269//5269
f 4882//4882 5269//5269 4883//4883
f 4883//4883 5269//5269 5271//5271
f 4883//4883 5271//5271 4916//4916
f 4916//4916 5271//5271 5273//5273
f 4916//4916 5273//5273 4942//4942
f 4942//4942 5273//5273 5275//5275
f 4942//4942 5275//5275 4943//4943
f 4943//4943 5275//5275 5277//5277
f 4943//4943 5277//5277 4944//4944
f 4944//4944 5277//5277 5279//5279
f 4944//4944 5279//5279 4945//4945
f 4945//4945 5279//5279 5281//5281
f 4945//4945 5281//5281 4946//4946
f 4946//4946 5281//5281 5283//5283
f 4946//4946 5283//5283 4707//4707
f 4707//4707 5283//5283 4708//4708
f 4707//4707 4708//4708 4672//4672
f 4672//4672 4708//4708 4673//4673

