# https://github.com/mikedh/trimesh

o link_1.stl
v -0.00000000 0.02500000 -0.01000000
v 0.00434120 0.02462019 -0.01000000
v 0.02462019 -0.00434120 -0.01000000
v 0.00855050 0.02349232 -0.01000000
v 0.01250000 0.02165063 -0.01000000
v -0.02462019 0.00434120 -0.01000000
v 0.02349232 -0.00855050 -0.01000000
v 0.02165063 -0.01250000 -0.01000000
v 0.01915111 -0.01606969 -0.01000000
v 0.01606969 -0.01915111 -0.01000000
v 0.01250000 -0.02165063 -0.01000000
v -0.02349232 0.00855050 -0.01000000
v -0.02165063 0.01250000 -0.01000000
v 0.00855050 -0.02349232 -0.01000000
v 0.00434120 -0.02462019 -0.01000000
v 0.00000000 -0.02500000 -0.01000000
v 0.01606969 0.01915111 -0.01000000
v 0.01915111 0.01606969 -0.01000000
v 0.02165063 0.01250000 -0.01000000
v 0.02349232 0.00855050 -0.01000000
v 0.02462019 0.00434120 -0.01000000
v 0.02500000 0.00000000 -0.01000000
v -0.00434120 -0.02462019 -0.01000000
v -0.00855050 -0.02349232 -0.01000000
v -0.01250000 -0.02165063 -0.01000000
v -0.02165063 -0.01250000 -0.01000000
v -0.02349232 -0.00855050 -0.01000000
v -0.02462019 -0.00434120 -0.01000000
v -0.02500000 -0.00000000 -0.01000000
v -0.01915111 0.01606969 -0.01000000
v -0.01606969 0.01915111 -0.01000000
v -0.01250000 0.02165063 -0.01000000
v -0.01606969 -0.01915111 -0.01000000
v -0.01915111 -0.01606969 -0.01000000
v -0.00855050 0.02349232 -0.01000000
v -0.00434120 0.02462019 -0.01000000
v -0.02500000 -0.00000000 0.00000001
v -0.02485605 -0.00268076 0.00000001
v -0.02458528 -0.00433549 0.00000001
v -0.02441441 -0.00537972 0.00000001
v -0.02366146 -0.00807109 0.00000001
v -0.02263259 -0.01061970 0.00000001
v -0.02347134 -0.00854204 0.00000001
v -0.01912526 -0.01604741 0.00000001
v -0.01979255 -0.01527321 0.00000001
v -0.02133811 -0.01302647 0.00000001
v -0.02162786 -0.01248775 0.00000001
v -0.01802952 -0.01731872 0.00000001
v -0.01606982 -0.01915125 0.00000001
v -0.01606767 -0.01915325 0.00000001
v -0.01392096 -0.02076554 0.00000001
v -0.00854194 -0.02346703 0.00000001
v -0.00922372 -0.02323624 0.00000001
v -0.01165766 -0.02211595 0.00000001
v -0.01248360 -0.02162315 0.00000001
v -0.00678162 -0.02406290 0.00000001
v -0.00433946 -0.02461242 0.00000001
v -0.00418368 -0.02464748 0.00000001
v -0.00164813 -0.02494580 0.00000001
v 0.00433561 -0.02459328 0.00000001
v 0.00370957 -0.02472332 0.00000001
v 0.00103792 -0.02497856 0.00000001
v 0.00000042 -0.02496591 0.00000001
v 0.00644709 -0.02415467 0.00000001
v 0.00854327 -0.02347016 0.00000001
v 0.00904623 -0.02330592 0.00000001
v 0.01149987 -0.02219841 0.00000001
v 0.01606753 -0.01914879 0.00000001
v 0.01601872 -0.01919421 0.00000001
v 0.01382371 -0.02083040 0.00000001
v 0.01248208 -0.02162020 0.00000001
v 0.01798566 -0.01736428 0.00000001
v 0.01912646 -0.01604832 0.00000001
v 0.01974367 -0.01533634 0.00000001
v 0.02126800 -0.01314061 0.00000001
v 0.02253577 -0.01082368 0.00000001
v 0.02162593 -0.01248648 0.00000001
v 0.02458816 -0.00433521 0.00000001
v 0.02430022 -0.00587435 0.00000001
v 0.02355466 -0.00837756 0.00000001
v 0.02348405 -0.00854706 0.00000001
v 0.02478032 -0.00330804 0.00000001
v 0.02498993 -0.00071123 0.00000001
v 0.02492221 0.00197336 0.00000001
v 0.02497201 -0.00000071 0.00000001
v 0.02345843 0.00853841 0.00000001
v 0.02396727 0.00711222 0.00000001
v 0.02456547 0.00464088 0.00000001
v 0.02460581 0.00433928 0.00000001
v 0.02305793 0.00966095 0.00000001
v 0.02184537 0.01215702 0.00000001
v 0.02040316 0.01444707 0.00000001
v 0.02163541 0.01249041 0.00000001
v 0.01871238 0.01657886 0.00000001
v 0.01912969 0.01605270 0.00000001
v 0.01474619 0.02018810 0.00000001
v 0.01604848 0.01912513 0.00000001
v 0.01682499 0.01849132 0.00000001
v 0.01015296 0.02284565 0.00000001
v 0.01249956 0.02164976 0.00000001
v 0.01251969 0.02163950 0.00000001
v 0.00433673 0.02459183 0.00000001
v 0.00515330 0.02446315 0.00000001
v 0.00770620 0.02378288 0.00000001
v 0.00853953 0.02346368 0.00000001
v 0.00261624 0.02486294 0.00000001
v -0.00000008 0.02499845 0.00000001
v -0.00002958 0.02499998 0.00000001
v -0.00270973 0.02485291 0.00000001
v -0.00854239 0.02347228 0.00000001
v -0.00809849 0.02365209 0.00000001
v -0.00540978 0.02440778 0.00000001
v -0.00433539 0.02458490 0.00000001
v -0.01064696 0.02261978 0.00000001
v -0.01248732 0.02162713 0.00000001
v -0.01305119 0.02132300 0.00000001
v -0.01529659 0.01977449 0.00000001
v -0.01733962 0.01800942 0.00000001
v -0.01604766 0.01912561 0.00000001
v -0.02162280 0.01248344 0.00000001
v -0.02078168 0.01389685 0.00000001
v -0.01917184 0.01604549 0.00000001
v -0.01915012 0.01606877 0.00000001
v -0.02212915 0.01163258 0.00000001
v -0.02324471 0.00920237 0.00000001
v -0.02406886 0.00676045 0.00000001
v -0.02346754 0.00854214 0.00000001
v -0.02494731 0.00162519 0.00000001
v -0.02465110 0.00416228 0.00000001
v -0.02461145 0.00433924 0.00000001
v 0.01444745 -0.01050000 0.20340285
v 0.01605270 -0.01050000 0.20212969
v -0.01915079 -0.01050000 0.16693062
v 0.01657926 -0.01050000 0.20171204
v 0.01849165 -0.01050000 0.19982460
v 0.01389661 -0.01050000 0.16221815
v 0.01248343 -0.01050000 0.16137719
v 0.00433924 -0.01050000 0.15838856
v 0.00676018 -0.01050000 0.15893105
v 0.00854214 -0.01050000 0.15953246
v -0.02077183 -0.01050000 0.16908842
v -0.02162300 -0.01050000 0.17051646
v 0.00433928 -0.01050000 0.20760581
v -0.02346727 -0.01050000 0.17445797
v -0.02406589 -0.01050000 0.17622897
v -0.02461193 -0.01050000 0.17866066
v 0.00197349 -0.01050000 0.20792219
v 0.01912513 -0.01050000 0.19904849
v 0.02018841 -0.01050000 0.19774580
v 0.02163975 -0.01050000 0.19551921
v 0.02459184 -0.01050000 0.18733674
v 0.02486300 -0.01050000 0.18561569
v 0.02499844 -0.01050000 0.18299991
v 0.02499998 -0.01050000 0.18297023
v 0.02261952 -0.01050000 0.17235252
v 0.02162713 -0.01050000 0.17051268
v 0.01604508 -0.01050000 0.16382781
v 0.00416218 -0.01050000 0.15834889
v 0.00162509 -0.01050000 0.15805268
v -0.00000000 -0.01050000 0.15799999
v 0.00464064 -0.01050000 0.20756552
v 0.00711266 -0.01050000 0.20696715
v 0.00853841 -0.01050000 0.20645842
v 0.00966131 -0.01050000 0.20605776
v 0.01215747 -0.01050000 0.20484513
v 0.01249043 -0.01050000 0.20463544
v 0.02164977 -0.01050000 0.19549954
v 0.02284585 -0.01050000 0.19315255
v 0.02346366 -0.01050000 0.19153953
v 0.01163213 -0.01050000 0.16087061
v 0.00920237 -0.01050000 0.15975529
v -0.00269238 -0.01050000 0.15814519
v -0.00433545 -0.01050000 0.15841487
v -0.00539168 -0.01050000 0.15858823
v -0.00808193 -0.01050000 0.15934223
v -0.00854218 -0.01050000 0.15952829
v -0.01732691 -0.01050000 0.16497833
v -0.01604751 -0.01050000 0.16387460
v -0.01916064 -0.01050000 0.16694114
v -0.02212119 -0.01050000 0.17135230
v -0.02324038 -0.01050000 0.17378670
v -0.02346982 -0.01050000 0.19154313
v -0.02415150 -0.01050000 0.18945894
v -0.02459362 -0.01050000 0.18733567
v -0.02162021 -0.01050000 0.19548208
v -0.02083049 -0.01050000 0.19682357
v 0.02378304 -0.01050000 0.19070566
v 0.02446325 -0.01050000 0.18815291
v 0.02485288 -0.01050000 0.18028983
v 0.02458489 -0.01050000 0.17866462
v 0.02440765 -0.01050000 0.17758974
v 0.01912562 -0.01050000 0.16695234
v 0.01800919 -0.01050000 0.16566011
v 0.01606875 -0.01050000 0.16384989
v -0.01063055 -0.01050000 0.16037253
v -0.01248759 -0.01050000 0.16137242
v -0.01528252 -0.01050000 0.16321465
v -0.01303621 -0.01050000 0.16166782
v -0.02472164 -0.01050000 0.18672088
v -0.02497806 -0.01050000 0.18404946
v -0.02496576 -0.01050000 0.18300039
v -0.02330183 -0.01050000 0.19205675
v -0.02219817 -0.01050000 0.19450033
v -0.01919418 -0.01050000 0.19901875
v -0.01914880 -0.01050000 0.19906753
v -0.01736434 -0.01050000 0.20098558
v -0.01604832 -0.01050000 0.20212644
v -0.01533629 -0.01050000 0.20274371
v -0.01314063 -0.01050000 0.20426798
v 0.02365196 -0.01050000 0.17490107
v 0.02347231 -0.01050000 0.17445761
v 0.02132279 -0.01050000 0.16994843
v 0.01977413 -0.01050000 0.16770297
v -0.02464926 -0.01050000 0.17882693
v -0.02494656 -0.01050000 0.18136334
v -0.01248648 -0.01050000 0.20462590
v -0.01082362 -0.01050000 0.20553580
v -0.00854706 -0.01050000 0.20648402
v -0.00433521 -0.01050000 0.20758814
v -0.00330790 -0.01050000 0.20778030
v -0.00837751 -0.01050000 0.20655465
v -0.00587429 -0.01050000 0.20730025
v -0.00071126 -0.01050000 0.20798993
v -0.00000071 -0.01050000 0.20797202
v -0.06484167 -0.00453417 0.00000001
v -0.06357960 -0.01351426 0.00000001
v -0.06108002 -0.02223131 0.00000001
v -0.02434943 0.06026695 0.00000001
v -0.03250000 0.05629165 0.00000001
v -0.04001800 0.05122070 0.00000001
v -0.05739160 -0.03051565 0.00000001
v -0.05258610 -0.03820604 0.00000001
v 0.02008610 -0.06181867 0.00000001
v 0.01128713 -0.06401251 0.00000001
v -0.01572492 0.06306922 0.00000001
v -0.00679435 0.06464393 0.00000001
v 0.05512313 0.03444475 0.00000001
v 0.04979289 0.04178119 0.00000001
v 0.04349349 0.04830441 0.00000001
v -0.04675709 0.04515279 0.00000001
v -0.05258610 0.03820604 0.00000001
v -0.05739160 0.03051565 0.00000001
v -0.06108002 0.02223131 0.00000001
v -0.04675709 -0.04515279 0.00000001
v 0.02849413 -0.05842161 0.00000001
v 0.06436742 0.00904625 0.00000001
v 0.04979289 -0.04178119 0.00000001
v 0.05512313 -0.03444475 0.00000001
v 0.06248201 0.01791643 0.00000001
v 0.05938045 0.02643788 0.00000001
v -0.06357960 0.01351426 0.00000001
v -0.06484167 0.00453417 0.00000001
v -0.06500000 0.00000000 0.00000001
v -0.04001800 -0.05122070 0.00000001
v -0.03250000 -0.05629165 0.00000001
v -0.02434943 -0.06026695 0.00000001
v 0.03634754 -0.05388744 0.00000001
v 0.04349349 -0.04830441 0.00000001
v 0.03634754 0.05388744 0.00000001
v 0.00226847 0.06496041 0.00000001
v 0.00226847 -0.06496041 0.00000001
v -0.00679435 -0.06464393 0.00000001
v 0.05938045 -0.02643788 0.00000001
v -0.01572492 -0.06306922 0.00000001
v 0.06500000 -0.00000000 0.00000001
v 0.02849413 0.05842161 0.00000001
v 0.06248201 -0.01791643 0.00000001
v 0.06436742 -0.00904625 0.00000001
v 0.02008610 0.06181867 0.00000001
v 0.01128713 0.06401251 0.00000001
v 0.02406290 -0.00050000 0.17621836
v 0.02346703 -0.00050000 0.17445806
v 0.02323624 -0.00050000 0.17377627
v 0.02211595 -0.00050000 0.17134234
v 0.02162315 -0.00050000 0.17051640
v 0.02076554 -0.00050000 0.16907904
v 0.01915325 -0.00050000 0.16693231
v 0.01915125 -0.00050000 0.16693017
v 0.01731872 -0.00050000 0.16497046
v 0.01604741 -0.00050000 0.16387472
v 0.01527321 -0.00050000 0.16320744
v 0.01302647 -0.00050000 0.16166189
v 0.01248775 -0.00050000 0.16137213
v 0.01061970 -0.00050000 0.16036740
v 0.00854204 -0.00050000 0.15952864
v 0.00807109 -0.00050000 0.15933853
v 0.00537972 -0.00050000 0.15858558
v 0.00433549 -0.00050000 0.15841472
v 0.00268076 -0.00050000 0.15814394
v 0.02461242 -0.00050000 0.17866054
v 0.02464748 -0.00050000 0.17881632
v 0.02494580 -0.00050000 0.18135187
v 0.02496591 -0.00050000 0.18300042
v 0.02497856 -0.00050000 0.18403792
v 0.02472332 -0.00050000 0.18670955
v 0.02459328 -0.00050000 0.18733561
v 0.02415467 -0.00050000 0.18944708
v 0.02347016 -0.00050000 0.19154325
v 0.02330592 -0.00050000 0.19204623
v 0.02219841 -0.00050000 0.19449985
v 0.02162020 -0.00050000 0.19548208
v 0.02083040 -0.00050000 0.19682372
v -0.00197336 -0.00050000 0.20792222
v 0.00000071 -0.00050000 0.20797199
v 0.00071123 -0.00050000 0.20798993
v 0.00330804 -0.00050000 0.20778030
v 0.00433521 -0.00050000 0.20758817
v 0.00587435 -0.00050000 0.20730022
v 0.00837756 -0.00050000 0.20655465
v 0.00854706 -0.00050000 0.20648405
v 0.01082368 -0.00050000 0.20553577
v 0.01248648 -0.00050000 0.20462593
v 0.01314061 -0.00050000 0.20426801
v 0.01533634 -0.00050000 0.20274368
v 0.01604832 -0.00050000 0.20212644
v 0.01736428 -0.00050000 0.20098564
v 0.01914879 -0.00050000 0.19906753
v 0.01919421 -0.00050000 0.19901872
v -0.00433928 -0.00050000 0.20760581
v -0.00464088 -0.00050000 0.20756546
v -0.00711222 -0.00050000 0.20696726
v -0.00853841 -0.00050000 0.20645842
v -0.00966095 -0.00050000 0.20605794
v -0.01215702 -0.00050000 0.20484537
v -0.01249041 -0.00050000 0.20463541
v -0.01444707 -0.00050000 0.20340315
v -0.01605270 -0.00050000 0.20212969
v -0.01657886 -0.00050000 0.20171237
v -0.01849132 -0.00050000 0.19982499
v -0.01912513 -0.00050000 0.19904849
v -0.02163950 -0.00050000 0.19551969
v -0.02164976 -0.00050000 0.19549954
v -0.02018810 -0.00050000 0.19774619
v -0.02486294 -0.00050000 0.18561623
v -0.02459183 -0.00050000 0.18733674
v -0.02446315 -0.00050000 0.18815330
v -0.02378288 -0.00050000 0.19070619
v -0.02346368 -0.00050000 0.19153953
v -0.02284565 -0.00050000 0.19315296
v -0.00676045 -0.00050000 0.15893114
v -0.00854214 -0.00050000 0.15953246
v -0.00920237 -0.00050000 0.15975529
v -0.01163258 -0.00050000 0.16087085
v -0.01248344 -0.00050000 0.16137719
v -0.01389685 -0.00050000 0.16221833
v -0.01604549 -0.00050000 0.16382816
v -0.01606877 -0.00050000 0.16384986
v -0.01800942 -0.00050000 0.16566038
v -0.01912561 -0.00050000 0.16695234
v -0.01977449 -0.00050000 0.16770339
v -0.02132300 -0.00050000 0.16994882
v -0.02162713 -0.00050000 0.17051268
v -0.02261978 -0.00050000 0.17235303
v -0.02347228 -0.00050000 0.17445761
v -0.02365209 -0.00050000 0.17490152
v -0.02440778 -0.00050000 0.17759022
v -0.02458490 -0.00050000 0.17866459
v -0.02485291 -0.00050000 0.18029028
v -0.02499998 -0.00050000 0.18297040
v -0.02499845 -0.00050000 0.18299991
v -0.00000000 -0.00050000 0.15799999
v -0.00433924 -0.00050000 0.15838856
v -0.00416228 -0.00050000 0.15834889
v -0.00162519 -0.00050000 0.15805268
v -0.03372540 0.01946894 0.06696966
v -0.03318967 0.01162811 0.07475144
v -0.02819119 0.01684956 0.07241837
v -0.02200969 0.05440133 0.03775637
v -0.01895386 0.05604255 0.03735222
v -0.01907601 0.05861260 0.03248632
v -0.02215446 0.05706222 0.03280871
v -0.01917056 0.06063436 0.02754705
v -0.02238466 0.06076468 0.02283091
v -0.01926648 0.06214901 0.02263456
v -0.01938611 0.06324684 0.01779555
v -0.00316836 0.06106259 0.03532155
v 0.00000000 0.06132541 0.03485895
v 0.00000000 0.06335946 0.03068366
v -0.04604112 -0.00347309 0.13242108
v -0.04351178 -0.00334507 0.13016698
v -0.04349820 -0.00516592 0.12940785
v -0.04071530 -0.00780194 0.12523952
v -0.04057818 -0.00898116 0.12408832
v -0.04318779 -0.00952174 0.12643731
v -0.02626282 -0.00317551 0.11919809
v -0.02626137 -0.00354506 0.11891422
v -0.02934734 -0.00363516 0.12037135
v -0.02695084 -0.00762122 0.10881675
v -0.02543426 -0.00714844 0.10786820
v -0.02523130 -0.00690384 0.10624117
v -0.03202343 -0.00944800 0.10795874
v -0.03061637 -0.00874233 0.10690216
v -0.03033747 -0.00834023 0.10517431
v -0.02944841 -0.00836818 0.10755108
v -0.02798886 -0.00774425 0.10653860
v -0.02774013 -0.00735809 0.10486061
v -0.01665109 -0.00302249 0.11581910
v -0.01990513 -0.00305904 0.11678658
v -0.01990663 -0.00267264 0.11708767
v -0.01000047 -0.00466663 0.11131430
v -0.00666936 -0.00463214 0.11063734
v -0.00665658 -0.00481288 0.10961980
v -0.00327627 -0.00416506 0.10363219
v -0.00656519 -0.00445426 0.10451863
v -0.00660696 -0.00481062 0.10654170
v 0.00000000 -0.00478808 0.10832987
v 0.00000000 -0.00474415 0.10742683
v -0.00331738 -0.00481957 0.10793740
v -0.02423808 -0.00688209 0.11016802
v -0.02267313 -0.00656261 0.10931677
v -0.02252202 -0.00646980 0.10769326
v -0.01273068 -0.00293949 0.09957198
v -0.01260987 -0.00205516 0.09784908
v -0.01576247 -0.00310584 0.09937701
v -0.01235832 0.00002727 0.09445430
v 0.00000000 -0.00305241 0.10058049
v 0.00000000 -0.00202830 0.09864167
v -0.00646383 -0.00313364 0.10060970
v -0.04047368 -0.01444935 0.10730255
v -0.03933748 -0.01339580 0.10619376
v -0.03901279 -0.01265247 0.10411123
v -0.03817169 -0.01235088 0.10510132
v -0.03697710 -0.01131507 0.10402561
v -0.03667434 -0.01048153 0.10200537
v -0.03850769 -0.01298464 0.10712904
v -0.03730154 -0.01199770 0.10602436
v -0.03639599 -0.01159537 0.10687790
v -0.03512269 -0.01067843 0.10578454
v -0.03480605 -0.01005099 0.10386930
v -0.02649854 -0.00341269 0.09606615
v -0.02366944 -0.00155978 0.09426454
v -0.02329944 0.00101374 0.09074577
v -0.02300871 0.00393857 0.08724756
v -0.02280633 0.00713732 0.08378754
v -0.02819126 0.00268802 0.08686257
v -0.03966722 -0.00370779 0.08691595
v -0.03756339 -0.00094333 0.08538305
v -0.03760134 0.00245597 0.08128346
v -0.05332479 -0.02815063 0.12800196
v -0.05467774 -0.03016085 0.13074121
v -0.05523898 -0.02942625 0.13316903
v -0.05069966 -0.02378839 0.12490518
v -0.05235187 -0.02566225 0.12761244
v -0.05287344 -0.02496786 0.12981385
v -0.04946962 -0.01556966 0.13034219
v -0.04727604 -0.01455892 0.12764728
v -0.04694116 -0.01557889 0.12615249
v -0.04577508 -0.01769783 0.12102295
v -0.04535309 -0.01806150 0.11911280
v -0.04743560 -0.01976764 0.12169824
v -0.05063629 -0.02740979 0.11253542
v -0.05187781 -0.03004626 0.11480672
v -0.05224320 -0.03054689 0.11753479
v -0.04950286 -0.01846665 0.09161250
v -0.04820646 -0.01536117 0.09005760
v -0.04833502 -0.01218675 0.08507293
v -0.04760468 -0.02233810 0.11189664
v -0.04674816 -0.02113500 0.11074711
v -0.04610801 -0.01960239 0.10595778
v -0.04523604 -0.01832186 0.10489840
v -0.05582004 -0.01816609 0.07053303
v -0.05439444 -0.01119142 0.06864660
v -0.05578597 -0.00338370 0.05751363
v -0.04534599 -0.00591092 0.08235038
v -0.04181356 0.00018945 0.07972036
v -0.04241209 0.00770854 0.07092642
v -0.06277154 0.02454494 0.00524484
v -0.06218863 0.02272940 0.01132931
v -0.05948770 0.02899956 0.01086356
v -0.06733368 -0.00181590 0.00945406
v -0.06729383 -0.00192622 0.00986434
v -0.06703994 0.00411482 0.00949455
v -0.06625285 -0.00490453 0.01800001
v -0.06594197 -0.00582900 0.02001831
v -0.06571784 0.00029326 0.01935240
v -0.05574031 -0.04907671 0.10047907
v -0.05569305 -0.05009206 0.10332141
v -0.05558825 -0.04439463 0.10021038
v -0.05565227 -0.05125783 0.10669488
v -0.05565917 -0.05236539 0.11027241
v -0.05554384 -0.04677860 0.10685975
v -0.05592468 -0.05479436 0.12034143
v -0.05615222 -0.05545591 0.12454713
v -0.05600213 -0.05020680 0.12046970
v -0.05950738 -0.05282627 0.15263024
v -0.05960029 -0.05261610 0.15312371
v -0.05939174 -0.04875111 0.14778510
v -0.06008209 -0.05152052 0.15567559
v -0.06023103 -0.05113775 0.15640613
v -0.06001962 -0.04750372 0.15095752
v -0.06779871 -0.00050000 0.17802614
v -0.06768367 -0.00050000 0.17694098
v -0.06767422 -0.00257953 0.17688668
v -0.06732968 -0.00050000 0.17360190
v -0.06676431 -0.00050000 0.17032760
v -0.06676230 -0.00237280 0.17028961
v -0.06553500 -0.00050000 0.16490594
v -0.06520253 -0.00050000 0.16383672
v -0.06520813 -0.00217026 0.16380903
v -0.06422225 -0.00050000 0.16068429
v -0.06301011 -0.00050000 0.15752587
v -0.06302475 -0.00197383 0.15750495
v -0.06078979 -0.00050000 0.15254638
v -0.06020154 -0.00050000 0.15146074
v -0.06022893 -0.00178546 0.15143698
v -0.05867273 -0.00050000 0.14863923
v -0.05681564 -0.00050000 0.14568821
v -0.05684491 -0.00160694 0.14566362
v -0.05371556 -0.00050000 0.14130402
v -0.05286502 -0.00050000 0.14027813
v -0.05290099 -0.00144001 0.14024219
v -0.05089274 -0.00050000 0.13789928
v -0.04840302 -0.00050000 0.13526648
v -0.04843360 -0.00128609 0.13522723
v 0.00000000 -0.00050000 0.11496321
v 0.00000000 -0.00065927 0.11492855
v -0.00335576 -0.00066166 0.11501891
v -0.05282069 0.04251866 0.00170209
v -0.05272731 0.04204779 0.00450951
v -0.05056913 0.04465619 0.00440069
v -0.06437318 0.02167775 0.00050000
v -0.06516580 0.01905577 0.00050000
v -0.06513565 0.01882931 0.00227956
v -0.06796343 -0.00009651 0.00050000
v -0.06786512 -0.00035926 0.00275206
v -0.06781777 0.00433452 0.00050000
v -0.06760596 0.00569684 0.00260419
v -0.06675363 0.01256199 0.00050000
v -0.06738430 0.00873639 0.00050000
v -0.06765970 0.00593972 0.00050000
v -0.06565984 0.01742153 0.00050000
v -0.06666387 0.01310642 0.00050000
v -0.06669242 0.01231974 0.00243998
v -0.06015066 0.03126331 0.00197545
v -0.06015589 0.03144849 0.00050000
v -0.06100711 0.02984635 0.00050000
v -0.06294926 0.02516413 0.00212427
v -0.06281633 0.02583267 0.00050000
v -0.06298555 0.02538105 0.00050000
v -0.05280456 0.04264344 0.00050000
v -0.05401193 0.04116182 0.00050000
v -0.05659717 0.03753129 0.00050000
v -0.05676480 0.03706754 0.00183434
v -0.05677842 0.03723798 0.00050000
v -0.05892883 0.03375799 0.00050000
v -0.05120229 0.04460965 0.00050000
v -0.05064228 0.04521260 0.00050000
v -0.04828425 0.04715711 0.00429634
v -0.04587757 0.04954352 0.00419663
v -0.04818424 0.04785904 0.00050000
v -0.04835464 0.04767558 0.00050000
v -0.04335514 0.05180898 0.00410174
v -0.04497115 0.05089624 0.00050000
v -0.04592214 0.04999731 0.00050000
v -0.03515762 0.05781746 0.00384707
v -0.03796929 0.05632705 0.00050000
v -0.03798866 0.05595209 0.00392683
v -0.04075760 0.05430623 0.00050000
v -0.04072337 0.05394725 0.00401176
v -0.04156018 0.05372456 0.00050000
v -0.04338841 0.05220862 0.00050000
v -0.03030581 0.06081249 0.00050000
v -0.03225970 0.05975313 0.00050000
v -0.03223791 0.05953830 0.00377261
v -0.03419634 0.05870313 0.00050000
v -0.03518310 0.05808171 0.00050000
v -0.02629396 0.06266141 0.00050000
v -0.02616420 0.06252746 0.00364009
v -0.02620150 0.06269692 0.00050000
v -0.02215935 0.06424912 0.00050000
v -0.01983239 0.06488417 0.00353042
v -0.01986042 0.06496362 0.00050000
v -0.01360728 0.06660338 0.00050000
v -0.01662222 0.06587865 0.00050000
v -0.01647083 0.06553869 0.00820752
v -0.01791999 0.06556670 0.00050000
v -0.00992012 0.06697842 0.00808712
v -0.01334681 0.06664822 0.00050000
v -0.01320842 0.06634783 0.00814140
v -0.00661594 0.06742952 0.00804501
v -0.00924657 0.06735394 0.00050000
v -0.01003246 0.06721868 0.00050000
v 0.00000000 0.06799057 0.00050000
v -0.00068699 0.06798710 0.00050000
v 0.00000000 0.06772633 0.00799628
v -0.00486257 0.06781559 0.00050000
v -0.00669786 0.06762233 0.00050000
v -0.00670778 -0.00066856 0.11526836
v -0.00440549 -0.00050000 0.11510748
v -0.00335511 -0.00050000 0.11507306
v -0.01004719 -0.00068122 0.11568347
v -0.00879725 -0.00050000 0.11553816
v -0.00670450 -0.00050000 0.11533294
v -0.01665263 -0.00072300 0.11700905
v -0.01336327 -0.00050000 0.11630217
v -0.01336508 -0.00069944 0.11626393
v -0.01314642 -0.00050000 0.11625195
v -0.01004249 -0.00050000 0.11574251
v -0.01990115 -0.00075171 0.11791674
v -0.01742907 -0.00050000 0.11724377
v -0.01664712 -0.00050000 0.11706270
v -0.02581186 -0.00050000 0.12007041
v -0.02308797 -0.00050000 0.11905197
v -0.02310200 -0.00078538 0.11898459
v -0.02166262 -0.00050000 0.11851908
v -0.01988961 -0.00050000 0.11798499
v -0.02624656 -0.00082382 0.12021021
v -0.02623667 -0.00050000 0.12026165
v -0.02932636 -0.00086686 0.12159086
v -0.02931322 -0.00050000 0.12164677
v -0.03233354 -0.00091436 0.12312249
v -0.03230977 -0.00050000 0.12319274
v -0.02987221 -0.00050000 0.12189845
v -0.04084229 -0.00108239 0.12858027
v -0.04117105 -0.00050000 0.12887275
v -0.03809910 -0.00102225 0.12662163
v -0.03807757 -0.00050000 0.12667361
v -0.03755595 -0.00050000 0.12630281
v -0.04784938 -0.00050000 0.13468105
v -0.04460400 -0.00050000 0.13166711
v -0.04601594 -0.00121443 0.13288879
v -0.05631251 -0.00050000 0.14488870
v -0.06264553 -0.00050000 0.15657589
v -0.06657155 -0.00050000 0.16921130
v -0.06793857 -0.00276828 0.18289739
v -0.06798000 -0.00050000 0.18297204
v -0.06797601 -0.00050000 0.18221396
v -0.06793177 -0.00314056 0.18288514
v -0.06756225 -0.00607207 0.17666352
v -0.06786820 -0.00493986 0.18275708
v -0.06754500 -0.01167842 0.18206194
v -0.06754817 -0.01162172 0.18206894
v -0.06715065 -0.01293657 0.17573714
v -0.06777579 -0.00755604 0.18257087
v -0.06781609 -0.00641528 0.18265206
v -0.06656551 -0.02230938 0.17962804
v -0.06673659 -0.02074479 0.18007126
v -0.06649847 -0.01962706 0.17411616
v -0.06697261 -0.01858620 0.18068272
v -0.06700777 -0.01819768 0.18076918
v -0.06731575 -0.01479486 0.18152657
v -0.06739961 -0.01365480 0.18172240
v -0.06562445 -0.02604505 0.17173219
v -0.06585649 -0.02758759 0.17766261
v -0.06604564 -0.02632486 0.17820749
v -0.06627034 -0.02458924 0.17882150
v -0.06553839 -0.02971106 0.17674637
v -0.06511232 -0.02911163 0.17023787
v -0.06536731 -0.03072220 0.17622805
v -0.06440470 -0.03603572 0.17321602
v -0.06478189 -0.03404582 0.17441973
v -0.06455587 -0.03205812 0.16853511
v -0.06499662 -0.03291303 0.17510501
v -0.06534145 -0.03087504 0.17614970
v -0.06314532 -0.04169353 0.16884351
v -0.06355441 -0.03995621 0.17030635
v -0.06333299 -0.03750542 0.16449463
v -0.06375381 -0.03910941 0.17101938
v -0.06396052 -0.03486363 0.16662082
v -0.06418376 -0.03707902 0.17247039
v -0.06431309 -0.03646828 0.17290688
v -0.06311649 -0.04181596 0.16874042
v -0.06268103 -0.03996066 0.16215980
v -0.06290029 -0.04264614 0.16792023
v -0.06191366 -0.04623376 0.16404447
v -0.06223106 -0.04512984 0.16532454
v -0.06201370 -0.04220656 0.15962407
v -0.06246875 -0.04430318 0.16628310
v -0.06253346 -0.04405470 0.16652858
v -0.06184425 -0.04647516 0.16376454
v -0.06134071 -0.04422282 0.15689954
v -0.06155616 -0.04738765 0.16253096
v -0.06068246 -0.04997760 0.15862021
v -0.06088613 -0.04939227 0.15954950
v -0.06067258 -0.04599255 0.15400383
v -0.06128677 -0.04824091 0.16137749
v -0.06129304 -0.04822105 0.16140434
v -0.06067979 -0.04998445 0.15860713
v -0.06006389 -0.05156728 0.15558639
v -0.05896054 -0.05391276 0.14949542
v -0.05896511 -0.05390523 0.14952427
v -0.05879779 -0.04973461 0.14451116
v -0.05900082 -0.05383493 0.14972997
v -0.05946806 -0.05291523 0.15242136
v -0.05798157 -0.05537346 0.14300811
v -0.05824501 -0.05046145 0.14116022
v -0.05793509 -0.05543226 0.14267933
v -0.05773927 -0.05094213 0.13775471
v -0.05783458 -0.05555943 0.14196834
v -0.05838281 -0.05486582 0.14584652
v -0.05844468 -0.05476375 0.14623728
v -0.05845124 -0.05475293 0.14627874
v -0.05728429 -0.05119170 0.13431361
v -0.05681920 -0.05608331 0.13302571
v -0.05716974 -0.05605027 0.13648042
v -0.05737556 -0.05594717 0.13829589
v -0.05747340 -0.05586452 0.13907865
v -0.05755126 -0.05579875 0.13970160
v -0.05653522 -0.05106264 0.12738627
v -0.05616325 -0.05548799 0.12475104
v -0.05627525 -0.05565138 0.12633875
v -0.05645106 -0.05590786 0.12883094
v -0.05670736 -0.05605287 0.13181296
v -0.05676944 -0.05608800 0.13253525
v -0.05567646 -0.04874461 0.11361761
v -0.05566058 -0.05259195 0.11100421
v -0.05570238 -0.05315237 0.11314747
v -0.05575013 -0.05379248 0.11559547
v -0.05581494 -0.05416451 0.11735777
v -0.05590107 -0.05465886 0.11969955
v -0.05565068 -0.05100230 0.10586948
v -0.05597968 -0.04648856 0.09412507
v -0.05579382 -0.04166457 0.09367303
v -0.05621773 -0.04455797 0.08979506
v -0.05614546 -0.03864910 0.08724364
v -0.05627249 -0.04411383 0.08879895
v -0.05594229 -0.04679181 0.09480519
v -0.05588212 -0.04747247 0.09649540
v -0.05574486 -0.04902525 0.10035128
v -0.05723071 -0.03196199 0.07466628
v -0.05728753 -0.03803690 0.07674434
v -0.05662890 -0.03540016 0.08091276
v -0.05679155 -0.04077656 0.08197223
v -0.05674997 -0.04100626 0.08241055
v -0.05668984 -0.04139760 0.08321505
v -0.05633209 -0.04372590 0.08800145
v -0.05946704 -0.02804705 0.05918880
v -0.05880481 -0.03089984 0.06406379
v -0.05873579 -0.02468744 0.06235880
v -0.05876160 -0.03108594 0.06438182
v -0.05826931 -0.03320663 0.06800575
v -0.05740345 -0.03739658 0.07552246
v -0.05735496 -0.03766440 0.07603354
v -0.06135024 -0.02082463 0.04720062
v -0.06065981 -0.02347257 0.05159583
v -0.06055339 -0.01716310 0.05017785
v -0.06045360 -0.02426341 0.05290850
v -0.06257972 -0.00974713 0.03800410
v -0.06272893 -0.01604823 0.03915909
v -0.06233198 -0.01742345 0.04147441
v -0.06448052 -0.01028455 0.02902230
v -0.06432223 -0.01079599 0.02993589
v -0.06317583 -0.01449999 0.03655249
v -0.06489630 -0.00900272 0.02652363
v -0.06469528 -0.00281640 0.02567621
v -0.06531079 -0.00772487 0.02403273
v -0.06548362 -0.00719204 0.02299409
v -0.06726480 -0.00200659 0.01016322
v -0.06688815 -0.00307162 0.01331331
v -0.06664349 0.00299090 0.01284071
v -0.06682631 -0.00324647 0.01383049
v -0.06680563 -0.00330495 0.01400345
v -0.06783415 -0.00044205 0.00346163
v -0.06772608 -0.00073573 0.00496823
v -0.06736881 0.00503498 0.00608141
v -0.06762754 -0.00100354 0.00634206
v -0.06760386 -0.00106790 0.00667222
v -0.05475409 0.03933905 0.00462261
v -0.05185097 0.03894017 0.01539708
v -0.04754777 0.04446356 0.01487125
v -0.05022687 0.04339551 0.00981674
v -0.05235310 0.04069481 0.01001102
v -0.05434627 0.03789681 0.01021320
v -0.05561618 0.03303793 0.01596802
v -0.06000166 0.03068288 0.00498559
v -0.05839506 0.03364923 0.00486088
v -0.05664478 0.03653712 0.00473981
v -0.05620210 0.03500956 0.01042295
v -0.05791678 0.03204112 0.01063988
v -0.05881638 0.02682861 0.01658018
v -0.06428784 0.01626316 0.01181658
v -0.06493209 0.01818375 0.00551542
v -0.06615454 0.01075749 0.00908970
v -0.06646835 0.01166014 0.00579502
v -0.06577523 0.00966317 0.01232161
v -0.06143551 0.02038236 0.01722915
v -0.06346186 0.01376791 0.01791043
v -0.06489028 0.00705037 0.01861959
v -0.06391668 0.00404406 0.02475292
v -0.06255631 0.01089765 0.02386512
v -0.06191567 -0.00269460 0.03677975
v -0.05377427 0.00373311 0.05609447
v -0.05245175 -0.00423905 0.06685182
v -0.05121116 0.01073854 0.05474727
v -0.04996838 0.00262511 0.06513346
v -0.04808106 0.01755224 0.05345996
v -0.04692577 0.00933059 0.06347876
v -0.04438495 0.02408664 0.05222267
v -0.04332278 0.01579967 0.06187840
v -0.04232707 0.02722104 0.05161991
v -0.05894698 0.01148850 0.03452489
v -0.06070842 0.00440749 0.03562057
v -0.05893045 -0.00283970 0.04736701
v -0.05999608 -0.01004307 0.04872342
v -0.05824189 -0.01765793 0.06062702
v -0.05473150 -0.02527762 0.08207194
v -0.05332181 -0.01852722 0.07967166
v -0.05140573 -0.01179488 0.07736791
v -0.04895874 -0.00513673 0.07514799
v -0.04596137 0.00138681 0.07300244
v -0.04164396 -0.00652881 0.08848324
v -0.04166847 -0.00328313 0.08409708
v -0.04348873 -0.00940029 0.09008364
v -0.04520728 -0.00924011 0.08702406
v -0.04520014 -0.01231609 0.09171586
v -0.04677745 -0.01527009 0.09337867
v -0.04821990 -0.01825618 0.09507082
v -0.04677464 -0.01228350 0.08852793
v -0.04339285 -0.01578380 0.10281382
v -0.04397915 -0.01756239 0.10737235
v -0.04299027 -0.01638556 0.10627321
v -0.04200955 -0.01220454 0.09732343
v -0.04388995 -0.01486204 0.09923101
v -0.04332824 -0.01710203 0.10850746
v -0.04712696 -0.02166793 0.11312894
v -0.04529367 -0.01937251 0.11079160
v -0.04585828 -0.01993765 0.10960967
v -0.04493521 -0.01874660 0.10848463
v -0.04433093 -0.01704881 0.10385031
v -0.04563823 -0.01755625 0.10118011
v -0.04725334 -0.02028210 0.10316873
v -0.04694671 -0.02088979 0.10702822
v -0.04882649 -0.02398413 0.11551646
v -0.04775196 -0.02218350 0.10810936
v -0.04873428 -0.02303451 0.10519484
v -0.04926155 -0.02478748 0.11030257
v -0.05098584 -0.02799765 0.11517800
v -0.05265548 -0.03087626 0.12025348
v -0.04806844 -0.02294039 0.11058564
v -0.04842764 -0.02354641 0.11305786
v -0.04959475 -0.02546080 0.11286113
v -0.04997218 -0.02597653 0.11541403
v -0.05138102 -0.02842113 0.11781312
v -0.05181853 -0.02866226 0.12042985
v -0.05311127 -0.03101627 0.12295107
v -0.05360506 -0.03095149 0.12561122
v -0.04369685 -0.01765682 0.11072279
v -0.04568417 -0.01982928 0.11307690
v -0.04753914 -0.02202439 0.11548630
v -0.04925999 -0.02423813 0.11794756
v -0.05039065 -0.02631694 0.11795101
v -0.05084497 -0.02646649 0.12045736
v -0.05229302 -0.02870552 0.12301267
v -0.05279782 -0.02853737 0.12554330
v -0.05413000 -0.03066859 0.12821481
v -0.04952754 -0.02126843 0.09679133
v -0.05070262 -0.02430153 0.09854010
v -0.05090682 -0.02665664 0.10392819
v -0.05196875 -0.02959347 0.10588107
v -0.05237830 -0.03140383 0.11148507
v -0.05333387 -0.03421623 0.11365012
v -0.05265786 -0.03212043 0.11429859
v -0.05362564 -0.03485626 0.11655415
v -0.05396916 -0.03534526 0.11946056
v -0.04618493 -0.01715700 0.12283681
v -0.04788153 -0.01927136 0.12364865
v -0.04985445 -0.02085984 0.12633938
v -0.05031084 -0.02004412 0.12821847
v -0.04831470 -0.01859339 0.12549403
v -0.05074643 -0.01905372 0.12997663
v -0.04872787 -0.01774374 0.12722751
v -0.05115467 -0.01790004 0.13160893
v -0.04911470 -0.01673249 0.12884453
v -0.05152984 -0.01659448 0.13311249
v -0.04657567 -0.01644778 0.12454811
v -0.05183392 -0.02614452 0.12530735
v -0.05020463 -0.02414604 0.12266020
v -0.04843833 -0.02215882 0.12006421
v -0.05241244 -0.01186420 0.13682693
v -0.04805465 -0.01066037 0.13144565
v -0.05216254 -0.01356777 0.13572440
v -0.04783645 -0.01209404 0.13029769
v -0.05186716 -0.01514734 0.13448513
v -0.04757576 -0.01339528 0.12903005
v -0.05561268 -0.01694768 0.14023066
v -0.05622745 -0.01311882 0.14252949
v -0.05276408 -0.00811970 0.13861084
v -0.05663883 -0.00887041 0.14421692
v -0.05290648 -0.00390454 0.13987187
v -0.05683051 -0.00422644 0.14534581
v -0.05482150 -0.02026665 0.13733202
v -0.04938478 -0.02148965 0.12434662
v -0.05169127 -0.02246010 0.12909022
v -0.05389119 -0.02297671 0.13384837
v -0.05437086 -0.02170465 0.13566202
v -0.05690811 -0.02593100 0.13968635
v -0.05742958 -0.02437827 0.14156187
v -0.05792074 -0.02265794 0.14327720
v -0.05878827 -0.01877849 0.14621824
v -0.05947236 -0.01440947 0.14850146
v -0.06019140 -0.00457064 0.15116012
v -0.05994571 -0.00965709 0.15012753
v -0.05294856 -0.02190689 0.08521182
v -0.05436166 -0.02853004 0.08790746
v -0.05270452 -0.02504250 0.09079518
v -0.05412805 -0.03152400 0.09380729
v -0.05260495 -0.02789217 0.09643129
v -0.05404597 -0.03421207 0.09977842
v -0.05266566 -0.03040944 0.10212237
v -0.05413145 -0.03654038 0.10582060
v -0.05371300 -0.03549210 0.10987959
v -0.05440121 -0.03844573 0.11192662
v -0.05487132 -0.03985029 0.11808188
v -0.05103307 -0.01530223 0.08261565
v -0.05078154 -0.01858098 0.08788643
v -0.05066624 -0.02159412 0.09319285
v -0.05174778 -0.02735028 0.10031710
v -0.05290325 -0.03254012 0.10786483
v -0.05416388 -0.03703286 0.11584873
v -0.05518544 -0.04033443 0.12117044
v -0.05555295 -0.04065311 0.12425906
v -0.04859072 -0.00876764 0.08010841
v -0.05593089 -0.04547418 0.12265665
v -0.05665105 -0.04594333 0.12920707
v -0.05644413 -0.04072572 0.13040143
v -0.05542616 -0.04434361 0.11612353
v -0.05512666 -0.04266187 0.10964695
v -0.05501693 -0.04051825 0.10324851
v -0.05508040 -0.03798649 0.09693903
v -0.05530105 -0.03512890 0.09072066
v -0.05566363 -0.03199919 0.08458834
v -0.06044459 -0.02505299 0.14940432
v -0.05991676 -0.02705234 0.14763871
v -0.06183118 -0.02970498 0.15385830
v -0.06124073 -0.03181096 0.15185139
v -0.05935770 -0.02888344 0.14569777
v -0.06062604 -0.03372908 0.14966032
v -0.05877484 -0.03052810 0.14358672
v -0.05999597 -0.03543964 0.14729404
v -0.05817680 -0.03196847 0.14131454
v -0.05936006 -0.03692566 0.14476550
v -0.05757289 -0.03318945 0.13889402
v -0.05872868 -0.03817394 0.14209276
v -0.05697323 -0.03417968 0.13634267
v -0.05811206 -0.03917635 0.13929650
v -0.05638779 -0.03493280 0.13368040
v -0.05752010 -0.03993186 0.13640046
v -0.05582621 -0.03544945 0.13093004
v -0.05696168 -0.04044455 0.13342804
v -0.05529720 -0.03573520 0.12811369
v -0.05480789 -0.03580260 0.12525219
v -0.05436402 -0.03566661 0.12236337
v -0.05298810 -0.03269279 0.11711542
v -0.05156152 -0.02939188 0.11207817
v -0.05129468 -0.02859982 0.10935376
v -0.04971499 -0.02373439 0.10200647
v -0.06512488 -0.00530648 0.16357884
v -0.06296340 -0.00493230 0.15725717
v -0.06477679 -0.01129314 0.16264430
v -0.06266389 -0.01046846 0.15628803
v -0.06419139 -0.01703773 0.16105524
v -0.06213097 -0.01572089 0.15469286
v -0.06338659 -0.02245875 0.15874106
v -0.06138206 -0.02062156 0.15240267
v -0.06291007 -0.02500952 0.15730357
v -0.06238981 -0.02743113 0.15567622
v -0.06666149 -0.00568810 0.17006698
v -0.06627470 -0.01211964 0.16914436
v -0.06564830 -0.01834479 0.16754398
v -0.06480061 -0.02427236 0.16519594
v -0.06430191 -0.02708492 0.16372916
v -0.06375901 -0.02977258 0.16206235
v -0.06317733 -0.03231543 0.16019365
v -0.06256352 -0.03469191 0.15812373
v -0.06192527 -0.03688046 0.15585685
v -0.06127157 -0.03885973 0.15340149
v -0.06061212 -0.04061101 0.15077043
v -0.05995742 -0.04211925 0.14798179
v -0.05931780 -0.04337443 0.14505643
v -0.05870327 -0.04437358 0.14201874
v -0.05812276 -0.04511889 0.13889289
v -0.05758363 -0.04561992 0.13570234
v -0.05709182 -0.04588922 0.13246810
v 0.00000000 0.01450728 0.07936398
v 0.00000000 0.02110895 0.07376013
v -0.00565744 0.01851794 0.07574899
v -0.00589361 0.00829681 0.08502875
v 0.00000000 0.01110477 0.08252405
v -0.00579132 0.01155946 0.08186590
v 0.00000000 0.01352894 0.08019444
v 0.00000000 0.01110477 0.08252404
v 0.00000000 0.00775474 0.08574339
v -0.00601411 0.00523358 0.08827741
v -0.01755587 0.00480808 0.08753202
v -0.01168141 0.00832945 0.08458016
v -0.01733293 0.00792860 0.08420577
v -0.01152825 0.01161476 0.08139092
v -0.01717885 0.01127356 0.08092361
v -0.02800420 0.00942744 0.07962049
v -0.03304547 0.00792319 0.07859036
v -0.03299854 0.00439134 0.08242584
v -0.03976307 -0.00678970 0.09117401
v -0.04175336 -0.00951661 0.09288933
v -0.04361254 -0.01228981 0.09464286
v -0.04533908 -0.01510374 0.09643293
v -0.04693213 -0.01795282 0.09825794
v -0.04839079 -0.02083150 0.10011623
v -0.05008076 -0.02580858 0.10725678
v -0.03143191 -0.00513987 0.09608192
v -0.03396748 -0.00730036 0.09799535
v -0.03166807 -0.00626754 0.09799332
v -0.03422379 -0.00835189 0.09996510
v -0.02880122 -0.00303161 0.09423510
v -0.02925483 -0.00531807 0.09794468
v -0.03192724 -0.00727254 0.09989852
v -0.03450469 -0.00927270 0.10192616
v -0.03354067 -0.00485632 0.09405798
v -0.03103952 -0.00256502 0.09226537
v -0.02844292 -0.00033286 0.09053227
v -0.02608666 -0.00097920 0.09245601
v -0.03323782 -0.00204266 0.09014905
v -0.03593608 -0.00720274 0.09590898
v -0.05580415 -0.02846947 0.13547948
v -0.05132869 -0.02641154 0.12291578
v -0.04972191 -0.02429472 0.12033478
v -0.04797870 -0.02219072 0.11780367
v -0.04653709 -0.02018659 0.11752335
v -0.04610097 -0.02010339 0.11532608
v -0.04450300 -0.01823305 0.11504159
v -0.04409066 -0.01803662 0.11290572
v -0.04303642 -0.01701215 0.11171813
v -0.04265416 -0.01658034 0.10956750
v -0.04157951 -0.01551102 0.10842729
v -0.04123286 -0.01486066 0.10627965
v -0.04268729 -0.01552199 0.10403124
v -0.04242195 -0.01452742 0.10178927
v -0.03999868 -0.00958882 0.09545935
v -0.03764660 -0.00411462 0.08949862
v -0.02409909 -0.00370613 0.09776933
v -0.02116063 -0.00207832 0.09597797
v -0.02077905 0.00023739 0.09254088
v -0.01784091 0.00197609 0.09089393
v -0.01187799 0.00526787 0.08782239
v -0.00614561 0.00241648 0.09162746
v 0.00000000 0.00463921 0.08918525
v 0.00000000 0.00715728 0.08631755
v 0.00000000 0.00775474 0.08574338
v 0.00000000 0.00463921 0.08918523
v 0.00000000 0.00258249 0.09152754
v 0.00000000 0.00170030 0.09277383
v -0.00640576 -0.00224026 0.09872869
v 0.00000000 -0.00202829 0.09864167
v 0.00000000 -0.00094382 0.09658856
v 0.00000000 0.00170031 0.09277382
v 0.00000000 -0.00077868 0.09627593
v -0.00627920 -0.00009998 0.09510133
v -0.00944451 -0.00105259 0.09642506
v -0.00962748 -0.00295064 0.09996561
v -0.00651723 -0.00388173 0.10253961
v 0.00000000 -0.00309533 0.10070137
v 0.00000000 -0.00309533 0.10070134
v -0.01817352 -0.00050236 0.09427262
v -0.01853174 -0.00257458 0.09764800
v -0.01515154 0.00101920 0.09265188
v -0.01545661 -0.00124817 0.09600417
v -0.01210848 0.00248384 0.09111432
v -0.01871233 -0.00344619 0.09933067
v -0.01888946 -0.00420241 0.10100976
v -0.02177636 -0.00470745 0.10107357
v -0.02455912 -0.00537049 0.10122076
v -0.02157037 -0.00394950 0.09938658
v -0.01284542 -0.00370671 0.10131512
v -0.01604731 -0.00450663 0.10278011
v -0.01295226 -0.00434419 0.10308091
v -0.01617582 -0.00501339 0.10449726
v -0.01304956 -0.00483525 0.10487048
v -0.02095181 -0.00609159 0.10684905
v -0.02109463 -0.00625174 0.10849682
v -0.01936971 -0.00572261 0.10603494
v -0.00971095 -0.00371700 0.10178588
v -0.00978732 -0.00433747 0.10364244
v -0.01313584 -0.00515658 0.10668249
v 0.00000000 -0.00445663 0.10512973
v 0.00000000 -0.00418775 0.10377751
v 0.00000000 -0.00387244 0.10288963
v 0.00000000 -0.00387244 0.10288960
v -0.00329854 -0.00463597 0.10576359
v 0.00000000 -0.00468931 0.10629991
v -0.00330841 -0.00476838 0.10684685
v -0.00332541 -0.00477758 0.10902909
v 0.00000000 -0.00464437 0.10974026
v 0.00000000 -0.00476212 0.10858465
v 0.00000000 -0.00476212 0.10858462
v -0.00333249 -0.00462925 0.11011348
v 0.00000000 -0.00437870 0.11086676
v 0.00000000 -0.00437871 0.11086673
v 0.00000000 -0.00462171 0.10996262
v 0.00000000 -0.00398738 0.11195485
v 0.00000000 -0.00398738 0.11195482
v -0.00334127 -0.00417260 0.11169327
v 0.00000000 -0.00374040 0.11247925
v 0.00000000 -0.00374040 0.11247922
v -0.00668914 -0.00391753 0.11259115
v 0.00000000 -0.00377069 0.11243293
v -0.00334372 -0.00394944 0.11219735
v 0.00000000 -0.00307301 0.11342571
v -0.00669621 -0.00335078 0.11348469
v 0.00000000 -0.00307301 0.11342574
v -0.00669910 -0.00300752 0.11389551
v 0.00000000 -0.00269371 0.11384628
v 0.00000000 -0.00324830 0.11323137
v 0.00000000 -0.00342260 0.11296497
v -0.00669290 -0.00365343 0.11304817
v 0.00000000 -0.00174127 0.11452753
v 0.00000000 -0.00174128 0.11452753
v -0.00335267 -0.00220911 0.11433638
v 0.00000000 -0.00212709 0.11430625
v 0.00000000 -0.00223207 0.11422101
v -0.01004379 -0.00219018 0.11505092
v -0.00670367 -0.00219349 0.11461080
v -0.00670158 -0.00262210 0.11427356
v 0.00000000 -0.00121526 0.11476774
v 0.00000000 -0.00152381 0.11465225
v -0.00335387 -0.00173015 0.11463494
v 0.00000000 -0.00121525 0.11476774
v 0.00000000 -0.00065928 0.11492855
v 0.00000000 -0.00096123 0.11486284
v -0.00335490 -0.00121161 0.11486612
v 0.00000000 -0.00223208 0.11422101
v 0.00000000 -0.00268286 0.11385510
v 0.00000000 -0.00268287 0.11385510
v 0.00000000 -0.00423032 0.11141882
v -0.00333859 -0.00435881 0.11117578
v -0.00668021 -0.00433883 0.11163319
v -0.01001493 -0.00434720 0.11224756
v -0.01333277 -0.00438278 0.11301950
v -0.01336380 -0.00219871 0.11565662
v -0.01004156 -0.00261393 0.11473019
v -0.00670540 -0.00172261 0.11489669
v -0.01004546 -0.00172497 0.11532436
v -0.01336496 -0.00173686 0.11591772
v -0.01665482 -0.00175790 0.11667622
v -0.01662381 -0.00444442 0.11394913
v -0.01331566 -0.00473144 0.11214519
v -0.00998314 -0.00488243 0.11035956
v -0.00664188 -0.00489531 0.10859338
v -0.00662531 -0.00489105 0.10756553
v -0.01962181 -0.00601271 0.10937838
v -0.01956512 -0.00600300 0.10854400
v -0.01950403 -0.00594974 0.10770828
v -0.01972114 -0.00588874 0.11103878
v -0.01967389 -0.00597576 0.11021040
v -0.02121955 -0.00624909 0.11013509
v -0.02280499 -0.00649396 0.11092458
v -0.02437674 -0.00674709 0.11174674
v -0.02593338 -0.00700824 0.11260138
v -0.01629232 -0.00537331 0.10622586
v -0.01634550 -0.00549215 0.10709397
v -0.01639502 -0.00556631 0.10796396
v -0.01317442 -0.00524421 0.10759527
v -0.01644068 -0.00559212 0.10883481
v -0.01320975 -0.00527701 0.10851095
v -0.01648229 -0.00556554 0.10970525
v -0.01324167 -0.00524924 0.10942734
v -0.01651968 -0.00548164 0.11057318
v -0.01327005 -0.00515449 0.11034162
v -0.01655265 -0.00533496 0.11143608
v -0.01658107 -0.00511875 0.11229009
v -0.01983188 -0.00528270 0.11348007
v -0.01985787 -0.00494693 0.11426834
v -0.02144078 -0.00537551 0.11413044
v -0.02146776 -0.00501776 0.11489392
v -0.02759989 -0.00683731 0.11497209
v -0.02610527 -0.00637294 0.11485950
v -0.02605447 -0.00663237 0.11411769
v -0.02454129 -0.00620534 0.11405788
v -0.02449256 -0.00643484 0.11329693
v -0.02296209 -0.00604510 0.11329088
v -0.02291547 -0.00624491 0.11251009
v -0.02136900 -0.00589241 0.11255870
v -0.02132455 -0.00606281 0.11175729
v -0.01976335 -0.00574747 0.11186156
v -0.02464800 -0.00517862 0.11625711
v -0.02306489 -0.00509504 0.11555693
v -0.02461919 -0.00558191 0.11554084
v -0.02303697 -0.00547530 0.11481745
v -0.00985547 -0.00478533 0.10553459
v -0.00988612 -0.00493377 0.10649259
v -0.00991433 -0.00502484 0.10745687
v -0.00993998 -0.00505186 0.10842515
v -0.00996295 -0.00500744 0.10939435
v -0.01329474 -0.00498485 0.11124945
v -0.01660480 -0.00482531 0.11313040
v -0.01987826 -0.00453100 0.11503474
v -0.01335570 -0.00334451 0.11464871
v -0.01335133 -0.00365196 0.11426295
v -0.01664353 -0.00368230 0.11511353
v -0.01990240 -0.00341131 0.11646379
v -0.01664784 -0.00336916 0.11547563
v -0.01989838 -0.00373221 0.11612425
v -0.00668491 -0.00414524 0.11211831
v -0.01002107 -0.00414434 0.11270211
v -0.01002650 -0.00391003 0.11314545
v -0.01333989 -0.00416885 0.11344520
v -0.01334606 -0.00392597 0.11386058
v -0.01663154 -0.00421770 0.11434758
v -0.01663811 -0.00396436 0.11473645
v -0.01988635 -0.00428984 0.11540741
v -0.01989304 -0.00402426 0.11577121
v -0.02311001 -0.00182602 0.11867998
v -0.01990612 -0.00178774 0.11759780
v -0.01990695 -0.00224941 0.11736114
v -0.01665453 -0.00221860 0.11642737
v -0.01665330 -0.00263977 0.11613850
v -0.01336190 -0.00262001 0.11535198
v -0.01335921 -0.00300128 0.11501370
v -0.00670677 -0.00121188 0.11511970
v -0.01004659 -0.00121985 0.11553911
v -0.01336539 -0.00123524 0.11612416
v -0.01665418 -0.00125774 0.11687414
v -0.01990419 -0.00128710 0.11778701
v -0.02308633 -0.00464138 0.11627413
v -0.02311211 -0.00311026 0.11791370
v -0.02151266 -0.00343871 0.11701757
v -0.02311001 -0.00347019 0.11761076
v -0.02150361 -0.00406198 0.11634747
v -0.02623825 -0.00477442 0.11766515
v -0.01003124 -0.00364204 0.11357442
v -0.01003532 -0.00333812 0.11398498
v -0.02625282 -0.00136534 0.12009177
v -0.02311277 -0.00271808 0.11819709
v -0.02977904 -0.00710631 0.10161076
v -0.02722870 -0.00617604 0.10141159
v -0.02697566 -0.00538315 0.09964744
v -0.02432739 -0.00460088 0.09950385
v -0.02136382 -0.00307196 0.09768737
v -0.03673425 -0.01201025 0.10877696
v -0.03799253 -0.01287939 0.10991228
v -0.03834624 -0.01307127 0.11177991
v -0.03958869 -0.01388728 0.11295468
v -0.03995084 -0.01384986 0.11477513
v -0.04117646 -0.01460813 0.11598615
v -0.04153986 -0.01433901 0.11774478
v -0.03968505 -0.01398003 0.10825122
v -0.04004956 -0.01439668 0.11027122
v -0.04120931 -0.01534582 0.11143843
v -0.04159626 -0.01553135 0.11343310
v -0.04273778 -0.01642878 0.11464322
v -0.04314015 -0.01637458 0.11659492
v -0.04083283 -0.01498338 0.10939042
v -0.04195021 -0.01599424 0.11054621
v -0.04233867 -0.01630188 0.11262289
v -0.04343683 -0.01726444 0.11382411
v -0.04384810 -0.01733221 0.11587072
v -0.04492641 -0.01824125 0.11711506
v -0.04698469 -0.02007435 0.11965219
v -0.04890985 -0.02192458 0.12225033
v -0.05119820 -0.02322417 0.12705335
v -0.05338940 -0.02406898 0.13189626
v -0.05636352 -0.02730000 0.13765597
v -0.03886022 -0.01345494 0.10912172
v -0.04042434 -0.01464036 0.11224089
v -0.04198646 -0.01553933 0.11536274
v -0.04353818 -0.01614241 0.11846719
v -0.03615094 -0.00841171 0.09793986
v -0.03639776 -0.00950935 0.09997389
v -0.03606739 -0.01101966 0.10493762
v -0.03764210 -0.01252101 0.10799045
v -0.03922283 -0.01375623 0.11106712
v -0.04080237 -0.01471010 0.11414913
v -0.04237251 -0.01537244 0.11721701
v -0.04392475 -0.01573793 0.12025205
v -0.03220558 -0.00814357 0.10178939
v -0.03382307 -0.00977066 0.10471085
v -0.03544880 -0.01114924 0.10766161
v -0.03707581 -0.01226246 0.11062539
v -0.03869645 -0.01309801 0.11358459
v -0.04030268 -0.01364799 0.11652178
v -0.04188616 -0.01390892 0.11942000
v -0.03143957 -0.00861903 0.10444004
v -0.03280018 -0.00945324 0.10549284
v -0.03310537 -0.00988328 0.10728884
v -0.03445435 -0.01066809 0.10837940
v -0.03476887 -0.01088470 0.11014164
v -0.03610462 -0.01161505 0.11126725
v -0.03642199 -0.01161289 0.11298279
v -0.03774293 -0.01228458 0.11414016
v -0.03805640 -0.01206157 0.11579657
v -0.03936113 -0.01267129 0.11698187
v -0.03966421 -0.01222711 0.11856700
v -0.02673079 -0.00445999 0.09786350
v -0.02951016 -0.00627881 0.09978686
v -0.03249835 -0.00887245 0.10365716
v -0.03413704 -0.01029677 0.10656679
v -0.03577822 -0.01146127 0.10949171
v -0.03741410 -0.01235295 0.11241508
v -0.03903676 -0.01296306 0.11532003
v -0.04063799 -0.01328718 0.11818991
v -0.04220976 -0.01332376 0.12100825
v -0.03005655 -0.00779450 0.10340870
v -0.03173263 -0.00910720 0.10622037
v -0.03340803 -0.01016223 0.10903869
v -0.03507482 -0.01094836 0.11184854
v -0.03672462 -0.01145835 0.11463464
v -0.03834933 -0.01168758 0.11738143
v -0.03994126 -0.01163446 0.12007330
v -0.02748517 -0.00683500 0.10315070
v -0.03370257 -0.01029129 0.11073784
v -0.03536665 -0.01086195 0.11349673
v -0.03700747 -0.01115431 0.11622018
v -0.03861709 -0.01116572 0.11889286
v -0.04018821 -0.01089583 0.12149844
v -0.03230656 -0.00964203 0.10965110
v -0.03398366 -0.01027268 0.11238331
v -0.03563949 -0.01062761 0.11508391
v -0.03726603 -0.01070306 0.11773766
v -0.03885571 -0.01049760 0.12032849
v -0.04040157 -0.01001174 0.12283871
v -0.02478983 -0.00601223 0.10291693
v -0.02918816 -0.00804558 0.10586933
v -0.03088808 -0.00900089 0.10858870
v -0.03114766 -0.00911676 0.11023171
v -0.03257690 -0.00969085 0.11129484
v -0.03282986 -0.00959505 0.11288816
v -0.03424654 -0.01010776 0.11397306
v -0.03448699 -0.00979709 0.11550564
v -0.03588896 -0.01024676 0.11660842
v -0.03611131 -0.00971917 0.11806814
v -0.03749646 -0.01010529 0.11918480
v -0.03769537 -0.00935943 0.12055788
v -0.01922092 -0.00534831 0.10436086
v -0.02235398 -0.00622963 0.10605703
v -0.02407885 -0.00685700 0.10856748
v -0.02578804 -0.00720996 0.11105046
v -0.02747357 -0.00727720 0.11348826
v -0.02912765 -0.00704945 0.11585961
v -0.02922994 -0.00636085 0.11725489
v -0.03074275 -0.00652019 0.11813972
v -0.02621584 -0.00526834 0.11699418
v -0.02618615 -0.00569515 0.11630038
v -0.02773662 -0.00581485 0.11709575
v -0.02769840 -0.00620800 0.11640409
v -0.02614923 -0.00606181 0.11558787
v -0.02458356 -0.00592246 0.11480672
v -0.02300265 -0.00579014 0.11406095
v -0.02140781 -0.00566505 0.11335079
v -0.01980032 -0.00554736 0.11267645
v -0.02776722 -0.00536404 0.11776785
v -0.02926948 -0.00594084 0.11792643
v -0.02930102 -0.00546557 0.11857755
v -0.02969721 -0.00855071 0.10919435
v -0.03139070 -0.00908975 0.11182962
v -0.03306134 -0.00935430 0.11442981
v -0.03470136 -0.00933947 0.11697898
v -0.03630324 -0.00904216 0.11945928
v -0.03785977 -0.00846198 0.12185077
v -0.02714648 -0.00765731 0.11040557
v -0.02865458 -0.00806991 0.11136881
v -0.02883758 -0.00788985 0.11290783
v -0.03033473 -0.00824139 0.11388180
v -0.03049984 -0.00783761 0.11535696
v -0.03198359 -0.00812862 0.11633769
v -0.03212567 -0.00749449 0.11773197
v -0.03359364 -0.00772700 0.11871571
v -0.03370772 -0.00685758 0.12000925
v -0.03515768 -0.00703528 0.12099285
v -0.03523908 -0.00592702 0.12216566
v -0.02197801 -0.00534256 0.10274757
v -0.02501526 -0.00652396 0.10459066
v -0.02651071 -0.00712940 0.10555167
v -0.02673776 -0.00744395 0.10719866
v -0.02822681 -0.00799301 0.10818318
v -0.02844994 -0.00810256 0.10979346
v -0.02993031 -0.00859216 0.11079789
v -0.03014391 -0.00849045 0.11236093
v -0.03161324 -0.00891867 0.11338142
v -0.03181187 -0.00860034 0.11488534
v -0.03326782 -0.00896645 0.11591790
v -0.03344619 -0.00842653 0.11734868
v -0.03488646 -0.00873112 0.11838938
v -0.03503941 -0.00796588 0.11973045
v -0.03646183 -0.00821094 0.12077565
v -0.03658447 -0.00721875 0.12200827
v -0.03798700 -0.00740780 0.12305493
v -0.03807478 -0.00618886 0.12416134
v -0.02217165 -0.00585164 0.10440860
v -0.02390149 -0.00668448 0.10694826
v -0.02562081 -0.00725292 0.10947166
v -0.02732161 -0.00754596 0.11196388
v -0.02899611 -0.00755373 0.11440698
v -0.03063663 -0.00726858 0.11677975
v -0.03223571 -0.00668582 0.11905802
v -0.03378629 -0.00580366 0.12121738
v -0.03528241 -0.00461316 0.12323750
v -0.03671398 -0.00469589 0.12418327
v -0.03084026 -0.00501406 0.12002978
v -0.03081618 -0.00557279 0.11942277
v -0.03231163 -0.00568553 0.12030289
v -0.02779013 -0.00484909 0.11841679
v -0.02932448 -0.00492901 0.11920518
v -0.02310131 -0.00410471 0.11696259
v -0.02625335 -0.00420473 0.11830825
v -0.02780534 -0.00426179 0.11903820
v -0.03235231 -0.00445983 0.12145016
v -0.03235959 -0.00373981 0.12197790
v -0.03085586 -0.00438944 0.12060971
v -0.02933985 -0.00432340 0.11980555
v -0.03235860 -0.00292445 0.12245963
v -0.02934461 -0.00240287 0.12111566
v -0.02934730 -0.00284449 0.12088660
v -0.02626088 -0.00234198 0.11970789
v -0.02626263 -0.00277554 0.11946435
v -0.03234981 -0.00198819 0.12286318
v -0.03234260 -0.00146795 0.12301634
v -0.02934021 -0.00192656 0.12131614
v -0.02625760 -0.00187241 0.11992035
v -0.02311206 -0.00229068 0.11845545
v -0.03382818 -0.00453443 0.12232626
v -0.03528994 -0.00385835 0.12372930
v -0.03528849 -0.00301495 0.12417892
v -0.03527852 -0.00205702 0.12455709
v -0.03527046 -0.00152787 0.12470106
v -0.04086204 -0.00221521 0.12836748
v -0.03811846 -0.00213279 0.12639344
v -0.03812893 -0.00311553 0.12603995
v -0.03672039 -0.00306401 0.12509200
v -0.04299815 -0.01068620 0.12522623
v -0.04276970 -0.01170904 0.12391440
v -0.04250568 -0.01258906 0.12250719
v -0.04333580 -0.00821622 0.12754074
v -0.04081059 -0.00646985 0.12628505
v -0.04086267 -0.00496707 0.12722179
v -0.03812185 -0.00478253 0.12516302
v -0.04087225 -0.00322572 0.12803793
v -0.03526036 -0.00096620 0.12480084
v -0.03378969 -0.00050000 0.12397856
v -0.01590878 -0.00386723 0.10107393
v -0.01905996 -0.00483870 0.10268617
v -0.04350265 -0.00230402 0.13047355
v -0.04603390 -0.00239894 0.13270572
v -0.04348337 -0.00114649 0.13067126
v -0.04845385 -0.00360934 0.13479415
v -0.04343974 -0.00676878 0.12853086
v -0.04595579 -0.00708446 0.13089260
v -0.04842760 -0.00560306 0.13413724
v -0.04344962 -0.00050000 0.13072747
v -0.04568211 -0.01008203 0.12889177
v -0.04835226 -0.00741568 0.13336414
v -0.04547862 -0.01138092 0.12771451
v -0.04523439 -0.01254288 0.12642685
v -0.04495279 -0.01356463 0.12503374
v -0.04463759 -0.01444183 0.12353859
v -0.04429318 -0.01516862 0.12194384
v -0.03871582 -0.01176270 0.10201500
v -0.03845039 -0.01074019 0.09991450
v -0.03821889 -0.00959979 0.09781618
v -0.03560670 -0.00450286 0.09187009
v -0.03305940 0.00105786 0.08627439
v -0.02804684 0.00595759 0.08322855
v -0.02269300 0.01054635 0.08036480
v -0.03541002 -0.00149692 0.08786484
v -0.03786236 -0.00701992 0.09364090
v -0.04038290 -0.01204288 0.09977708
v -0.04063125 -0.01311175 0.10194582
v -0.04091540 -0.01405618 0.10411570
v -0.00654901 0.06708500 0.01269915
v 0.00000000 0.06741215 0.01262783
v 0.00000000 0.06763302 0.01064344
v -0.00320316 0.06477018 0.02649168
v 0.00000000 0.06543095 0.02459521
v -0.00321851 0.06597979 0.02191404
v 0.00000000 0.06602033 0.02180213
v -0.00649189 0.06651194 0.01735777
v 0.00000000 0.06680484 0.01808429
v 0.00000000 0.06689829 0.01724466
v -0.00318873 0.06313846 0.03098076
v 0.00000000 0.06345443 0.03048871
v 0.00000000 0.06486218 0.02629115
v -0.00635007 0.06049785 0.03573655
v -0.00639039 0.06267768 0.03127262
v -0.00641934 0.06438161 0.02667806
v -0.00644977 0.06563743 0.02202404
v -0.01308922 0.06593211 0.01283014
v 0.00000000 0.05700212 0.04182664
v 0.00000000 0.05896527 0.03884623
v -0.00313733 0.05856660 0.03945843
v 0.00000000 0.06056925 0.03641111
v -0.00611243 0.05158712 0.04776697
v 0.00000000 0.05334507 0.04622585
v -0.00309530 0.05571245 0.04335978
v 0.00000000 0.05631497 0.04265324
v -0.00620821 0.05486927 0.04400954
v -0.01298407 0.06527901 0.01754036
v -0.00968198 0.06508113 0.02215075
v -0.00963634 0.06377131 0.02687581
v -0.00959246 0.06199202 0.03156734
v -0.00953231 0.05971075 0.03614448
v -0.00944348 0.05695924 0.04052008
v -0.01290336 0.06431238 0.02229454
v -0.01284201 0.06294112 0.02708600
v -0.01278244 0.06108356 0.03186681
v -0.01270225 0.05870342 0.03654813
v -0.01258604 0.05583568 0.04103041
v -0.01225471 0.04903812 0.04918017
v -0.00932529 0.05382305 0.04463686
v -0.00628953 0.05787019 0.03999731
v 0.00000000 0.04743869 0.05228454
v 0.00000000 0.05013449 0.04957801
v -0.00601100 0.04810826 0.05129402
v 0.00000000 0.05269752 0.04700481
v -0.00591202 0.04449956 0.05463034
v -0.01206688 0.04532575 0.05285854
v -0.00582171 0.04080814 0.05781813
v 0.00000000 0.03616947 0.06181877
v 0.00000000 0.03911551 0.05948289
v 0.00000000 0.04330034 0.05586361
v 0.00000000 0.04681480 0.05282411
v -0.01953498 0.06402382 0.01302523
v -0.01620199 0.06436104 0.01765897
v -0.01610212 0.06333338 0.02245579
v -0.01602415 0.06189368 0.02730954
v -0.01594781 0.05995518 0.03217273
v -0.01584707 0.05747874 0.03695006
v -0.01570404 0.05450226 0.04153173
v -0.01243305 0.05257544 0.04524620
v -0.02449993 0.04565171 0.04757563
v -0.01856656 0.04948870 0.04642657
v -0.02181337 0.05122919 0.04251747
v -0.01878424 0.05296464 0.04202663
v -0.01831622 0.04574668 0.05053023
v 0.00000000 0.02160532 0.07336656
v 0.00000000 0.02888740 0.06759267
v -0.00562427 0.02583290 0.06981317
v -0.00568440 0.03331554 0.06390338
v -0.01171760 0.03765517 0.05963697
v -0.01805448 0.04185272 0.05436492
v -0.02418536 0.04175221 0.05184521
v -0.02500166 0.05256158 0.03816426
v -0.02477816 0.04930225 0.04300665
v -0.02580128 0.06138775 0.01328171
v -0.03180562 0.05805976 0.01359690
v -0.02862353 0.05877468 0.01831082
v -0.02252518 0.06194112 0.01794988
v -0.02544489 0.05918586 0.02304487
v -0.02530739 0.05750423 0.02806587
v -0.02827387 0.05564611 0.02834814
v -0.02811234 0.05336430 0.03348409
v -0.03096943 0.05123319 0.03383886
v -0.03074642 0.04831756 0.03899740
v -0.03347871 0.04593279 0.03942509
v -0.01969749 0.06455382 0.00828516
v -0.02600413 0.06207002 0.00847363
v -0.03205150 0.05892608 0.00870435
v -0.03776999 0.05516472 0.00897538
v -0.03747439 0.05409048 0.01396846
v -0.04048510 0.05306713 0.00912542
v -0.04273985 0.04953653 0.01439410
v -0.04309473 0.05083407 0.00928481
v -0.04559244 0.04847287 0.00945333
v -0.04797180 0.04599085 0.00963073
v -0.05977461 0.01470309 0.02876492
v -0.06061259 0.01767820 0.02301647
v -0.05734679 0.02152921 0.02783187
v -0.05808553 0.02431727 0.02221099
v -0.05434587 0.02816034 0.02695534
v -0.05498140 0.03074125 0.02145304
v -0.05077711 0.03451548 0.02613859
v -0.05131090 0.03687429 0.02074710
v -0.04665877 0.04050938 0.02538477
v -0.04709675 0.04263747 0.02009716
v -0.04201686 0.04605586 0.02469676
v -0.04236872 0.04795149 0.01950695
v -0.03689538 0.05107041 0.02407654
v -0.03717260 0.05273930 0.01897939
v -0.03441515 0.05491224 0.01873990
v -0.05590782 0.01514179 0.03919635
v -0.05662100 0.01847458 0.03349182
v -0.05311461 0.02208317 0.03814930
v -0.05372576 0.02528425 0.03252179
v -0.04975092 0.02877875 0.03716681
v -0.05026117 0.03183262 0.03161568
v -0.04582630 0.03513562 0.03624690
v -0.04624100 0.03802953 0.03077455
v -0.04135935 0.04105918 0.03538758
v -0.04168746 0.04378350 0.02999932
v -0.03639003 0.04645554 0.03458605
v -0.03664252 0.04900420 0.02929000
v -0.03395118 0.05138669 0.02895994
v -0.03417063 0.05335220 0.02379238
v -0.03134759 0.05547116 0.02352566
v -0.03156237 0.05692663 0.01851696
v -0.03046601 0.04490435 0.04398835
v -0.02791739 0.05053049 0.03857752
v -0.02517059 0.05531043 0.03314096
v -0.02226904 0.05916920 0.02779899
v -0.03576222 0.03984550 0.04498533
v -0.01142296 0.01507325 0.07825326
v -0.01135635 0.02234955 0.07208896
v -0.01146511 0.02993062 0.06595141
v -0.01757048 0.03390971 0.06143403
v -0.02385959 0.03772522 0.05584316
v -0.02975503 0.03710450 0.05314900
v -0.02937264 0.03298934 0.05731826
v -0.03493586 0.03187129 0.05445874
v -0.03012873 0.04111768 0.04871491
v -0.03536554 0.03595825 0.04986044
v -0.04059198 0.03420726 0.04600947
v -0.04013422 0.03025195 0.05102611
v -0.05733728 0.00437751 0.04609733
v -0.05448341 0.00770289 0.05055258
v -0.05519718 0.01153514 0.04490435
v -0.05185927 0.01473626 0.04933362
v -0.05249589 0.01855074 0.04378067
v -0.04866562 0.02155931 0.04817549
v -0.04922392 0.02533763 0.04271989
v -0.04490551 0.02808076 0.04707003
v -0.04538720 0.03180256 0.04171670
v -0.04100119 0.03785036 0.04076596
v -0.03610420 0.04338621 0.03986173
v -0.03373196 0.04892698 0.03420595
v -0.03115838 0.05360379 0.02864607
v -0.02843583 0.05741861 0.02327648
v -0.02560795 0.06044862 0.01812172
v -0.05726676 -0.01053606 0.05901854
v -0.05675654 -0.02510691 0.07253184
v -0.05615354 -0.02864455 0.07853100
v -0.01707671 0.01843925 0.07446430
v -0.02266463 0.01412278 0.07696816
v -0.01722277 0.02604015 0.06803433
v -0.02283672 0.02166891 0.07018247
v -0.02326196 0.02960162 0.06324046
v -0.02867846 0.02476986 0.06508096
v -0.03450229 0.02770846 0.05880726
v -0.03965019 0.02612699 0.05578898
v -0.03774844 0.00605550 0.07718617
v -0.03832080 0.01375915 0.06891661
v -0.03916933 0.02195241 0.06032409
v -0.04131305 0.01892060 0.06109602
v 0.02326196 0.02960162 0.06324046
v 0.02385959 0.03772522 0.05584315
v 0.01805448 0.04185272 0.05436492
v 0.01831622 0.04574668 0.05053023
v 0.01856656 0.04948870 0.04642657
v 0.01243305 0.05257544 0.04524620
v 0.00611243 0.05158712 0.04776696
v 0.00601100 0.04810826 0.05129402
v 0.01206688 0.04532575 0.05285854
v 0.00000000 0.04330035 0.05586361
v 0.00582171 0.04080815 0.05781813
v 0.00309530 0.05571245 0.04335978
v 0.00318873 0.06313846 0.03098076
v 0.00000000 0.06335946 0.03068364
v 0.00000000 0.06132541 0.03485893
v 0.04603390 -0.00239895 0.13270572
v 0.04604112 -0.00347311 0.13242105
v 0.04351178 -0.00334508 0.13016698
v 0.02934461 -0.00240288 0.12111563
v 0.02934730 -0.00284450 0.12088657
v 0.02626263 -0.00277555 0.11946435
v 0.04353817 -0.01614241 0.11846719
v 0.04392475 -0.01573793 0.12025205
v 0.04618493 -0.01715701 0.12283681
v 0.04188616 -0.01390892 0.11942000
v 0.04220976 -0.01332377 0.12100825
v 0.04463759 -0.01444183 0.12353859
v 0.04657567 -0.01644779 0.12454809
v 0.04237251 -0.01537244 0.11721701
v 0.04117646 -0.01460813 0.11598612
v 0.04153985 -0.01433901 0.11774478
v 0.02308633 -0.00464139 0.11627413
v 0.02310131 -0.00410471 0.11696259
v 0.02625335 -0.00420474 0.11830825
v 0.02626137 -0.00354507 0.11891422
v 0.00670158 -0.00262211 0.11427356
v 0.00335576 -0.00066168 0.11501891
v 0.00993998 -0.00505186 0.10842512
v 0.00991433 -0.00502484 0.10745687
v 0.00660696 -0.00481062 0.10654170
v 0.00331738 -0.00481957 0.10793740
v 0.02136381 -0.00307196 0.09768734
v 0.02157037 -0.00394950 0.09938655
v 0.02455912 -0.00537049 0.10122076
v 0.00651723 -0.00388173 0.10253961
v 0.02608666 -0.00097920 0.09245601
v 0.02329944 0.00101374 0.09074577
v 0.02366944 -0.00155977 0.09426454
v 0.02844292 -0.00033285 0.09053225
v 0.02819126 0.00268803 0.08686257
v 0.02280633 0.00713733 0.08378754
v 0.03304547 0.00792320 0.07859036
v 0.03299854 0.00439135 0.08242584
v 0.03756339 -0.00094333 0.08538305
v 0.02269300 0.01054636 0.08036479
v 0.01784091 0.00197609 0.09089393
v 0.01755587 0.00480809 0.08753202
v 0.01168141 0.00832946 0.08458015
v 0.01152825 0.01161476 0.08139091
v 0.06291006 -0.02500953 0.15730354
v 0.06338658 -0.02245876 0.15874106
v 0.06480061 -0.02427237 0.16519594
v 0.06192526 -0.03688047 0.15585685
v 0.06127157 -0.03885974 0.15340149
v 0.05999596 -0.03543965 0.14729404
v 0.05404597 -0.03421206 0.09977839
v 0.05412805 -0.03152400 0.09380726
v 0.05270452 -0.02504250 0.09079518
v 0.05636352 -0.02730001 0.13765597
v 0.05690811 -0.02593101 0.13968635
v 0.05935770 -0.02888345 0.14569774
v 0.05757289 -0.03318946 0.13889399
v 0.05697323 -0.03417968 0.13634264
v 0.05467773 -0.03016085 0.13074121
v 0.05298810 -0.03269278 0.11711542
v 0.05187781 -0.03004626 0.11480669
v 0.05224319 -0.03054689 0.11753479
v 0.05265786 -0.03212043 0.11429856
v 0.05362564 -0.03485626 0.11655415
v 0.05333387 -0.03421622 0.11365012
v 0.05156152 -0.02939188 0.11207814
v 0.05129468 -0.02859981 0.10935373
v 0.05008076 -0.02580857 0.10725678
v 0.05039065 -0.02631693 0.11795098
v 0.04997218 -0.02597653 0.11541403
v 0.04842764 -0.02354641 0.11305786
v 0.04694671 -0.02088979 0.10702819
v 0.04775196 -0.02218350 0.10810933
v 0.04725334 -0.02028209 0.10316873
v 0.04533908 -0.01510373 0.09643293
v 0.04520014 -0.01231609 0.09171585
v 0.04348873 -0.00940028 0.09008362
v 0.04520728 -0.00924011 0.08702406
v 0.04534599 -0.00591092 0.08235038
v 0.04181356 0.00018946 0.07972034
v 0.05103307 -0.01530222 0.08261565
v 0.05140573 -0.01179488 0.07736789
v 0.04895874 -0.00513672 0.07514799
v 0.06369362 -0.03934883 0.17079818
v 0.06355592 -0.03997057 0.17032233
v 0.06333299 -0.03750543 0.16449463
v 0.06449954 -0.01023989 0.02888389
v 0.06489789 -0.00899713 0.02652623
v 0.06469528 -0.00281640 0.02567621
v 0.06731412 0.00922117 0.00050000
v 0.06673805 0.01255917 0.00050000
v 0.06669242 0.01231974 0.00243998
v 0.06551763 0.01793591 0.00050000
v 0.06517001 0.01905681 0.00050000
v 0.06513565 0.01882931 0.00227956
v 0.06420549 0.02216694 0.00050000
v 0.06297526 0.02537698 0.00050000
v 0.06294926 0.02516413 0.00212427
v 0.05368893 0.04158532 0.00050000
v 0.05280979 0.04264742 0.00050000
v 0.05282069 0.04251866 0.00170209
v 0.04783150 0.04821209 0.00050000
v 0.04591802 0.04999255 0.00050000
v 0.04587757 0.04954352 0.00419663
v 0.04458443 0.05123342 0.00050000
v 0.04338925 0.05220922 0.00050000
v 0.04335514 0.05180898 0.00410174
v 0.04113972 0.05404582 0.00050000
v 0.04076352 0.05431420 0.00050000
v 0.04072337 0.05394725 0.00401176
v 0.05662761 -0.00050000 0.14535895
v 0.05682679 -0.00050000 0.14568108
v 0.05684491 -0.00160696 0.14566362
v 0.06767422 -0.00257955 0.17688668
v 0.06767860 -0.00050000 0.17694125
v 0.06783555 -0.00050000 0.17853954
v 0.06798005 -0.00050000 0.18297109
v 0.06797719 -0.00066987 0.18296742
v 0.06520813 -0.00217028 0.16380903
v 0.06519417 -0.00050000 0.16383901
v 0.06568153 -0.00050000 0.16545260
v 0.06676230 -0.00237282 0.17028961
v 0.06668399 -0.00050000 0.16976687
v 0.06677593 -0.00050000 0.17032549
v 0.06740325 -0.00050000 0.17413723
v 0.06302475 -0.00197385 0.15750495
v 0.06301965 -0.00050000 0.15752208
v 0.06439587 -0.00050000 0.16119599
v 0.06022893 -0.00178547 0.15143698
v 0.06103131 -0.00050000 0.15302968
v 0.06283952 -0.00050000 0.15704119
v 0.05895572 -0.00050000 0.14912429
v 0.06019824 -0.00050000 0.15146220
v 0.04841233 -0.00050000 0.13525760
v 0.05123977 -0.00050000 0.13829729
v 0.05290099 -0.00144002 0.14024219
v 0.05285937 -0.00050000 0.14028245
v 0.05404676 -0.00050000 0.14173785
v 0.04502114 -0.00050000 0.13203290
v 0.04822468 -0.00050000 0.13505587
v 0.04843360 -0.00128611 0.13522723
v 0.04344710 -0.00050000 0.13073009
v 0.04348337 -0.00114650 0.13067126
v 0.04161309 -0.00050000 0.12921208
v 0.04084229 -0.00108241 0.12858027
v 0.03808640 -0.00050000 0.12666115
v 0.03809910 -0.00102227 0.12662163
v 0.03802294 -0.00050000 0.12661526
v 0.03230871 -0.00050000 0.12319414
v 0.03233354 -0.00091438 0.12312249
v 0.03035356 -0.00050000 0.12213633
v 0.02932636 -0.00086687 0.12159086
v 0.02930889 -0.00050000 0.12165586
v 0.02633555 -0.00050000 0.12028835
v 0.02624656 -0.00082383 0.12021021
v 0.02624114 -0.00050000 0.12025217
v 0.01990115 -0.00075172 0.11791674
v 0.01988818 -0.00050000 0.11798871
v 0.02220728 -0.00050000 0.11870731
v 0.01797787 -0.00050000 0.11739681
v 0.01665263 -0.00072301 0.11700905
v 0.01664362 -0.00050000 0.11707664
v 0.01366107 -0.00050000 0.11636097
v 0.01336508 -0.00069945 0.11626393
v 0.01336240 -0.00050000 0.11630956
v 0.01004719 -0.00068123 0.11568347
v 0.01004301 -0.00050000 0.11573819
v 0.00927035 -0.00050000 0.11560521
v 0.00670778 -0.00066857 0.11526836
v 0.00670407 -0.00050000 0.11533452
v 0.00484967 -0.00050000 0.11513893
v 0.00335472 -0.00050000 0.11507712
v 0.00068440 -0.00050000 0.11496670
v 0.00661594 0.06742952 0.00804501
v 0.00669800 0.06762141 0.00050000
v 0.00441230 0.06784655 0.00050000
v 0.01647083 0.06553869 0.00820752
v 0.01334675 0.06665006 0.00050000
v 0.01320842 0.06634783 0.00814140
v 0.01315097 0.06669570 0.00050000
v 0.00992012 0.06697842 0.00808712
v 0.01003131 0.06721082 0.00050000
v 0.00879672 0.06741468 0.00050000
v 0.02169268 0.06440836 0.00050000
v 0.01986060 0.06496331 0.00050000
v 0.01983239 0.06488417 0.00353042
v 0.01744821 0.06569404 0.00050000
v 0.02583960 0.06285121 0.00050000
v 0.02616420 0.06252746 0.00364009
v 0.02619788 0.06268936 0.00050000
v 0.03751688 0.05663046 0.00050000
v 0.03518049 0.05807709 0.00050000
v 0.03515762 0.05781746 0.00384707
v 0.03374885 0.05896351 0.00050000
v 0.03223791 0.05953830 0.00377261
v 0.03226126 0.05975550 0.00050000
v 0.02984452 0.06104216 0.00050000
v 0.06015066 0.03126331 0.00197545
v 0.05866333 0.03421485 0.00050000
v 0.05676480 0.03706754 0.00183434
v 0.05676728 0.03723088 0.00050000
v 0.05628958 0.03799077 0.00050000
v 0.06262204 0.02629864 0.00050000
v 0.06077310 0.03031682 0.00050000
v 0.06015965 0.03145023 0.00050000
v 0.06655563 0.01361616 0.00050000
v 0.06766216 0.00593974 0.00050000
v 0.06787064 -0.00034414 0.00275411
v 0.06796343 -0.00009650 0.00050000
v 0.06795935 0.00061921 0.00050000
v 0.06778372 0.00479362 0.00050000
v 0.06760596 0.00569684 0.00260419
v 0.06786266 -0.00036545 0.00294808
v 0.06772676 -0.00073370 0.00496910
v 0.06736881 0.00503498 0.00608141
v 0.06764925 -0.00094372 0.00612177
v 0.06703994 0.00411482 0.00949455
v 0.06733856 -0.00180114 0.00945862
v 0.06762872 -0.00100039 0.00634233
v 0.06689137 -0.00306038 0.01333319
v 0.06689299 -0.00305583 0.01331927
v 0.06664349 0.00299090 0.01284071
v 0.06729387 -0.00192648 0.00986383
v 0.06732910 -0.00182724 0.00956017
v 0.06595881 -0.00577079 0.01996597
v 0.06625285 -0.00490453 0.01800001
v 0.06571784 0.00029326 0.01935240
v 0.06682389 -0.00325528 0.01382641
v 0.06519886 -0.00805819 0.02474495
v 0.06548809 -0.00718762 0.02292611
v 0.06594839 -0.00580216 0.02003150
v 0.06257972 -0.00974713 0.03800410
v 0.06272079 -0.01602906 0.03916903
v 0.06417367 -0.01125654 0.03081260
v 0.06063859 -0.02348036 0.05158832
v 0.06249234 -0.01684082 0.04052745
v 0.06269898 -0.01610071 0.03929450
v 0.05807642 -0.03410026 0.06957643
v 0.05879974 -0.03090353 0.06406043
v 0.05873580 -0.02468744 0.06235879
v 0.05886643 -0.03060878 0.06355182
v 0.05912485 -0.02946671 0.06158115
v 0.06055339 -0.01716310 0.05017783
v 0.06056704 -0.02373663 0.05201525
v 0.06051517 -0.02392243 0.05232476
v 0.05723072 -0.03196199 0.07466628
v 0.05744301 -0.03723739 0.07526604
v 0.05662890 -0.03540016 0.08091276
v 0.05726748 -0.03810678 0.07684279
v 0.05727924 -0.03804853 0.07673714
v 0.05620801 -0.04458634 0.08982100
v 0.05638907 -0.04336902 0.08728368
v 0.05614546 -0.03864910 0.08724364
v 0.05665592 -0.04157493 0.08354414
v 0.05668627 -0.04140283 0.08321159
v 0.05602098 -0.04617177 0.09343196
v 0.05579382 -0.04166457 0.09367300
v 0.05590222 -0.04717845 0.09572477
v 0.05569210 -0.05009310 0.10331995
v 0.05571949 -0.04939685 0.10133148
v 0.05558825 -0.04439463 0.10021035
v 0.05577316 -0.04874526 0.09968466
v 0.05587725 -0.04748154 0.09649078
v 0.05565454 -0.05104763 0.10604606
v 0.05554384 -0.04677860 0.10685972
v 0.05564603 -0.05126394 0.10666383
v 0.05567646 -0.04874461 0.11361761
v 0.05581111 -0.05417475 0.11735523
v 0.05578026 -0.05402692 0.11660699
v 0.05568752 -0.05299680 0.11252473
v 0.05566962 -0.05279798 0.11173681
v 0.05566283 -0.05235593 0.11027498
v 0.05588356 -0.05452197 0.11911268
v 0.05600213 -0.05020680 0.12046970
v 0.05598991 -0.05503167 0.12169243
v 0.05653522 -0.05106264 0.12738627
v 0.05670816 -0.05604913 0.13181216
v 0.05664098 -0.05604254 0.13111594
v 0.05628069 -0.05569808 0.12652928
v 0.05623576 -0.05559510 0.12578183
v 0.05616172 -0.05542542 0.12455029
v 0.05677516 -0.05605570 0.13250655
v 0.05728429 -0.05119170 0.13431358
v 0.05706079 -0.05608372 0.13546667
v 0.05791980 -0.05544642 0.14255816
v 0.05753124 -0.05583833 0.13959405
v 0.05773927 -0.05094213 0.13775468
v 0.05748960 -0.05586005 0.13922870
v 0.05747265 -0.05586889 0.13907999
v 0.05844733 -0.05475010 0.14623475
v 0.05839038 -0.05483074 0.14584941
v 0.05824501 -0.05046145 0.14116019
v 0.05804415 -0.05532099 0.14350680
v 0.05793577 -0.05543030 0.14268005
v 0.05859178 -0.05454557 0.14721209
v 0.05879779 -0.04973461 0.14451116
v 0.05889960 -0.05399928 0.14908648
v 0.05960114 -0.05261125 0.15312266
v 0.05944395 -0.05294205 0.15225092
v 0.05939174 -0.04875111 0.14778510
v 0.05916741 -0.05352397 0.15071729
v 0.05900421 -0.05381362 0.14972350
v 0.05976520 -0.05226601 0.15403253
v 0.06001962 -0.04750373 0.15095752
v 0.06001840 -0.05165359 0.15532294
v 0.06088607 -0.04939800 0.15955403
v 0.06061665 -0.05013293 0.15828237
v 0.06067257 -0.04599255 0.15400380
v 0.06037853 -0.05078251 0.15715840
v 0.06023124 -0.05113877 0.15640774
v 0.06100369 -0.04907714 0.16010919
v 0.06134070 -0.04422282 0.15689954
v 0.06123129 -0.04838493 0.16110995
v 0.06223144 -0.04514835 0.16534057
v 0.06185440 -0.04641792 0.16378808
v 0.06201370 -0.04220657 0.15962407
v 0.06163374 -0.04716090 0.16287956
v 0.06155615 -0.04739690 0.16253838
v 0.06226567 -0.04503308 0.16548154
v 0.06268103 -0.03996067 0.16215980
v 0.06247772 -0.04424541 0.16630235
v 0.06351122 -0.04017237 0.17016786
v 0.06309330 -0.04188276 0.16864136
v 0.06289234 -0.04270519 0.16790736
v 0.06427191 -0.03666206 0.17276850
v 0.06418592 -0.03709185 0.17248678
v 0.06396052 -0.03486364 0.16662082
v 0.06411538 -0.03744453 0.17225561
v 0.06534342 -0.03088127 0.17616001
v 0.06533957 -0.03090533 0.17614862
v 0.06455586 -0.03205814 0.16853511
v 0.06525663 -0.03142369 0.17590323
v 0.06478398 -0.03405457 0.17443249
v 0.06469966 -0.03452395 0.17417008
v 0.06699363 -0.01831097 0.18073177
v 0.06674138 -0.02075047 0.18008867
v 0.06649847 -0.01962707 0.17411616
v 0.06670243 -0.02112708 0.17998940
v 0.06626470 -0.02471281 0.17881623
v 0.06753207 -0.01169583 0.18202788
v 0.06740599 -0.01364350 0.18174124
v 0.06715065 -0.01293659 0.17573714
v 0.06708574 -0.01742017 0.18096659
v 0.06787517 -0.00498152 0.18277586
v 0.06781349 -0.00641419 0.18264648
v 0.06756225 -0.00607209 0.17666352
v 0.06769332 -0.00920474 0.18239450
v 0.06793059 -0.00276743 0.18288139
v 0.06788805 -0.00468243 0.18280286
v 0.05272731 0.04204779 0.00450951
v 0.05086366 0.04499856 0.00050000
v 0.05065267 0.04522217 0.00050000
v 0.05056913 0.04465619 0.00440069
v 0.05022687 0.04339551 0.00981674
v 0.04797180 0.04599085 0.00963073
v 0.04754777 0.04446356 0.01487125
v 0.05664478 0.03653712 0.00473981
v 0.05475409 0.03933905 0.00462261
v 0.05434627 0.03789681 0.01021320
v 0.05235311 0.04069481 0.01001102
v 0.05185097 0.03894017 0.01539708
v 0.05561618 0.03303794 0.01596802
v 0.05791678 0.03204112 0.01063988
v 0.05620210 0.03500956 0.01042295
v 0.05839506 0.03364923 0.00486088
v 0.06277154 0.02454494 0.00524484
v 0.05026117 0.03183262 0.03161568
v 0.04975092 0.02877876 0.03716681
v 0.05311461 0.02208317 0.03814930
v 0.05372576 0.02528425 0.03252179
v 0.05077711 0.03451548 0.02613859
v 0.05434587 0.02816034 0.02695534
v 0.05131090 0.03687429 0.02074709
v 0.05498140 0.03074126 0.02145304
v 0.05662100 0.01847458 0.03349182
v 0.05734679 0.02152921 0.02783187
v 0.05808553 0.02431727 0.02221099
v 0.05881638 0.02682861 0.01658018
v 0.06493209 0.01818375 0.00551542
v 0.06428784 0.01626316 0.01181658
v 0.06646835 0.01166014 0.00579502
v 0.06615454 0.01075749 0.00908970
v 0.06577523 0.00966317 0.01232161
v 0.06489028 0.00705037 0.01861957
v 0.06000166 0.03068288 0.00498559
v 0.06218863 0.02272940 0.01132931
v 0.06346186 0.01376791 0.01791041
v 0.06391668 0.00404406 0.02475292
v 0.05948770 0.02899956 0.01086356
v 0.06143551 0.02038236 0.01722915
v 0.06255631 0.01089765 0.02386512
v 0.06070842 0.00440749 0.03562057
v 0.06191567 -0.00269459 0.03677975
v 0.05893045 -0.00283969 0.04736701
v 0.05733728 0.00437751 0.04609731
v 0.05578597 -0.00338370 0.05751361
v 0.05590782 0.01514179 0.03919635
v 0.05894698 0.01148850 0.03452489
v 0.05977461 0.01470309 0.02876491
v 0.06061259 0.01767820 0.02301647
v 0.05121116 0.01073854 0.05474727
v 0.05185927 0.01473626 0.04933361
v 0.04866562 0.02155931 0.04817547
v 0.05448341 0.00770289 0.05055258
v 0.05377427 0.00373311 0.05609446
v 0.04996838 0.00262511 0.06513346
v 0.04490551 0.02808076 0.04707003
v 0.04438495 0.02408664 0.05222267
v 0.04808106 0.01755225 0.05345996
v 0.04332278 0.01579968 0.06187839
v 0.04692577 0.00933059 0.06347875
v 0.04241209 0.00770854 0.07092642
v 0.04596137 0.00138681 0.07300242
v 0.05245175 -0.00423905 0.06685182
v 0.05439444 -0.01119142 0.06864660
v 0.05726676 -0.01053606 0.05901854
v 0.05999608 -0.01004307 0.04872342
v 0.05582004 -0.01816608 0.07053301
v 0.05675654 -0.02510691 0.07253183
v 0.05824189 -0.01765793 0.06062702
v 0.05294856 -0.02190689 0.08521182
v 0.05436166 -0.02853003 0.08790744
v 0.05332181 -0.01852722 0.07967166
v 0.05473151 -0.02527761 0.08207192
v 0.05615354 -0.02864455 0.07853099
v 0.04164396 -0.00652881 0.08848322
v 0.04175336 -0.00951661 0.09288932
v 0.04361254 -0.01228981 0.09464286
v 0.04388995 -0.01486203 0.09923101
v 0.04563823 -0.01755624 0.10118011
v 0.04833502 -0.01218674 0.08507293
v 0.04677464 -0.01228349 0.08852793
v 0.04693212 -0.01795281 0.09825794
v 0.04677745 -0.01527009 0.09337867
v 0.04820646 -0.01536117 0.09005759
v 0.04529367 -0.01937251 0.11079157
v 0.04585828 -0.01993765 0.10960964
v 0.04493521 -0.01874660 0.10848460
v 0.04523604 -0.01832186 0.10489837
v 0.04433093 -0.01704880 0.10385028
v 0.04806844 -0.02294039 0.11058564
v 0.04760468 -0.02233810 0.11189664
v 0.05132869 -0.02641154 0.12291578
v 0.05084497 -0.02646649 0.12045736
v 0.04925999 -0.02423813 0.11794756
v 0.04882649 -0.02398413 0.11551643
v 0.04712696 -0.02166793 0.11312894
v 0.04959475 -0.02546080 0.11286113
v 0.04926155 -0.02478747 0.11030257
v 0.04873428 -0.02303451 0.10519484
v 0.04839079 -0.02083149 0.10011620
v 0.04821990 -0.01825617 0.09507082
v 0.05070262 -0.02430153 0.09854008
v 0.04952754 -0.02126843 0.09679133
v 0.04971499 -0.02373439 0.10200644
v 0.05078154 -0.01858098 0.08788642
v 0.04950286 -0.01846665 0.09161250
v 0.05066624 -0.02159411 0.09319285
v 0.05290325 -0.03254012 0.10786483
v 0.05266566 -0.03040944 0.10212234
v 0.05196875 -0.02959347 0.10588107
v 0.05174778 -0.02735027 0.10031710
v 0.05090682 -0.02665664 0.10392819
v 0.05260495 -0.02789217 0.09643126
v 0.05063629 -0.02740978 0.11253542
v 0.05098584 -0.02799765 0.11517797
v 0.05237830 -0.03140383 0.11148507
v 0.05396916 -0.03534526 0.11946053
v 0.05138102 -0.02842112 0.11781312
v 0.05265548 -0.03087626 0.12025348
v 0.05181853 -0.02866226 0.12042982
v 0.05311127 -0.03101627 0.12295104
v 0.05229302 -0.02870552 0.12301264
v 0.05360506 -0.03095149 0.12561119
v 0.05279781 -0.02853737 0.12554327
v 0.05413000 -0.03066859 0.12821481
v 0.05332478 -0.02815063 0.12800196
v 0.04610801 -0.01960238 0.10595778
v 0.04674816 -0.02113499 0.11074711
v 0.04753913 -0.02202439 0.11548627
v 0.04972191 -0.02429472 0.12033478
v 0.05183392 -0.02614453 0.12530732
v 0.04872787 -0.01774374 0.12722751
v 0.05031084 -0.02004412 0.12821847
v 0.04831470 -0.01859339 0.12549400
v 0.04788153 -0.01927136 0.12364865
v 0.04577507 -0.01769783 0.12102295
v 0.04535309 -0.01806150 0.11911280
v 0.04314015 -0.01637458 0.11659492
v 0.04339285 -0.01578379 0.10281382
v 0.04397915 -0.01756239 0.10737235
v 0.04332824 -0.01710203 0.10850746
v 0.04568417 -0.01982927 0.11307690
v 0.04797870 -0.02219072 0.11780364
v 0.05020463 -0.02414604 0.12266020
v 0.05069966 -0.02378840 0.12490518
v 0.05235186 -0.02566226 0.12761244
v 0.05338939 -0.02406898 0.13189626
v 0.05287343 -0.02496786 0.12981385
v 0.05169127 -0.02246011 0.12909019
v 0.05119819 -0.02322417 0.12705335
v 0.04985445 -0.02085984 0.12633938
v 0.04938478 -0.02148965 0.12434662
v 0.04743560 -0.01976764 0.12169821
v 0.04698469 -0.02007435 0.11965219
v 0.04492641 -0.01824125 0.11711506
v 0.05389119 -0.02297672 0.13384834
v 0.05115466 -0.01790005 0.13160893
v 0.04946961 -0.01556967 0.13034219
v 0.05152984 -0.01659449 0.13311249
v 0.04757576 -0.01339529 0.12903005
v 0.05186716 -0.01514735 0.13448513
v 0.04845385 -0.00360936 0.13479415
v 0.04842760 -0.00560307 0.13413721
v 0.05290648 -0.00390455 0.13987187
v 0.06044459 -0.02505300 0.14940432
v 0.05991676 -0.02705235 0.14763871
v 0.05742958 -0.02437827 0.14156187
v 0.06138205 -0.02062158 0.15240264
v 0.05792074 -0.02265795 0.14327720
v 0.05878827 -0.01877850 0.14621824
v 0.05482149 -0.02026666 0.13733202
v 0.05561267 -0.01694769 0.14023066
v 0.05638778 -0.03493280 0.13368040
v 0.05582621 -0.03544945 0.13093001
v 0.05529720 -0.03573520 0.12811369
v 0.05480789 -0.03580260 0.12525216
v 0.05436402 -0.03566660 0.12236337
v 0.05413145 -0.03654038 0.10582057
v 0.04859072 -0.00876764 0.08010841
v 0.05371300 -0.03549210 0.10987956
v 0.05440121 -0.03844572 0.11192662
v 0.05416388 -0.03703286 0.11584873
v 0.05487132 -0.03985029 0.11808188
v 0.05555294 -0.04065311 0.12425906
v 0.05518544 -0.04033443 0.12117041
v 0.05593089 -0.04547418 0.12265662
v 0.05665105 -0.04594333 0.12920704
v 0.05709181 -0.04588922 0.13246810
v 0.05644413 -0.04072572 0.13040143
v 0.05542616 -0.04434361 0.11612353
v 0.05512666 -0.04266187 0.10964692
v 0.05501693 -0.04051825 0.10324851
v 0.05508040 -0.03798649 0.09693900
v 0.05530105 -0.03512889 0.09072066
v 0.05566363 -0.03199919 0.08458834
v 0.05696168 -0.04044455 0.13342804
v 0.05752010 -0.03993186 0.13640046
v 0.05811206 -0.03917636 0.13929647
v 0.05872868 -0.03817394 0.14209276
v 0.05936005 -0.03692567 0.14476550
v 0.06061212 -0.04061101 0.15077043
v 0.05995741 -0.04211925 0.14798176
v 0.05931780 -0.04337443 0.14505640
v 0.05870327 -0.04437358 0.14201871
v 0.05812276 -0.04511890 0.13889286
v 0.05758363 -0.04561993 0.13570234
v 0.06238981 -0.02743114 0.15567619
v 0.06430191 -0.02708494 0.16372916
v 0.06562444 -0.02604507 0.17173216
v 0.06317733 -0.03231544 0.16019362
v 0.06256352 -0.03469192 0.15812373
v 0.06124073 -0.03181097 0.15185139
v 0.06062603 -0.03372909 0.14966032
v 0.05877483 -0.03052811 0.14358670
v 0.05817679 -0.03196848 0.14131454
v 0.05580415 -0.02846947 0.13547948
v 0.05523898 -0.02942625 0.13316900
v 0.06585891 -0.02759334 0.17767388
v 0.06578072 -0.02814829 0.17745379
v 0.06511232 -0.02911165 0.17023787
v 0.06375901 -0.02977260 0.16206235
v 0.06183118 -0.02970499 0.15385830
v 0.05683051 -0.00422646 0.14534581
v 0.06019139 -0.00457065 0.15116012
v 0.06296340 -0.00493232 0.15725717
v 0.06512488 -0.00530650 0.16357884
v 0.06666149 -0.00568812 0.17006698
v 0.05276408 -0.00811971 0.13861084
v 0.05663883 -0.00887042 0.14421692
v 0.05994570 -0.00965710 0.15012753
v 0.06266389 -0.01046848 0.15628803
v 0.06477678 -0.01129315 0.16264430
v 0.06627470 -0.01211966 0.16914436
v 0.00000000 0.03616948 0.06181877
v 0.00568440 0.03331555 0.06390338
v 0.00000000 0.02888740 0.06759266
v 0.00562427 0.02583290 0.06981315
v 0.00000000 0.02160533 0.07336656
v 0.00565744 0.01851794 0.07574897
v 0.00589361 0.00829682 0.08502875
v 0.00000000 0.01450729 0.07936396
v 0.00579132 0.01155946 0.08186590
v 0.01187799 0.00526788 0.08782237
v 0.01210848 0.00248385 0.09111430
v 0.01515154 0.00101921 0.09265187
v 0.01817352 -0.00050236 0.09427262
v 0.01707671 0.01843926 0.07446430
v 0.01717885 0.01127357 0.08092361
v 0.03372540 0.01946895 0.06696966
v 0.03318967 0.01162811 0.07475144
v 0.03774844 0.00605551 0.07718616
v 0.03760134 0.00245597 0.08128346
v 0.04166847 -0.00328312 0.08409707
v 0.03976307 -0.00678969 0.09117401
v 0.03966722 -0.00370778 0.08691593
v 0.03764660 -0.00411461 0.08949860
v 0.03541002 -0.00149692 0.08786482
v 0.02300871 0.00393858 0.08724756
v 0.02722870 -0.00617604 0.10141159
v 0.02697566 -0.00538314 0.09964744
v 0.02409908 -0.00370613 0.09776930
v 0.02673079 -0.00445999 0.09786350
v 0.02649854 -0.00341268 0.09606615
v 0.02951016 -0.00627881 0.09978686
v 0.03220558 -0.00814357 0.10178939
v 0.02925483 -0.00531807 0.09794468
v 0.03192724 -0.00727254 0.09989852
v 0.03166807 -0.00626754 0.09799332
v 0.03354067 -0.00485632 0.09405798
v 0.03103952 -0.00256501 0.09226536
v 0.03143190 -0.00513986 0.09608189
v 0.03396748 -0.00730036 0.09799532
v 0.03615094 -0.00841170 0.09793983
v 0.03593608 -0.00720274 0.09590898
v 0.03845039 -0.01074019 0.09991447
v 0.03821888 -0.00959979 0.09781615
v 0.04063125 -0.01311175 0.10194582
v 0.04038290 -0.01204287 0.09977705
v 0.04268729 -0.01552199 0.10403124
v 0.04242194 -0.01452741 0.10178924
v 0.04200955 -0.01220454 0.09732343
v 0.03999868 -0.00958882 0.09545935
v 0.03786236 -0.00701992 0.09364090
v 0.03560670 -0.00450286 0.09187009
v 0.03323782 -0.00204266 0.09014904
v 0.03450469 -0.00927270 0.10192616
v 0.03480605 -0.01005099 0.10386927
v 0.03697709 -0.01131506 0.10402561
v 0.03606739 -0.01101965 0.10493762
v 0.03730153 -0.01199769 0.10602436
v 0.03850769 -0.01298464 0.10712904
v 0.03817168 -0.01235088 0.10510129
v 0.03933748 -0.01339580 0.10619376
v 0.03901279 -0.01265247 0.10411123
v 0.03667434 -0.01048153 0.10200534
v 0.03422378 -0.00835189 0.09996510
v 0.04123286 -0.01486066 0.10627962
v 0.03968505 -0.01398002 0.10825119
v 0.04083282 -0.01498338 0.10939042
v 0.04047368 -0.01444934 0.10730255
v 0.04157950 -0.01551102 0.10842726
v 0.04890985 -0.02192458 0.12225033
v 0.04843833 -0.02215883 0.12006418
v 0.04653709 -0.02018659 0.11752332
v 0.04610097 -0.02010339 0.11532608
v 0.04409065 -0.01803662 0.11290572
v 0.04369685 -0.01765682 0.11072276
v 0.04303642 -0.01701214 0.11171813
v 0.04265416 -0.01658034 0.10956747
v 0.04195021 -0.01599424 0.11054621
v 0.03639776 -0.00950935 0.09997389
v 0.03871582 -0.01176270 0.10201497
v 0.04091540 -0.01405617 0.10411570
v 0.04299027 -0.01638556 0.10627318
v 0.03249834 -0.00887245 0.10365716
v 0.00614561 0.00241649 0.09162744
v 0.00627920 -0.00009998 0.09510133
v 0.00640576 -0.00224026 0.09872869
v 0.01545661 -0.00124817 0.09600417
v 0.01235832 0.00002727 0.09445430
v 0.01260987 -0.00205515 0.09784905
v 0.00944451 -0.00105259 0.09642506
v 0.01273067 -0.00293948 0.09957195
v 0.00962748 -0.00295064 0.09996561
v 0.01284542 -0.00370670 0.10131512
v 0.01295226 -0.00434418 0.10308088
v 0.00646383 -0.00313363 0.10060970
v 0.01853174 -0.00257457 0.09764797
v 0.00601411 0.00523359 0.08827739
v 0.02235398 -0.00622963 0.10605700
v 0.02217165 -0.00585164 0.10440860
v 0.01905996 -0.00483869 0.10268614
v 0.02252202 -0.00646980 0.10769326
v 0.02095181 -0.00609159 0.10684905
v 0.02109463 -0.00625174 0.10849682
v 0.02523130 -0.00690383 0.10624117
v 0.02390149 -0.00668448 0.10694823
v 0.01304956 -0.00483525 0.10487048
v 0.00971095 -0.00371700 0.10178588
v 0.00329854 -0.00463596 0.10576356
v 0.00327627 -0.00416505 0.10363216
v 0.00330841 -0.00476838 0.10684685
v 0.00332541 -0.00477758 0.10902906
v 0.00333249 -0.00462925 0.11011345
v 0.00333859 -0.00435881 0.11117578
v 0.00334127 -0.00417261 0.11169324
v 0.00334372 -0.00394944 0.11219732
v 0.00668914 -0.00391753 0.11259115
v 0.00669621 -0.00335079 0.11348469
v 0.00335267 -0.00220912 0.11433635
v 0.00335387 -0.00173016 0.11463494
v 0.00335490 -0.00121162 0.11486612
v 0.00669910 -0.00300753 0.11389548
v 0.00669290 -0.00365344 0.11304814
v 0.01003532 -0.00333813 0.11398495
v 0.01335921 -0.00300129 0.11501370
v 0.00668491 -0.00414524 0.11211828
v 0.01002650 -0.00391003 0.11314542
v 0.01003124 -0.00364205 0.11357442
v 0.01335133 -0.00365196 0.11426292
v 0.01335570 -0.00334452 0.11464871
v 0.01664784 -0.00336917 0.11547563
v 0.01634550 -0.00549215 0.10709397
v 0.01956511 -0.00600300 0.10854400
v 0.01629232 -0.00537331 0.10622586
v 0.01950403 -0.00594974 0.10770825
v 0.01617582 -0.00501339 0.10449726
v 0.01936971 -0.00572261 0.10603491
v 0.01604731 -0.00450662 0.10278011
v 0.01922092 -0.00534831 0.10436086
v 0.01590878 -0.00386723 0.10107393
v 0.01576247 -0.00310583 0.09937698
v 0.01639502 -0.00556631 0.10796393
v 0.01962181 -0.00601271 0.10937838
v 0.01967389 -0.00597577 0.11021040
v 0.02121955 -0.00624910 0.11013509
v 0.01980032 -0.00554736 0.11267645
v 0.01983188 -0.00528270 0.11348007
v 0.02144078 -0.00537551 0.11413044
v 0.02146776 -0.00501776 0.11489392
v 0.02306489 -0.00509505 0.11555693
v 0.00978732 -0.00433747 0.10364241
v 0.00656519 -0.00445426 0.10451860
v 0.00985547 -0.00478533 0.10553459
v 0.00988612 -0.00493377 0.10649256
v 0.01317442 -0.00524421 0.10759524
v 0.01320975 -0.00527701 0.10851095
v 0.01648229 -0.00556554 0.10970525
v 0.01651968 -0.00548164 0.11057318
v 0.01976335 -0.00574747 0.11186156
v 0.02140781 -0.00566505 0.11335079
v 0.02303697 -0.00547531 0.11481745
v 0.02464800 -0.00517863 0.11625708
v 0.00664188 -0.00489531 0.10859338
v 0.00665658 -0.00481288 0.10961977
v 0.00666936 -0.00463214 0.11063734
v 0.00668021 -0.00433883 0.11163319
v 0.01002107 -0.00414434 0.11270211
v 0.01334606 -0.00392597 0.11386055
v 0.01664353 -0.00368231 0.11511350
v 0.01990240 -0.00341132 0.11646379
v 0.00662531 -0.00489105 0.10756550
v 0.00996295 -0.00500744 0.10939432
v 0.00998314 -0.00488244 0.11035953
v 0.01000047 -0.00466663 0.11131430
v 0.01001493 -0.00434720 0.11224753
v 0.01333989 -0.00416885 0.11344520
v 0.01663811 -0.00396437 0.11473645
v 0.01989838 -0.00373222 0.11612425
v 0.02151265 -0.00343871 0.11701757
v 0.00670540 -0.00172262 0.11489669
v 0.00670677 -0.00121189 0.11511970
v 0.01004546 -0.00172498 0.11532436
v 0.01004659 -0.00121987 0.11553911
v 0.01336496 -0.00173687 0.11591772
v 0.01336539 -0.00123525 0.11612413
v 0.01665482 -0.00175791 0.11667622
v 0.01665418 -0.00125776 0.11687414
v 0.01990612 -0.00178775 0.11759777
v 0.01990419 -0.00128712 0.11778701
v 0.02311001 -0.00182604 0.11867995
v 0.01004156 -0.00261394 0.11473019
v 0.01336190 -0.00262002 0.11535198
v 0.01665108 -0.00302250 0.11581910
v 0.01665330 -0.00263977 0.11613850
v 0.01990513 -0.00305905 0.11678655
v 0.01985787 -0.00494694 0.11426831
v 0.01987826 -0.00453101 0.11503474
v 0.01324167 -0.00524924 0.10942734
v 0.01327005 -0.00515449 0.11034162
v 0.01655265 -0.00533497 0.11143608
v 0.01329474 -0.00498486 0.11124945
v 0.01658106 -0.00511875 0.11229009
v 0.01331566 -0.00473145 0.11214519
v 0.01660480 -0.00482531 0.11313040
v 0.01333277 -0.00438278 0.11301950
v 0.01662381 -0.00444443 0.11394913
v 0.01663154 -0.00421770 0.11434758
v 0.01988635 -0.00428985 0.11540741
v 0.01989304 -0.00402427 0.11577121
v 0.02150361 -0.00406198 0.11634747
v 0.02311211 -0.00311027 0.11791370
v 0.02311001 -0.00347020 0.11761076
v 0.02626282 -0.00317552 0.11919809
v 0.02625760 -0.00187242 0.11992035
v 0.02625282 -0.00136535 0.12009177
v 0.02310200 -0.00078539 0.11898459
v 0.02309020 -0.00050000 0.11904544
v 0.02311277 -0.00271809 0.11819709
v 0.01990663 -0.00267265 0.11708767
v 0.02077905 0.00023739 0.09254088
v 0.02116063 -0.00207831 0.09597794
v 0.02432739 -0.00460087 0.09950382
v 0.02748517 -0.00683500 0.10315070
v 0.01888946 -0.00420241 0.10100976
v 0.01871233 -0.00344619 0.09933064
v 0.02197801 -0.00534255 0.10274757
v 0.02177636 -0.00470744 0.10107357
v 0.02501526 -0.00652396 0.10459063
v 0.02478983 -0.00601223 0.10291693
v 0.02774013 -0.00735808 0.10486061
v 0.02651071 -0.00712940 0.10555164
v 0.03033747 -0.00834022 0.10517428
v 0.03143957 -0.00861902 0.10444004
v 0.03005655 -0.00779450 0.10340870
v 0.02977904 -0.00710630 0.10161076
v 0.03280018 -0.00945324 0.10549284
v 0.03413704 -0.01029677 0.10656679
v 0.03382307 -0.00977066 0.10471085
v 0.02267313 -0.00656261 0.10931677
v 0.02407885 -0.00685700 0.10856748
v 0.02543426 -0.00714843 0.10786820
v 0.02673776 -0.00744395 0.10719866
v 0.02798885 -0.00774425 0.10653860
v 0.02918816 -0.00804558 0.10586933
v 0.02562081 -0.00725292 0.10947163
v 0.02714648 -0.00765731 0.11040554
v 0.02695084 -0.00762122 0.10881672
v 0.03512269 -0.01067843 0.10578454
v 0.03544880 -0.01114923 0.10766161
v 0.03639599 -0.01159536 0.10687790
v 0.03673425 -0.01201025 0.10877693
v 0.03764210 -0.01252101 0.10799045
v 0.03799253 -0.01287939 0.10991228
v 0.03886022 -0.01345493 0.10912172
v 0.03922283 -0.01375623 0.11106712
v 0.04004956 -0.01439668 0.11027119
v 0.04042434 -0.01464036 0.11224089
v 0.04120931 -0.01534581 0.11143843
v 0.04159626 -0.01553135 0.11343310
v 0.04233867 -0.01630188 0.11262289
v 0.04273778 -0.01642878 0.11464322
v 0.04343683 -0.01726444 0.11382411
v 0.04384810 -0.01733221 0.11587072
v 0.04450300 -0.01823305 0.11504156
v 0.04198646 -0.01553933 0.11536274
v 0.04080237 -0.01471010 0.11414913
v 0.03958869 -0.01388728 0.11295465
v 0.03834624 -0.01307126 0.11177991
v 0.03707581 -0.01226246 0.11062539
v 0.03577822 -0.01146127 0.10949171
v 0.03445434 -0.01066808 0.10837940
v 0.03310537 -0.00988328 0.10728884
v 0.03173263 -0.00910720 0.10622037
v 0.04030268 -0.01364799 0.11652178
v 0.03995084 -0.01384986 0.11477513
v 0.03903676 -0.01296306 0.11532003
v 0.03869645 -0.01309801 0.11358456
v 0.03774293 -0.01228458 0.11414016
v 0.03741410 -0.01235295 0.11241508
v 0.03642199 -0.01161289 0.11298279
v 0.03610462 -0.01161505 0.11126725
v 0.03507481 -0.01094836 0.11184851
v 0.03476887 -0.01088470 0.11014164
v 0.03370257 -0.01029129 0.11073784
v 0.03340803 -0.01016223 0.10903866
v 0.03230656 -0.00964203 0.10965110
v 0.03202343 -0.00944799 0.10795871
v 0.03088808 -0.00900089 0.10858870
v 0.03061637 -0.00874233 0.10690216
v 0.02944841 -0.00836818 0.10755108
v 0.02844994 -0.00810256 0.10979343
v 0.02865458 -0.00806991 0.11136881
v 0.02993031 -0.00859216 0.11079789
v 0.03014391 -0.00849045 0.11236090
v 0.03139070 -0.00908975 0.11182962
v 0.03161324 -0.00891867 0.11338139
v 0.03282986 -0.00959505 0.11288814
v 0.03306134 -0.00935430 0.11442981
v 0.03424654 -0.01010776 0.11397306
v 0.03448699 -0.00979709 0.11550561
v 0.03563949 -0.01062761 0.11508388
v 0.03588896 -0.01024677 0.11660839
v 0.03700747 -0.01115431 0.11622018
v 0.03726603 -0.01070307 0.11773766
v 0.03834933 -0.01168758 0.11738143
v 0.03861708 -0.01116573 0.11889283
v 0.03966421 -0.01222712 0.11856697
v 0.03994125 -0.01163447 0.12007330
v 0.03885571 -0.01049760 0.12032846
v 0.04063798 -0.01328719 0.11818991
v 0.03936113 -0.01267129 0.11698187
v 0.03805640 -0.01206157 0.11579654
v 0.03672462 -0.01145835 0.11463464
v 0.03536665 -0.01086195 0.11349673
v 0.03398366 -0.01027268 0.11238331
v 0.03257690 -0.00969085 0.11129484
v 0.03114766 -0.00911676 0.11023171
v 0.02969720 -0.00855071 0.10919435
v 0.02822681 -0.00799301 0.10818318
v 0.04250568 -0.01258907 0.12250719
v 0.04495278 -0.01356463 0.12503374
v 0.04694116 -0.01557890 0.12615249
v 0.04429318 -0.01516863 0.12194384
v 0.03749646 -0.01010530 0.11918480
v 0.03611131 -0.00971917 0.11806811
v 0.03470136 -0.00933948 0.11697898
v 0.03326782 -0.00896645 0.11591787
v 0.03181187 -0.00860034 0.11488531
v 0.03033473 -0.00824140 0.11388180
v 0.02883758 -0.00788985 0.11290780
v 0.02732161 -0.00754596 0.11196388
v 0.02578804 -0.00720996 0.11105046
v 0.02423808 -0.00688209 0.11016802
v 0.02593338 -0.00700825 0.11260135
v 0.02605447 -0.00663238 0.11411769
v 0.02747357 -0.00727720 0.11348826
v 0.02759989 -0.00683731 0.11497209
v 0.02899611 -0.00755373 0.11440698
v 0.02769840 -0.00620801 0.11640409
v 0.02610527 -0.00637294 0.11485947
v 0.02449256 -0.00643484 0.11329693
v 0.02437673 -0.00674709 0.11174671
v 0.02912765 -0.00704945 0.11585961
v 0.02922994 -0.00636086 0.11725489
v 0.03063663 -0.00726858 0.11677975
v 0.03074274 -0.00652019 0.11813972
v 0.03212567 -0.00749450 0.11773197
v 0.03223571 -0.00668583 0.11905802
v 0.03359364 -0.00772700 0.11871568
v 0.03370772 -0.00685759 0.12000925
v 0.03503941 -0.00796589 0.11973042
v 0.03515768 -0.00703529 0.12099285
v 0.03646183 -0.00821095 0.12077565
v 0.03658447 -0.00721876 0.12200824
v 0.03785977 -0.00846199 0.12185077
v 0.03769537 -0.00935944 0.12055788
v 0.03630324 -0.00904216 0.11945928
v 0.03488646 -0.00873112 0.11838938
v 0.03344618 -0.00842653 0.11734865
v 0.03198359 -0.00812862 0.11633769
v 0.03049984 -0.00783761 0.11535696
v 0.02621584 -0.00526835 0.11699418
v 0.02623825 -0.00477443 0.11766515
v 0.02779013 -0.00484910 0.11841679
v 0.02780534 -0.00426180 0.11903820
v 0.02933985 -0.00432340 0.11980552
v 0.02934734 -0.00363517 0.12037135
v 0.02461919 -0.00558191 0.11554084
v 0.02300265 -0.00579015 0.11406095
v 0.02136900 -0.00589241 0.11255870
v 0.01972114 -0.00588874 0.11103875
v 0.01644068 -0.00559212 0.10883478
v 0.01313584 -0.00515658 0.10668246
v 0.02280499 -0.00649397 0.11092458
v 0.02132455 -0.00606281 0.11175729
v 0.02291547 -0.00624491 0.11251006
v 0.02296209 -0.00604510 0.11329085
v 0.02454129 -0.00620535 0.11405785
v 0.02458356 -0.00592247 0.11480672
v 0.02614923 -0.00606182 0.11558784
v 0.02618615 -0.00569515 0.11630038
v 0.02773662 -0.00581485 0.11709575
v 0.02776722 -0.00536405 0.11776782
v 0.02930102 -0.00546558 0.11857755
v 0.02932448 -0.00492902 0.11920518
v 0.03084026 -0.00501406 0.12002975
v 0.03085586 -0.00438945 0.12060971
v 0.03235231 -0.00445983 0.12145013
v 0.00670367 -0.00219350 0.11461080
v 0.01004379 -0.00219019 0.11505092
v 0.01336380 -0.00219872 0.11565662
v 0.01665453 -0.00221861 0.11642737
v 0.01990695 -0.00224942 0.11736114
v 0.02311206 -0.00229069 0.11845545
v 0.02626088 -0.00234199 0.11970789
v 0.02934021 -0.00192657 0.12131614
v 0.03234260 -0.00146796 0.12301631
v 0.03235860 -0.00292446 0.12245963
v 0.03234981 -0.00198820 0.12286318
v 0.03526036 -0.00096622 0.12480084
v 0.03425131 -0.00050000 0.12424514
v 0.02926948 -0.00594084 0.11792643
v 0.03081618 -0.00557279 0.11942274
v 0.03231163 -0.00568554 0.12030289
v 0.03378629 -0.00580366 0.12121738
v 0.03382818 -0.00453444 0.12232626
v 0.03523908 -0.00592703 0.12216566
v 0.03527046 -0.00152789 0.12470106
v 0.03798700 -0.00740781 0.12305493
v 0.04057818 -0.00898117 0.12408832
v 0.04071530 -0.00780194 0.12523952
v 0.04333580 -0.00821622 0.12754074
v 0.04040157 -0.01001175 0.12283871
v 0.04318779 -0.00952174 0.12643731
v 0.04568211 -0.01008204 0.12889174
v 0.04299815 -0.01068620 0.12522620
v 0.04547862 -0.01138093 0.12771448
v 0.04783644 -0.01209405 0.13029766
v 0.05216254 -0.01356778 0.13572440
v 0.04601594 -0.00121445 0.13288879
v 0.04350265 -0.00230403 0.13047355
v 0.04086204 -0.00221522 0.12836748
v 0.03811846 -0.00213280 0.12639344
v 0.03527852 -0.00205703 0.12455709
v 0.03528849 -0.00301496 0.12417892
v 0.03235959 -0.00373982 0.12197790
v 0.04835226 -0.00741569 0.13336414
v 0.04349820 -0.00516593 0.12940785
v 0.03528241 -0.00461317 0.12323750
v 0.03671398 -0.00469590 0.12418327
v 0.03807478 -0.00618887 0.12416134
v 0.03812185 -0.00478254 0.12516302
v 0.04081059 -0.00646986 0.12628505
v 0.04086267 -0.00496708 0.12722179
v 0.04343974 -0.00676879 0.12853086
v 0.04595579 -0.00708447 0.13089260
v 0.04805465 -0.01066037 0.13144565
v 0.05241244 -0.01186421 0.13682693
v 0.05622745 -0.01311883 0.14252949
v 0.05947236 -0.01440948 0.14850146
v 0.06213096 -0.01572090 0.15469286
v 0.06419139 -0.01703775 0.16105524
v 0.06564829 -0.01834481 0.16754398
v 0.04087225 -0.00322573 0.12803793
v 0.03812893 -0.00311554 0.12603995
v 0.03672039 -0.00306402 0.12509200
v 0.03528994 -0.00385836 0.12372930
v 0.05437086 -0.02170465 0.13566202
v 0.05074642 -0.01905373 0.12997663
v 0.04911469 -0.01673249 0.12884450
v 0.04727603 -0.01455892 0.12764728
v 0.04523439 -0.01254288 0.12642682
v 0.04276970 -0.01170905 0.12391437
v 0.04018821 -0.01089584 0.12149844
v 0.00654901 0.06708500 0.01269915
v 0.00321851 0.06597979 0.02191404
v 0.00649189 0.06651194 0.01735777
v 0.00320316 0.06477018 0.02649168
v 0.01298407 0.06527901 0.01754036
v 0.00644977 0.06563743 0.02202404
v 0.00641934 0.06438161 0.02667806
v 0.00968198 0.06508113 0.02215073
v 0.01969749 0.06455382 0.00828516
v 0.01308922 0.06593211 0.01283014
v 0.03205150 0.05892608 0.00870435
v 0.02600413 0.06207002 0.00847363
v 0.01662418 0.06588612 0.00050000
v 0.01620199 0.06436104 0.01765897
v 0.01953498 0.06402382 0.01302523
v 0.01290336 0.06431238 0.02229454
v 0.00963634 0.06377131 0.02687581
v 0.00639039 0.06267768 0.03127262
v 0.00316836 0.06106259 0.03532154
v 0.02580128 0.06138775 0.01328171
v 0.01938611 0.06324684 0.01779555
v 0.01610212 0.06333338 0.02245579
v 0.01284201 0.06294113 0.02708600
v 0.00959246 0.06199202 0.03156734
v 0.00635007 0.06049785 0.03573655
v 0.00313733 0.05856660 0.03945843
v 0.00620821 0.05486927 0.04400954
v 0.00628953 0.05787019 0.03999731
v 0.00944348 0.05695924 0.04052008
v 0.00953231 0.05971076 0.03614448
v 0.01270225 0.05870342 0.03654811
v 0.01278244 0.06108356 0.03186679
v 0.01594781 0.05995518 0.03217273
v 0.01602415 0.06189368 0.02730954
v 0.01917056 0.06063436 0.02754704
v 0.01926648 0.06214901 0.02263456
v 0.02238466 0.06076468 0.02283091
v 0.02252518 0.06194112 0.01794988
v 0.02560795 0.06044863 0.01812171
v 0.01146511 0.02993063 0.06595141
v 0.01135635 0.02234956 0.07208895
v 0.01142296 0.01507326 0.07825325
v 0.01733293 0.00792861 0.08420577
v 0.01258604 0.05583569 0.04103040
v 0.00932529 0.05382305 0.04463685
v 0.01225471 0.04903812 0.04918017
v 0.00591202 0.04449956 0.05463034
v 0.01171760 0.03765517 0.05963697
v 0.01757048 0.03390971 0.06143403
v 0.01722277 0.02604015 0.06803433
v 0.02283672 0.02166891 0.07018247
v 0.02266463 0.01412279 0.07696814
v 0.02804684 0.00595760 0.08322855
v 0.02880122 -0.00303161 0.09423510
v 0.03802199 0.05627010 0.00050000
v 0.03798866 0.05595209 0.00392683
v 0.03776999 0.05516472 0.00897538
v 0.03180562 0.05805976 0.01359690
v 0.01570404 0.05450226 0.04153172
v 0.01584707 0.05747874 0.03695006
v 0.01895386 0.05604255 0.03735222
v 0.01907601 0.05861260 0.03248632
v 0.02215446 0.05706222 0.03280871
v 0.02226904 0.05916920 0.02779899
v 0.02530739 0.05750423 0.02806587
v 0.02544489 0.05918586 0.02304487
v 0.02843583 0.05741861 0.02327648
v 0.02862353 0.05877468 0.01831082
v 0.03156237 0.05692663 0.01851696
v 0.01878424 0.05296465 0.04202661
v 0.02200969 0.05440133 0.03775637
v 0.02517059 0.05531043 0.03314096
v 0.02827387 0.05564611 0.02834814
v 0.03134759 0.05547116 0.02352566
v 0.03441515 0.05491224 0.01873988
v 0.02181337 0.05122919 0.04251747
v 0.02500166 0.05256159 0.03816425
v 0.02811234 0.05336430 0.03348409
v 0.03115838 0.05360380 0.02864607
v 0.03417063 0.05335220 0.02379238
v 0.03096943 0.05123319 0.03383886
v 0.03373196 0.04892698 0.03420595
v 0.03395118 0.05138669 0.02895994
v 0.03046601 0.04490435 0.04398835
v 0.03347871 0.04593280 0.03942509
v 0.03074642 0.04831756 0.03899740
v 0.02418536 0.04175221 0.05184521
v 0.02449993 0.04565172 0.04757563
v 0.02477816 0.04930225 0.04300665
v 0.02791739 0.05053050 0.03857752
v 0.04048510 0.05306713 0.00912542
v 0.03747439 0.05409048 0.01396846
v 0.04834574 0.04766709 0.00050000
v 0.04828425 0.04715711 0.00429634
v 0.04559244 0.04847287 0.00945333
v 0.04309473 0.05083407 0.00928481
v 0.04273985 0.04953653 0.01439410
v 0.03639003 0.04645554 0.03458605
v 0.04135935 0.04105919 0.03538758
v 0.03664252 0.04900420 0.02928998
v 0.04168746 0.04378350 0.02999931
v 0.03689538 0.05107042 0.02407654
v 0.04201686 0.04605587 0.02469676
v 0.03717260 0.05273930 0.01897938
v 0.04236872 0.04795149 0.01950695
v 0.04582630 0.03513563 0.03624688
v 0.04624100 0.03802953 0.03077455
v 0.04665877 0.04050938 0.02538477
v 0.04709675 0.04263747 0.02009716
v 0.03012873 0.04111769 0.04871489
v 0.02975503 0.03710451 0.05314900
v 0.02937264 0.03298935 0.05731826
v 0.02867846 0.02476987 0.06508096
v 0.02819119 0.01684957 0.07241837
v 0.03610420 0.04338621 0.03986173
v 0.04059198 0.03420726 0.04600947
v 0.04100119 0.03785037 0.04076594
v 0.04538720 0.03180256 0.04171670
v 0.04922392 0.02533763 0.04271989
v 0.05249589 0.01855074 0.04378067
v 0.05519718 0.01153515 0.04490434
v 0.03450229 0.02770847 0.05880724
v 0.03832080 0.01375915 0.06891661
v 0.03916933 0.02195241 0.06032408
v 0.04131305 0.01892060 0.06109602
v 0.03965019 0.02612699 0.05578897
v 0.04232707 0.02722105 0.05161991
v 0.04013422 0.03025195 0.05102611
v 0.03493586 0.03187129 0.05445874
v 0.03536554 0.03595826 0.04986044
v 0.03576222 0.03984550 0.04498533
v 0.03305940 0.00105786 0.08627438
v 0.02800420 0.00942745 0.07962047
v 0.06434073 -0.00904288 0.00050000
v 0.06471733 -0.00606159 0.00050000
v 0.06497674 -0.00174426 0.00050000
v 0.06419346 -0.01020869 0.00050000
v 0.06339243 -0.01436797 0.00050000
v 0.06246462 -0.01791188 0.00050000
v 0.06229734 -0.01855086 0.00050000
v 0.06095610 -0.02256924 0.00050000
v 0.05937758 -0.02643671 0.00050000
v 0.05533552 -0.03410257 0.00050000
v 0.05747019 -0.03036738 0.00050000
v 0.05934047 -0.02652764 0.00050000
v 0.05034058 -0.04111965 0.00050000
v 0.05295334 -0.03769550 0.00050000
v 0.05511307 -0.03443808 0.00050000
v 0.04443110 -0.04744346 0.00050000
v 0.04749139 -0.04437988 0.00050000
v 0.04977563 -0.04176611 0.00050000
v 0.03770033 -0.05294990 0.00050000
v 0.04115769 -0.05030949 0.00050000
v 0.04347365 -0.04828176 0.00050000
v 0.03025361 -0.05753017 0.00050000
v 0.03406814 -0.05535671 0.00050000
v 0.03632860 -0.05385886 0.00050000
v 0.02847810 -0.05838847 0.00050000
v 0.02629261 -0.05944498 0.00050000
v 0.02219661 -0.06109282 0.00050000
v 0.02007510 -0.06178494 0.00050000
v 0.01808513 -0.06243414 0.00050000
v 0.01374649 -0.06353000 0.00050000
v 0.01128052 -0.06397593 0.00050000
v 0.00937235 -0.06432100 0.00050000
v 0.00507413 -0.06480220 0.00050000
v 0.00226701 -0.06492776 0.00050000
v 0.00074711 -0.06499574 0.00050000
v -0.00358366 -0.06490153 0.00050000
v -0.00679199 -0.06461725 0.00050000
v -0.00788620 -0.06452029 0.00050000
v -0.01193243 -0.06389536 0.00050000
v -0.01572215 -0.06305668 0.00050000
v -0.01615950 -0.06295989 0.00050000
v -0.02030000 -0.06174932 0.00050000
v -0.02424860 -0.06030759 0.00050000
v -0.03198641 -0.05658512 0.00050000
v -0.02817540 -0.05857604 0.00050000
v -0.02434802 -0.06026375 0.00050000
v -0.03917567 -0.05186784 0.00050000
v -0.03564464 -0.05435494 0.00050000
v -0.03249127 -0.05627733 0.00050000
v -0.04571022 -0.04621229 0.00050000
v -0.04253292 -0.04915237 0.00050000
v -0.04000129 -0.05120005 0.00050000
v -0.05145914 -0.03971095 0.00050000
v -0.04869146 -0.04305983 0.00050000
v -0.04673338 -0.04513037 0.00050000
v -0.05255691 -0.03818504 0.00050000
v -0.05400967 -0.03616569 0.00050000
v -0.05631270 -0.03246363 0.00050000
v -0.05735912 -0.03049836 0.00050000
v -0.05836941 -0.02860095 0.00050000
v -0.06019103 -0.02453654 0.00050000
v -0.06104673 -0.02221902 0.00050000
v -0.06169847 -0.02045389 0.00050000
v -0.06292205 -0.01630633 0.00050000
v -0.06355321 -0.01350831 0.00050000
v -0.06382491 -0.01230378 0.00050000
v -0.06450640 -0.00799879 0.00050000
v -0.06482919 0.00453363 0.00050000
v -0.06499684 0.00064276 0.00050000
v -0.06489561 -0.00368985 0.00050000
v -0.06481953 -0.00453217 0.00050000
v -0.06481055 0.00496615 0.00050000
v -0.06434856 0.00918149 0.00050000
v -0.06362642 0.01329260 0.00050000
v -0.06131805 0.02156700 0.00050000
v -0.06260214 0.01749469 0.00050000
v -0.06357280 0.01351260 0.00050000
v -0.05797277 0.02939657 0.00050000
v -0.05977763 0.02552721 0.00050000
v -0.06106233 0.02222443 0.00050000
v -0.05358354 0.03679411 0.00050000
v -0.05589895 0.03317099 0.00050000
v -0.05736572 0.03050143 0.00050000
v -0.05255847 0.03818569 0.00050000
v -0.05102694 0.04026479 0.00050000
v -0.04823585 0.04356960 0.00050000
v -0.04673117 0.04512777 0.00050000
v -0.04522826 0.04668410 0.00050000
v -0.04200830 0.04960148 0.00050000
v -0.03999623 0.05119319 0.00050000
v -0.03860071 0.05229715 0.00050000
v -0.03500089 0.05477169 0.00050000
v -0.03248340 0.05626364 0.00050000
v -0.03123875 0.05700127 0.00050000
v -0.02732895 0.05897572 0.00050000
v -0.02433773 0.06023926 0.00050000
v -0.02322830 0.06070791 0.00050000
v -0.01913789 0.06211946 0.00050000
v -0.01571887 0.06304692 0.00050000
v -0.01488440 0.06327328 0.00050000
v -0.01045932 0.06415305 0.00050000
v -0.00679212 0.06462669 0.00050000
v -0.00616909 0.06470716 0.00050000
v -0.00184792 0.06497389 0.00050000
v 0.00226843 0.06495375 0.00050000
v 0.00248587 0.06495269 0.00050000
v 0.00679966 0.06464392 0.00050000
v 0.01090110 0.06407943 0.00050000
v 0.01926132 0.06208130 0.00050000
v 0.01509109 0.06322432 0.00050000
v 0.01128481 0.06400112 0.00050000
v 0.02719390 0.05903811 0.00050000
v 0.02324336 0.06070215 0.00050000
v 0.02007898 0.06179811 0.00050000
v 0.02848003 0.05839350 0.00050000
v 0.03102287 0.05711903 0.00050000
v 0.03472643 0.05494614 0.00050000
v 0.03632764 0.05385816 0.00050000
v 0.03829541 0.05252112 0.00050000
v 0.04169300 0.04986677 0.00050000
v 0.04346972 0.04827783 0.00050000
v 0.04491992 0.04698090 0.00050000
v 0.04795037 0.04388358 0.00050000
v 0.04976750 0.04175947 0.00050000
v 0.05077800 0.04057825 0.00050000
v 0.05338194 0.03708603 0.00050000
v 0.05509881 0.03442904 0.00050000
v 0.05574520 0.03342871 0.00050000
v 0.05787575 0.02958712 0.00050000
v 0.05935794 0.02642732 0.00050000
v 0.05975157 0.02558818 0.00050000
v 0.06134272 0.02149672 0.00050000
v 0.06246699 0.01791172 0.00050000
v 0.06263667 0.01737064 0.00050000
v 0.06369220 0.01297360 0.00050000
v 0.06435522 0.00904419 0.00050000
v 0.06442411 0.00863589 0.00050000
v 0.06485599 0.00433177 0.00050000
v 0.06500000 0.00000000 0.00050000
v -0.04199781 -0.05422658 0.00050000
v -0.04197325 -0.05448442 0.00667523
v -0.04542204 -0.05127854 0.00050000
v -0.04725801 -0.04967386 0.00926385
v -0.04753379 -0.04921031 0.00050000
v -0.05232713 -0.04393004 0.00929371
v -0.05163649 -0.04478787 0.00050000
v -0.04863611 -0.04813070 0.00050000
v -0.05713436 -0.03722279 0.00485252
v -0.05696980 -0.03755317 0.00050000
v -0.05261398 -0.04356059 0.00482774
v -0.05442199 -0.04125318 0.00050000
v -0.05276183 -0.04335985 0.00050000
v -0.06092867 -0.03042555 0.00487657
v -0.05926305 -0.03371704 0.00050000
v -0.05731918 -0.03696873 0.00050000
v -0.06409440 -0.02283521 0.00050000
v -0.06309064 -0.02562806 0.00050000
v -0.06392890 -0.02324431 0.00490109
v -0.06130681 -0.02973746 0.00050000
v -0.06112116 -0.03009895 0.00050000
v -0.06680386 -0.01274633 0.00050000
v -0.06624600 -0.01529135 0.00050000
v -0.06608256 -0.01576852 0.00492637
v -0.06584980 -0.01709893 0.00050000
v -0.06460819 -0.02140562 0.00050000
v -0.06747559 -0.00834187 0.00050000
v -0.06735403 -0.00809788 0.00495162
v -0.06754380 -0.00755616 0.00050000
v -0.06786115 -0.00390058 0.00050000
v -0.06698357 -0.00907898 0.00943396
v -0.06619692 -0.00853611 0.01800000
v -0.06649981 -0.01038769 0.01381508
v -0.06592999 -0.01190266 0.01800000
v -0.06590562 -0.01221007 0.01800000
v -0.06465980 -0.01941425 0.01800000
v -0.06471797 -0.01915272 0.01800000
v -0.06526961 -0.01779895 0.01379523
v -0.06526468 -0.01669490 0.01800000
v -0.06587151 -0.01264024 0.01800000
v -0.06313455 -0.02500370 0.01377503
v -0.06262022 -0.02619644 0.01800000
v -0.06317774 -0.02471744 0.01800000
v -0.06436896 -0.02072176 0.01800000
v -0.06014825 -0.03189913 0.01375591
v -0.06167611 -0.02870094 0.01800000
v -0.06254000 -0.02640923 0.01800000
v -0.05679741 -0.03770569 0.00932119
v -0.05599461 -0.03929567 0.01799998
v -0.05768542 -0.03664061 0.01799998
v -0.06057772 -0.03103928 0.00934813
v -0.05961327 -0.03310905 0.01800000
v -0.05970277 -0.03294509 0.01800000
v -0.05985161 -0.03267244 0.01800000
v -0.05168653 -0.04525414 0.01799998
v -0.05224437 -0.04458554 0.01799998
v -0.05515693 -0.04061108 0.01799998
v -0.05591600 -0.03941911 0.01799998
v -0.04679107 -0.05083052 0.01799998
v -0.04683585 -0.05078296 0.01799998
v -0.04892243 -0.04856711 0.01799998
v -0.05161874 -0.04533539 0.01799998
v -0.04195865 -0.05464391 0.00846775
v -0.04195245 -0.05471164 0.00922898
v -0.04192324 -0.05503085 0.01281658
v -0.04186251 -0.05571937 0.01799995
v -0.04518782 -0.05253310 0.01799998
v -0.06357939 -0.02398815 0.00937605
v -0.06572969 -0.01663400 0.00940516
v -0.04909064 -0.05166003 0.22339353
v -0.05133114 -0.05057408 0.22002122
v -0.05109686 -0.05464635 0.21849179
v -0.05341171 -0.04947146 0.21651879
v -0.05532442 -0.04835214 0.21289927
v -0.05501045 -0.05220061 0.21129227
v -0.05841922 -0.05974156 0.15456149
v -0.05892301 -0.05864586 0.15786740
v -0.05794759 -0.06060313 0.15117818
v -0.05751090 -0.06123912 0.14773646
v -0.05552540 -0.05337854 0.09942160
v -0.05582685 -0.05066994 0.09287214
v -0.05624860 -0.04774539 0.08642382
v -0.06171295 -0.02875698 0.02529482
v -0.05531076 -0.04149571 0.02613405
v -0.04177399 -0.05667697 0.02347579
v -0.04170206 -0.05748830 0.02723477
v -0.04649982 -0.05268562 0.02691292
v -0.04141862 -0.06143523 0.04190460
v -0.04133829 -0.06258044 0.04531458
v -0.04571117 -0.05788721 0.04433158
v -0.04126455 -0.06363169 0.04844475
v -0.04112011 -0.06576332 0.05416055
v -0.04528947 -0.06105991 0.05285719
v -0.04002203 -0.08954876 0.11257104
v -0.03999991 -0.09048387 0.11515258
v -0.04320649 -0.08546076 0.11186291
v -0.03995711 -0.09282241 0.12204728
v -0.03994610 -0.09349100 0.12406171
v -0.04311039 -0.08840837 0.12051342
v -0.03993889 -0.09817688 0.14136198
v -0.03994164 -0.09836553 0.14221954
v -0.04309817 -0.09324861 0.13813689
v -0.04020209 -0.10159021 0.17117351
v -0.04025958 -0.10146998 0.17488092
v -0.04368063 -0.09648732 0.16985220
v -0.04036941 -0.10085605 0.18116117
v -0.04042599 -0.10043164 0.18419060
v -0.04397936 -0.09559584 0.17892367
v -0.06744386 -0.00537381 0.19060233
v -0.06751736 -0.00050000 0.19078907
v -0.06783643 -0.00050000 0.18748167
v -0.06568526 -0.00050000 0.20077544
v -0.06620242 -0.00050000 0.19851077
v -0.06614549 -0.00580196 0.19832847
v -0.06668701 -0.00050000 0.19638875
v -0.06740482 -0.00050000 0.19195560
v -0.06285791 -0.00050000 0.20928884
v -0.06405143 -0.00050000 0.20604640
v -0.06399732 -0.00622258 0.20587122
v -0.05726896 -0.00050000 0.22016507
v -0.05895938 -0.00050000 0.21737933
v -0.05923354 -0.00683184 0.21664029
v -0.05273264 -0.00050000 0.22656849
v -0.05403940 -0.00050000 0.22493199
v -0.05508257 -0.00722035 0.22332281
v -0.04199993 -0.00050000 0.23744097
v -0.04500080 -0.00050000 0.23487121
v -0.04200422 -0.00598197 0.23741692
v -0.04467670 -0.00795253 0.23510095
v -0.04200250 -0.00810843 0.23737982
v -0.04199112 -0.01844881 0.23714739
v -0.04199344 -0.01750970 0.23719081
v -0.04463990 -0.01721835 0.23486632
v -0.04199559 -0.01664234 0.23723090
v -0.04200224 -0.00842540 0.23737431
v -0.04197314 -0.02571453 0.23681164
v -0.04457249 -0.02646726 0.23433587
v -0.04196887 -0.02690078 0.23671508
v -0.04192116 -0.03842952 0.23556390
v -0.04193137 -0.03626028 0.23582280
v -0.04447269 -0.03567655 0.23338842
v -0.04194754 -0.03282082 0.23623329
v -0.04196325 -0.02845946 0.23658824
v -0.04185059 -0.04830421 0.23385048
v -0.04433896 -0.04480521 0.23189184
v -0.04182686 -0.05104522 0.23326585
v -0.04416998 -0.05378387 0.22969797
v -0.04180476 -0.05318046 0.23269555
v -0.04187333 -0.04567774 0.23441070
v -0.04187415 -0.04555755 0.23443037
v -0.04191777 -0.03915058 0.23547783
v -0.04173717 -0.05920295 0.23091137
v -0.04175186 -0.05799485 0.23130727
v -0.04407202 -0.05818396 0.22828907
v -0.04177241 -0.05630534 0.23186091
v -0.04178893 -0.05470948 0.23228714
v -0.04171424 -0.06108818 0.23029360
v -0.04396511 -0.06249977 0.22664422
v -0.04169066 -0.06272474 0.22965342
v -0.04160882 -0.06792635 0.22742742
v -0.04161881 -0.06733752 0.22769946
v -0.04384939 -0.06670808 0.22474322
v -0.04165462 -0.06522565 0.22867516
v -0.04167778 -0.06361841 0.22930387
v -0.04158254 -0.06947590 0.22671151
v -0.04372520 -0.07078015 0.22256768
v -0.04153663 -0.07180906 0.22544155
v -0.04605800 -0.06926960 0.21935853
v -0.04587561 -0.07305267 0.21687737
v -0.04144868 -0.07609762 0.22285366
v -0.04150654 -0.07333834 0.22460914
v -0.04153081 -0.07210501 0.22528046
v -0.04136003 -0.07993182 0.22009379
v -0.04136482 -0.07975469 0.22024217
v -0.04568663 -0.07663173 0.21410969
v -0.04143427 -0.07678514 0.22241625
v -0.04144822 -0.07611973 0.22283959
v -0.04124748 -0.08391245 0.21660492
v -0.04126080 -0.08348299 0.21701860
v -0.04549245 -0.07997213 0.21105489
v -0.04128558 -0.08268450 0.21778774
v -0.04135412 -0.08015065 0.21991044
v -0.04119977 -0.08544945 0.21512440
v -0.04529479 -0.08304065 0.20772338
v -0.04115456 -0.08677264 0.21366668
v -0.04104437 -0.08981892 0.20997623
v -0.04104640 -0.08976419 0.21004498
v -0.04509563 -0.08580901 0.20413423
v -0.04112435 -0.08765636 0.21269310
v -0.04113370 -0.08738280 0.21299446
v -0.04090146 -0.09316634 0.20483086
v -0.04093708 -0.09238349 0.20614588
v -0.04489686 -0.08825621 0.20031437
v -0.04096106 -0.09185665 0.20703083
v -0.04101807 -0.09046236 0.20904619
v -0.04087520 -0.09374338 0.20386156
v -0.04470063 -0.09037098 0.19629636
v -0.04082815 -0.09466081 0.20203817
v -0.04450892 -0.09215293 0.19211555
v -0.04078051 -0.09558985 0.20019171
v -0.04078570 -0.09548867 0.20039281
v -0.04067340 -0.09737794 0.19575468
v -0.04069350 -0.09707925 0.19663358
v -0.04072112 -0.09660655 0.19776285
v -0.04051980 -0.09947748 0.18882033
v -0.04056623 -0.09889575 0.19098008
v -0.04432360 -0.09360746 0.18780610
v -0.04059820 -0.09849522 0.19246706
v -0.04061821 -0.09819779 0.19334227
v -0.04414652 -0.09474926 0.18339938
v -0.04051748 -0.09950664 0.18871212
v -0.04046470 -0.10004028 0.18610364
v -0.04033956 -0.10107987 0.17956355
v -0.04026062 -0.10146781 0.17494786
v -0.04028161 -0.10136615 0.17617798
v -0.04382362 -0.09616812 0.17440149
v -0.04033744 -0.10109579 0.17944995
v -0.04011921 -0.10151932 0.16515899
v -0.04013284 -0.10153691 0.16616476
v -0.04355142 -0.09657447 0.16529009
v -0.04018734 -0.10160720 0.17018422
v -0.04019144 -0.10161249 0.17048666
v -0.04318595 -0.09498291 0.14710939
v -0.03998835 -0.10011254 0.15145752
v -0.04333746 -0.09613165 0.15617180
v -0.04002534 -0.10076665 0.15617189
v -0.04002926 -0.10083593 0.15667123
v -0.04005920 -0.10116006 0.15981096
v -0.04007022 -0.10122605 0.16079324
v -0.04007436 -0.10125082 0.16116193
v -0.03995059 -0.09897810 0.14500418
v -0.03995765 -0.09920642 0.14626741
v -0.03998239 -0.10000700 0.15069684
v -0.03998637 -0.10007741 0.15120441
v -0.04307352 -0.09102892 0.12927020
v -0.03994395 -0.09362160 0.12445519
v -0.03992699 -0.09575312 0.13163421
v -0.03992656 -0.09580738 0.13181695
v -0.03992726 -0.09613593 0.13308498
v -0.03993038 -0.09759434 0.13871384
v -0.03998573 -0.09108331 0.11680744
v -0.04382683 -0.07529552 0.08642063
v -0.04034084 -0.08014899 0.08890799
v -0.04032294 -0.08051006 0.08975781
v -0.04015732 -0.08486462 0.10031457
v -0.04012294 -0.08598763 0.10319958
v -0.04335953 -0.08225113 0.10330764
v -0.04008555 -0.08720920 0.10633773
v -0.04004956 -0.08838528 0.10935903
v -0.04025783 -0.08222203 0.09390814
v -0.04062455 -0.07442460 0.07543541
v -0.04448759 -0.06804177 0.06968083
v -0.04070534 -0.07279454 0.07159898
v -0.04105090 -0.06678478 0.05689954
v -0.04103871 -0.06696457 0.05738163
v -0.04078209 -0.07124611 0.06795468
v -0.04128695 -0.06331231 0.04749376
v -0.04149591 -0.06026449 0.03795201
v -0.04612209 -0.05506085 0.03568966
v -0.04152730 -0.05978897 0.03634659
v -0.04168237 -0.05771031 0.02826338
v -0.04166963 -0.05785401 0.02892916
v -0.04154584 -0.05950817 0.03539856
v -0.04185566 -0.05579344 0.01842353
v -0.05115289 -0.04728914 0.02653589
v -0.05886613 -0.03530797 0.02571743
v -0.06376280 -0.02190767 0.02487261
v -0.06496404 -0.01485479 0.02445449
v -0.06393992 -0.01781332 0.03076420
v -0.05986548 -0.03118898 0.05531422
v -0.06184364 -0.02431935 0.04310827
v -0.05815024 -0.03805863 0.06758582
v -0.05678194 -0.04464433 0.08006760
v -0.05535392 -0.05582416 0.10607735
v -0.05532199 -0.05795489 0.11284170
v -0.05543920 -0.05970735 0.11971072
v -0.05571361 -0.06100623 0.12667182
v -0.05615035 -0.06176417 0.13369864
v -0.05675085 -0.06187858 0.14074522
v -0.06001033 -0.05573982 0.16416568
v -0.05945488 -0.05731212 0.16107556
v -0.06058362 -0.05393399 0.16711864
v -0.06116854 -0.05190309 0.16991690
v -0.06175840 -0.04966009 0.17254660
v -0.06234622 -0.04722043 0.17499623
v -0.06292532 -0.04460202 0.17725900
v -0.06348928 -0.04182396 0.17933112
v -0.06403229 -0.03890504 0.18121207
v -0.06503500 -0.03271695 0.18440935
v -0.06589951 -0.02617056 0.18688813
v -0.06660112 -0.01937673 0.18870658
v -0.06712089 -0.01242190 0.18992397
v -0.05003883 -0.08531316 0.16198868
v -0.05241033 -0.07962786 0.15521154
v -0.04960008 -0.08540609 0.15351009
v -0.05193234 -0.07953414 0.14707595
v -0.04926579 -0.08475372 0.14503944
v -0.05157801 -0.07874665 0.13895977
v -0.04904222 -0.08347818 0.13662896
v -0.05135268 -0.07737786 0.13090932
v -0.04893049 -0.08168260 0.12830785
v -0.05125630 -0.07552315 0.12295050
v -0.04892822 -0.07945329 0.12009046
v -0.05128513 -0.07326249 0.11509601
v -0.04903141 -0.07686297 0.11198116
v -0.05143388 -0.07066303 0.10734943
v -0.04923498 -0.07397620 0.10397775
v -0.05169618 -0.06778485 0.09970859
v -0.04953438 -0.07084975 0.09607152
v -0.05206644 -0.06468046 0.09216525
v -0.05040408 -0.06409504 0.08049931
v -0.05311032 -0.05799332 0.07732335
v -0.05160401 -0.05703056 0.06512249
v -0.05452235 -0.05099675 0.06269275
v -0.05305767 -0.05013913 0.04974652
v -0.05621906 -0.04412690 0.04809429
v -0.05382933 -0.04694261 0.04198222
v -0.05712031 -0.04090632 0.04073394
v -0.05459218 -0.04402946 0.03412147
v -0.05801545 -0.03793631 0.03328637
v -0.05059299 -0.04973850 0.03492910
v -0.04999253 -0.05260374 0.04319099
v -0.04938168 -0.05578427 0.05134656
v -0.04822811 -0.06271299 0.06746950
v -0.04728029 -0.06986314 0.08355399
v -0.04660436 -0.07670729 0.09981186
v -0.04637809 -0.07986880 0.10805712
v -0.04623063 -0.08277868 0.11639867
v -0.04616540 -0.08537600 0.12484611
v -0.04618614 -0.08759163 0.13340214
v -0.04629560 -0.08934704 0.14206225
v -0.04649514 -0.09054921 0.15081096
v -0.04678318 -0.09108665 0.15961641
v -0.04695874 -0.09106562 0.16402385
v -0.04736707 -0.09035128 0.17279464
v -0.04715384 -0.09082700 0.16842088
v -0.05029394 -0.08494368 0.16620567
v -0.05269247 -0.07937431 0.15926424
v -0.04943501 -0.04308961 0.22575906
v -0.04695902 -0.04395422 0.22890314
v -0.04717237 -0.03501179 0.23048478
v -0.04809676 -0.08730686 0.18558392
v -0.04836306 -0.08569676 0.18965337
v -0.04863734 -0.08377293 0.19357622
v -0.04891747 -0.08153430 0.19732001
v -0.04920100 -0.07898964 0.20085445
v -0.04948584 -0.07615634 0.20415384
v -0.04976956 -0.07305873 0.20719928
v -0.05004990 -0.06972580 0.20997939
v -0.05032477 -0.06618841 0.21249256
v -0.05059208 -0.06247757 0.21474192
v -0.04623250 -0.06531683 0.22155911
v -0.05085000 -0.05862148 0.21673718
v -0.04639816 -0.06122487 0.22349194
v -0.04655420 -0.05702160 0.22517374
v -0.04670000 -0.05272977 0.22662318
v -0.05391401 -0.04131770 0.21905240
v -0.05175652 -0.04221089 0.22247142
v -0.05211676 -0.03364749 0.22422144
v -0.04972374 -0.03433556 0.22742531
v -0.04995186 -0.02547276 0.22852618
v -0.04733811 -0.02597455 0.23150906
v -0.04745471 -0.01688683 0.23210227
v -0.04751927 -0.00050000 0.23243636
v -0.04822358 -0.00050000 0.23175544
v -0.04752098 -0.00777494 0.23238054
v -0.05020923 -0.00759379 0.22950411
v -0.05011498 -0.01654888 0.22918203
v -0.05261140 -0.01620428 0.22611600
v -0.05240404 -0.02496160 0.22539812
v -0.05468566 -0.02444083 0.22213626
v -0.05434214 -0.03294726 0.22088498
v -0.05639219 -0.03223484 0.21742818
v -0.05589968 -0.04040999 0.21551475
v -0.05770662 -0.03948789 0.21187124
v -0.05706234 -0.04721629 0.20917580
v -0.05862036 -0.04606455 0.20536116
v -0.05823509 -0.04968500 0.20368010
v -0.05368784 -0.07720810 0.17118889
v -0.05117824 -0.08232488 0.17857209
v -0.05406160 -0.07596627 0.17501971
v -0.05150500 -0.08089484 0.18252480
v -0.05445239 -0.07444740 0.17873806
v -0.05184393 -0.07916965 0.18634772
v -0.05485777 -0.07264750 0.18231711
v -0.05219274 -0.07714681 0.19001126
v -0.05527469 -0.07057033 0.18573067
v -0.05254867 -0.07483255 0.19348720
v -0.05570035 -0.06822604 0.18895543
v -0.05290934 -0.07224068 0.19675106
v -0.05613122 -0.06563117 0.19197270
v -0.05327178 -0.06939160 0.19978413
v -0.05656370 -0.06280637 0.19476885
v -0.05363312 -0.06631010 0.20257390
v -0.05699411 -0.05977514 0.19733751
v -0.05399051 -0.06302334 0.20511639
v -0.05741856 -0.05656206 0.19967619
v -0.05434099 -0.05955908 0.20741206
v -0.05783340 -0.05319097 0.20178819
v -0.05468183 -0.05594329 0.20946732
v -0.04784056 -0.08860936 0.18139914
v -0.04759663 -0.08961860 0.17712751
v -0.05086590 -0.08346671 0.17451802
v -0.05057036 -0.08433432 0.17038822
v -0.05333348 -0.07818066 0.16727123
v -0.05300090 -0.07889763 0.16328952
v -0.05520451 -0.07276434 0.15975931
v -0.05484891 -0.07332215 0.15593123
v -0.06658866 -0.01282021 0.19382384
v -0.06440487 -0.00050000 0.20508620
v -0.06517644 -0.00601345 0.20212853
v -0.06584545 -0.01321613 0.19769132
v -0.06608511 -0.01996307 0.19264525
v -0.05123986 -0.00050000 0.22843796
v -0.05273256 -0.00740896 0.22648150
v -0.05493527 -0.01585287 0.22291493
v -0.05707910 -0.01549465 0.21959016
v -0.05678913 -0.02391043 0.21875232
v -0.05870759 -0.02337049 0.21525833
v -0.05826005 -0.03151035 0.21386346
v -0.05994041 -0.03077423 0.21020320
v -0.05932964 -0.03855198 0.20813444
v -0.06076436 -0.03760304 0.20431682
v -0.05999422 -0.04489789 0.20146793
v -0.06118122 -0.04371780 0.19750789
v -0.06073341 -0.04710653 0.19575685
v -0.06489266 -0.01360872 0.20151547
v -0.06536249 -0.02054626 0.19655338
v -0.06540658 -0.02695276 0.19088069
v -0.06107983 -0.00050000 0.21330535
v -0.06261113 -0.00642891 0.20954511
v -0.06373240 -0.01399709 0.20528510
v -0.06443430 -0.02112489 0.20042053
v -0.06471207 -0.02773128 0.19484431
v -0.06457197 -0.03370650 0.18846554
v -0.05662002 -0.00050000 0.22123453
v -0.05725186 -0.00702797 0.22003877
v -0.05903602 -0.01512966 0.21615312
v -0.06080040 -0.01475815 0.21261549
v -0.06043558 -0.02282134 0.21166632
v -0.06196832 -0.02226348 0.20798823
v -0.06142868 -0.03002713 0.20645958
v -0.06272165 -0.02927008 0.20264438
v -0.06200783 -0.03664233 0.20043012
v -0.06305774 -0.03567137 0.19648573
v -0.06217933 -0.04252608 0.19349229
v -0.06298753 -0.04132502 0.18943140
v -0.06248676 -0.04447941 0.18761414
v -0.06104078 -0.00050000 0.21339357
v -0.06102174 -0.00663209 0.21313861
v -0.06236717 -0.01438045 0.20898893
v -0.06330223 -0.02169769 0.20423582
v -0.06381667 -0.02850427 0.19876900
v -0.06391275 -0.03469206 0.19249415
v -0.06360521 -0.04011710 0.18533501
v -0.05686138 -0.06663380 0.15569645
v -0.05729012 -0.06579027 0.15927061
v -0.05774738 -0.06470450 0.16276807
v -0.05823045 -0.06336947 0.16616720
v -0.05873563 -0.06178383 0.16944581
v -0.05925905 -0.05995062 0.17258272
v -0.05979581 -0.05787865 0.17555895
v -0.06034063 -0.05558044 0.17835838
v -0.06088790 -0.05307238 0.18096972
v -0.06143174 -0.05037289 0.18338454
v -0.06196651 -0.04750178 0.18559945
v -0.05558730 -0.07196915 0.16353554
v -0.05599501 -0.07092317 0.16723984
v -0.05642521 -0.06961779 0.17084941
v -0.05687537 -0.06804752 0.17434004
v -0.05734207 -0.06621356 0.17768759
v -0.05782206 -0.06412251 0.18086979
v -0.05831114 -0.06178703 0.18386790
v -0.05880491 -0.05922368 0.18666705
v -0.05929878 -0.05645236 0.18925849
v -0.05978788 -0.05349457 0.19163674
v -0.06026759 -0.05037205 0.19380179
v -0.06275292 -0.02475093 0.03159777
v -0.05646352 -0.06724456 0.15206572
v -0.05609855 -0.06763577 0.14839581
v -0.05422764 -0.07378577 0.14818752
v -0.05547404 -0.06781682 0.14099684
v -0.05373764 -0.07348647 0.14041001
v -0.05499795 -0.06729510 0.13358986
v -0.05338757 -0.07254463 0.13266540
v -0.05467479 -0.06618179 0.12623122
v -0.05318059 -0.07106373 0.12499384
v -0.05450423 -0.06457199 0.11895449
v -0.05311470 -0.06913191 0.11741737
v -0.05448160 -0.06254715 0.11177716
v -0.05318453 -0.06682321 0.10994632
v -0.05459957 -0.06017578 0.10470674
v -0.05338342 -0.06419945 0.10258297
v -0.05485007 -0.05751463 0.09774346
v -0.05370382 -0.06131629 0.09532461
v -0.05522443 -0.05461500 0.09088368
v -0.05413907 -0.05822195 0.08816319
v -0.05571496 -0.05152076 0.08411903
v -0.05532959 -0.05158243 0.07408535
v -0.05701579 -0.04491303 0.07083007
v -0.05690464 -0.04463791 0.06022706
v -0.05869450 -0.03800879 0.05776038
v -0.05877716 -0.03777583 0.04642263
v -0.06066388 -0.03114476 0.04475579
v -0.05977126 -0.03452403 0.03947127
v -0.06170769 -0.02785664 0.03821275
v -0.06076279 -0.03148916 0.03244095
v 0.06561999 -0.00050020 0.20102233
v 0.06620158 -0.00050019 0.19851071
v 0.03940379 -0.00050000 0.23922652
v 0.04199993 -0.00050000 0.23744097
v 0.05393845 -0.00050026 0.22506708
v 0.06665228 -0.00050019 0.19656429
v 0.04456438 -0.00050003 0.23526263
v 0.02301124 -0.00050000 0.24719742
v -0.02606090 -0.00050000 0.24610764
v -0.03023311 -0.00050000 0.24433306
v -0.02763800 -0.00050000 0.24543685
v 0.06430034 -0.00050014 0.20539922
v 0.06405724 -0.00050012 0.20604879
v 0.06269866 -0.00050004 0.20967892
v 0.06107003 -0.00050001 0.21330145
v 0.04752426 -0.00050013 0.23244256
v 0.04790586 -0.00050014 0.23207900
v 0.05103473 -0.00050023 0.22867671
v 0.05273107 -0.00050025 0.22656798
v -0.03773424 -0.00050000 0.24027556
v -0.03427812 -0.00050000 0.24229932
v -0.03278492 -0.00050000 0.24305007
v -0.03820338 -0.00050000 0.24000084
v 0.05660161 -0.00050020 0.22126627
v 0.05726866 -0.00050017 0.22016561
v 0.05900731 -0.00050008 0.21729684
v 0.06087411 -0.00050000 0.21373722
v 0.02729922 -0.00050000 0.24559575
v 0.02764182 -0.00050000 0.24544239
v 0.03146312 -0.00050000 0.24373204
v 0.03278049 -0.00050000 0.24303901
v 0.03552442 -0.00050000 0.24159551
v 0.03772236 -0.00050000 0.24025330
v 0.00066279 -0.00050000 0.25099525
v 0.00000143 -0.00050000 0.25098047
v -0.00389402 -0.00050000 0.25089350
v -0.01686783 -0.00050000 0.24897715
v -0.01291122 -0.00050000 0.24983072
v -0.02232454 -0.00050000 0.24742505
v -0.02175433 -0.00050000 0.24762610
v -0.01735773 -0.00050000 0.24887148
v 0.01863342 -0.00050000 0.24852496
v 0.02232162 -0.00050000 0.24740654
v -0.01130082 -0.00050000 0.25007254
v -0.00842049 -0.00050000 0.25050500
v -0.00566692 -0.00050000 0.25074133
v 0.01419917 -0.00050000 0.24956948
v 0.01686139 -0.00050000 0.24894238
v 0.00521136 -0.00050000 0.25080681
v 0.00567014 -0.00050000 0.25075835
v 0.00972202 -0.00050000 0.25033024
v 0.01130048 -0.00050000 0.25006202
v 0.06739172 -0.00050012 0.19204611
v 0.06751388 -0.00050010 0.19078884
v 0.06783487 -0.00050004 0.18748561
v 0.06261000 -0.00647646 0.20954332
v 0.06102067 -0.00668067 0.21313703
v 0.06079667 -0.01485478 0.21260729
v 0.06069781 -0.04736437 0.19561309
v 0.06022793 -0.05063855 0.19362953
v 0.06192232 -0.04774756 0.18542248
v 0.04467363 -0.09063546 0.19573262
v 0.04448156 -0.09238132 0.19150677
v 0.04805914 -0.08751222 0.18499219
v 0.04781945 -0.04978772 0.01799998
v 0.05156196 -0.04528906 0.01800000
v 0.05124889 -0.04689032 0.02496920
v 0.05334375 -0.04314728 0.01800000
v 0.05586860 -0.03938699 0.01800000
v 0.05543528 -0.04107708 0.02464222
v 0.06399424 -0.03911817 0.18108398
v 0.06744254 -0.00541600 0.19059986
v 0.04134936 -0.08016165 0.21992502
v 0.04134483 -0.08032811 0.21978360
v 0.04566555 -0.07700260 0.21379623
v 0.04087004 -0.09386582 0.20363522
v 0.04081403 -0.09494712 0.20146030
v 0.04105382 -0.06677955 0.05689998
v 0.04115968 -0.06520896 0.05269024
v 0.04535927 -0.06051128 0.05144115
v 0.04155546 -0.05935442 0.03483467
v 0.04155745 -0.05932840 0.03473162
v 0.04619227 -0.05460054 0.03413022
v 0.04168199 -0.05770375 0.02826502
v 0.04173373 -0.05712809 0.02553429
v 0.04656354 -0.05230454 0.02527570
v 0.04179029 -0.05649870 0.02254868
v 0.04185577 -0.05579199 0.01842380
v 0.04167846 -0.05774306 0.02845149
v 0.04149580 -0.06026655 0.03795147
v 0.04578311 -0.05737139 0.04284664
v 0.04142984 -0.06127500 0.04139738
v 0.04125990 -0.06372201 0.04870473
v 0.04128810 -0.06331591 0.04749200
v 0.04137462 -0.06207006 0.04377161
v 0.04454533 -0.06748326 0.06838351
v 0.04073366 -0.07221698 0.07025822
v 0.04076348 -0.07162046 0.06885629
v 0.04104538 -0.06690488 0.05723589
v 0.04386769 -0.07478085 0.08522096
v 0.04036334 -0.07962499 0.08766840
v 0.04062353 -0.07442012 0.07543602
v 0.04012265 -0.08598737 0.10319985
v 0.04015251 -0.08499737 0.10064460
v 0.04338335 -0.08181465 0.10219238
v 0.04025968 -0.08221470 0.09391112
v 0.04034625 -0.07996679 0.08847170
v 0.04000991 -0.09007502 0.11404902
v 0.04002168 -0.08954779 0.11257154
v 0.04322223 -0.08507256 0.11078728
v 0.04004005 -0.08872573 0.11026783
v 0.04009939 -0.08675849 0.10519022
v 0.03997254 -0.09174751 0.11873601
v 0.04311844 -0.08807335 0.11947704
v 0.03995727 -0.09281758 0.12204874
v 0.03992707 -0.09584997 0.13206160
v 0.03992780 -0.09572972 0.13164198
v 0.04307431 -0.09075135 0.12827325
v 0.03993665 -0.09426237 0.12652153
v 0.03995287 -0.09312547 0.12300188
v 0.03992384 -0.09638572 0.13393119
v 0.04309219 -0.09303267 0.13718069
v 0.03993263 -0.09812438 0.14097586
v 0.03995937 -0.09943138 0.14734337
v 0.03995486 -0.09921096 0.14626947
v 0.04317380 -0.09483259 0.14619610
v 0.03993424 -0.09820300 0.14135888
v 0.03993371 -0.09817705 0.14123246
v 0.04005251 -0.10109833 0.15914717
v 0.04002557 -0.10074861 0.15617433
v 0.04331993 -0.09605107 0.15530482
v 0.04000259 -0.10045025 0.15363815
v 0.03998592 -0.10005713 0.15120935
v 0.03998120 -0.09994590 0.15052217
v 0.04013188 -0.10153211 0.16616601
v 0.04011061 -0.10149033 0.16451067
v 0.04352947 -0.09656775 0.16447437
v 0.04007434 -0.10124563 0.16116261
v 0.04006066 -0.10115331 0.15989944
v 0.04024209 -0.10150979 0.17407560
v 0.04019921 -0.10158216 0.17117605
v 0.04365692 -0.09651896 0.16906461
v 0.04017670 -0.10162015 0.16965407
v 0.04017276 -0.10161240 0.16934711
v 0.04032034 -0.10115507 0.17879027
v 0.04027658 -0.10136425 0.17618203
v 0.04379847 -0.09623899 0.17364419
v 0.04024835 -0.10149922 0.17449924
v 0.04033284 -0.10109531 0.17953524
v 0.04395310 -0.09570647 0.17819896
v 0.04036349 -0.10086639 0.18116698
v 0.04049912 -0.09967054 0.18803802
v 0.04045967 -0.10005519 0.18611011
v 0.04411953 -0.09489984 0.18271020
v 0.04041899 -0.10045178 0.18412232
v 0.04040686 -0.10054236 0.18347672
v 0.04060162 -0.09841608 0.19267812
v 0.04058968 -0.09858813 0.19216564
v 0.04429625 -0.09379759 0.18715540
v 0.04056372 -0.09889837 0.19098258
v 0.04050085 -0.09964987 0.18811685
v 0.04067337 -0.09738267 0.19575629
v 0.04068859 -0.09716346 0.19640923
v 0.04078642 -0.09548008 0.20038831
v 0.04077463 -0.09570767 0.19993052
v 0.04070645 -0.09686125 0.19714022
v 0.04096272 -0.09183407 0.20706388
v 0.04092350 -0.09269392 0.20561284
v 0.04487051 -0.08855303 0.19979861
v 0.04090225 -0.09315975 0.20482671
v 0.04105078 -0.08965643 0.21019334
v 0.04103296 -0.09009711 0.20956004
v 0.04507025 -0.08613377 0.20366868
v 0.04101840 -0.09045727 0.20904246
v 0.04119866 -0.08542482 0.21515414
v 0.04114112 -0.08715170 0.21325433
v 0.04527065 -0.08338737 0.20730922
v 0.04113333 -0.08738555 0.21299705
v 0.04112689 -0.08757854 0.21278474
v 0.04127329 -0.08295482 0.21755242
v 0.04124551 -0.08387447 0.21665946
v 0.04546975 -0.08033434 0.21069184
v 0.04124411 -0.08392064 0.21661463
v 0.04135199 -0.08006498 0.22000712
v 0.04585627 -0.07342561 0.21661070
v 0.04142438 -0.07711288 0.22219470
v 0.04153688 -0.07181258 0.22544888
v 0.04152329 -0.07249690 0.22506335
v 0.04371238 -0.07116069 0.22234592
v 0.04149526 -0.07390825 0.22426820
v 0.04144686 -0.07609635 0.22285244
v 0.04156215 -0.07054042 0.22616562
v 0.04383807 -0.06707852 0.22456083
v 0.04160135 -0.06830879 0.22725436
v 0.04395522 -0.06285578 0.22649631
v 0.04162684 -0.06685777 0.22796226
v 0.04161822 -0.06734800 0.22772309
v 0.04174856 -0.05831737 0.23123875
v 0.04173224 -0.05955061 0.23080397
v 0.04406348 -0.05852197 0.22817099
v 0.04168937 -0.06278851 0.22966236
v 0.04167100 -0.06398404 0.22916287
v 0.04180558 -0.05318605 0.23271531
v 0.04416268 -0.05410125 0.22960526
v 0.04184628 -0.04899079 0.23373514
v 0.04433383 -0.04507565 0.23183799
v 0.04185171 -0.04830807 0.23386753
v 0.04187143 -0.04582707 0.23434857
v 0.04179888 -0.05387655 0.23254746
v 0.04178575 -0.05503536 0.23220596
v 0.04175213 -0.05800296 0.23133141
v 0.04193093 -0.03648643 0.23582467
v 0.04193046 -0.03659694 0.23581338
v 0.04446928 -0.03589553 0.23336032
v 0.04191979 -0.03842662 0.23554638
v 0.04189097 -0.04336944 0.23482510
v 0.04195955 -0.02966065 0.23652241
v 0.04457035 -0.02663251 0.23432356
v 0.04196328 -0.02846078 0.23660064
v 0.04199201 -0.01762139 0.23717064
v 0.04199035 -0.01844894 0.23714226
v 0.04463863 -0.01732883 0.23486260
v 0.04198318 -0.02204439 0.23701888
v 0.04196760 -0.02706808 0.23669142
v 0.04467591 -0.00800783 0.23510081
v 0.04200018 -0.00816458 0.23736575
v 0.04200019 -0.00842549 0.23736319
v 0.04200035 -0.01344549 0.23731393
v 0.05020837 -0.00764727 0.22950354
v 0.05725089 -0.00707856 0.22003755
v 0.06517522 -0.00605889 0.20212641
v 0.06614423 -0.00584632 0.19832623
v 0.06711582 -0.01250551 0.18991289
v 0.06659011 -0.01949990 0.18867961
v 0.06588069 -0.02632997 0.18683708
v 0.06500695 -0.03290723 0.18432480
v 0.06344625 -0.04204457 0.17917749
v 0.06287748 -0.04482697 0.17707753
v 0.06229391 -0.04744621 0.17478484
v 0.06170211 -0.04988282 0.17230350
v 0.06110892 -0.05211888 0.16964090
v 0.06052143 -0.05413877 0.16680902
v 0.05994639 -0.05592985 0.16382232
v 0.05939013 -0.05748376 0.16069901
v 0.05885830 -0.05879610 0.15745860
v 0.05835547 -0.05986781 0.15412188
v 0.05788558 -0.06070355 0.15070942
v 0.05745142 -0.06131231 0.14724046
v 0.05669852 -0.06189533 0.14020005
v 0.05610762 -0.06172412 0.13311076
v 0.05568251 -0.06091081 0.12604627
v 0.06307110 -0.02043085 0.03590237
v 0.06201658 -0.02375664 0.04208668
v 0.06001082 -0.03065262 0.05436817
v 0.06412610 -0.01726569 0.02964457
v 0.06514728 -0.01433924 0.02327379
v 0.06593178 -0.01190366 0.01800001
v 0.06591668 -0.01223287 0.01800001
v 0.06591768 -0.01221118 0.01800001
v 0.06268683 -0.02611696 0.01800001
v 0.06468146 -0.01941857 0.01800001
v 0.06394210 -0.02141827 0.02361468
v 0.06472967 -0.01925670 0.01800001
v 0.06474605 -0.01915974 0.01800001
v 0.05970608 -0.03294850 0.01800001
v 0.06255684 -0.02641489 0.01800001
v 0.06188039 -0.02829279 0.02395876
v 0.06264748 -0.02620714 0.01800001
v 0.05594984 -0.03926600 0.01800000
v 0.05747520 -0.03699427 0.01800000
v 0.05901486 -0.03486751 0.02430302
v 0.05962377 -0.03311527 0.01800001
v 0.05966873 -0.03303410 0.01800001
v 0.05162917 -0.04520828 0.01800000
v 0.04682768 -0.05077528 0.01799998
v 0.04678201 -0.05082075 0.01799998
v 0.04186251 -0.05571938 0.01799995
v 0.05472476 -0.04354612 0.03270305
v 0.05817186 -0.03743885 0.03194255
v 0.05396251 -0.04641649 0.04063113
v 0.05727633 -0.04037282 0.03945369
v 0.05318545 -0.04959029 0.04845582
v 0.05636827 -0.04357596 0.04687028
v 0.05170898 -0.05648375 0.06393392
v 0.05464525 -0.05045388 0.06156309
v 0.05047929 -0.06359511 0.07939505
v 0.05319959 -0.05749866 0.07627174
v 0.04958032 -0.07042529 0.09504158
v 0.05212258 -0.06425961 0.09118290
v 0.04926710 -0.07359724 0.10298315
v 0.05173660 -0.06740794 0.09875933
v 0.04905031 -0.07653365 0.11102182
v 0.05145917 -0.07033382 0.10643328
v 0.04893451 -0.07917721 0.11916686
v 0.05129594 -0.07298427 0.11421344
v 0.04892487 -0.08146324 0.12742135
v 0.05125335 -0.07529913 0.12210289
v 0.04902563 -0.08331878 0.13578168
v 0.05133696 -0.07721096 0.13009861
v 0.04923945 -0.08465764 0.14423448
v 0.05155079 -0.07863993 0.13818890
v 0.04956561 -0.08537660 0.15275180
v 0.05189538 -0.07949055 0.14634895
v 0.04999827 -0.08535320 0.16128311
v 0.05236581 -0.07965004 0.15453383
v 0.05025118 -0.08501928 0.16552928
v 0.05264509 -0.07943007 0.15861377
v 0.05052600 -0.08444564 0.16974342
v 0.05295133 -0.07898716 0.16266847
v 0.05082052 -0.08361344 0.17390725
v 0.05069664 -0.04926755 0.03343824
v 0.05009752 -0.05208352 0.04177116
v 0.04948283 -0.05523621 0.04999140
v 0.04831122 -0.06216097 0.06622466
v 0.04733925 -0.06935655 0.08240008
v 0.04663942 -0.07627763 0.09873737
v 0.04640189 -0.07948608 0.10702021
v 0.04624369 -0.08244742 0.11539907
v 0.04616828 -0.08510014 0.12388421
v 0.04617944 -0.08737496 0.13247934
v 0.04628015 -0.08919317 0.14118066
v 0.04647197 -0.09046184 0.14997390
v 0.04675366 -0.09106945 0.15882853
v 0.04711969 -0.09088328 0.16768873
v 0.04733130 -0.09044516 0.17209345
v 0.04755976 -0.08975027 0.17645997
v 0.04780308 -0.08877846 0.18076795
v 0.05870035 -0.02351718 0.21523854
v 0.05903261 -0.01522838 0.21614552
v 0.05923252 -0.00688144 0.21663889
v 0.05638122 -0.03243191 0.21739036
v 0.05678263 -0.02406034 0.21873373
v 0.05707601 -0.01559541 0.21958315
v 0.05389971 -0.04156452 0.21898821
v 0.05433252 -0.03314883 0.22084907
v 0.05467995 -0.02459390 0.22211888
v 0.05493251 -0.01595565 0.22290859
v 0.05508164 -0.00727193 0.22332180
v 0.05498520 -0.05249488 0.21115938
v 0.05107778 -0.05495836 0.21836469
v 0.05465356 -0.05625046 0.20930532
v 0.05082850 -0.05894845 0.21658069
v 0.05430974 -0.05987563 0.20721728
v 0.05056817 -0.06281598 0.21455196
v 0.05395642 -0.06334518 0.20488513
v 0.05029848 -0.06653407 0.21226493
v 0.05359638 -0.06663247 0.20230299
v 0.05002135 -0.07007372 0.20971048
v 0.05323265 -0.06970920 0.19947073
v 0.04973890 -0.07340326 0.20688570
v 0.05286810 -0.07254791 0.19639322
v 0.04945325 -0.07649140 0.20379323
v 0.05250571 -0.07512370 0.19308403
v 0.05514966 -0.07286243 0.15919194
v 0.05553088 -0.07209825 0.16299951
v 0.05363576 -0.07736378 0.17063361
v 0.05400916 -0.07615312 0.17450097
v 0.05145921 -0.08110867 0.18199039
v 0.05179864 -0.07941321 0.18585533
v 0.04860067 -0.08404361 0.19307187
v 0.04888184 -0.08183200 0.19686285
v 0.04654196 -0.05735102 0.22505265
v 0.04638419 -0.06157129 0.22334114
v 0.04621676 -0.06567668 0.22137415
v 0.04604044 -0.06963862 0.21913478
v 0.05273167 -0.00746149 0.22648069
v 0.05011293 -0.01665558 0.22917697
v 0.05260899 -0.01630903 0.22611028
v 0.04994784 -0.02563202 0.22851133
v 0.05239915 -0.02511779 0.22538203
v 0.04971706 -0.03454596 0.22739327
v 0.05210857 -0.03385350 0.22418746
v 0.04942505 -0.04334837 0.22569999
v 0.05174434 -0.04246372 0.22240975
v 0.04907690 -0.05196213 0.22329482
v 0.05131444 -0.05086841 0.21991953
v 0.04668941 -0.05303955 0.22652745
v 0.04695141 -0.04421885 0.22884667
v 0.04716727 -0.03522650 0.23045471
v 0.04733501 -0.02613683 0.23149550
v 0.04745304 -0.01699544 0.23209786
v 0.04752015 -0.00782934 0.23238018
v 0.04143753 -0.07651830 0.22257942
v 0.05542133 -0.05955860 0.11905137
v 0.05722956 -0.06592025 0.15878487
v 0.05593764 -0.07108203 0.16673735
v 0.05440011 -0.07466286 0.17825824
v 0.05214839 -0.07741657 0.18956289
v 0.04916676 -0.07930896 0.20044559
v 0.05479629 -0.07338854 0.15533480
v 0.05328234 -0.07830369 0.16668177
v 0.05113240 -0.08250601 0.17799819
v 0.04832572 -0.08593647 0.18910396
v 0.06244704 -0.04471868 0.18746537
v 0.05768584 -0.06486113 0.16231474
v 0.05816865 -0.06355050 0.16574806
v 0.05867433 -0.06198611 0.16906220
v 0.05919896 -0.06017059 0.17223537
v 0.05973770 -0.05811219 0.17524806
v 0.06028517 -0.05582333 0.17808333
v 0.06083572 -0.05332026 0.18072927
v 0.06138336 -0.05062168 0.18317696
v 0.06538838 -0.02711697 0.19083112
v 0.06454489 -0.03390319 0.18838304
v 0.06356853 -0.04033853 0.18520927
v 0.06295241 -0.04155474 0.18930811
v 0.06388681 -0.03489516 0.19241375
v 0.05974437 -0.05376623 0.19143316
v 0.05925171 -0.05672524 0.18902081
v 0.05875470 -0.05949346 0.18639311
v 0.05825828 -0.06204905 0.18355587
v 0.05776707 -0.06437211 0.18051863
v 0.05728559 -0.06644609 0.17729709
v 0.05681795 -0.06825885 0.17391077
v 0.05636752 -0.06980422 0.17038265
v 0.06214596 -0.04276407 0.19337147
v 0.06658372 -0.01290603 0.19381317
v 0.06607442 -0.02008967 0.19261920
v 0.06535222 -0.02067628 0.19652829
v 0.06469461 -0.02790029 0.19479623
v 0.06380006 -0.02867806 0.19872254
v 0.06303308 -0.03588085 0.19640744
v 0.06198461 -0.03685817 0.20035401
v 0.06114977 -0.04396402 0.19738960
v 0.05996485 -0.04515230 0.20135224
v 0.05820433 -0.04996120 0.20354161
v 0.06584069 -0.01330415 0.19768110
v 0.06442453 -0.02125831 0.20039636
v 0.06270599 -0.02944861 0.20259953
v 0.06074269 -0.03782519 0.20424297
v 0.05859323 -0.04632709 0.20524815
v 0.05779906 -0.05347797 0.20162091
v 0.05738078 -0.05685635 0.19947687
v 0.05695309 -0.06007270 0.19710287
v 0.05651974 -0.06310268 0.19449624
v 0.05608470 -0.06592125 0.19165981
v 0.05565165 -0.06850477 0.18860075
v 0.05522432 -0.07083251 0.18533364
v 0.05480618 -0.07288846 0.18187806
v 0.06488812 -0.01369893 0.20150569
v 0.06372810 -0.01408947 0.20527580
v 0.06329300 -0.02183448 0.20421270
v 0.06195970 -0.02240361 0.20796618
v 0.06141407 -0.03021038 0.20641640
v 0.05992693 -0.03096214 0.21016175
v 0.05930965 -0.03878039 0.20806292
v 0.05768841 -0.03972250 0.21180210
v 0.05703761 -0.04748688 0.20906553
v 0.05530222 -0.04863073 0.21279183
v 0.06399614 -0.00626908 0.20586929
v 0.06236315 -0.01447497 0.20898020
v 0.06042763 -0.02296478 0.21164536
v 0.05824779 -0.03170286 0.21382383
v 0.05588337 -0.04065073 0.21544808
v 0.05339219 -0.04975796 0.21641418
v 0.05826223 -0.03757352 0.06670251
v 0.05536579 -0.05557593 0.10535801
v 0.05555319 -0.05308413 0.09867454
v 0.05685972 -0.04422662 0.07924033
v 0.05630942 -0.04736616 0.08562330
v 0.05587099 -0.05033186 0.09209821
v 0.05531858 -0.05775512 0.11215136
v 0.06093687 -0.03097600 0.03117245
v 0.06293727 -0.02422086 0.03040422
v 0.05994377 -0.03398183 0.03826259
v 0.06188920 -0.02730478 0.03707537
v 0.05894170 -0.03722163 0.04526627
v 0.06083659 -0.03058647 0.04366710
v 0.05704079 -0.04409785 0.05915796
v 0.05883835 -0.03747075 0.05675266
v 0.05543011 -0.05109178 0.07308850
v 0.05712405 -0.04442542 0.06988949
v 0.05420426 -0.05780322 0.08723082
v 0.05578748 -0.05110294 0.08323850
v 0.05375208 -0.06093981 0.09442315
v 0.05527959 -0.05423762 0.09003191
v 0.05341531 -0.06386862 0.10171238
v 0.05488832 -0.05718073 0.09692041
v 0.05320064 -0.06654105 0.10910711
v 0.05462142 -0.05988810 0.10391284
v 0.05311573 -0.06890135 0.11661077
v 0.05448762 -0.06230841 0.11101348
v 0.05316749 -0.07088744 0.12422169
v 0.05449528 -0.06438463 0.11822257
v 0.05336158 -0.07242544 0.13193032
v 0.05465195 -0.06604849 0.12553343
v 0.05370048 -0.07342705 0.13971567
v 0.05496277 -0.06721831 0.13292944
v 0.05418150 -0.07378850 0.14753890
v 0.05542850 -0.06779873 0.14037821
v 0.05604502 -0.06767782 0.14782473
v 0.05640697 -0.06731663 0.15152109
v 0.05680248 -0.06673533 0.15518028
v 0.06698354 -0.00907921 0.00943395
v 0.06649978 -0.01038792 0.01381508
v 0.04193153 -0.05492609 0.01184501
v 0.04195105 -0.05471479 0.00922910
v 0.04725683 -0.04967507 0.00926383
v 0.04195673 -0.05465326 0.00846735
v 0.04197876 -0.05441469 0.00551381
v 0.04199773 -0.05422662 0.00050000
v 0.04496861 -0.05169134 0.00050000
v 0.04753904 -0.04921788 0.00050000
v 0.05232622 -0.04393118 0.00929370
v 0.05679675 -0.03770671 0.00932119
v 0.06057729 -0.03104015 0.00934813
v 0.06014783 -0.03189997 0.01375591
v 0.06313431 -0.02500436 0.01377503
v 0.06526951 -0.01779941 0.01379522
v 0.06735401 -0.00809812 0.00495162
v 0.06782115 -0.00457589 0.00050000
v 0.06753287 -0.00755515 0.00050000
v 0.06739124 -0.00901894 0.00050000
v 0.06608245 -0.01576899 0.00492637
v 0.06667519 -0.01342047 0.00050000
v 0.06410606 -0.02283996 0.00050000
v 0.06439734 -0.02205337 0.00050000
v 0.06392866 -0.02324500 0.00490109
v 0.06567546 -0.01777468 0.00050000
v 0.06624562 -0.01529141 0.00050000
v 0.05713371 -0.03722383 0.00485252
v 0.05730723 -0.03696269 0.00050000
v 0.05895610 -0.03426153 0.00050000
v 0.06092823 -0.03042644 0.00487656
v 0.06103736 -0.03030002 0.00050000
v 0.06112529 -0.03010260 0.00050000
v 0.06285355 -0.02622224 0.00050000
v 0.04820525 -0.04857681 0.00050000
v 0.05122875 -0.04526816 0.00050000
v 0.05276050 -0.04336029 0.00050000
v 0.05261306 -0.04356174 0.00482774
v 0.05403167 -0.04177697 0.00050000
v 0.05661499 -0.03809671 0.00050000
v 0.06357914 -0.02398883 0.00937605
v 0.06572958 -0.01663446 0.00940516
v 0.03281256 -0.05993275 0.00050000
v 0.03099893 -0.06088534 0.00050000
v 0.02767982 -0.06238187 0.00050000
v 0.02711754 -0.06263539 0.00050000
v 0.02313673 -0.06414929 0.00050000
v 0.02236412 -0.06440158 0.00050000
v 0.02079011 -0.06491555 0.00050000
v 0.01690079 -0.06598127 0.00050000
v -0.00706607 -0.06768341 0.00050000
v -0.00567975 -0.06778026 0.00050000
v -0.00029018 -0.06803789 0.00050000
v -0.00275900 -0.06798433 0.00050000
v 0.01662538 -0.06605673 0.00050000
v 0.01242991 -0.06693642 0.00050000
v 0.01132597 -0.06709927 0.00050000
v 0.00820922 -0.06755907 0.00050000
v 0.00568075 -0.06777813 0.00050000
v 0.00396807 -0.06792650 0.00050000
v 0.00000061 -0.06803028 0.00050000
v 0.03844540 -0.05668237 0.00050000
v 0.03774736 -0.05710453 0.00050000
v 0.03477677 -0.05890107 0.00050000
v -0.03281509 -0.05994027 0.00050000
v -0.03377023 -0.05945826 0.00050000
v -0.03745649 -0.05731056 0.00050000
v -0.03775087 -0.05711437 0.00050000
v -0.04100596 -0.05494511 0.00050000
v -0.01131551 -0.06712604 0.00050000
v -0.01550387 -0.06631788 0.00050000
v -0.01689423 -0.06596179 0.00050000
v -0.01962782 -0.06526170 0.00050000
v -0.02600319 -0.06308702 0.00050000
v -0.02767221 -0.06236772 0.00050000
v -0.02995144 -0.06138543 0.00050000
v -0.02235682 -0.06438416 0.00050000
v -0.02368246 -0.06395790 0.00050000
v 0.03767343 -0.03894450 0.23825923
v 0.03774038 -0.00857069 0.24023879
v 0.03279775 -0.00871211 0.24302247
v 0.02765097 -0.00883293 0.24540818
v 0.02233175 -0.00893257 0.24738044
v 0.01687235 -0.00901049 0.24892527
v 0.01130728 -0.00906641 0.25003538
v 0.00567177 -0.00910011 0.25070539
v 0.00000103 -0.00911139 0.25092995
v -0.00566974 -0.00910011 0.25070551
v -0.01130531 -0.00906642 0.25003564
v -0.01687047 -0.00901051 0.24892569
v -0.02232999 -0.00893260 0.24738097
v -0.02764932 -0.00883297 0.24540883
v -0.03279622 -0.00871215 0.24302322
v -0.03773084 -0.01872120 0.23998740
v -0.03761153 -0.04893785 0.23647895
v -0.03707551 -0.08509035 0.21907821
v -0.03697727 -0.08865106 0.21546766
v -0.03609647 -0.10427614 0.16850275
v 0.00000083 -0.06820145 0.00379080
v 0.01689931 -0.06614176 0.00374306
v 0.02768049 -0.06253029 0.00365902
v 0.03774993 -0.05722699 0.00353480
v 0.03282059 -0.06008203 0.00360179
v 0.02236232 -0.06455520 0.00370618
v 0.01132714 -0.06728216 0.00376952
v 0.00568218 -0.06797063 0.00378547
v -0.00568052 -0.06797077 0.00378547
v -0.01689770 -0.06614216 0.00374307
v -0.02236075 -0.06455573 0.00370619
v -0.02767896 -0.06253094 0.00365903
v -0.03281912 -0.06008281 0.00360181
v -0.03774853 -0.05722788 0.00353483
v -0.03763042 -0.05887530 0.01866387
v -0.03772329 -0.05757448 0.00859930
v -0.03748877 -0.06091904 0.02860353
v -0.03731212 -0.06358714 0.03839870
v -0.03711487 -0.06675123 0.04804409
v -0.03652028 -0.07794610 0.07636655
v -0.03690992 -0.07028050 0.05756402
v -0.03620480 -0.08574349 0.09511540
v -0.03608610 -0.08947428 0.10455806
v -0.03599698 -0.09298637 0.11408339
v -0.03593933 -0.09619923 0.12371383
v -0.03591443 -0.09902390 0.13346332
v -0.03592331 -0.10136420 0.14334017
v -0.03600129 -0.10370448 0.15837637
v -0.03596660 -0.10310172 0.15333730
v -0.03594062 -0.10231613 0.14832443
v -0.03604462 -0.10410344 0.16343448
v -0.03615671 -0.10420014 0.17357135
v -0.03622519 -0.10385253 0.17862877
v -0.03630151 -0.10320770 0.18365607
v -0.03638512 -0.10223947 0.18863058
v -0.03647522 -0.10092404 0.19352323
v -0.03657083 -0.09923968 0.19830155
v -0.03667057 -0.09717240 0.20292655
v -0.03677284 -0.09471342 0.20735678
v -0.03687574 -0.09186841 0.21155056
v -0.03716864 -0.08122231 0.22235885
v -0.03725534 -0.07708925 0.22530186
v -0.03733458 -0.07273552 0.22790775
v -0.03740586 -0.06820185 0.23018888
v -0.03746898 -0.06352642 0.23216316
v -0.03752408 -0.05874038 0.23385325
v -0.03757144 -0.05387080 0.23528370
v -0.03767202 -0.03894466 0.23825994
v -0.03771018 -0.02885639 0.23937720
v -0.03773896 -0.00857074 0.24023965
v 0.03773226 -0.01872111 0.23998657
v 0.03771159 -0.02885626 0.23937646
v 0.03761294 -0.04893764 0.23647821
v 0.03757285 -0.05387057 0.23528296
v 0.03752548 -0.05874014 0.23385254
v 0.03747039 -0.06352618 0.23216251
v 0.03740726 -0.06820153 0.23018813
v 0.03733597 -0.07273506 0.22790679
v 0.03725672 -0.07708873 0.22530079
v 0.03717002 -0.08122189 0.22235793
v 0.03707690 -0.08509006 0.21907750
v 0.03697865 -0.08865081 0.21546701
v 0.03687712 -0.09186798 0.21154979
v 0.03677421 -0.09471264 0.20735586
v 0.03667193 -0.09717146 0.20292553
v 0.03657220 -0.09923890 0.19830057
v 0.03647658 -0.10092348 0.19352236
v 0.03638648 -0.10223892 0.18862975
v 0.03630286 -0.10320704 0.18365523
v 0.03622654 -0.10385182 0.17862794
v 0.03615805 -0.10419939 0.17357054
v 0.03609781 -0.10427535 0.16850197
v 0.03604596 -0.10410261 0.16343370
v 0.03600263 -0.10370360 0.15837562
v 0.03596794 -0.10310079 0.15333658
v 0.03594195 -0.10231514 0.14832374
v 0.03592464 -0.10136317 0.14333951
v 0.03591576 -0.09902284 0.13346273
v 0.03594067 -0.09619828 0.12371323
v 0.03599833 -0.09298550 0.11408282
v 0.03608746 -0.08947335 0.10455755
v 0.03620616 -0.08574241 0.09511498
v 0.03652166 -0.07794479 0.07636633
v 0.03711627 -0.06675005 0.04804396
v 0.03731350 -0.06358615 0.03839855
v 0.03749016 -0.06091812 0.02860340
v 0.03763181 -0.05887437 0.01866378
v 0.03772469 -0.05757358 0.00859927
v 0.01129255 -0.06951050 0.01948256
v 0.01125151 -0.07201459 0.02976662
v 0.00564433 -0.07277106 0.02984584
v 0.03259673 -0.06407791 0.02893489
v 0.03271862 -0.06189961 0.01889726
v 0.02749308 -0.06678148 0.02921834
v 0.02759500 -0.06449033 0.01909681
v 0.02221182 -0.06901355 0.02945225
v 0.02229359 -0.06663077 0.01926143
v 0.01678611 -0.07076032 0.02963526
v 0.01684757 -0.06830665 0.01939016
v 0.03691134 -0.07027915 0.05756390
v 0.03209915 -0.07369385 0.05821020
v 0.00542851 -0.10539962 0.11963589
v 0.00541998 -0.10837442 0.12982893
v 0.00000087 -0.10863235 0.12995911
v 0.02707739 -0.07661003 0.05876294
v 0.03176418 -0.08139123 0.07726986
v 0.00567091 -0.01971198 0.25034255
v 0.00000102 -0.01973309 0.25056460
v 0.00566825 -0.03029852 0.24952504
v 0.00000102 -0.03032926 0.24974254
v 0.00566310 -0.04082301 0.24812880
v 0.00000101 -0.04086306 0.24834031
v 0.00565475 -0.05123197 0.24603105
v 0.00000100 -0.05128091 0.24623573
v 0.00564917 -0.05636448 0.24467841
v 0.00000100 -0.05641769 0.24487969
v 0.00564255 -0.06143223 0.24310127
v 0.00000099 -0.06148968 0.24329942
v 0.00563483 -0.06641980 0.24128300
v 0.00000099 -0.06648155 0.24147838
v 0.00562596 -0.07130566 0.23920664
v 0.00000098 -0.07137191 0.23939979
v 0.00561592 -0.07606577 0.23685631
v 0.00000098 -0.07613686 0.23704791
v 0.00560475 -0.08067219 0.23421854
v 0.00000097 -0.08074866 0.23440939
v 0.00559251 -0.08509485 0.23128271
v 0.00000097 -0.08517745 0.23147362
v 0.00557935 -0.08929989 0.22804394
v 0.00000096 -0.08938962 0.22823560
v 0.00556546 -0.09325308 0.22450194
v 0.00000096 -0.09335109 0.22469488
v 0.00555110 -0.09692040 0.22066557
v 0.00000095 -0.09702791 0.22086012
v 0.00553655 -0.10027044 0.21654907
v 0.00000095 -0.10038860 0.21674514
v 0.00552208 -0.10327802 0.21217647
v 0.00000094 -0.10340773 0.21237364
v 0.00550798 -0.10592309 0.20757550
v 0.00000094 -0.10606495 0.20777309
v 0.00549447 -0.10819619 0.20277971
v 0.00000093 -0.10835040 0.20297679
v 0.00548174 -0.11009368 0.19782341
v 0.00000093 -0.11026012 0.19801906
v 0.00546995 -0.11162293 0.19274083
v 0.00000092 -0.11180118 0.19293413
v 0.00545919 -0.11279573 0.18756455
v 0.00000092 -0.11298510 0.18775463
v 0.00544955 -0.11363102 0.18232256
v 0.00000091 -0.11383066 0.18250871
v 0.00544109 -0.11414990 0.17704007
v 0.00000091 -0.11435887 0.17722166
v 0.00543384 -0.11437603 0.17173633
v 0.00000090 -0.11459343 0.17191288
v 0.00542779 -0.11433359 0.16642800
v 0.00000090 -0.11455853 0.16659924
v 0.00542298 -0.11404680 0.16112733
v 0.00000089 -0.11427844 0.16129300
v 0.00541942 -0.11353894 0.15584409
v 0.00000089 -0.11307319 0.15073729
v 0.00541709 -0.11283046 0.15058318
v 0.00541612 -0.11089050 0.14014342
v 0.01686962 -0.01954424 0.24858204
v 0.01130552 -0.01964890 0.24967995
v 0.01686151 -0.03005434 0.24780023
v 0.01130018 -0.03020669 0.24887592
v 0.01684590 -0.04050491 0.24645168
v 0.01128984 -0.04070337 0.24749765
v 0.01682073 -0.05084336 0.24440783
v 0.01127312 -0.05108581 0.24542019
v 0.01680392 -0.05594200 0.24308199
v 0.01126194 -0.05620557 0.24407762
v 0.01678400 -0.06097612 0.24152988
v 0.01124869 -0.06126067 0.24250993
v 0.01676076 -0.06592949 0.23973358
v 0.01123323 -0.06623538 0.24069995
v 0.01673408 -0.07077967 0.23767480
v 0.01121547 -0.07110781 0.23863021
v 0.01670390 -0.07550140 0.23533648
v 0.01119538 -0.07585349 0.23628440
v 0.01667031 -0.08006509 0.23270458
v 0.01117302 -0.08044384 0.23364890
v 0.01663353 -0.08443889 0.22976819
v 0.01114853 -0.08484814 0.23071289
v 0.01659399 -0.08858720 0.22652307
v 0.01112220 -0.08903187 0.22747177
v 0.01655226 -0.09247438 0.22297019
v 0.01109441 -0.09296026 0.22392574
v 0.01650912 -0.09606607 0.21912092
v 0.01106568 -0.09659918 0.22008458
v 0.01646539 -0.09933124 0.21499208
v 0.01103655 -0.09991734 0.21596348
v 0.01642193 -0.10224674 0.21061042
v 0.01100761 -0.10289034 0.21158752
v 0.01637956 -0.10479495 0.20600605
v 0.01097939 -0.10549905 0.20698532
v 0.01633895 -0.10696937 0.20121378
v 0.01095236 -0.10773511 0.20219088
v 0.01630071 -0.10876925 0.19626865
v 0.01092689 -0.10959595 0.19723880
v 0.01626525 -0.11020438 0.19120467
v 0.01090328 -0.11108986 0.19216326
v 0.01623292 -0.11128856 0.18605378
v 0.01088175 -0.11222939 0.18699652
v 0.01620394 -0.11204197 0.18084314
v 0.01086247 -0.11303394 0.18176633
v 0.01617849 -0.11248641 0.17559686
v 0.01084553 -0.11352485 0.17649749
v 0.01615665 -0.11264545 0.17033294
v 0.01083100 -0.11372579 0.17120871
v 0.01613845 -0.11254299 0.16506690
v 0.01081890 -0.11366080 0.16591626
v 0.01612396 -0.11220291 0.15981039
v 0.01080927 -0.11335398 0.16063219
v 0.01611320 -0.11164815 0.15457281
v 0.01080212 -0.11282849 0.15536612
v 0.01610615 -0.11089848 0.14935860
v 0.01079746 -0.11210452 0.15012276
v 0.01610310 -0.10889059 0.13901383
v 0.01079548 -0.11013900 0.13971871
v 0.01611452 -0.10632189 0.12879464
v 0.01080316 -0.10760312 0.12944004
v 0.01613998 -0.10330623 0.11869652
v 0.01082020 -0.10461291 0.11928267
v 0.01617893 -0.09994669 0.10870761
v 0.01084622 -0.10127328 0.10923503
v 0.01623055 -0.09633009 0.09880785
v 0.01088070 -0.09767180 0.09927730
v 0.01097197 -0.09000633 0.07953558
v 0.00550447 -0.09082430 0.07975125
v 0.00556073 -0.08305423 0.05998686
v 0.00000085 -0.08332618 0.06003862
v 0.02232794 -0.01939840 0.24705392
v 0.02231695 -0.02984205 0.24630296
v 0.02229597 -0.04022838 0.24499568
v 0.02226222 -0.05050556 0.24299863
v 0.02223973 -0.05557478 0.24169603
v 0.02221307 -0.06057968 0.24016565
v 0.02218200 -0.06550336 0.23838833
v 0.02214634 -0.07032251 0.23634470
v 0.02210601 -0.07501089 0.23401678
v 0.02206114 -0.07953741 0.23138979
v 0.02201201 -0.08386868 0.22845265
v 0.02195920 -0.08796755 0.22520176
v 0.02190347 -0.09179719 0.22163922
v 0.02184586 -0.09532291 0.21777844
v 0.02178747 -0.09851407 0.21363860
v 0.02172944 -0.10134923 0.20924881
v 0.02167285 -0.10381290 0.20464125
v 0.02161863 -0.10590118 0.19985181
v 0.02156755 -0.10761586 0.19491631
v 0.02152018 -0.10896884 0.18986836
v 0.02147698 -0.10997571 0.18473950
v 0.02143826 -0.11065767 0.17955607
v 0.02140424 -0.11103722 0.17434129
v 0.02137503 -0.11113778 0.16911203
v 0.02135068 -0.11098299 0.16388276
v 0.02133127 -0.11059652 0.15866473
v 0.02131683 -0.11000093 0.15346685
v 0.02130735 -0.10921545 0.14829329
v 0.02130310 -0.10714854 0.13803121
v 0.02131815 -0.10453423 0.12789503
v 0.02135193 -0.10148324 0.11787955
v 0.02140368 -0.09809615 0.10797257
v 0.02147233 -0.09445871 0.09815360
v 0.01636727 -0.08864848 0.07917785
v 0.01108444 -0.08224171 0.05983235
v 0.02764591 -0.01921191 0.24510270
v 0.02763189 -0.02957059 0.24439096
v 0.02760538 -0.03987478 0.24313632
v 0.02756291 -0.05007367 0.24119896
v 0.02753465 -0.05510530 0.23992604
v 0.02750119 -0.06007288 0.23842329
v 0.02746221 -0.06495860 0.23667020
v 0.02741749 -0.06973813 0.23464584
v 0.02736693 -0.07438385 0.23233101
v 0.02731070 -0.07886281 0.22971013
v 0.02724915 -0.08313964 0.22677183
v 0.02718300 -0.08717518 0.22351328
v 0.02711320 -0.09093107 0.21993807
v 0.02704104 -0.09437222 0.21606231
v 0.02696791 -0.09746847 0.21190810
v 0.02689523 -0.10020056 0.20750764
v 0.02682436 -0.10255576 0.20289573
v 0.02675643 -0.10453352 0.19810978
v 0.02669244 -0.10613891 0.19318634
v 0.02663309 -0.10738651 0.18815881
v 0.02657894 -0.10829421 0.18305805
v 0.02653040 -0.10888456 0.17790940
v 0.02648774 -0.10918089 0.17273489
v 0.02645108 -0.10920651 0.16754991
v 0.02642050 -0.10898469 0.16236773
v 0.02639609 -0.10853881 0.15719891
v 0.02637790 -0.10789096 0.15205190
v 0.02636591 -0.10705966 0.14693037
v 0.02636031 -0.10491735 0.13677415
v 0.02637885 -0.10224487 0.12674421
v 0.02642078 -0.09914893 0.11683456
v 0.02648518 -0.09572690 0.10703249
v 0.02657071 -0.09206312 0.09731696
v 0.02165427 -0.08675512 0.07867943
v 0.01653578 -0.08089339 0.05957610
v 0.03279127 -0.01898577 0.24274194
v 0.03277403 -0.02924144 0.24207732
v 0.03274180 -0.03944610 0.24088615
v 0.03269044 -0.04955014 0.23902100
v 0.03265631 -0.05453625 0.23778394
v 0.03261595 -0.05945863 0.23631462
v 0.03256897 -0.06429838 0.23459068
v 0.03251510 -0.06902989 0.23258948
v 0.03245423 -0.07362391 0.23029026
v 0.03238655 -0.07804517 0.22767648
v 0.03231248 -0.08225588 0.22473636
v 0.03223289 -0.08621442 0.22146803
v 0.03214892 -0.08988059 0.21787691
v 0.03206213 -0.09321881 0.21398243
v 0.03197416 -0.09619947 0.20981026
v 0.03188674 -0.09880603 0.20539638
v 0.03180149 -0.10102907 0.20077878
v 0.03171977 -0.10287218 0.19599661
v 0.03164278 -0.10434439 0.19108757
v 0.03157135 -0.10546362 0.18608463
v 0.03150617 -0.10625053 0.18101779
v 0.03144771 -0.10672934 0.17591122
v 0.03139631 -0.10692438 0.17078552
v 0.03135211 -0.10685880 0.16565430
v 0.03131521 -0.10655551 0.16052929
v 0.03128571 -0.10603742 0.15542021
v 0.03126368 -0.10532613 0.15033495
v 0.03124908 -0.10443924 0.14527661
v 0.03124195 -0.10220562 0.13524899
v 0.03126378 -0.09946288 0.12534812
v 0.03131369 -0.09631284 0.11556698
v 0.03139056 -0.09284894 0.10589231
v 0.03149278 -0.08915383 0.09630240
v 0.02679756 -0.08433222 0.07804223
v 0.02187859 -0.07901401 0.05921916
v -0.02764427 -0.01921197 0.24510333
v -0.03278974 -0.01898585 0.24274266
v -0.02763025 -0.02957068 0.24439153
v -0.03277251 -0.02924155 0.24207798
v -0.02760374 -0.03987490 0.24313682
v -0.03274029 -0.03944624 0.24088678
v -0.02756129 -0.05007382 0.24119949
v -0.03268892 -0.04955032 0.23902163
v -0.02753303 -0.05510548 0.23992658
v -0.03265480 -0.05453645 0.23778459
v -0.02749957 -0.06007306 0.23842382
v -0.03261445 -0.05945884 0.23631525
v -0.02746059 -0.06495878 0.23667067
v -0.03256747 -0.06429860 0.23459125
v -0.02741588 -0.06973835 0.23464638
v -0.03251360 -0.06903016 0.23259014
v -0.02736534 -0.07438418 0.23233172
v -0.03245274 -0.07362431 0.23029113
v -0.02730911 -0.07886319 0.22971091
v -0.03238507 -0.07804561 0.22767740
v -0.02724756 -0.08313995 0.22677252
v -0.03231099 -0.08225624 0.22473717
v -0.02718141 -0.08717539 0.22351381
v -0.03223141 -0.08621467 0.22146866
v -0.02711162 -0.09093126 0.21993855
v -0.03214744 -0.08988082 0.21787748
v -0.02703947 -0.09437253 0.21606287
v -0.03206066 -0.09321918 0.21398309
v -0.02696634 -0.09746902 0.21190879
v -0.03197270 -0.09620013 0.20981109
v -0.02689366 -0.10020125 0.20750841
v -0.03188528 -0.09880685 0.20539728
v -0.02682280 -0.10255632 0.20289645
v -0.03180003 -0.10102974 0.20077962
v -0.02675488 -0.10453393 0.19811040
v -0.03171832 -0.10287266 0.19599736
v -0.02669090 -0.10613932 0.19318694
v -0.03164133 -0.10434487 0.19108829
v -0.02663155 -0.10738698 0.18815944
v -0.03156991 -0.10546418 0.18608534
v -0.02657741 -0.10829473 0.18305865
v -0.03150473 -0.10625115 0.18101850
v -0.02652887 -0.10888510 0.17790997
v -0.03144627 -0.10672998 0.17591190
v -0.02648621 -0.10918146 0.17273545
v -0.03139488 -0.10692506 0.17078620
v -0.02644956 -0.10920711 0.16755047
v -0.03135068 -0.10685953 0.16565499
v -0.02641898 -0.10898533 0.16236827
v -0.03131379 -0.10655627 0.16052991
v -0.02639458 -0.10853948 0.15719944
v -0.03128429 -0.10603822 0.15542084
v -0.02637639 -0.10789168 0.15205240
v -0.03126226 -0.10532698 0.15033555
v -0.03279725 -0.06047294 0.00872523
v -0.02766056 -0.06295740 0.00883282
v -0.02234591 -0.06501156 0.00892151
v -0.01688651 -0.06662066 0.00899086
v -0.03271716 -0.06190041 0.01889733
v -0.02759348 -0.06449100 0.01909687
v -0.02229202 -0.06663132 0.01926147
v -0.01684595 -0.06830706 0.01939020
v -0.01132550 -0.06728242 0.00376954
v -0.01131800 -0.06777699 0.00904063
v 0.03279871 -0.06047215 0.00872520
v 0.02766209 -0.06295674 0.00883279
v 0.02234749 -0.06501102 0.00892149
v 0.01688812 -0.06662025 0.00899084
v 0.01130802 -0.06853160 0.01428028
v 0.01131965 -0.06777672 0.00904061
v 0.00567261 -0.06924290 0.01432349
v 0.00567843 -0.06847478 0.00907061
v 0.00000084 -0.06948128 0.01433796
v 0.00000083 -0.06870876 0.00908064
v -0.00567094 -0.06924304 0.01432351
v -0.00567677 -0.06847491 0.00907061
v -0.01130638 -0.06853188 0.01428029
v 0.00566486 -0.07023685 0.01953826
v 0.00000084 -0.07302444 0.02987236
v 0.00000084 -0.07048022 0.01955692
v -0.00564265 -0.07277120 0.02984585
v -0.00566319 -0.07023698 0.01953827
v -0.01124986 -0.07201487 0.02976667
v -0.01129090 -0.06951077 0.01948259
v -0.01678449 -0.07076074 0.02963532
v -0.02221025 -0.06901409 0.02945234
v -0.02749156 -0.06678215 0.02921844
v -0.03259527 -0.06407872 0.02893499
v 0.03227529 -0.07011151 0.04857655
v 0.03244482 -0.06686293 0.03882714
v 0.02722452 -0.07298366 0.04903214
v 0.02736615 -0.06966443 0.03919372
v 0.02199652 -0.07535230 0.04940820
v 0.02211005 -0.07197596 0.03949632
v 0.01662436 -0.07720456 0.04970245
v 0.01670964 -0.07378417 0.03973307
v 0.01114355 -0.07853372 0.04991371
v 0.01120047 -0.07508209 0.03990306
v 0.00559031 -0.07933487 0.05004110
v 0.00561879 -0.07586463 0.04000557
v 0.00000085 -0.07960308 0.05008378
v 0.00000084 -0.07612665 0.04003990
v -0.00558863 -0.07933505 0.05004113
v -0.00561711 -0.07586477 0.04000558
v -0.01114189 -0.07853407 0.04991375
v -0.01119881 -0.07508239 0.03990311
v -0.01662273 -0.07720507 0.04970251
v -0.01670802 -0.07378461 0.03973315
v -0.02199493 -0.07535298 0.04940828
v -0.02210847 -0.07197655 0.03949641
v -0.02722299 -0.07298451 0.04903224
v -0.02736463 -0.06966516 0.03919384
v -0.03227382 -0.07011253 0.04857667
v -0.03244337 -0.06686378 0.03882727
v -0.03209767 -0.07369502 0.05821030
v -0.02707586 -0.07661101 0.05876303
v -0.02187700 -0.07901480 0.05921923
v -0.01653415 -0.08089399 0.05957616
v -0.01108277 -0.08224211 0.05983238
v -0.00555904 -0.08305442 0.05998689
v -0.01686775 -0.01954428 0.24858239
v -0.02232618 -0.01939845 0.24705443
v -0.01685965 -0.03005440 0.24780059
v -0.02231520 -0.02984212 0.24630344
v -0.01684405 -0.04050498 0.24645197
v -0.02229422 -0.04022847 0.24499610
v -0.01681889 -0.05084345 0.24440816
v -0.02226049 -0.05050568 0.24299908
v -0.01680209 -0.05594211 0.24308231
v -0.02223799 -0.05557492 0.24169651
v -0.01678217 -0.06097623 0.24153021
v -0.02221134 -0.06057983 0.24016607
v -0.01675894 -0.06592961 0.23973387
v -0.02218028 -0.06550350 0.23838875
v -0.01673227 -0.07077980 0.23767513
v -0.02214462 -0.07032270 0.23634514
v -0.01670209 -0.07550160 0.23533693
v -0.02210430 -0.07501116 0.23401734
v -0.01666852 -0.08006531 0.23270506
v -0.02205944 -0.07953770 0.23139042
v -0.01663174 -0.08443908 0.22976860
v -0.02201031 -0.08386893 0.22845322
v -0.01659221 -0.08858733 0.22652340
v -0.02195751 -0.08796772 0.22520217
v -0.01655049 -0.09247450 0.22297052
v -0.02190179 -0.09179734 0.22163960
v -0.01650735 -0.09606625 0.21912128
v -0.02184419 -0.09532316 0.21777889
v -0.01646363 -0.09933157 0.21499252
v -0.02178580 -0.09851452 0.21363917
v -0.01642018 -0.10224716 0.21061090
v -0.02172778 -0.10134978 0.20924944
v -0.01637782 -0.10479529 0.20600650
v -0.02167120 -0.10381334 0.20464182
v -0.01633722 -0.10696962 0.20121416
v -0.02161698 -0.10590151 0.19985232
v -0.01629899 -0.10876950 0.19626904
v -0.02156591 -0.10761619 0.19491678
v -0.01626354 -0.11020466 0.19120505
v -0.02151855 -0.10896922 0.18986887
v -0.01623121 -0.11128888 0.18605414
v -0.02147536 -0.10997612 0.18474001
v -0.01620224 -0.11204229 0.18084350
v -0.02143664 -0.11065811 0.17955655
v -0.01617680 -0.11248676 0.17559722
v -0.02140263 -0.11103767 0.17434177
v -0.01615496 -0.11264582 0.17033330
v -0.02137342 -0.11113826 0.16911247
v -0.01613677 -0.11254337 0.16506723
v -0.02134908 -0.11098351 0.16388321
v -0.01612228 -0.11220332 0.15981072
v -0.02132967 -0.11059707 0.15866515
v -0.01611153 -0.11164858 0.15457311
v -0.02131524 -0.11000151 0.15346727
v -0.03149136 -0.08915477 0.09630276
v -0.03138913 -0.09284975 0.10589276
v -0.02656921 -0.09206390 0.09731726
v -0.02648368 -0.09572758 0.10703284
v -0.02147076 -0.09445934 0.09815384
v -0.02140210 -0.09809671 0.10797287
v -0.01622892 -0.09633057 0.09880803
v -0.01617729 -0.09994710 0.10870785
v -0.01087902 -0.09767211 0.09927744
v -0.01084454 -0.10127355 0.10923517
v -0.00545709 -0.09847996 0.09956033
v -0.00543982 -0.10207220 0.10955296
v 0.00000086 -0.09875008 0.09965501
v 0.00000086 -0.10233923 0.10965929
v 0.00544154 -0.10207207 0.10955290
v 0.00545880 -0.09847980 0.09956027
v 0.00000085 -0.09109799 0.07982344
v -0.00550277 -0.09082449 0.07975128
v -0.01097030 -0.09000672 0.07953564
v -0.01636564 -0.08864905 0.07917795
v -0.02165269 -0.08675588 0.07867957
v -0.02679605 -0.08433317 0.07804240
v -0.03176273 -0.08139236 0.07727005
v 0.00000087 -0.10566272 0.11975414
v -0.00541824 -0.10837457 0.12982902
v -0.00542678 -0.10539975 0.11963598
v -0.01080146 -0.10760339 0.12944022
v -0.01081850 -0.10461316 0.11928285
v -0.01611287 -0.10632231 0.12879491
v -0.01613834 -0.10330661 0.11869679
v -0.02131657 -0.10453479 0.12789539
v -0.02135035 -0.10148375 0.11787988
v -0.02637734 -0.10224556 0.12674466
v -0.02641927 -0.09914955 0.11683498
v -0.03126236 -0.09946370 0.12534863
v -0.03131226 -0.09631358 0.11556748
v 0.00000088 -0.11114179 0.14028558
v -0.00541533 -0.11283062 0.15058330
v -0.00541437 -0.11089066 0.14014351
v -0.01079574 -0.11210483 0.15012297
v -0.01079377 -0.11013931 0.13971889
v -0.01610449 -0.11089893 0.14935890
v -0.01610144 -0.10889105 0.13901410
v -0.02130576 -0.10921605 0.14829367
v -0.02130151 -0.10714915 0.13803157
v -0.02636440 -0.10706041 0.14693084
v -0.02635881 -0.10491811 0.13677460
v -0.03124767 -0.10444014 0.14527717
v -0.03124054 -0.10220654 0.13524953
v -0.00566889 -0.01971199 0.25034267
v -0.01130356 -0.01964892 0.24968022
v -0.00566624 -0.03029854 0.24952513
v -0.01129823 -0.03020673 0.24887615
v -0.00566110 -0.04082303 0.24812892
v -0.01128790 -0.04070342 0.24749786
v -0.00565277 -0.05123200 0.24603114
v -0.01127119 -0.05108587 0.24542040
v -0.00564720 -0.05636451 0.24467850
v -0.01126003 -0.05620565 0.24407786
v -0.00564059 -0.06143226 0.24310139
v -0.01124678 -0.06126074 0.24251014
v -0.00563287 -0.06641983 0.24128312
v -0.01123133 -0.06623545 0.24070016
v -0.00562401 -0.07130571 0.23920676
v -0.01121358 -0.07110791 0.23863044
v -0.00561398 -0.07606584 0.23685646
v -0.01119350 -0.07585362 0.23628470
v -0.00560282 -0.08067227 0.23421869
v -0.01117115 -0.08044399 0.23364919
v -0.00559059 -0.08509491 0.23128286
v -0.01114666 -0.08484826 0.23071316
v -0.00557744 -0.08929994 0.22804406
v -0.01112034 -0.08903196 0.22747201
v -0.00556356 -0.09325312 0.22450203
v -0.01109256 -0.09296034 0.22392595
v -0.00554922 -0.09692047 0.22066569
v -0.01106384 -0.09659930 0.22008482
v -0.00553467 -0.10027055 0.21654922
v -0.01103473 -0.09991756 0.21596378
v -0.00552022 -0.10327815 0.21217662
v -0.01100579 -0.10289062 0.21158785
v -0.00550613 -0.10592321 0.20757565
v -0.01097758 -0.10549928 0.20698562
v -0.00549262 -0.10819627 0.20277983
v -0.01095056 -0.10773528 0.20219114
v -0.00547991 -0.11009376 0.19782352
v -0.01092510 -0.10959612 0.19723907
v -0.00546812 -0.11162303 0.19274098
v -0.01090150 -0.11109006 0.19216350
v -0.00545737 -0.11279584 0.18756467
v -0.01087998 -0.11222960 0.18699679
v -0.00544775 -0.11363114 0.18232268
v -0.01086070 -0.11303416 0.18176660
v -0.00543929 -0.11415001 0.17704019
v -0.01084378 -0.11352509 0.17649770
v -0.00543204 -0.11437615 0.17173645
v -0.01082925 -0.11372603 0.17120892
v -0.00542601 -0.11433372 0.16642812
v -0.01081716 -0.11366105 0.16591650
v -0.00542121 -0.11404694 0.16112742
v -0.01080753 -0.11335425 0.16063240
v -0.00541765 -0.11353908 0.15584418
v -0.01080040 -0.11282878 0.15536633
vn -0.00200377 0.72435326 -0.68942609
vn 0.12626246 0.71228771 -0.69043755
vn 0.71293296 -0.12685311 -0.68966288
vn 0.24680791 0.67998964 -0.69043460
vn 0.36400823 0.62632520 -0.68935822
vn -0.71342155 0.12400704 -0.68967525
vn 0.68104155 -0.24600665 -0.68968335
vn 0.62611525 -0.36223871 -0.69048013
vn 0.55450707 -0.46451632 -0.69046832
vn 0.46476891 -0.55403266 -0.69067914
vn 0.36095671 -0.62723217 -0.69013771
vn -0.67949549 0.24795226 -0.69051108
vn -0.62658497 0.36328769 -0.68950223
vn 0.24866538 -0.67963152 -0.69012066
vn 0.12502493 -0.71242784 -0.69051816
vn -0.00115603 -0.72415694 -0.68963425
vn 0.46493237 0.55568127 -0.68924322
vn 0.55362682 0.46585795 -0.69027075
vn 0.62657400 0.36124828 -0.69058287
vn 0.68067379 0.24660059 -0.68983429
vn 0.71268342 0.12725203 -0.68984727
vn 0.72329299 -0.00056114 -0.69054105
vn -0.12397961 -0.71345935 -0.68964107
vn -0.24798052 -0.67950449 -0.69049208
vn -0.36332457 -0.62661121 -0.68945896
vn -0.62611340 -0.36275513 -0.69021064
vn -0.67988942 -0.24685495 -0.69051648
vn -0.71224027 -0.12604195 -0.69052677
vn -0.72385985 0.00156169 -0.68994527
vn -0.55615837 0.46409764 -0.68942095
vn -0.46438028 0.55489491 -0.69024822
vn -0.36270468 0.62611092 -0.69023940
vn -0.46409478 -0.55622495 -0.68936916
vn -0.55492976 -0.46437659 -0.69022268
vn -0.24688098 0.67986622 -0.69053002
vn -0.12435246 0.71348561 -0.68954677
vn -0.69711831 -0.00740244 -0.71691789
vn -0.69065349 -0.07401973 -0.71938782
vn -0.69905935 -0.11438935 -0.70585487
vn -0.67731341 -0.15126065 -0.71997692
vn -0.65730384 -0.22253665 -0.72002020
vn -0.62891183 -0.29490596 -0.71937500
vn -0.65643374 -0.26500033 -0.70630700
vn -0.53652716 -0.46243475 -0.70589851
vn -0.55066568 -0.42161608 -0.72042153
vn -0.59081861 -0.36324824 -0.72040550
vn -0.62355078 -0.33537635 -0.70619199
vn -0.50054054 -0.48174140 -0.71929437
vn -0.48208280 -0.51688629 -0.70740705
vn -0.44232580 -0.53337003 -0.72101616
vn -0.38903278 -0.57273588 -0.72154494
vn -0.22702456 -0.67066637 -0.70616320
vn -0.25841121 -0.64456895 -0.71955161
vn -0.32186178 -0.61511425 -0.71974958
vn -0.36288792 -0.60820400 -0.70597469
vn -0.18754624 -0.66920479 -0.71902111
vn -0.15530605 -0.69013425 -0.70682017
vn -0.11371066 -0.68378706 -0.72076705
vn -0.04852435 -0.69099780 -0.72122634
vn 0.14400932 -0.69327795 -0.70613526
vn 0.10220312 -0.68645743 -0.71995189
vn 0.03052663 -0.69356269 -0.71974921
vn -0.00863769 -0.70825778 -0.70590106
vn 0.17879044 -0.67112477 -0.71946197
vn 0.21975418 -0.67295928 -0.70628174
vn 0.25289325 -0.64572549 -0.72047456
vn 0.31658898 -0.61693364 -0.72053057
vn 0.48175644 -0.51777120 -0.70698212
vn 0.44456690 -0.53344874 -0.71957815
vn 0.38504564 -0.57807379 -0.71942376
vn 0.35935350 -0.61043450 -0.70585749
vn 0.49935145 -0.48305396 -0.71924057
vn 0.53516341 -0.46392994 -0.70595264
vn 0.54926201 -0.42440526 -0.71985514
vn 0.58960011 -0.36659670 -0.71970728
vn 0.62662270 -0.30041112 -0.71909468
vn 0.62118751 -0.33990084 -0.70611153
vn 0.69618003 -0.13023983 -0.70595394
vn 0.67263884 -0.16629741 -0.72104241
vn 0.65398798 -0.22974834 -0.72077418
vn 0.65303661 -0.27202499 -0.70678539
vn 0.68862849 -0.09016242 -0.71948700
vn 0.69408458 -0.02086565 -0.71959101
vn 0.69258653 0.05519523 -0.71921998
vn 0.70787016 0.01785533 -0.70611687
vn 0.66718563 0.23803946 -0.70583323
vn 0.66505752 0.19489386 -0.72091253
vn 0.68099450 0.13058241 -0.72055168
vn 0.70137223 0.09380350 -0.70659600
vn 0.63957409 0.26998711 -0.71975825
vn 0.60726665 0.33629283 -0.71981549
vn 0.56704455 0.40138123 -0.71927295
vn 0.59887641 0.37715593 -0.70647041
vn 0.51791281 0.46149795 -0.72026798
vn 0.55476752 0.44000046 -0.70613922
vn 0.40532853 0.56124511 -0.72160426
vn 0.44787531 0.54871199 -0.70591987
vn 0.46865325 0.51151940 -0.72021665
vn 0.28306256 0.63464263 -0.71909966
vn 0.32873221 0.61699091 -0.71502262
vn 0.33191590 0.59231009 -0.73416660
vn 0.11022653 0.69948856 -0.70609197
vn 0.14549764 0.67899114 -0.71958423
vn 0.21199454 0.66109889 -0.71972674
vn 0.25332156 0.66133197 -0.70602282
vn 0.07154705 0.69130511 -0.71901200
vn 0.03660295 0.70622162 -0.70704402
vn -0.00405201 0.69277479 -0.72114262
vn -0.07149331 0.68849991 -0.72170394
vn -0.26576144 0.65608803 -0.70634224
vn -0.22339558 0.65704190 -0.71999330
vn -0.15203938 0.67716834 -0.71994935
vn -0.11522617 0.69893640 -0.70584052
vn -0.29560955 0.62857873 -0.71937735
vn -0.33612598 0.62318252 -0.70616065
vn -0.36392963 0.59044922 -0.72036445
vn -0.42234483 0.55017047 -0.72037302
vn -0.48230402 0.50001855 -0.71928039
vn -0.46305169 0.53597305 -0.70591502
vn -0.60863162 0.36219777 -0.70596057
vn -0.57329040 0.38836241 -0.72146570
vn -0.53307985 0.44226970 -0.72126513
vn -0.51706718 0.48240416 -0.70705570
vn -0.61548293 0.32124244 -0.71971109
vn -0.64487840 0.25775507 -0.71950968
vn -0.66936872 0.18698977 -0.71901345
vn -0.67085300 0.22641402 -0.70618194
vn -0.69258529 0.05455786 -0.71926981
vn -0.68393565 0.11311808 -0.72071931
vn -0.69030102 0.15468287 -0.70679397
vn -0.41493459 0.69617199 -0.58581042
vn -0.43982162 0.70760194 -0.55304289
vn 0.51744597 0.70710480 0.48192579
vn -0.47561279 0.69554289 -0.53852814
vn -0.53102061 0.69617988 -0.48306385
vn -0.39924412 0.69633451 0.59642466
vn -0.36074094 0.70778704 0.60737425
vn -0.15323866 0.70718834 0.69021922
vn -0.19350152 0.69646648 0.69100767
vn -0.22654491 0.70773818 0.66916671
vn 0.59614324 0.69632883 0.39967410
vn 0.60714723 0.70776545 0.36116522
vn -0.09488611 0.70737019 -0.70044561
vn 0.66905001 0.70776289 0.22681219
vn 0.69091957 0.69646565 0.19381884
vn 0.69017303 0.70717045 0.15352896
vn -0.05670133 0.69627169 -0.71553525
vn -0.54684373 0.70825526 -0.44647107
vn -0.57950370 0.69629053 -0.42350320
vn -0.62564189 0.69332736 -0.35758830
vn -0.69781797 0.70767706 -0.11064923
vn -0.71366953 0.69650739 -0.07452014
vn -0.70627412 0.70706683 -0.03511931
vn -0.71880506 0.69521154 -0.00044771
vn -0.64965950 0.69606040 0.30568360
vn -0.62145861 0.70761321 0.33626290
vn -0.46252860 0.69513415 0.55032337
vn -0.12166092 0.69554897 0.70810328
vn -0.05121278 0.69723800 0.71500799
vn 0.00642812 0.69667975 0.71735347
vn -0.13115137 0.69568459 -0.70627351
vn -0.20517699 0.69648611 -0.68761145
vn -0.23745414 0.70822939 -0.66485085
vn -0.27771954 0.69597548 -0.66218576
vn -0.35000241 0.69533096 -0.62770468
vn -0.37574312 0.70751421 -0.59853216
vn -0.62975440 0.70554165 -0.32499288
vn -0.65567732 0.69644077 -0.29164621
vn -0.65987451 0.70782089 -0.25210162
vn -0.33444521 0.69592818 0.63547649
vn -0.26427865 0.69603205 0.66760481
vn 0.07682209 0.69568389 0.71422846
vn 0.11457648 0.70822883 0.69662340
vn 0.15502868 0.69585913 0.70124616
vn 0.23596730 0.69324825 0.68097452
vn 0.26231842 0.70594448 0.65789926
vn 0.49744671 0.69618085 0.51757029
vn 0.46114229 0.70828052 0.53449648
vn 0.54981976 0.69499969 0.46332890
vn 0.63527123 0.69589920 0.33489515
vn 0.66745290 0.69603672 0.26464981
vn 0.67129297 0.70760043 -0.22060684
vn 0.69377264 0.69599738 -0.18511395
vn 0.69352595 0.70639116 -0.14153900
vn 0.60830901 0.70832049 -0.35810925
vn 0.59838096 0.69308250 -0.40196625
vn -0.68289657 0.69604908 -0.22173850
vn -0.70260071 0.69607556 -0.14775337
vn -0.71360530 0.69617741 0.07813123
vn -0.69651988 0.70825182 0.11506270
vn -0.70110673 0.69587865 0.15557076
vn -0.53415977 0.70830579 0.46149350
vn -0.51718072 0.69620230 0.49782171
vn -0.48134282 0.70699031 0.51814456
vn 0.30520556 0.69606067 0.64988392
vn 0.33583511 0.70759129 0.62171484
vn 0.43873614 0.69609220 0.56830119
vn 0.37386626 0.69544929 0.61365650
vn 0.71151376 0.69389558 -0.11071177
vn 0.71718750 0.69623075 -0.03008053
vn 0.70586918 0.70829434 0.00823525
vn 0.67016694 0.69554340 -0.25902828
vn 0.63731725 0.69621388 -0.33032250
vn 0.55675477 0.67979204 -0.47739596
vn 0.53167457 0.70026088 -0.47639989
vn 0.49856829 0.69626739 -0.51637329
vn 0.46223271 0.70779202 -0.53420164
vn 0.44118863 0.69580397 -0.56675341
vn 0.37714033 0.69599271 -0.61103135
vn -0.68079644 0.69325726 0.23645419
vn -0.65770411 0.70594482 0.26280644
vn -0.61336388 0.69546476 0.37431740
vn -0.56797788 0.69609765 0.43914598
vn 0.70805508 0.69553793 0.12200405
vn 0.71610463 0.69646934 0.04609351
vn 0.33952086 0.70788758 -0.61937126
vn 0.31067223 0.69638167 -0.64694307
vn 0.27058990 0.70717200 -0.65321426
vn 0.12949415 0.70802033 -0.69421789
vn 0.09534605 0.69631448 -0.71137562
vn 0.24235751 0.69547938 -0.67644015
vn 0.16859454 0.69655690 -0.69741262
vn 0.01688104 0.69403111 -0.71974707
vn -0.01483328 0.70617055 -0.70788638
vn -0.72071364 -0.05992105 -0.69063835
vn -0.70932644 -0.15606631 -0.68738585
vn -0.68698539 -0.25242358 -0.68142014
vn -0.27916779 0.67273879 -0.68519184
vn -0.36941645 0.62959949 -0.68347346
vn -0.45266942 0.57477918 -0.68170322
vn -0.64687298 -0.34424463 -0.68047849
vn -0.59368255 -0.42857459 -0.68107624
vn 0.22671504 -0.69588141 -0.68143184
vn 0.12936875 -0.72151863 -0.68020188
vn -0.18258924 0.70048038 -0.68991913
vn -0.08285018 0.71557621 -0.69360402
vn 0.61360573 0.39103974 -0.68598537
vn 0.55681105 0.47290162 -0.68288031
vn 0.48858614 0.54508472 -0.68129746
vn -0.52673466 0.50866477 -0.68103653
vn -0.58966971 0.43222571 -0.68225403
vn -0.63994225 0.34701386 -0.68560579
vn -0.67518365 0.25368415 -0.69265532
vn -0.52840523 -0.50369389 -0.68343279
vn 0.31971966 -0.65935595 -0.68046240
vn 0.70977245 0.10657227 -0.69632279
vn 0.54952031 -0.47099945 -0.69006300
vn 0.60514049 -0.38561370 -0.69649628
vn 0.68953464 0.20521501 -0.69457093
vn 0.65914621 0.30194578 -0.68873436
vn -0.69886240 0.15307715 -0.69868357
vn -0.71630804 0.04432381 -0.69637503
vn -0.72069695 -0.00835177 -0.69319994
vn -0.45244113 -0.56785186 -0.68763456
vn -0.36634642 -0.61985781 -0.69394999
vn -0.26988270 -0.66167732 -0.69953302
vn 0.40567598 -0.60822993 -0.68226340
vn 0.48285316 -0.54531715 -0.68518759
vn 0.41061418 0.60578612 -0.68148307
vn 0.02081946 0.71505908 -0.69875394
vn 0.02991218 -0.72942731 -0.68340402
vn -0.06904983 -0.72288433 -0.68751027
vn 0.65355341 -0.28884855 -0.69959593
vn -0.16704170 -0.69815773 -0.69618450
vn 0.71233573 0.00490347 -0.70182175
vn 0.32402441 0.65327691 -0.68427878
vn 0.69484469 -0.19121625 -0.69327282
vn 0.71993749 -0.09526943 -0.68746909
vn 0.23022142 0.68530024 -0.69091365
vn 0.13076215 0.70524485 -0.69680052
vn -0.66939156 0.71853959 0.18872146
vn -0.66994610 0.70692496 0.22678037
vn -0.64638134 0.71856046 0.25663598
vn -0.61491627 0.71872218 0.32452490
vn -0.60811827 0.70644804 0.36210956
vn -0.57771174 0.71829018 0.38769623
vn -0.53119109 0.71946888 0.44743777
vn -0.51744185 0.70727727 0.48167707
vn -0.48177143 0.71844793 0.50172589
vn -0.46243662 0.70592597 0.53648943
vn -0.42474414 0.71854986 0.55070729
vn -0.36122329 0.71918517 0.59354059
vn -0.33602256 0.70662797 0.62270840
vn -0.29532554 0.71859367 0.62960779
vn -0.26405978 0.70654921 0.65655209
vn -0.22483571 0.71929565 0.65731475
vn -0.14974036 0.71880399 0.67889517
vn -0.11460193 0.70598546 0.69889264
vn -0.07408982 0.71893097 0.69112152
vn -0.69022271 0.70704643 0.15387644
vn -0.68479175 0.71906563 0.11834221
vn -0.69443695 0.71814420 0.04501361
vn -0.70823663 0.70592280 0.00859476
vn -0.69502198 0.71841019 -0.02883139
vn -0.68692679 0.71915375 -0.10463970
vn -0.69312393 0.70648037 -0.14305493
vn -0.67193337 0.71866842 -0.17894481
vn -0.67232729 0.70661938 -0.22060160
vn -0.64825676 0.71911396 -0.25027641
vn -0.61760226 0.71844284 -0.32001146
vn -0.61040587 0.70589364 -0.35933110
vn -0.57940584 0.71848583 -0.38479472
vn 0.05413628 0.71887132 -0.69303196
vn 0.01783514 0.70710027 -0.70688834
vn -0.01847986 0.71873230 -0.69504128
vn -0.09242128 0.71829173 -0.68957617
vn -0.12983743 0.70619665 -0.69600900
vn -0.16354628 0.71805177 -0.67650150
vn -0.23436360 0.71910931 -0.65418308
vn -0.27062558 0.70705127 -0.65333016
vn -0.30120278 0.71823819 -0.62722468
vn -0.34026994 0.70632837 -0.62073875
vn -0.36525068 0.71862204 -0.59175528
vn -0.42704063 0.71882191 -0.54857211
vn -0.46313231 0.70641969 -0.53523798
vn -0.48320485 0.71836676 -0.50046205
vn -0.51867689 0.70709498 -0.48061521
vn -0.53240708 0.71958106 -0.44580915
vn 0.09498905 0.70685532 -0.70095123
vn 0.12693937 0.71889740 -0.68342734
vn 0.19897381 0.71812868 -0.66685877
vn 0.23818712 0.70598184 -0.66697567
vn 0.26891581 0.71867913 -0.64123677
vn 0.33831380 0.71930575 -0.60674791
vn 0.37616664 0.70669602 -0.59923234
vn 0.40202087 0.71847586 -0.56760168
vn 0.44043427 0.70661061 -0.55382226
vn 0.46000424 0.71908220 -0.52088088
vn 0.51451906 0.71845526 -0.46807284
vn 0.54862408 0.70603296 -0.44780472
vn 0.59770568 0.72330393 -0.34580248
vn 0.62700557 0.70866318 -0.32351278
vn 0.56115393 0.72171231 -0.40526240
vn 0.69165059 0.71854322 -0.07290481
vn 0.69854212 0.70705153 -0.11007742
vn 0.68062108 0.71851357 -0.14315447
vn 0.66145581 0.71856684 -0.21479737
vn 0.66119551 0.70640169 -0.25262058
vn 0.63579836 0.71817436 -0.28281804
vn 0.18814827 0.71855212 0.66953945
vn 0.22616335 0.70696701 0.67011028
vn 0.25599113 0.71856812 0.64662849
vn 0.32384609 0.71869657 0.61530395
vn 0.36143959 0.70643496 0.60853190
vn 0.38703146 0.71829166 0.57815547
vn 0.44678332 0.71943089 0.53179305
vn 0.48106727 0.70727124 0.51801706
vn 0.50116018 0.71844052 0.48237090
vn 0.53595844 0.70591910 0.46306239
vn 0.55020147 0.71855669 0.42538760
vn 0.59311918 0.71916933 0.36194628
vn 0.62234409 0.70660697 0.33674087
vn 0.62925303 0.71859939 0.29606678
vn 0.65622793 0.70657254 0.26480210
vn 0.65701569 0.71931683 0.22564061
vn 0.67872357 0.71879075 0.15057943
vn 0.69877388 0.70596927 0.11542297
vn 0.69143488 0.71846265 0.07569171
vn 0.69461435 0.71938218 -0.00042729
vn 0.70618442 0.70715734 -0.03510057
vn -0.00614033 0.71776206 0.69626139
vn 0.15331704 0.70701787 0.69037643
vn 0.11772529 0.71904863 0.68491593
vn 0.04976259 0.71721835 0.69506944
vn -0.43849571 0.61316955 0.65707277
vn -0.40348996 0.64192814 0.65201542
vn -0.33266306 0.64646217 0.68660174
vn -0.38631533 0.78503806 0.48422691
vn -0.33824371 0.80566108 0.48631411
vn -0.35213643 0.84506546 0.40232364
vn -0.40166254 0.82235952 0.40297895
vn -0.35704520 0.87732362 0.32065867
vn -0.40351830 0.87822338 0.25670347
vn -0.35337215 0.90186171 0.24854292
vn -0.34462001 0.91920494 0.19052380
vn -0.06135014 0.88103337 0.46905902
vn -0.01062765 0.89894427 0.43793408
vn -0.01983207 0.89972465 0.43600716
vn -0.67694214 0.20923576 -0.70566971
vn -0.63415689 0.26141251 -0.72767337
vn -0.64434972 0.31765674 -0.69563470
vn -0.60221452 0.49349151 -0.62753789
vn -0.60780668 0.54320476 -0.57922330
vn -0.65842076 0.46479022 -0.59199000
vn -0.34580812 0.54546487 -0.76346894
vn -0.33490395 0.60537591 -0.72205218
vn -0.39106747 0.54683171 -0.74029813
vn -0.28527841 0.95805311 0.02739450
vn -0.24920354 0.96580039 0.07160454
vn -0.22919987 0.96062832 0.15703711
vn -0.40634073 0.91073206 0.07385336
vn -0.36707779 0.92279597 0.11705335
vn -0.33973789 0.91935145 0.19842147
vn -0.34173727 0.93551145 0.08963239
vn -0.30384060 0.94335927 0.13324484
vn -0.28039163 0.93596980 0.21293444
vn -0.20234245 0.65850074 -0.72486848
vn -0.24828104 0.62605346 -0.73919794
vn -0.25944931 0.55874386 -0.78771274
vn -0.07612844 0.95923564 -0.27216069
vn -0.04662932 0.97241529 -0.22854807
vn -0.04103523 0.99100429 -0.12738374
vn -0.01369762 0.96629762 0.25706282
vn -0.02548418 0.97395858 0.22528923
vn -0.03182375 0.99127185 0.12793501
vn 0.00489809 0.99957207 -0.02883880
vn -0.00015029 0.99882304 0.04850262
vn -0.01833814 0.99982487 0.00373450
vn -0.23214226 0.97112580 -0.05499689
vn -0.20144958 0.97944717 -0.01006515
vn -0.19273930 0.97812643 0.07823199
vn -0.06449744 0.90213966 0.42659596
vn -0.04986596 0.87020749 0.49015540
vn -0.09612745 0.89428932 0.43704247
vn -0.04943126 0.82767721 0.55902324
vn 0.00178568 0.91494798 0.40356785
vn -0.09440627 0.47409594 0.87539733
vn -0.02478538 0.91755800 0.39682869
vn -0.61975984 0.77583730 0.11821259
vn -0.57358755 0.80275238 0.16305195
vn -0.55865064 0.79771646 0.22706368
vn -0.54917766 0.81393178 0.18952297
vn -0.48821132 0.83812571 0.24330023
vn -0.48133983 0.82468900 0.29698489
vn -0.55997075 0.81842459 0.12889514
vn -0.52263468 0.83638605 0.16526149
vn -0.50735814 0.85163744 0.13153476
vn -0.46908966 0.86668567 0.16973755
vn -0.43545679 0.86513196 0.24884547
vn -0.22579227 0.83343492 0.50438485
vn -0.19864791 0.82425145 0.53023443
vn -0.17211916 0.78048723 0.60101138
vn -0.18829524 0.74539086 0.63948211
vn -0.19299921 0.71226917 0.67485104
vn -0.27111842 0.73800247 0.61793782
vn -0.55234650 0.67250772 0.49259183
vn -0.46629222 0.69012068 0.55344830
vn -0.48960655 0.65884412 0.57114784
vn -0.91797875 0.30432538 -0.25436407
vn -0.94045205 0.21326600 -0.26470278
vn -0.93429220 0.20358615 -0.29266152
vn -0.87269114 0.39942981 -0.28083092
vn -0.90196749 0.32063777 -0.28921629
vn -0.90318858 0.28119753 -0.32431210
vn -0.79395840 0.37035466 -0.48214882
vn -0.75846954 0.43046096 -0.48931311
vn -0.76181553 0.46331075 -0.45274744
vn -0.77029933 0.55835718 -0.30801979
vn -0.76613940 0.59316003 -0.24736935
vn -0.80851548 0.51475955 -0.28517595
vn -0.89825832 0.43944481 0.00449911
vn -0.92397537 0.38087961 -0.03464429
vn -0.93303646 0.35131825 -0.07757874
vn -0.84378796 0.46541781 0.26722303
vn -0.79752835 0.51214514 0.31883519
vn -0.79710165 0.49109180 0.35136562
vn -0.81599053 0.57775657 0.01888933
vn -0.78175584 0.62101649 0.05653601
vn -0.76142613 0.63122739 0.14758805
vn -0.73976309 0.65145813 0.16838313
vn -0.94094844 0.22817510 0.25010430
vn -0.90449250 0.29881454 0.30430771
vn -0.90486876 0.28621051 0.31511280
vn -0.70035843 0.55763944 0.44557415
vn -0.58062912 0.60996939 0.53926539
vn -0.60742706 0.56605169 0.55733101
vn -0.91599340 0.36791729 0.15997802
vn -0.90631969 0.35794855 0.22462737
vn -0.87078418 0.43257497 0.23369596
vn -0.99531361 0.00010769 0.09669956
vn -0.99499663 0.00314763 0.09985886
vn -0.98631479 0.09503249 0.13472922
vn -0.98797669 0.02157137 0.15309061
vn -0.98626894 0.01136900 0.16475532
vn -0.97601289 0.09960826 0.19358986
vn -0.99965908 -0.00572849 0.02547379
vn -0.99980938 -0.01771066 0.00821771
vn -0.99628544 0.07193854 0.04733045
vn -0.99977277 -0.02004443 -0.00725396
vn -0.99940008 -0.03109887 -0.01524303
vn -0.99819164 0.05866923 0.01309053
vn -0.99702130 -0.05515274 -0.05391381
vn -0.99515258 -0.06995446 -0.06912101
vn -0.99812451 0.01705821 -0.05879180
vn -0.98041653 -0.15951690 -0.11548930
vn -0.97943164 -0.16577969 -0.11502501
vn -0.98334323 -0.10040253 -0.15151049
vn -0.97974606 -0.16639476 -0.11140212
vn -0.97883275 -0.17219338 -0.11061592
vn -0.98198437 -0.11128792 -0.15271441
vn -0.72055993 0.69179195 -0.04708800
vn -0.70378740 0.70648181 -0.07461069
vn -0.99562233 -0.02414529 -0.09029493
vn -0.71994269 0.68676692 -0.10016847
vn -0.69596161 0.70795174 -0.12017394
vn -0.98259266 -0.01880352 -0.18481907
vn -0.69860930 0.69166273 -0.18316035
vn -0.67246904 0.70997178 -0.20910636
vn -0.95994393 -0.01058409 -0.27999219
vn -0.68742729 0.68592152 -0.23865327
vn -0.65540311 0.71216544 -0.25152963
vn -0.92849149 0.00058139 -0.37135322
vn -0.64978480 0.69294286 -0.31242583
vn -0.61308948 0.71677426 -0.33219866
vn -0.88705139 0.01656702 -0.46137335
vn -0.62822411 0.68526539 -0.36843699
vn -0.58814499 0.71909415 -0.37012035
vn -0.83890376 0.03374608 -0.54323263
vn -0.57894516 0.69228967 -0.43076386
vn -0.52951094 0.72587185 -0.43900822
vn -0.77876079 0.05863364 -0.62457483
vn -0.54565913 0.68264530 -0.48605710
vn -0.49746120 0.72884918 -0.47043727
vn -0.72176603 0.08592856 -0.68678241
vn -0.00700765 0.77553140 -0.63127011
vn 0.00370796 0.09900143 -0.99508038
vn -0.04127251 0.28559624 -0.95746090
vn -0.77590492 0.62293444 0.09962047
vn -0.77204693 0.61318234 0.16718540
vn -0.74049862 0.65334877 0.15747120
vn -0.71623472 0.25912708 -0.64796681
vn -0.69454869 0.20996324 -0.68812612
vn -0.95411850 0.28346147 0.09647526
vn -0.72900036 0.00378445 -0.68450285
vn -0.99879464 -0.00390894 0.04892835
vn -0.73271684 0.04388523 -0.67911716
vn -0.99292696 0.09447967 0.07190024
vn -0.71860418 0.11165145 -0.68639784
vn -0.74390048 0.11298689 -0.65866990
vn -0.71650099 0.07055672 -0.69400870
vn -0.71973635 0.18522398 -0.66908270
vn -0.72224356 0.14932746 -0.67532626
vn -0.97973135 0.18271423 0.08210968
vn -0.88166081 0.45992846 0.10554637
vn -0.64347913 0.34188440 -0.68487201
vn -0.67734137 0.32298252 -0.66097728
vn -0.92421223 0.36800997 0.10198242
vn -0.68472435 0.28871433 -0.66917606
vn -0.68857406 0.25063207 -0.68047728
vn -0.56304685 0.45882733 -0.68735415
vn -0.60567858 0.44954699 -0.65655233
vn -0.61769246 0.41650892 -0.66706547
vn -0.83578808 0.53927149 0.10317239
vn -0.62932520 0.38063984 -0.67754196
vn -0.65832403 0.39749861 -0.63922166
vn -0.57098900 0.52087463 -0.63455590
vn -0.55382876 0.50169194 -0.66451404
vn -0.71073096 0.68681567 0.15213725
vn -0.67637556 0.72188699 0.14627126
vn -0.53382655 0.52690072 -0.66136590
vn -0.54485175 0.50606451 -0.66860697
vn -0.64019857 0.75558686 0.13868772
vn -0.49674216 0.55898183 -0.66391757
vn -0.50875776 0.53822112 -0.67192527
vn -0.52655597 0.84270562 0.11218757
vn -0.41800931 0.61356572 -0.66992935
vn -0.56562116 0.81569500 0.12130280
vn -0.43317834 0.59665220 -0.67554620
vn -0.60285183 0.78718466 0.13003838
vn -0.45780744 0.58875296 -0.66616987
vn -0.47141851 0.56853343 -0.67419161
vn -0.32555773 0.67096655 -0.66619521
vn -0.34711819 0.64022911 -0.68528508
vn -0.47250488 0.87592314 0.09745659
vn -0.37471188 0.63664891 -0.67399493
vn -0.38990419 0.61912740 -0.68165679
vn -0.29231222 0.67527983 -0.67716374
vn -0.39694902 0.91464410 0.07653529
vn -0.26032532 0.67787647 -0.68754216
vn -0.24594700 0.69085020 -0.67987946
vn -0.28872614 0.95608876 0.05031400
vn -0.20744462 0.69035873 -0.69308841
vn -0.14850115 0.71439046 -0.68380822
vn -0.16913764 0.70363572 -0.69013711
vn -0.26320815 0.96118220 0.08276625
vn -0.19713747 0.70593623 -0.68028734
vn -0.16216017 0.98465634 0.06446684
vn -0.12397614 0.70997323 -0.69323007
vn -0.21252029 0.97482133 0.06751662
vn -0.09314017 0.99422179 0.05336615
vn -0.10108086 0.71813544 -0.68852317
vn -0.12194413 0.70850615 -0.69508896
vn 0.00997271 0.72349597 -0.69025657
vn -0.01743737 0.72377215 -0.68981868
vn -0.00016787 0.99929531 0.03753473
vn -0.05018109 0.72420685 -0.68775453
vn -0.07502749 0.71249008 -0.69765949
vn -0.09439359 0.30338950 -0.94817966
vn -0.04986404 0.72918040 -0.68250240
vn -0.01912323 0.81165531 -0.58382356
vn -0.14914952 0.27574931 -0.94958767
vn -0.08562642 0.72678504 -0.68150687
vn -0.05530291 0.82396215 -0.56393967
vn -0.23261878 0.22855667 -0.94533081
vn -0.14285327 0.77027674 -0.62150357
vn -0.20092071 0.21052897 -0.95671752
vn -0.12252873 0.75044886 -0.64947149
vn -0.09514645 0.80922006 -0.57974998
vn -0.28441780 0.23791187 -0.92871118
vn -0.18137672 0.73277709 -0.65585077
vn -0.13968245 0.78528380 -0.60317341
vn -0.25230352 0.73632106 -0.62783297
vn -0.21703144 0.78481462 -0.58048546
vn -0.34153253 0.14826677 -0.92810155
vn -0.21882490 0.72502780 -0.65303166
vn -0.17506549 0.79474080 -0.58115328
vn -0.38968906 0.17208223 -0.90472655
vn -0.26689657 0.76004352 -0.59253697
vn -0.42503389 0.09588951 -0.90008410
vn -0.26734217 0.75890779 -0.59379048
vn -0.46560637 0.16816191 -0.86886839
vn -0.29838615 0.76474672 -0.57107631
vn -0.31801505 0.72142780 -0.61514906
vn -0.59730780 0.11465219 -0.79377469
vn -0.43024327 0.71672871 -0.54880842
vn -0.56266512 0.13412194 -0.81573235
vn -0.38771499 0.74311069 -0.54540223
vn -0.37874237 0.72324634 -0.57746770
vn -0.49275895 0.71228016 -0.49984557
vn -0.46170888 0.71248956 -0.52837821
vn -0.67476269 0.10161106 -0.73100650
vn -0.58759065 0.69685383 -0.41125656
vn -0.65996128 0.69372239 -0.28844472
vn -0.70580448 0.69148184 -0.15392502
vn -0.99968237 -0.02501651 0.00305407
vn -0.71770939 0.69627366 0.00980914
vn -0.71958683 0.69412581 -0.01959991
vn -0.99963966 -0.02620718 0.00580811
vn -0.99517112 -0.03613378 -0.09126225
vn -0.99935965 -0.03557525 0.00383314
vn -0.99796660 -0.06372444 -0.00136714
vn -0.99845119 -0.05559056 -0.00221646
vn -0.99376580 -0.06010555 -0.09389813
vn -0.99891549 -0.04648775 0.00259562
vn -0.99935972 -0.03557345 0.00383258
vn -0.99347979 -0.11270411 -0.01719536
vn -0.99446520 -0.10431417 -0.01255061
vn -0.99143955 -0.08393211 -0.10001507
vn -0.99530489 -0.09617166 -0.01091737
vn -0.99609162 -0.08755154 -0.01167081
vn -0.99672903 -0.08069017 -0.00450891
vn -0.99730894 -0.07330047 -0.00138617
vn -0.98871438 -0.10325818 -0.10854314
vn -0.99060388 -0.13379754 -0.02832253
vn -0.99116271 -0.13058280 -0.02333702
vn -0.99245077 -0.12059924 -0.02230012
vn -0.98928389 -0.14181958 -0.03470715
vn -0.98681917 -0.11404512 -0.11481131
vn -0.98831777 -0.14744441 -0.03857627
vn -0.98513583 -0.16330457 -0.05328247
vn -0.98640570 -0.15631475 -0.05069011
vn -0.98528240 -0.12095219 -0.12078559
vn -0.98744489 -0.15149851 -0.04473021
vn -0.98846805 -0.14627450 -0.03917495
vn -0.98280333 -0.17023892 -0.07152845
vn -0.98275462 -0.17160871 -0.06887527
vn -0.98254619 -0.12986878 -0.13318067
vn -0.98308367 -0.17170955 -0.06373634
vn -0.98380618 -0.12641244 -0.12706417
vn -0.98449630 -0.16530265 -0.05866919
vn -0.98417890 -0.16782645 -0.05679940
vn -0.98174708 -0.17424876 -0.07622362
vn -0.98154966 -0.13124455 -0.13905080
vn -0.98110572 -0.17589154 -0.08058374
vn -0.98032700 -0.17543320 -0.09045536
vn -0.97997656 -0.17776931 -0.08968840
vn -0.98090383 -0.13043608 -0.14427094
vn -0.98039437 -0.17733042 -0.08591160
vn -0.98138593 -0.17398184 -0.08131409
vn -0.97948520 -0.17789233 -0.09467343
vn -0.98067253 -0.12749945 -0.14840913
vn -0.97933785 -0.17702851 -0.09776646
vn -0.97845531 -0.17744648 -0.10553655
vn -0.97911068 -0.17419626 -0.10487105
vn -0.98120643 -0.11996961 -0.15113319
vn -0.97903908 -0.17618118 -0.10218938
vn -0.97973724 -0.17439441 -0.09849631
vn -0.97898423 -0.17341573 -0.10731670
vn -0.97941444 -0.16727981 -0.11298152
vn -0.98150377 -0.15260942 -0.11558856
vn -0.98098104 -0.15513958 -0.11665298
vn -0.98514335 -0.08740352 -0.14782830
vn -0.98050065 -0.15749564 -0.11753130
vn -0.98027401 -0.15970961 -0.11642898
vn -0.98446239 -0.13306036 -0.11458072
vn -0.98725453 -0.07277619 -0.14153485
vn -0.98438763 -0.13194007 -0.11650239
vn -0.98951333 -0.05714822 -0.13265535
vn -0.98529160 -0.12778131 -0.11345660
vn -0.98320007 -0.14008248 -0.11702355
vn -0.98247040 -0.14343630 -0.11907112
vn -0.98262677 -0.14472670 -0.11618443
vn -0.99233919 -0.03846006 -0.11740425
vn -0.99022117 -0.09942630 -0.09785936
vn -0.98886069 -0.10777247 -0.10266272
vn -0.98769170 -0.11204498 -0.10913769
vn -0.98697549 -0.11544914 -0.11203067
vn -0.98704485 -0.11760104 -0.10914417
vn -0.99562905 -0.01138769 -0.09269903
vn -0.99462616 -0.07607467 -0.07022428
vn -0.99420491 -0.07516611 -0.07685480
vn -0.99310719 -0.08218493 -0.08356886
vn -0.99118598 -0.09373267 -0.09361913
vn -0.99060844 -0.09937637 -0.09391087
vn -0.99891544 0.04040074 -0.02314581
vn -0.99917061 -0.03612071 -0.01879849
vn -0.99899932 -0.03473701 -0.02817259
vn -0.99845175 -0.04096602 -0.03762823
vn -0.99752175 -0.05006613 -0.04943411
vn -0.99741778 -0.05340938 -0.04801250
vn -0.99978803 -0.02055977 0.00109283
vn -0.99854138 0.00049866 0.05398947
vn -0.99361357 0.08066563 0.07889955
vn -0.99850512 -0.00090312 0.05465086
vn -0.99051963 0.08570527 0.10735672
vn -0.99767104 0.00583450 0.06795927
vn -0.99891910 0.00090482 0.04647383
vn -0.99946780 -0.00783512 0.03166589
vn -0.99948064 -0.00790491 0.03124046
vn -0.98380471 0.08699863 0.15671483
vn -0.99511801 0.00661074 0.09847051
vn -0.98725802 0.08799334 0.13258496
vn -0.99517456 0.00926147 0.09768226
vn -0.99589214 0.00984475 0.09001071
vn -0.99702888 0.00369485 0.07693996
vn -0.99707603 0.00600290 0.07617977
vn -0.98859967 0.00989580 0.15024235
vn -0.98953582 0.01324565 0.14367814
vn -0.97961777 0.08407665 0.18242848
vn -0.99082507 0.00753106 0.13494056
vn -0.99176131 -0.00108353 0.12809504
vn -0.99360232 0.02199380 0.11077318
vn -0.99429767 0.01290128 0.10585702
vn -0.98545749 0.01325144 0.16940464
vn -0.98610101 0.01717791 0.16525653
vn -0.97414457 0.08924345 0.20755229
vn -0.98690360 0.01028909 0.16098269
vn -0.97033144 0.09721953 0.22137133
vn -0.98415995 0.01352853 0.17676589
vn -0.98457524 0.01150779 0.17458286
vn -0.98467380 0.01061452 0.17408287
vn -0.98443672 0.01089447 0.17540141
vn -0.98408753 0.01350722 0.17717025
vn -0.98560452 0.00936112 0.16880790
vn -0.97130487 0.10127477 0.21519819
vn -0.98626840 0.00675275 0.16501228
vn -0.98682810 0.00656609 0.16163906
vn -0.99416696 0.00523975 0.10772469
vn -0.99291780 0.00023608 0.11880311
vn -0.98165423 0.09725749 0.16399985
vn -0.99295324 0.00154953 0.11849666
vn -0.99149404 0.00820235 0.12989339
vn -0.99835351 -0.00247439 0.05730741
vn -0.99748337 -0.00177731 0.07087856
vn -0.99019718 0.09391756 0.10338776
vn -0.99722795 0.00110046 0.07439894
vn -0.99656465 0.00449028 0.08269664
vn -0.80009310 0.57744502 0.16250625
vn -0.77118932 0.57191679 0.27960368
vn -0.71753715 0.64322085 0.26722160
vn -0.74437126 0.62848198 0.22565864
vn -0.76973007 0.59538910 0.23027689
vn -0.79838031 0.55463085 0.23446427
vn -0.81855492 0.49873574 0.28500967
vn -0.87987780 0.44478529 0.16727554
vn -0.85194753 0.49727833 0.16401119
vn -0.82704222 0.53546507 0.17110909
vn -0.82116516 0.51963981 0.23592849
vn -0.84616576 0.47767025 0.23629353
vn -0.86165678 0.42295811 0.28045327
vn -0.93858729 0.27460634 0.20891448
vn -0.94889873 0.27884015 0.14778153
vn -0.96888737 0.19016598 0.15841135
vn -0.97394600 0.18879245 0.12564477
vn -0.96337218 0.18564048 0.19352432
vn -0.89850255 0.34620327 0.26988233
vn -0.93040387 0.26651867 0.25162759
vn -0.95678136 0.18362562 0.22550181
vn -0.95071024 0.18154171 0.25138147
vn -0.92660837 0.25692123 0.27456949
vn -0.95207126 0.16907703 0.25489856
vn -0.86401120 0.35027788 0.36164908
vn -0.85703779 0.36643194 0.36223455
vn -0.81300979 0.41326335 0.41015667
vn -0.79826009 0.42986132 0.42190055
vn -0.75404796 0.47220379 0.45654711
vn -0.72923124 0.48673823 0.48094459
vn -0.69559005 0.51967063 0.49608157
vn -0.66053237 0.52965370 0.53213151
vn -0.65357081 0.55108858 0.51879338
vn -0.90151005 0.30559815 0.30641377
vn -0.92860195 0.23875817 0.28406507
vn -0.93376118 0.22364403 0.27941619
vn -0.95673414 0.15675907 0.24512522
vn -0.96167363 0.15332461 0.22732223
vn -0.94699310 0.23924396 0.21439778
vn -0.90171564 0.32411586 0.28610806
vn -0.84620409 0.39793772 0.35437861
vn -0.77942448 0.46190332 0.42325264
vn -0.71005999 0.51641177 0.47867912
vn -0.59729656 0.65700037 0.45998622
vn -0.60603292 0.62785530 0.48838697
vn -0.65424653 0.63298742 0.41387002
vn -0.68948722 0.59164934 0.41780190
vn -0.69871434 0.60806754 0.37689805
vn -0.75191698 0.57112009 0.32930639
vn -0.80017407 0.53023888 0.28030019
vn -0.76001726 0.54514204 0.35382753
vn -0.66035733 0.70962406 0.24568656
vn -0.68415650 0.71302280 0.15338959
vn -0.65125980 0.73854988 0.17436959
vn -0.63073948 0.69878487 0.33744246
vn -0.68567529 0.66887492 0.28715106
vn -0.69072394 0.71682228 0.09521694
vn -0.80096851 0.59840266 -0.01907110
vn -0.74716709 0.66362269 0.03669151
vn -0.74733271 0.65799047 0.09242490
vn -0.72421058 0.67987175 0.11529720
vn -0.70251964 0.68120365 0.20597993
vn -0.74395518 0.62693825 0.23125554
vn -0.79694204 0.57714844 0.17827807
vn -0.79430871 0.59685525 0.11330258
vn -0.84989319 0.52232429 -0.06970586
vn -0.82281083 0.56129948 0.08902377
vn -0.83071368 0.53783983 0.14367705
vn -0.84653805 0.52849605 0.06375945
vn -0.90263953 0.42803430 -0.04503901
vn -0.93998592 0.31793424 -0.12387209
vn -0.84140926 0.53868374 0.04301483
vn -0.84769806 0.53006133 -0.02104738
vn -0.86319625 0.50486825 -0.00052933
vn -0.87308949 0.48466536 -0.05304936
vn -0.90922811 0.40590266 -0.09245150
vn -0.91430242 0.38035514 -0.13921585
vn -0.94207083 0.29280535 -0.16360799
vn -0.94273791 0.26633319 -0.20077813
vn -0.72504605 0.68849537 0.01680351
vn -0.76862829 0.63878767 -0.03407163
vn -0.81809574 0.56867136 -0.08562848
vn -0.85891022 0.49592751 -0.12778554
vn -0.88160925 0.45991186 -0.10604819
vn -0.88823959 0.43139582 -0.15788631
vn -0.91762882 0.35228101 -0.18399847
vn -0.91917193 0.32279354 -0.22567077
vn -0.94211712 0.23951003 -0.23462795
vn -0.84924831 0.47764575 0.22501522
vn -0.88486008 0.42857435 0.18261069
vn -0.89755885 0.42424054 0.12003361
vn -0.92592095 0.36867888 0.08213572
vn -0.93211233 0.36115420 0.02709709
vn -0.95367664 0.30080644 -0.00404304
vn -0.94357923 0.32987228 -0.02902622
vn -0.96246250 0.26645775 -0.05163523
vn -0.96705022 0.23804963 -0.09025655
vn -0.77108003 0.52310457 -0.36303884
vn -0.81058453 0.47940192 -0.33634285
vn -0.84029274 0.41241933 -0.35187840
vn -0.84706729 0.36380737 -0.38745477
vn -0.81346895 0.43667657 -0.38416382
vn -0.84800949 0.32560740 -0.41816231
vn -0.80762087 0.41235884 -0.42155512
vn -0.84327331 0.29920057 -0.44650772
vn -0.80346754 0.38130643 -0.45721474
vn -0.83833963 0.27479641 -0.47082226
vn -0.76459646 0.49772479 -0.40946585
vn -0.89761531 0.36101686 -0.25289047
vn -0.87347203 0.42488628 -0.23773568
vn -0.83619342 0.50785406 -0.20703820
vn -0.80808571 0.21196869 -0.54960600
vn -0.75635742 0.30484183 -0.57878745
vn -0.81606573 0.24039548 -0.52559180
vn -0.75834455 0.35192583 -0.54869094
vn -0.82436283 0.26385470 -0.50080597
vn -0.76033006 0.39052190 -0.51902875
vn -0.87162675 0.16408123 -0.46189193
vn -0.86155115 0.13227854 -0.49013467
vn -0.79494445 0.17309350 -0.58146536
vn -0.85099069 0.10523283 -0.51452978
vn -0.78372570 0.12114493 -0.60917808
vn -0.84165900 0.07557840 -0.53469433
vn -0.88037339 0.19645353 -0.43168126
vn -0.83942496 0.44726483 -0.30873923
vn -0.86865656 0.34976620 -0.35085523
vn -0.89119204 0.24408412 -0.38236068
vn -0.88568193 0.22064060 -0.40851590
vn -0.92403227 0.13874903 -0.35624862
vn -0.92060197 0.12194648 -0.37097314
vn -0.91680944 0.10507216 -0.38525355
vn -0.91066968 0.08473171 -0.40435290
vn -0.90382886 0.06647361 -0.42269925
vn -0.89043388 0.03976614 -0.45337199
vn -0.89691114 0.05318683 -0.43900066
vn -0.91334660 0.32693693 0.24271430
vn -0.95298228 0.24420141 0.17941696
vn -0.92044029 0.33225241 0.20590775
vn -0.95932854 0.24366967 0.14252663
vn -0.93273064 0.32572533 0.15464979
vn -0.96607445 0.23829494 0.09957745
vn -0.94624772 0.30882669 0.09613188
vn -0.97457297 0.21945291 0.04525424
vn -0.96684687 0.25488102 0.01558159
vn -0.98186815 0.18930136 -0.00999702
vn -0.98429873 0.16718713 -0.05660808
vn -0.85807228 0.40650041 0.31379831
vn -0.86999406 0.41131658 0.27189888
vn -0.88602614 0.40835036 0.21956243
vn -0.91773737 0.37316152 0.13604630
vn -0.94842524 0.31318041 0.04906719
vn -0.96954025 0.24378093 -0.02371826
vn -0.98289586 0.16222197 -0.08717662
vn -0.98248329 0.14303776 -0.11944365
vn -0.78659741 0.47866411 0.39005793
vn -0.99339411 0.07880259 -0.08341636
vn -0.99161886 0.04391331 -0.12150582
vn -0.98156783 0.10549581 -0.15935882
vn -0.99350731 0.10724135 -0.03798054
vn -0.99149933 0.12990549 0.00732356
vn -0.98802281 0.14587100 0.05032467
vn -0.98368453 0.15595621 0.08967949
vn -0.97901176 0.16120476 0.12469560
vn -0.97441240 0.16271278 0.15506460
vn -0.94419291 0.03127351 -0.32790503
vn -0.94646029 0.04122152 -0.32017761
vn -0.96509290 -0.02545419 -0.26066794
vn -0.96594363 -0.02009488 -0.25797112
vn -0.94865899 0.05194735 -0.31200576
vn -0.96707919 -0.01250248 -0.25416829
vn -0.95104524 0.06502585 -0.30213340
vn -0.96853559 -0.00253883 -0.24886213
vn -0.95359793 0.08055250 -0.29010735
vn -0.97031622 0.00984198 -0.24163935
vn -0.95624839 0.09848267 -0.27548172
vn -0.97238530 0.02459435 -0.23208178
vn -0.95887420 0.11864782 -0.25784290
vn -0.97465207 0.04153694 -0.21983634
vn -0.96128931 0.14068445 -0.23691929
vn -0.97697811 0.06034110 -0.20462828
vn -0.96327436 0.16407593 -0.21255963
vn -0.97917677 0.08054484 -0.18634746
vn -0.96458411 0.18815191 -0.18486846
vn -0.96431538 0.21616430 -0.15286869
vn -0.96447827 0.23500644 -0.12063850
vn -0.94442913 0.32430218 -0.05368161
vn -0.91853446 0.39524709 0.00861306
vn -0.90779107 0.41527351 0.05884974
vn -0.86278927 0.47872049 0.16254650
vn -0.96093692 -0.00912090 -0.27661714
vn -0.93017652 0.01203673 -0.36691519
vn -0.96231241 -0.01783938 -0.27136060
vn -0.93387710 0.01312217 -0.35735328
vn -0.96318405 -0.02605581 -0.26757725
vn -0.93747553 0.01488142 -0.34773290
vn -0.96374347 -0.02973023 -0.26516907
vn -0.94102563 0.02171146 -0.33763795
vn -0.96413698 -0.03021693 -0.26367940
vn -0.96453272 -0.02944482 -0.26231590
vn -0.98269074 -0.02498882 -0.18356051
vn -0.98235306 -0.04182129 -0.18230041
vn -0.98120249 -0.05881171 -0.18380113
vn -0.97976149 -0.07056094 -0.18731945
vn -0.97871234 -0.07661133 -0.19040183
vn -0.97798548 -0.07965417 -0.19287200
vn -0.97740246 -0.08095140 -0.19527238
vn -0.97704183 -0.08028494 -0.19734133
vn -0.97698305 -0.07745426 -0.19875854
vn -0.97729686 -0.07228955 -0.19916090
vn -0.97803381 -0.06468751 -0.19815498
vn -0.97921545 -0.05462347 -0.19532891
vn -0.98082025 -0.04217829 -0.19029614
vn -0.98277900 -0.02757200 -0.18271624
vn -0.98496845 -0.01115446 -0.17237383
vn -0.98722610 0.00657441 -0.15918984
vn -0.98955800 0.02412680 -0.14210157
vn -0.01234924 0.65279558 0.75743345
vn -0.00094552 0.63134324 0.77550294
vn -0.03446243 0.64095643 0.76680323
vn -0.03571658 0.71130634 0.70197409
vn 0.69779856 0.49689550 0.51591863
vn -0.03899870 0.68179284 0.73050505
vn -0.02226156 0.66066788 0.75034817
vn 0.71417964 0.48802802 0.50177295
vn 0.70362847 0.49788587 0.50696808
vn -0.03338725 0.74783675 0.66304260
vn -0.12216720 0.74763044 0.65278166
vn -0.07312010 0.71192488 0.69843856
vn -0.12573229 0.71276436 0.69004229
vn -0.07670034 0.68408498 0.72535840
vn -0.13411177 0.68226400 0.71870012
vn -0.29165170 0.67818783 0.67453729
vn -0.38836864 0.66685091 0.63598716
vn -0.37871154 0.69188744 0.61471078
vn -0.54167302 0.70214166 0.46215520
vn -0.61662476 0.67668480 0.40233269
vn -0.66222222 0.65554568 0.36293468
vn -0.71973152 0.62073015 0.31093509
vn -0.77301487 0.57894437 0.25936734
vn -0.81324495 0.53924439 0.21874219
vn -0.87884231 0.46879134 0.08871793
vn -0.31658520 0.81433922 0.48644162
vn -0.39780738 0.81544045 0.42048324
vn -0.34848448 0.83662664 0.42262800
vn -0.41279570 0.83548346 0.36272181
vn -0.28195784 0.81048553 0.51343255
vn -0.30133319 0.84620766 0.43946660
vn -0.36275845 0.85485308 0.37098856
vn -0.42993462 0.85015156 0.30397129
vn -0.37799157 0.78514679 0.49057812
vn -0.33945225 0.78169597 0.52318599
vn -0.25206374 0.77183732 0.58372169
vn -0.25035064 0.80011636 0.54510400
vn -0.34984508 0.75359240 0.55651318
vn -0.42003464 0.78150886 0.46131854
vn -0.93060041 0.17986536 -0.31879668
vn -0.89269185 0.40030224 -0.20702504
vn -0.86597629 0.46545905 -0.18284677
vn -0.82881939 0.53982022 -0.14714804
vn -0.79497314 0.58332514 -0.16658178
vn -0.78323655 0.61343545 -0.10118029
vn -0.75745944 0.64143815 -0.12170577
vn -0.74278146 0.66749696 -0.05218723
vn -0.69756662 0.71640656 -0.01274561
vn -0.68645868 0.72546123 0.04980447
vn -0.64392397 0.75947191 0.09254376
vn -0.62925505 0.76095025 0.15809110
vn -0.63305554 0.74299231 0.21726278
vn -0.61120774 0.73423038 0.29551795
vn -0.55113719 0.72926922 0.40548021
vn -0.48128316 0.71536089 0.50658200
vn -0.21171971 0.86345494 0.45784312
vn -0.14550727 0.84157885 0.52016601
vn -0.17390189 0.80908299 0.56137585
vn -0.10632918 0.78322924 0.61257331
vn -0.06900683 0.74748053 0.66068973
vn -0.02897614 0.78984184 0.61262570
vn 0.70033050 0.53858896 0.46846464
vn -0.03337504 0.71035733 0.70304948
vn 0.69953425 0.50174832 0.50882262
vn 0.70776597 0.53628782 0.45985073
vn -0.02152120 0.77800136 0.62789387
vn -0.71264661 0.57170488 0.40655670
vn -0.01291296 0.88184052 0.47137092
vn -0.07437813 0.56370888 0.82261789
vn 0.00686952 0.88276528 0.46976406
vn -0.70005234 0.58284832 0.41257068
vn 0.00673536 0.85411613 0.52003871
vn -0.01081025 0.83382238 0.55192697
vn -0.05586543 0.85875469 0.50933234
vn -0.04288158 0.90231118 0.42894720
vn -0.02148023 0.94819606 0.31695871
vn 0.03279521 0.98731278 0.15536393
vn 0.02672768 0.98244424 0.18463190
vn -0.12539086 0.82911534 0.54483473
vn -0.13316699 0.86907814 0.47641342
vn -0.10759256 0.81134461 0.57458138
vn -0.09495417 0.85108551 0.51636921
vn -0.04876095 0.78323905 0.61980558
vn -0.12972531 0.89783946 0.42077981
vn -0.13192301 0.92030640 0.36828311
vn -0.17585817 0.91677422 0.35860695
vn -0.22441305 0.91093847 0.34616455
vn -0.17172816 0.89515197 0.41135434
vn -0.06425164 0.92778258 0.36754756
vn -0.09632657 0.94603765 0.30940905
vn -0.06621146 0.95205493 0.29867618
vn -0.09943655 0.96657397 0.23631997
vn -0.07864013 0.97462832 0.20955994
vn -0.17819923 0.97723144 0.11516835
vn -0.16046892 0.98621523 0.04036401
vn -0.12530248 0.97777107 0.16811612
vn -0.04124437 0.93536231 0.35127803
vn -0.04942978 0.96315496 0.26436570
vn -0.07439343 0.98808917 0.13470488
vn -0.00062296 0.98105728 0.19371688
vn 0.00236179 0.96411022 0.26549181
vn 0.02468614 0.98704582 0.15852805
vn 0.01664810 0.98361306 0.17952212
vn -0.00955226 0.98480024 0.17342789
vn -0.00628584 0.99202168 0.12591062
vn -0.01754443 0.99642886 0.08259370
vn -0.01618778 0.99612869 -0.08640364
vn -0.00264786 0.99466245 -0.10314841
vn -0.01993987 0.99884785 -0.04365064
vn -0.00553405 0.99840161 -0.05624592
vn -0.02001310 0.98130210 -0.19143058
vn 0.00539599 0.95819380 -0.28606908
vn 0.00747814 0.95720703 -0.28930742
vn 0.00081183 0.98399593 -0.17818908
vn -0.01695569 0.97713295 -0.21195213
vn -0.01452763 0.97801190 -0.20804246
vn -0.03235282 0.92830026 -0.37042128
vn -0.02490684 0.96243491 -0.27036771
vn -0.01850171 0.95357101 -0.30059944
vn -0.05728100 0.88359442 -0.46473626
vn 0.00102217 0.87850485 -0.47773233
vn -0.03007444 0.93047086 -0.36512943
vn -0.01229457 0.93078501 -0.36536026
vn -0.06309145 0.79397763 -0.60466436
vn -0.01431667 0.93602977 -0.35162949
vn -0.06716430 0.73312493 -0.67676938
vn 0.00184071 0.68872649 -0.72501891
vn 0.00069685 0.79295685 -0.60927740
vn -0.00055675 0.83661525 -0.54779066
vn -0.05863336 0.84301110 -0.53469095
vn 0.02106064 0.26923982 -0.96284286
vn 0.02643447 0.24661104 -0.96875395
vn -0.04616482 0.53062534 -0.84634836
vn 0.00141071 0.56593644 -0.82444767
vn -0.00000371 0.33085656 -0.94368106
vn -0.13001146 0.55139267 -0.82405288
vn -0.08540292 0.56749842 -0.81893338
vn -0.07448162 0.65631080 -0.75080531
vn 0.02155113 0.16971984 -0.98525668
vn 0.00250997 0.42421357 -0.90555869
vn -0.04645195 0.46907535 -0.88193567
vn 0.01583978 0.18816234 -0.98201020
vn 0.00834305 0.11308107 -0.99355074
vn 0.00237509 0.28069666 -0.95979359
vn -0.04845681 0.33840805 -0.93975099
vn -0.00000372 0.33799171 -0.94114909
vn 0.02354839 0.31096107 -0.95013088
vn 0.02088306 0.35427634 -0.93490757
vn 0.00330170 0.94066907 -0.33930930
vn -0.02698553 0.95593885 -0.29232294
vn -0.05114734 0.94471526 -0.32387811
vn -0.08248590 0.92829163 -0.36258892
vn -0.11856066 0.90630812 -0.40564636
vn -0.17507332 0.53155515 -0.82873305
vn -0.12971724 0.58844415 -0.79806448
vn -0.09086366 0.45891823 -0.88382004
vn -0.13680434 0.44583511 -0.88459913
vn -0.18324517 0.42999216 -0.88404070
vn -0.23005141 0.41151304 -0.88189192
vn -0.15981354 0.87759534 -0.45198015
vn -0.11099977 0.94050581 -0.32113529
vn -0.06836977 0.98221627 -0.17486217
vn -0.03860558 0.99836101 -0.04224801
vn -0.03326334 0.99860285 0.04105965
vn -0.14972496 0.98841026 -0.02505172
vn -0.14769636 0.98869039 0.02602099
vn -0.13254622 0.98696007 0.09133082
vn -0.15918189 0.97697368 -0.14206882
vn -0.15572871 0.98421172 -0.08411807
vn -0.16716264 0.98375133 -0.06549795
vn -0.21013291 0.97123778 -0.11198813
vn -0.24081074 0.95797793 -0.15584762
vn -0.27343987 0.94083326 -0.20015846
vn -0.11000889 0.98147952 0.15683109
vn -0.10852932 0.98842627 0.10599478
vn -0.11004257 0.99260137 0.05131429
vn -0.07785731 0.99498800 0.06274648
vn -0.11452326 0.99340360 -0.00580542
vn -0.08237455 0.99660143 0.00011788
vn -0.11984305 0.99046338 -0.06797008
vn -0.08782270 0.99374809 -0.06893402
vn -0.12611715 0.98271033 -0.13555397
vn -0.09717425 0.98392034 -0.14985969
vn -0.13688619 0.96722630 -0.21385852
vn -0.14159622 0.94702196 -0.28827057
vn -0.19265622 0.91586160 -0.35225148
vn -0.20197222 0.87953509 -0.43084248
vn -0.21483742 0.89777755 -0.38450014
vn -0.22200500 0.86168811 -0.45629748
vn -0.30445302 0.88907126 -0.34184889
vn -0.28700133 0.88623796 -0.36361040
vn -0.27203318 0.91860594 -0.28663753
vn -0.25710555 0.91038479 -0.32418556
vn -0.24004228 0.93931888 -0.24507089
vn -0.22712776 0.93106964 -0.28552111
vn -0.20984568 0.95633624 -0.20343499
vn -0.19888901 0.94842056 -0.24686354
vn -0.17935939 0.96974861 -0.16558334
vn -0.16924924 0.96321721 -0.20872784
vn -0.27670151 0.81397682 -0.51076219
vn -0.25609916 0.83407842 -0.48859637
vn -0.27110106 0.85171765 -0.44842085
vn -0.24228745 0.87614182 -0.41674010
vn -0.04460248 0.97996564 0.19410811
vn -0.05205914 0.99085497 0.12448405
vn -0.05291326 0.99680611 0.05981438
vn -0.05722115 0.99831180 -0.00996414
vn -0.06469854 0.99361312 -0.09245037
vn -0.10164662 0.96815897 -0.22877100
vn -0.15181074 0.91472778 -0.37446842
vn -0.20864701 0.83997156 -0.50091337
vn -0.15034796 0.74571405 -0.64908092
vn -0.14210751 0.79602846 -0.58834016
vn -0.18523679 0.76455876 -0.61736313
vn -0.23380845 0.68166388 -0.69330221
vn -0.19419936 0.71477364 -0.67185211
vn -0.22454586 0.72741179 -0.64842212
vn -0.05707022 0.91386530 -0.40198658
vn -0.09046086 0.89513949 -0.43651132
vn -0.09615806 0.86233518 -0.49712339
vn -0.12805918 0.87088495 -0.47451053
vn -0.13480168 0.83699148 -0.53035250
vn -0.17016672 0.84020507 -0.51487739
vn -0.17739521 0.80559485 -0.56528566
vn -0.21685831 0.80249330 -0.55585697
vn -0.22202253 0.76708826 -0.60189833
vn -0.31604419 0.42731948 -0.84706206
vn -0.27746150 0.39099726 -0.87757408
vn -0.26767672 0.48233693 -0.83408648
vn -0.22103439 0.50842495 -0.83225469
vn -0.21163395 0.58999114 -0.77918004
vn -0.16571917 0.61628787 -0.76988728
vn -0.15595811 0.68833414 -0.70843008
vn -0.09499678 0.33159738 -0.93862601
vn -0.14254515 0.32271673 -0.93570016
vn -0.19020264 0.31180046 -0.93091537
vn -0.23778414 0.29897117 -0.92416175
vn -0.28685514 0.28401836 -0.91490311
vn -0.26373456 0.78753872 -0.55698011
vn -0.29923236 0.58828196 -0.75125517
vn -0.25545140 0.68327568 -0.68401676
vn -0.29522729 0.64815476 -0.70195174
vn -0.24692042 0.72603108 -0.64180151
vn -0.31459188 0.73580561 -0.59968497
vn -0.10233246 0.82191237 -0.56034643
vn -0.10253563 0.80169759 -0.58886961
vn -0.37897379 0.25129280 -0.89063505
vn -0.30624860 0.52449897 -0.79442597
vn -0.32662025 0.88912051 0.32059932
vn -0.27557619 0.90160802 0.33340778
vn -0.26496128 0.88216271 0.38933851
vn -0.21730087 0.89027679 0.40023439
vn -0.16747124 0.87270604 0.45862572
vn -0.52746285 0.84778040 0.05523885
vn -0.56484768 0.82505962 0.01495749
vn -0.58240734 0.81043739 -0.06318961
vn -0.61787687 0.77971780 -0.10133274
vn -0.63095802 0.75545075 -0.17659599
vn -0.66404180 0.71815873 -0.20807817
vn -0.68149595 0.67604350 -0.28022929
vn -0.59612049 0.79762734 0.09182037
vn -0.61719252 0.78664860 0.01604266
vn -0.65152989 0.75836076 -0.01994426
vn -0.66911809 0.73695608 -0.09579515
vn -0.70085486 0.70196437 -0.12668264
vn -0.72220229 0.66141384 -0.20237485
vn -0.63131568 0.77353035 0.05559963
vn -0.66522832 0.74635511 0.02062342
vn -0.68420577 0.72728638 -0.05400919
vn -0.71500868 0.69382610 -0.08583668
vn -0.72253355 0.67487174 -0.14997805
vn -0.76880997 0.61100904 -0.18867748
vn -0.80341501 0.54987740 -0.22838380
vn -0.83671097 0.48275078 -0.25858546
vn -0.87267812 0.36640648 -0.32276802
vn -0.90027822 0.25408145 -0.35347099
vn -0.92740320 0.15804691 -0.33903462
vn -0.58147350 0.81179907 0.05358023
vn -0.63601650 0.76926057 -0.06100154
vn -0.68313764 0.71033688 -0.16954197
vn -0.73444505 0.62327452 -0.26855045
vn -0.44964921 0.79759217 0.40207252
vn -0.46404860 0.81213301 0.35369318
vn -0.49848703 0.84505698 0.19336335
vn -0.54472890 0.83352493 0.09223137
vn -0.60116199 0.79876817 -0.02395136
vn -0.65152624 0.74617288 -0.13689267
vn -0.68582280 0.68964172 -0.23246805
vn -0.72731389 0.60432783 -0.32527277
vn -0.37846323 0.87164116 0.31145990
vn -0.44550785 0.87274441 0.19959949
vn -0.48943863 0.86669442 0.09638783
vn -0.54543241 0.83784207 -0.02289451
vn -0.59661439 0.79018230 -0.14022553
vn -0.64010600 0.72710083 -0.24817067
vn -0.68942121 0.63820537 -0.34262560
vn -0.39029733 0.89661162 0.20917840
vn -0.41281203 0.89332794 0.17762721
vn -0.43024837 0.89654409 0.10533298
vn -0.46879450 0.88113060 0.06197245
vn -0.48416551 0.87483222 -0.01588523
vn -0.52278007 0.85039956 -0.05934295
vn -0.53503238 0.83364045 -0.13705455
vn -0.57194031 0.80089958 -0.17732498
vn -0.57986478 0.77514313 -0.25081861
vn -0.61488376 0.73612542 -0.28290869
vn -0.62881819 0.69323516 -0.35215437
vn -0.25490036 0.86115647 0.43981285
vn -0.31359630 0.87039043 0.37957589
vn -0.38144195 0.88815390 0.25629024
vn -0.45132913 0.88164816 0.13783517
vn -0.50738071 0.86151200 0.01902340
vn -0.56043355 0.82201995 -0.10098238
vn -0.60706114 0.76516109 -0.21448844
vn -0.63728392 0.70604875 -0.30881124
vn -0.67771039 0.61845848 -0.39776593
vn -0.32149446 0.90847439 0.26704979
vn -0.39223317 0.90779538 0.14852842
vn -0.44517739 0.89498135 0.02873116
vn -0.49680903 0.86273195 -0.09420387
vn -0.54397040 0.81162871 -0.21296724
vn -0.58445593 0.74526907 -0.32091319
vn -0.63325396 0.65451974 -0.41302945
vn -0.28505364 0.91958024 0.27040082
vn -0.45782488 0.88766850 -0.04940663
vn -0.50649027 0.84494505 -0.17185887
vn -0.54973929 0.78470313 -0.28640480
vn -0.58609230 0.71163950 -0.38738229
vn -0.63073845 0.61755788 -0.46988432
vn -0.41861779 0.90815631 -0.00335437
vn -0.46792627 0.87444069 -0.12805659
vn -0.51327702 0.82157272 -0.24812289
vn -0.55265160 0.75308999 -0.35697574
vn -0.57730267 0.68417798 -0.44567042
vn -0.61463867 0.58950801 -0.52411793
vn -0.23020406 0.93054024 0.28478229
vn -0.34515731 0.92604350 0.15267569
vn -0.37974202 0.92408184 0.04322907
vn -0.38968534 0.92027728 -0.03514358
vn -0.42880344 0.89964720 -0.08223453
vn -0.43690213 0.88476865 -0.16217575
vn -0.47550264 0.85513190 -0.20651071
vn -0.48070922 0.82955357 -0.28418218
vn -0.51739798 0.79266040 -0.32247298
vn -0.51935435 0.75785769 -0.39487059
vn -0.55480935 0.71696127 -0.42208190
vn -0.56437879 0.66575865 -0.48810040
vn -0.13612979 0.96156520 0.23845555
vn -0.17494695 0.97029611 0.16708988
vn -0.22488050 0.97370873 0.03633274
vn -0.26502909 0.95893291 -0.10103097
vn -0.30765281 0.91961497 -0.24424997
vn -0.35048541 0.85378791 -0.38497555
vn -0.34915675 0.81188085 -0.46790924
vn -0.38122551 0.77012909 -0.51143749
vn -0.31316462 0.78047326 -0.54110018
vn -0.30104913 0.82454204 -0.47906141
vn -0.33182522 0.79476176 -0.50817887
vn -0.31404629 0.84208000 -0.43849309
vn -0.29101493 0.86005990 -0.41905522
vn -0.26373346 0.88431006 -0.38527962
vn -0.23426413 0.90708832 -0.34973004
vn -0.20635351 0.92676753 -0.31387924
vn -0.18248549 0.94224408 -0.28084719
vn -0.33816601 0.75340757 -0.56393331
vn -0.36100602 0.76234873 -0.53712109
vn -0.36466655 0.72389178 -0.58566117
vn -0.35113320 0.93624275 0.01244926
vn -0.39800537 0.91004193 -0.11582489
vn -0.44300027 0.86307797 -0.24258438
vn -0.48398014 0.79718328 -0.36091834
vn -0.51971419 0.71649151 -0.46533544
vn -0.56590470 0.61505967 -0.54904779
vn -0.29244715 0.95457770 -0.05706209
vn -0.32892440 0.93852932 -0.10474468
vn -0.33590290 0.92174428 -0.19379559
vn -0.37293504 0.89654251 -0.23902090
vn -0.37896101 0.86500522 -0.32886855
vn -0.41507581 0.83205753 -0.36795697
vn -0.41942451 0.78596322 -0.45425201
vn -0.45346383 0.74820210 -0.48431826
vn -0.45570771 0.68944054 -0.56302950
vn -0.48890997 0.65185546 -0.57969949
vn -0.49636837 0.57428354 -0.65101218
vn -0.18008407 0.93677416 0.30003982
vn -0.21875404 0.94868605 0.22834501
vn -0.28394089 0.94370509 0.16970054
vn -0.27791421 0.95471815 0.10619301
vn -0.31371163 0.94763413 0.05978775
vn -0.32163329 0.94664767 -0.02025377
vn -0.35938490 0.93069052 -0.06824693
vn -0.36654697 0.91788365 -0.15209511
vn -0.40476049 0.89266095 -0.19830627
vn -0.41031176 0.86711007 -0.28242591
vn -0.44748700 0.83381810 -0.32326886
vn -0.45084543 0.79592165 -0.40403853
vn -0.48584112 0.75718261 -0.43661528
vn -0.48673305 0.70861866 -0.51083317
vn -0.51894681 0.66782476 -0.53357689
vn -0.51076608 0.61975954 -0.59583229
vn -0.56191884 0.56192542 -0.60703133
vn -0.54852804 0.50559866 -0.66594819
vn -0.18302642 0.95522206 0.23249115
vn -0.23143511 0.96661488 0.10997029
vn -0.25762532 0.96619504 -0.00981498
vn -0.29976531 0.94253548 -0.14753858
vn -0.34298984 0.89429257 -0.28740000
vn -0.38496052 0.82132909 -0.42097971
vn -0.42369499 0.72716147 -0.54010994
vn -0.45844587 0.61734562 -0.63930569
vn -0.48783276 0.51092878 -0.70779303
vn -0.51605689 0.46058919 -0.72217926
vn -0.39946718 0.64092989 -0.65546536
vn -0.38846583 0.70331937 -0.59534542
vn -0.42062505 0.65892288 -0.62361463
vn -0.34553341 0.70402796 -0.62044444
vn -0.37421513 0.67347311 -0.63749274
vn -0.28327237 0.71824464 -0.63551665
vn -0.32211155 0.67246156 -0.66636297
vn -0.35196719 0.64822644 -0.67521965
vn -0.43141424 0.57103399 -0.69842819
vn -0.44250384 0.49641359 -0.74683593
vn -0.40241423 0.59474336 -0.69594765
vn -0.38488899 0.61323559 -0.68978444
vn -0.45165601 0.40509537 -0.79492426
vn -0.40908373 0.38913364 -0.82536386
vn -0.40193441 0.46163264 -0.79078697
vn -0.36434819 0.42218815 -0.83006480
vn -0.35464211 0.48884937 -0.79702903
vn -0.46158125 0.30649101 -0.83246983
vn -0.46909967 0.21509858 -0.85655012
vn -0.40764457 0.37932391 -0.83062583
vn -0.37246386 0.34315722 -0.86227246
vn -0.31491573 0.45359273 -0.83371561
vn -0.45543171 0.54960311 -0.70037017
vn -0.48435021 0.44236591 -0.75479618
vn -0.49226833 0.36994857 -0.78791493
vn -0.50663950 0.28009530 -0.81539134
vn -0.51163752 0.19463831 -0.83686497
vn -0.59595505 0.20737375 -0.77577941
vn -0.55353983 0.23530087 -0.79889121
vn -0.54929925 0.33976752 -0.76343197
vn -0.51712594 0.36800973 -0.77275455
vn -0.66486394 0.50632742 -0.54917072
vn -0.67030340 0.54541410 -0.50320653
vn -0.67428853 0.58258370 -0.45379645
vn -0.65057854 0.42063722 -0.63230681
vn -0.59978600 0.43173951 -0.67368965
vn -0.59150672 0.37683715 -0.71282085
vn -0.54495333 0.43029171 -0.71963526
vn -0.59030337 0.30001331 -0.74935569
vn -0.51562591 0.15006878 -0.84356937
vn -0.34494428 0.72147743 -0.60040300
vn -0.09439028 0.92331464 0.37226408
vn -0.13445901 0.94158855 0.30875844
vn -0.63849116 0.18154738 -0.74791014
vn -0.67195703 0.15554209 -0.72407210
vn -0.63404842 0.11425230 -0.76480652
vn -0.72306301 0.16876707 -0.66984890
vn -0.64638628 0.37092808 -0.66678117
vn -0.67751855 0.34498581 -0.64957940
vn -0.72755153 0.22696107 -0.64742370
vn -0.42165862 0.74038709 -0.52347967
vn -0.70011367 0.38294269 -0.60265723
vn -0.74209050 0.26079759 -0.61748385
vn -0.71037741 0.42931621 -0.55771994
vn -0.71688817 0.46495429 -0.51950829
vn -0.72223714 0.49982601 -0.47806640
vn -0.72594667 0.53455502 -0.43272666
vn -0.72745398 0.56952370 -0.38269238
vn -0.53347806 0.79438878 0.29042662
vn -0.51660332 0.78452644 0.34298583
vn -0.47947881 0.77582353 0.41011939
vn -0.42667516 0.75078366 0.50425411
vn -0.34448906 0.72372756 0.59795125
vn -0.27803528 0.70676420 0.65052344
vn -0.19999621 0.68760732 0.69799548
vn -0.43919493 0.71925447 0.53831294
vn -0.48763690 0.74399215 0.45682154
vn -0.54699033 0.75889234 0.35338930
vn -0.58544888 0.76044978 0.28100845
vn -0.60352835 0.76497879 0.22485768
vn -0.10937336 0.98861745 0.10331024
vn 0.00128262 0.99372887 0.11180912
vn -0.00000000 0.99725147 0.07409122
vn -0.06329219 0.95177496 0.30019748
vn 0.01655517 0.96742651 0.25261014
vn -0.04892474 0.97987912 0.19350265
vn -0.00325909 0.97867433 0.20539213
vn -0.11708467 0.98178610 0.14962365
vn -0.00754439 0.98795268 0.15457229
vn 0.00137415 0.99372575 0.11183576
vn -0.06485597 0.91930122 0.38817389
vn -0.00000164 0.92495089 0.38008663
vn -0.00000000 0.94810172 0.31796718
vn -0.12250373 0.86887044 0.47964257
vn -0.12736070 0.91142864 0.39125067
vn -0.12860068 0.94437862 0.30267290
vn -0.12698185 0.96662713 0.22250305
vn -0.22241356 0.96769814 0.11871188
vn 0.01680914 0.80904468 0.58750673
vn 0.00468466 0.83150499 0.55549753
vn -0.05677287 0.83227266 0.55145178
vn 0.00000015 0.86909875 0.49463861
vn -0.09136978 0.72617004 0.68141663
vn 0.00000037 0.75995069 0.64998073
vn -0.05307212 0.77947511 0.62418098
vn -0.00000000 0.76899088 0.63925975
vn -0.10482027 0.77313003 0.62552591
vn -0.22768997 0.95964368 0.16504934
vn -0.18527368 0.95662722 0.22480664
vn -0.18952142 0.93261884 0.30708911
vn -0.18737512 0.89924109 0.39529233
vn -0.17998100 0.85650221 0.48374663
vn -0.16845178 0.80845154 0.56394158
vn -0.24588697 0.94043378 0.23478480
vn -0.24813943 0.91722825 0.31163946
vn -0.24501376 0.88384329 0.39848375
vn -0.23518198 0.84162750 0.48616108
vn -0.21956108 0.79516193 0.56525254
vn -0.18513590 0.70700136 0.68254946
vn -0.15666866 0.75994337 0.63082566
vn -0.11477425 0.82067794 0.55974511
vn -0.00000000 0.68415521 0.72933645
vn 0.00000000 0.70850709 0.70570369
vn -0.08529840 0.69356343 0.71532786
vn 0.00000043 0.74404617 0.66812820
vn -0.07889994 0.65982177 0.74726838
vn -0.16674702 0.67074471 0.72270116
vn -0.07188681 0.64400654 0.76163500
vn -0.03237052 0.62448912 0.78036241
vn -0.00291903 0.63559880 0.77201401
vn -0.02551355 0.65370837 0.75631635
vn 0.00005861 0.65407861 0.75642658
vn -0.33000795 0.93396322 0.13714025
vn -0.28916481 0.94090468 0.17630117
vn -0.30050225 0.92290183 0.24072932
vn -0.30406797 0.89864425 0.31619801
vn -0.29999190 0.86564781 0.40082256
vn -0.28795802 0.82457831 0.48698131
vn -0.27104707 0.77820747 0.56650385
vn -0.20834046 0.74484041 0.63388250
vn -0.37905392 0.69013938 0.61646230
vn -0.29002268 0.71939449 0.63115641
vn -0.36409827 0.74374537 0.56060260
vn -0.31695556 0.76306389 0.56326963
vn -0.26814020 0.68584647 0.67654671
vn -0.00907570 0.62126747 0.78354602
vn -0.02700190 0.62270298 0.78199226
vn -0.04922220 0.62568431 0.77852188
vn -0.05823022 0.62481387 0.77859930
vn -0.14146691 0.63792600 0.75699243
vn -0.24124033 0.65509345 0.71599977
vn -0.34946472 0.66267050 0.66237619
vn -0.43206810 0.76329610 0.48030846
vn -0.41366188 0.72126912 0.55556701
vn -0.42525804 0.89001037 0.16442973
vn -0.51225867 0.83671871 0.19363073
vn -0.48204563 0.84696481 0.22423787
vn -0.39045451 0.89877403 0.19937531
vn -0.45104160 0.85225818 0.26498580
vn -0.45477148 0.82768942 0.32880560
vn -0.49951649 0.80002241 0.33233632
vn -0.49331673 0.77149686 0.40178502
vn -0.53522131 0.74396848 0.40006130
vn -0.51797746 0.71475637 0.46991775
vn -0.55897649 0.68717791 0.46403859
vn -0.32280002 0.94139650 0.09784062
vn -0.40785793 0.90485567 0.12201692
vn -0.49448255 0.85578711 0.15203760
vn -0.56945525 0.80329289 0.17447421
vn -0.58880983 0.77693627 0.22287443
vn -0.61523967 0.76516868 0.18972888
vn -0.65667670 0.71201018 0.24863069
vn -0.64675924 0.73625384 0.19907980
vn -0.68341161 0.69903484 0.21047294
vn -0.71175644 0.66782476 0.21774495
vn -0.89745283 0.32188269 0.30161226
vn -0.89617121 0.33367791 0.29246576
vn -0.86509134 0.39088285 0.31436853
vn -0.86154229 0.40700796 0.30346236
vn -0.82766847 0.46055751 0.32070498
vn -0.82231486 0.47905313 0.30709342
vn -0.78477834 0.52988876 0.32146673
vn -0.77781516 0.55015646 0.30386091
vn -0.73532930 0.59883736 0.31730843
vn -0.72701408 0.62031602 0.29437827
vn -0.67819403 0.66681980 0.30887574
vn -0.66878366 0.68896127 0.27939359
vn -0.61721791 0.72858952 0.29698380
vn -0.60775142 0.74944683 0.26261695
vn -0.56308507 0.78812080 0.24859770
vn -0.87128449 0.36332972 0.32993157
vn -0.86925277 0.37570611 0.32131690
vn -0.83343801 0.42898502 0.34835749
vn -0.83232230 0.44346776 0.33252961
vn -0.78906888 0.49487881 0.36395778
vn -0.78952576 0.51115976 0.33965391
vn -0.73755576 0.56020192 0.37707466
vn -0.73985681 0.57861653 0.34324162
vn -0.67825663 0.62419648 0.38774565
vn -0.68235268 0.64518492 0.34370224
vn -0.61735673 0.68069534 0.39436598
vn -0.62184359 0.70511218 0.34077466
vn -0.58058474 0.74069638 0.33806840
vn -0.57665486 0.76421504 0.28886769
vn -0.53754637 0.79495148 0.28124019
vn -0.52797443 0.81499848 0.23878959
vn -0.48881692 0.68325968 0.54241519
vn -0.47747212 0.73803786 0.47678138
vn -0.44876816 0.79773157 0.40277969
vn -0.40722808 0.85358476 0.32489744
vn -0.57038811 0.63750128 0.51792811
vn -0.07171202 0.65418730 0.75292521
vn -0.09732951 0.63570579 0.76577093
vn -0.12096917 0.62800917 0.76874635
vn -0.20864953 0.63279194 0.74568071
vn -0.31839977 0.63953750 0.69972378
vn -0.43011433 0.63681732 0.63989481
vn -0.39756837 0.62199795 0.67457982
vn -0.51055479 0.60657137 0.60943004
vn -0.46099514 0.65740790 0.59606907
vn -0.54059105 0.61927144 0.56944201
vn -0.64262396 0.58877576 0.49028313
vn -0.60756353 0.58177769 0.54074141
vn -0.90651282 0.28684510 0.30976506
vn -0.86712891 0.34847522 0.35588267
vn -0.87091299 0.35322091 0.34168049
vn -0.82179319 0.41325507 0.39227057
vn -0.82971190 0.41852894 0.36933953
vn -0.76943865 0.47453213 0.42753177
vn -0.78207612 0.48226346 0.39468836
vn -0.71278815 0.53215071 0.45689021
vn -0.72710729 0.54455896 0.41805565
vn -0.66466021 0.60456440 0.43900876
vn -0.60261090 0.65597991 0.45447823
vn -0.57472922 0.71525946 0.39760563
vn -0.54136844 0.77096803 0.33545269
vn -0.49575491 0.82436580 0.27321804
vn -0.44157980 0.87122732 0.21440671
vn -0.93702703 0.22040727 0.27092617
vn -0.96563226 0.15892280 0.20566447
vn -0.97056450 0.15854243 0.18129771
vn -0.15188129 0.64842232 0.74597625
vn -0.19775059 0.65840363 0.72622267
vn -0.18362406 0.63493633 0.75042526
vn -0.25291103 0.64311545 0.72279909
vn -0.27919720 0.62888408 0.72564023
vn -0.35547255 0.62349990 0.69633838
vn -0.47939175 0.60000637 0.64044977
vn -0.59373848 0.56290857 0.57498571
vn -0.49750349 0.63274759 0.59339764
vn -0.51984687 0.59495853 0.61301190
vn -0.55674503 0.57700834 0.59757540
vn -0.60727459 0.55621350 0.56731307
vn 0.27964743 0.63044919 0.72410713
vn 0.31886149 0.64116042 0.69802627
vn 0.24073305 0.65623459 0.71512500
vn 0.26736876 0.68645140 0.67623843
vn 0.28827869 0.71886546 0.63255659
vn 0.20942452 0.74349738 0.63510080
vn 0.09209133 0.72538102 0.68215948
vn 0.08834085 0.69455342 0.71399681
vn 0.16801312 0.67250496 0.72076950
vn 0.02608932 0.65392585 0.75610868
vn 0.06921237 0.64340692 0.76238913
vn 0.04835573 0.78077236 0.62294160
vn 0.06153368 0.91905852 0.38928786
vn 0.02149140 0.89878082 0.43787117
vn 0.01326280 0.90001454 0.43565804
vn 0.67564264 0.15723830 -0.72026602
vn 0.67131289 0.17827330 -0.71941479
vn 0.63897697 0.25082213 -0.72718409
vn 0.41112488 0.38920693 -0.82431444
vn 0.40044158 0.46311810 -0.79067577
vn 0.35293641 0.49018157 -0.79696795
vn 0.71258430 0.65052276 -0.26276179
vn 0.72483388 0.60541391 -0.32877020
vn 0.77297914 0.52334322 -0.35862952
vn 0.66551751 0.66452453 -0.33984349
vn 0.67446142 0.61906672 -0.40231603
vn 0.72720359 0.53517244 -0.42984345
vn 0.77748728 0.47929368 -0.40717453
vn 0.69449961 0.68286531 -0.22663905
vn 0.66353838 0.71792201 -0.21048709
vn 0.67498794 0.68314526 -0.27875408
vn 0.26066368 0.78533876 -0.56151356
vn 0.27373751 0.72217165 -0.63524474
vn 0.32386954 0.67383523 -0.66411942
vn 0.33936725 0.60506569 -0.72022592
vn 0.07502022 0.65662056 -0.75048078
vn 0.04360676 0.29538635 -0.95438218
vn 0.05674311 0.99834000 -0.00987243
vn 0.05047119 0.99704825 0.05785711
vn 0.03094039 0.99224082 0.12041943
vn 0.01583329 0.99983834 0.00852060
vn 0.15479886 0.87139635 0.46551660
vn 0.16958588 0.89649110 0.40932180
vn 0.22365803 0.91113959 0.34612386
vn 0.01668128 0.94581241 0.32428477
vn 0.23200475 0.80379803 0.54779789
vn 0.19279120 0.77992249 0.59544309
vn 0.19697292 0.82459497 0.53032518
vn 0.27427839 0.77003929 0.57603025
vn 0.27102601 0.73498690 0.62156187
vn 0.18968981 0.71442471 0.67350955
vn 0.37502391 0.66568880 0.64514765
vn 0.37785997 0.69069176 0.61657662
vn 0.48542018 0.68497654 0.54329954
vn 0.18691879 0.68454822 0.70459570
vn 0.12520800 0.78322783 0.60899681
vn 0.12328880 0.74440129 0.65625193
vn 0.07016608 0.71399581 0.69662522
vn 0.06614469 0.68108276 0.72921269
vn 0.96413744 -0.03029461 -0.26366878
vn 0.96381324 -0.03102006 -0.26476745
vn 0.97988186 -0.07119058 -0.18644959
vn 0.97702941 -0.07860419 -0.19807804
vn 0.97732981 -0.07357320 -0.19852817
vn 0.96869109 -0.00383333 -0.24823955
vn 0.96651637 0.23679011 0.09887641
vn 0.95978793 0.24232319 0.14172719
vn 0.92118530 0.33080783 0.20489956
vn 0.92782499 0.15697760 -0.33837676
vn 0.92365483 0.14111855 -0.35629667
vn 0.94894920 0.05090982 -0.31129344
vn 0.95654583 0.09711092 -0.27493552
vn 0.95917802 0.11717686 -0.25738514
vn 0.93578759 0.23279986 -0.26477502
vn 0.94606481 0.32125061 -0.04194552
vn 0.92383149 0.38122636 -0.03466757
vn 0.93144917 0.35609245 -0.07483725
vn 0.94176000 0.33323194 -0.04521706
vn 0.96194892 0.26879933 -0.04900200
vn 0.95384416 0.30012843 -0.01021035
vn 0.92027164 0.39115258 0.00998846
vn 0.91107102 0.40907821 0.05103537
vn 0.87845265 0.46971340 0.08769417
vn 0.88969183 0.44248239 -0.11250681
vn 0.88226455 0.46677553 -0.06107265
vn 0.83260610 0.55381866 -0.00720893
vn 0.78856808 0.60347324 0.11823887
vn 0.80977516 0.57706845 0.10609521
vn 0.78161669 0.59192731 0.19671657
vn 0.72035767 0.62032956 0.31028384
vn 0.71869178 0.59840982 0.35410142
vn 0.66489361 0.63459255 0.39396547
vn 0.70317877 0.58348901 0.40630061
vn 0.71123812 0.55105867 0.43643405
vn 0.61141124 0.60097955 0.51478138
vn 0.85905164 0.40534960 0.31260516
vn 0.85736864 0.38998921 0.33589794
vn 0.79138572 0.45772439 0.40521232
vn 0.98344598 -0.16919599 -0.06485928
vn 0.98388259 -0.16600724 -0.06645792
vn 0.98253371 -0.12902095 -0.13409364
vn 0.98496643 0.01130166 0.17237579
vn 0.98528389 0.00957183 0.17065769
vn 0.97167330 0.10075582 0.21377385
vn 0.75324935 0.08870774 -0.65172567
vn 0.71201368 0.12288081 -0.69132976
vn 0.97878466 0.18663996 0.08453470
vn 0.71685412 0.18922159 -0.67105541
vn 0.69409936 0.21525673 -0.68694295
vn 0.95440599 0.28216237 0.09743514
vn 0.70807150 0.24611776 -0.66186161
vn 0.68035052 0.26074013 -0.68493632
vn 0.92159282 0.37328378 0.10642317
vn 0.60270930 0.45074445 -0.65846104
vn 0.56113095 0.46446954 -0.68512780
vn 0.77330432 0.62473101 0.10822013
vn 0.52922026 0.53092169 -0.66185201
vn 0.50425816 0.54193464 -0.67233218
vn 0.67675813 0.72244212 0.14168918
vn 0.49207432 0.56271001 -0.66424417
vn 0.46724587 0.57229562 -0.67391321
vn 0.64064667 0.75609955 0.13373599
vn 0.45291590 0.59267476 -0.66603589
vn 0.42900586 0.60134037 -0.67405025
vn 0.60345659 0.78763727 0.12436909
vn 0.58967220 0.70297679 -0.39763089
vn 0.60093062 0.71224315 -0.36275624
vn 0.84133740 0.03704958 -0.53923901
vn 0.99563772 -0.02310897 -0.09039634
vn 0.70355708 0.70727240 -0.06908825
vn 0.72566220 0.68700634 -0.03790348
vn 0.72273198 0.69109881 0.00639755
vn 0.99972624 -0.02090591 0.01050644
vn 0.95970136 -0.00813332 -0.28090416
vn 0.67242644 0.71175405 -0.20309813
vn 0.70154841 0.68979582 -0.17891772
vn 0.98353561 -0.01545997 -0.18005193
vn 0.70493422 0.69451471 -0.14393425
vn 0.70313443 0.70278254 -0.10816046
vn 0.72950757 0.67506812 -0.11000789
vn 0.93047681 0.00463350 -0.36632150
vn 0.66500105 0.70688593 -0.24101012
vn 0.69579850 0.67271445 -0.25163407
vn 0.88684357 0.01911272 -0.46167434
vn 0.65419806 0.68962453 -0.31055258
vn 0.66047099 0.69770694 -0.27745828
vn 0.63572044 0.66917033 -0.38479941
vn 0.61487549 0.71773143 -0.32678697
vn 0.51244950 0.72071588 -0.46686629
vn 0.55045727 0.66514780 -0.50455446
vn 0.77864716 0.06478285 -0.62410879
vn 0.53084664 0.72844539 -0.43309254
vn 0.58189768 0.68977165 -0.43082496
vn 0.46565999 0.69393685 -0.54919252
vn 0.49531244 0.71141697 -0.49854938
vn 0.72062420 0.08679582 -0.68787154
vn 0.43546584 0.74021113 -0.51230556
vn 0.64077328 0.11961976 -0.75835395
vn 0.43023554 0.71648687 -0.54913017
vn 0.59454064 0.12261535 -0.79466150
vn 0.39694025 0.73378273 -0.55136316
vn 0.55797832 0.12471742 -0.82043023
vn 0.38385735 0.72478066 -0.57214205
vn 0.31397679 0.76449958 -0.56299108
vn 0.47556661 0.17203076 -0.86269451
vn 0.31146037 0.72502768 -0.61426974
vn 0.42501370 0.10827572 -0.89868778
vn 0.26788396 0.76745543 -0.58245202
vn 0.26213958 0.74049629 -0.61882799
vn 0.38083427 0.16020444 -0.91065899
vn 0.23830471 0.75103164 -0.61576160
vn 0.28677040 0.24469587 -0.92622172
vn 0.17794483 0.79908075 -0.57428703
vn 0.21815135 0.73223297 -0.64517042
vn 0.18323493 0.73190046 -0.65631294
vn 0.23370447 0.25701858 -0.93772260
vn 0.13892892 0.80342339 -0.57897289
vn 0.13935419 0.75552433 -0.64012765
vn 0.18552572 0.22759065 -0.95591982
vn 0.10687474 0.78205192 -0.61398093
vn 0.15251255 0.26493762 -0.95212813
vn 0.10116277 0.80269395 -0.58774868
vn 0.08494193 0.74200740 -0.66498864
vn 0.09742344 0.30706587 -0.94668856
vn 0.05908370 0.82627494 -0.56015965
vn 0.05095919 0.72574976 -0.68606884
vn 0.02375566 0.81814210 -0.57452518
vn 0.01701055 0.74911511 -0.66222140
vn 0.09332796 0.99419181 0.05359602
vn 0.07022329 0.71291854 -0.69772190
vn 0.04535470 0.72451694 -0.68776316
vn 0.26676309 0.96011931 0.08371599
vn 0.16530350 0.70359375 -0.69110824
vn 0.21074218 0.97507580 0.06938960
vn 0.14412088 0.71340634 -0.68577006
vn 0.16474091 0.98385259 0.06996084
vn 0.11706121 0.70893732 -0.69548871
vn 0.09600759 0.71858138 -0.68878396
vn 0.24342340 0.69187397 -0.67974661
vn 0.20780769 0.68604435 -0.69725111
vn 0.29528425 0.95312468 0.06603453
vn 0.18583362 0.70645060 -0.68293002
vn 0.27735661 0.67969478 -0.67903484
vn 0.39266580 0.91578556 0.08455991
vn 0.29847129 0.66074007 -0.68872160
vn 0.41256357 0.61644827 -0.67065850
vn 0.38493842 0.62170221 -0.68213546
vn 0.52657492 0.84256382 0.11315950
vn 0.36958825 0.63939815 -0.67422142
vn 0.47105057 0.87624629 0.10150759
vn 0.34241801 0.64316361 -0.68490180
vn 0.32718773 0.66353442 -0.67280774
vn 0.88180344 0.45925491 0.10727359
vn 0.65242880 0.38224713 -0.65438810
vn 0.83328213 0.54223346 0.10781356
vn 0.61824674 0.38866089 -0.68316446
vn 0.61497134 0.42874818 -0.66180454
vn 0.68428510 0.29934788 -0.66493965
vn 0.67379819 0.32574042 -0.66324142
vn 0.64191285 0.34742939 -0.68355008
vn 0.72266860 0.15864532 -0.67274197
vn 0.71955791 0.08677298 -0.68898974
vn 0.99888510 -0.00476391 0.04696651
vn 0.72508309 -0.00849641 -0.68860898
vn 0.72870947 0.02079393 -0.68450721
vn 0.73117007 0.04924524 -0.68041549
vn 0.99284763 0.09807972 0.06807312
vn 0.99858637 -0.00344757 0.05304131
vn 0.99775975 -0.00183862 0.06687373
vn 0.99016830 0.09438958 0.10323441
vn 0.99676344 -0.00135869 0.08037915
vn 0.98619161 0.09557256 0.13524791
vn 0.99566394 0.00002631 0.09302319
vn 0.99581730 -0.00242202 0.09133478
vn 0.99191576 0.00350728 0.12684962
vn 0.99327275 0.00104438 0.11579360
vn 0.98159072 0.09770639 0.16411313
vn 0.99328117 0.00063587 0.11572426
vn 0.99449788 0.00131259 0.10474844
vn 0.98775321 0.00591474 0.15591218
vn 0.98945571 0.00607301 0.14470836
vn 0.97564230 0.10112187 0.19467018
vn 0.99055052 0.00389226 0.13709312
vn 0.98591047 0.01006691 0.16697066
vn 0.98704961 0.00833309 0.16019870
vn 0.98720295 0.00503248 0.15938950
vn 0.97078925 0.09579729 0.21997978
vn 0.98388885 0.01275866 0.17832538
vn 0.98430045 0.01335439 0.17599511
vn 0.98472199 0.01427680 0.17354760
vn 0.98503158 0.01187959 0.17196413
vn 0.98436225 0.01281105 0.17568958
vn 0.99222115 0.00794366 0.12423399
vn 0.99082155 0.00859291 0.13490299
vn 0.97898188 0.08512475 0.18533282
vn 0.99082132 0.00859389 0.13490465
vn 0.98927004 0.01144731 0.14564940
vn 0.97387473 0.08896903 0.20893184
vn 0.98471770 0.01423690 0.17357521
vn 0.98651000 0.01099482 0.16333135
vn 0.98458234 0.08497451 0.15289522
vn 0.99293931 0.01330263 0.11787517
vn 0.98798144 0.08466805 0.12932132
vn 0.99415606 0.01040310 0.10745004
vn 0.99294071 0.01329807 0.11786394
vn 0.99810294 0.00156129 0.06154736
vn 0.99727323 0.00591140 0.07356059
vn 0.99115428 0.08229314 0.10412026
vn 0.99645339 0.00605473 0.08392839
vn 0.99543356 0.00822374 0.09510204
vn 0.99859986 0.00147858 0.05287850
vn 0.99400726 0.07769178 0.07689968
vn 0.99916353 -0.00319710 0.04076794
vn 0.99985387 -0.01504734 0.00811321
vn 0.99974885 -0.00954048 0.02027832
vn 0.99662154 0.06857614 0.04519763
vn 0.99952609 -0.00582067 0.03022761
vn 0.99954194 -0.00788048 0.02922009
vn 0.99985138 -0.01561423 0.00730883
vn 0.99841558 0.05521018 0.01087052
vn 0.99982819 -0.01853432 0.00025852
vn 0.99898158 0.03780401 -0.02463040
vn 0.99760367 -0.04767843 -0.05013675
vn 0.99811606 -0.04421673 -0.04253483
vn 0.99875372 -0.03805525 -0.03229236
vn 0.99918768 -0.03289274 -0.02328211
vn 0.99960990 -0.02510511 -0.01223813
vn 0.99715226 -0.05380877 -0.05283919
vn 0.99810863 0.01572880 -0.05942876
vn 0.99648687 -0.05865871 -0.05977525
vn 0.99562532 -0.01144542 -0.09273199
vn 0.99139187 -0.08989548 -0.09518908
vn 0.99199268 -0.08711708 -0.09143925
vn 0.99412100 -0.07781028 -0.07529280
vn 0.99468309 -0.07287764 -0.07276267
vn 0.99568304 -0.06288344 -0.06827117
vn 0.98995667 -0.10119459 -0.09871907
vn 0.99236070 -0.03773252 -0.11745846
vn 0.98916496 -0.10654929 -0.10099472
vn 0.98533967 -0.12857688 -0.11213264
vn 0.98647285 -0.12303746 -0.10831947
vn 0.98959153 -0.05626168 -0.13245087
vn 0.98711723 -0.11909738 -0.10684285
vn 0.98845345 -0.10940027 -0.10483964
vn 0.98315975 -0.14145501 -0.11570391
vn 0.98316002 -0.14145392 -0.11570295
vn 0.98728516 -0.07228706 -0.14157186
vn 0.98409149 -0.13577175 -0.11458605
vn 0.98534094 -0.12856814 -0.11213148
vn 0.98209064 -0.14791644 -0.11669920
vn 0.98518082 -0.08676818 -0.14795281
vn 0.98135476 -0.15277249 -0.11663366
vn 0.98000498 -0.16228130 -0.11513045
vn 0.98000413 -0.16228518 -0.11513224
vn 0.98338895 -0.09960779 -0.15173816
vn 0.98051874 -0.15831240 -0.11627635
vn 0.98135547 -0.15276945 -0.11663159
vn 0.97942751 -0.16678945 -0.11359154
vn 0.98202594 -0.11040016 -0.15309104
vn 0.97914157 -0.16984359 -0.11151202
vn 0.97878872 -0.17527446 -0.10607309
vn 0.97878945 -0.17527134 -0.10607149
vn 0.98116377 -0.11887698 -0.15226923
vn 0.97884428 -0.17318230 -0.10895762
vn 0.97914193 -0.16984232 -0.11151088
vn 0.97876667 -0.17739467 -0.10269829
vn 0.98082010 -0.12491212 -0.14962917
vn 0.97893001 -0.17849766 -0.09916970
vn 0.97953733 -0.17944979 -0.09112844
vn 0.97953366 -0.17946537 -0.09113724
vn 0.98097611 -0.12847477 -0.14553384
vn 0.97917025 -0.17936494 -0.09515170
vn 0.97893150 -0.17849160 -0.09916586
vn 0.98001011 -0.17909550 -0.08663136
vn 0.98162754 -0.12963375 -0.14000881
vn 0.98054669 -0.17819399 -0.08231093
vn 0.98283401 -0.17083827 -0.06965339
vn 0.98180729 -0.17467099 -0.07446140
vn 0.98147623 -0.17498547 -0.07800315
vn 0.98528444 -0.16175654 -0.05522138
vn 0.98561077 -0.15930363 -0.05651334
vn 0.98378716 -0.12569805 -0.12791725
vn 0.98455120 -0.16459016 -0.05974114
vn 0.98919688 -0.14139274 -0.03869925
vn 0.98946311 -0.13876281 -0.04132365
vn 0.98534313 -0.12025210 -0.12098903
vn 0.98837442 -0.14635700 -0.04117805
vn 0.98761798 -0.15031024 -0.04491716
vn 0.98643259 -0.15641063 -0.04986436
vn 0.99493827 -0.09981282 -0.01162951
vn 0.99492689 -0.09993882 -0.01152032
vn 0.99133269 -0.08423115 -0.10081970
vn 0.99420728 -0.10658811 -0.01381507
vn 0.99211866 -0.12329263 -0.02234914
vn 0.99792787 -0.06431352 -0.00193261
vn 0.99715294 -0.07540334 -0.00059012
vn 0.99372979 -0.05991424 -0.09440015
vn 0.99583799 -0.09086575 -0.00707871
vn 0.99904920 -0.04339568 0.00418537
vn 0.99902568 -0.04388118 0.00470480
vn 0.99516398 -0.03596379 -0.09140708
vn 0.99857453 -0.05331531 0.00252652
vn 0.99973189 -0.02244302 0.00569745
vn 0.99944761 -0.03278003 0.00547206
vn 0.77421197 0.61295451 0.15774222
vn 0.57370322 0.53302028 -0.62189549
vn 0.55553540 0.50558684 -0.66012299
vn 0.74308343 0.65204254 0.15055746
vn 0.74339839 0.62823465 0.22952136
vn 0.71077973 0.66752285 0.22182295
vn 0.71468205 0.64344508 0.27424078
vn 0.83039727 0.53232164 0.16454191
vn 0.79936490 0.58180580 0.15005919
vn 0.79748828 0.55449349 0.23780120
vn 0.76878859 0.59519664 0.23389115
vn 0.76825776 0.57259190 0.28621413
vn 0.81578331 0.49980015 0.29102818
vn 0.84542628 0.47762648 0.23901330
vn 0.82034160 0.51955276 0.23896566
vn 0.85150223 0.50177363 0.15220766
vn 0.91537580 0.36873652 0.16161844
vn 0.78989754 0.51120358 0.33872225
vn 0.78988528 0.49468978 0.36244070
vn 0.83408652 0.42880788 0.34702087
vn 0.83250901 0.44361196 0.33186923
vn 0.78471350 0.53018964 0.32112875
vn 0.82741812 0.46101990 0.32068660
vn 0.77736554 0.55068115 0.30406099
vn 0.82170590 0.47977239 0.30760019
vn 0.86906345 0.37702916 0.32027758
vn 0.86466941 0.39154632 0.31470351
vn 0.86081460 0.40793336 0.30428373
vn 0.86116994 0.42234362 0.28286427
vn 0.94826341 0.28090699 0.14794516
vn 0.93724014 0.27687927 0.21194055
vn 0.97464487 0.18696253 0.12293245
vn 0.96923703 0.18730933 0.15967088
vn 0.96299145 0.18631974 0.19476249
vn 0.95623319 0.18487606 0.22680150
vn 0.88160829 0.44194733 0.16567853
vn 0.90554972 0.35909790 0.22589469
vn 0.92967169 0.26779447 0.25297563
vn 0.95224045 0.18022044 0.24649283
vn 0.87262627 0.42893438 0.23353519
vn 0.89764957 0.34741241 0.27116392
vn 0.92710128 0.25745463 0.27239737
vn 0.92875647 0.23989085 0.28260185
vn 0.95245447 0.16812435 0.25409580
vn 0.93266308 0.22419932 0.28262033
vn 0.90455165 0.28937797 0.31312409
vn 0.90266687 0.28748266 0.32022843
vn 0.86972871 0.36445150 0.33278683
vn 0.90280495 0.30597559 0.30219556
vn 0.89570011 0.32282005 0.30579163
vn 0.89525021 0.33580507 0.29285152
vn 0.80977864 0.41413199 0.41563595
vn 0.82313746 0.41266055 0.39007179
vn 0.77090963 0.47411030 0.42534430
vn 0.86695331 0.34976085 0.35504831
vn 0.86056826 0.35196338 0.36816307
vn 0.79503035 0.43089565 0.42691414
vn 0.71218423 0.53326305 0.45653492
vn 0.69367627 0.51913435 0.49931229
vn 0.75050731 0.47260755 0.46193169
vn 0.65318542 0.52989756 0.54088573
vn 0.72559322 0.48719766 0.48595568
vn 0.63166536 0.56079849 0.53526062
vn 0.70643906 0.51950306 0.48068746
vn 0.85448163 0.36781617 0.36684112
vn 0.90268066 0.30029834 0.30820211
vn 0.93551815 0.22167843 0.27507174
vn 0.95612489 0.15705248 0.24730488
vn 0.93980367 0.23018103 0.25255841
vn 0.96647898 0.15812905 0.20227105
vn 0.96078131 0.15434855 0.23038184
vn 0.91409174 0.32566463 0.24161712
vn 0.95345542 0.24300075 0.17853123
vn 0.90937285 0.31620057 0.27029285
vn 0.94936853 0.23587583 0.20751382
vn 0.96949948 0.16183424 0.18406640
vn 0.60908716 0.65152737 0.45224431
vn 0.58779941 0.68848092 0.42483630
vn 0.66289872 0.65525877 0.36221711
vn 0.66476296 0.67965611 0.31009319
vn 0.72596462 0.63937888 0.25331801
vn 0.78260867 0.50318980 0.36650198
vn 0.75172742 0.55369049 0.35823557
vn 0.77355511 0.57846637 0.25882262
vn 0.76881205 0.56121568 0.30653711
vn 0.80643688 0.50261095 0.31151531
vn 0.75958843 0.64987045 0.02634030
vn 0.75443850 0.65033425 0.08881393
vn 0.71759300 0.68682342 0.11547241
vn 0.73264862 0.65784065 0.17456141
vn 0.71190309 0.67375808 0.19810109
vn 0.83166720 0.55325358 0.04733023
vn 0.81651240 0.57687415 0.02288483
vn 0.89874080 0.38484640 -0.21013857
vn 0.89525203 0.41480606 -0.16266450
vn 0.85891554 0.49606870 -0.12720041
vn 0.84910523 0.52340261 -0.07120399
vn 0.81084224 0.58458994 -0.02809759
vn 0.87338804 0.48692474 -0.00988098
vn 0.85954809 0.50868075 0.04920334
vn 0.84612036 0.51827524 0.12438290
vn 0.82881672 0.52258747 0.19991292
vn 0.81459237 0.51802567 0.26093807
vn 0.89138685 0.41837378 0.17433549
vn 0.84882403 0.47816389 0.22551510
vn 0.86245665 0.47922685 0.16281939
vn 0.85944769 0.42467267 0.28460989
vn 0.83796683 0.47375042 0.27087290
vn 0.87552919 0.42082904 0.23738484
vn 0.95222101 0.30255796 0.04163926
vn 0.94090695 0.32049843 0.10942977
vn 0.92575456 0.36909109 0.08215999
vn 0.91415999 0.38103047 0.13830146
vn 0.89731883 0.42470884 0.12017201
vn 0.92608694 0.33916727 0.16531349
vn 0.89440577 0.44717143 0.00871991
vn 0.90248714 0.42833175 -0.04526447
vn 0.93317071 0.35699882 0.04176447
vn 0.96245856 0.25842915 -0.08299339
vn 0.90909224 0.40613766 -0.09275509
vn 0.93596938 0.33093345 -0.12018475
vn 0.91416998 0.38054439 -0.13956795
vn 0.93869417 0.30480770 -0.16107613
vn 0.91749310 0.35243672 -0.18437669
vn 0.93990978 0.27719095 -0.19933586
vn 0.91902656 0.32294317 -0.22604842
vn 0.93972726 0.24917022 -0.23415138
vn 0.92123585 0.30785489 -0.23780217
vn 0.76961184 0.62304812 0.13967341
vn 0.77586165 0.62833208 0.05689901
vn 0.81797865 0.56894112 -0.08495246
vn 0.86600943 0.46562813 -0.18225838
vn 0.89794248 0.36064501 -0.25225876
vn 0.80748493 0.41217106 -0.42199895
vn 0.84515662 0.36945465 -0.38628170
vn 0.80668806 0.45352208 -0.37890910
vn 0.81061608 0.47975308 -0.33576562
vn 0.77018988 0.55888023 -0.30734417
vn 0.76422380 0.59453153 -0.24998848
vn 0.71710297 0.66776319 -0.19963881
vn 0.65967294 0.71082957 0.24403469
vn 0.69298084 0.70519258 0.14993660
vn 0.69106207 0.71652595 0.09499360
vn 0.76836139 0.63914740 -0.03333719
vn 0.82873447 0.54013972 -0.14645224
vn 0.86751710 0.44082121 -0.23041431
vn 0.87258517 0.39929868 -0.28134620
vn 0.90019071 0.32552691 -0.28929038
vn 0.89286635 0.27435713 -0.35709641
vn 0.89891404 0.29287525 -0.32584911
vn 0.87303672 0.35905130 -0.32998339
vn 0.87253804 0.36632792 -0.32323556
vn 0.84763419 0.39671815 -0.35232228
vn 0.84819005 0.42992230 -0.30941955
vn 0.80847641 0.51518528 -0.28451718
vn 0.80330027 0.55034811 -0.22765246
vn 0.74837037 0.63845277 -0.17977724
vn 0.89016875 0.24335733 -0.38519709
vn 0.83712330 0.31110994 -0.44992797
vn 0.79924662 0.38921652 -0.45794687
vn 0.82897254 0.28775322 -0.47958588
vn 0.76014611 0.38898990 -0.52044668
vn 0.82224108 0.26335357 -0.50454386
vn 0.71818366 0.17274359 -0.67407113
vn 0.71961148 0.22197082 -0.65794245
vn 0.78207918 0.12439512 -0.61063738
vn 0.94474326 0.02941936 -0.32648839
vn 0.94675107 0.04029837 -0.31943458
vn 0.91978221 0.12407576 -0.37229812
vn 0.94166892 0.01922662 -0.33599103
vn 0.91691581 0.10183977 -0.38586793
vn 0.91129765 0.08378592 -0.40313336
vn 0.88087348 0.19362378 -0.43193952
vn 0.86975748 0.16736052 -0.46423311
vn 0.96160433 0.13913575 -0.23655518
vn 0.96360355 0.16247725 -0.21229543
vn 0.96493081 0.18652042 -0.18471240
vn 0.96537333 0.21044877 -0.15416115
vn 0.96516211 0.23062513 -0.12358868
vn 0.97167188 0.23045342 0.05239258
vn 0.77977769 0.48243900 0.39899795
vn 0.96527622 0.26076380 0.01562235
vn 0.98023784 0.19778161 -0.00402637
vn 0.97054045 0.24041288 -0.01590256
vn 0.98149540 0.18515711 -0.04882237
vn 0.98281733 0.14045412 -0.11976119
vn 0.98320490 0.15924417 -0.08915955
vn 0.99339946 0.08041556 -0.08179761
vn 0.99161341 0.04650038 -0.12058425
vn 0.98945725 0.02356998 -0.14289442
vn 0.98172365 0.10202027 -0.16065656
vn 0.99365251 0.10581123 -0.03819264
vn 0.99167677 0.12856360 0.00697010
vn 0.98822962 0.14462743 0.04985106
vn 0.98391444 0.15482501 0.08911558
vn 0.97926045 0.16018525 0.12405506
vn 0.97466220 0.16231398 0.15390834
vn 0.97934697 0.07882965 -0.18618645
vn 0.97713661 0.05865318 -0.20436204
vn 0.97480361 0.03991021 -0.21946550
vn 0.97253499 0.02306148 -0.23161144
vn 0.97046753 0.00842258 -0.24108469
vn 0.97805375 -0.06610347 -0.19758846
vn 0.97922555 -0.05615514 -0.19484332
vn 0.98082496 -0.04379836 -0.18990549
vn 0.98278380 -0.02924908 -0.18242943
vn 0.98498008 -0.01284615 -0.17218950
vn 0.98723672 0.00493874 -0.15918315
vn 0.96464853 -0.02956844 -0.26187578
vn 0.97880191 -0.07728066 -0.18966950
vn 0.98866771 -0.10342905 -0.10880525
vn 0.97747374 -0.08184326 -0.19454246
vn 0.97710091 -0.08130478 -0.19662995
vn 0.96611136 -0.02113242 -0.25725912
vn 0.96724052 -0.01366837 -0.25349350
vn 0.95133573 0.06387113 -0.30146445
vn 0.95389102 0.07928884 -0.28949127
vn 0.93102742 0.17872257 -0.31819205
vn 0.93351165 0.20301565 -0.29553452
vn 0.99141282 -0.12801009 -0.02672147
vn 0.99036781 -0.13484400 -0.03144351
vn 0.98678177 -0.11469603 -0.11448384
vn 0.97806708 -0.08043030 -0.19213472
vn 0.96526665 -0.02636823 -0.25993272
vn 0.84180513 0.07904882 -0.53396199
vn 0.89071068 0.04199415 -0.45262674
vn 0.93045155 0.01332287 -0.36617265
vn 0.96114542 -0.00853816 -0.27591047
vn 0.98281535 -0.02493163 -0.18289996
vn 0.79291525 0.17782885 -0.58280554
vn 0.85168116 0.10522947 -0.51338676
vn 0.89747482 0.05281881 -0.43789168
vn 0.93428079 0.01256786 -0.35631651
vn 0.96256391 -0.01848200 -0.27042398
vn 0.98248005 -0.04251817 -0.18145291
vn 0.02456307 0.62110486 0.78334246
vn 0.05909151 0.62342573 0.77964643
vn 0.02657315 0.62035898 0.78386772
vn 0.05051865 0.62409866 0.77971067
vn 0.01731473 0.62509823 0.78035402
vn 0.04720047 0.64852229 0.75973084
vn 0.03565185 0.71333246 0.69991838
vn -0.00457805 0.65314707 0.75721724
vn 0.04353989 0.68281797 0.72929000
vn 0.07039215 0.74412605 0.66432023
vn 0.08674526 0.78700759 0.61081446
vn 0.09257526 0.81338144 0.57431737
vn 0.12401514 0.82952272 0.54452943
vn 0.15064387 0.65061261 0.74431825
vn 0.14041991 0.68645398 0.71348664
vn 0.44046872 0.61436455 0.65463234
vn 0.39904116 0.64179820 0.65487497
vn 0.49404626 0.63116261 0.59795656
vn 0.49026391 0.65589463 0.57397172
vn 0.58373822 0.63532316 0.50558301
vn 0.54102210 0.70216411 0.46288297
vn 0.53922727 0.67986113 0.49701387
vn 0.48127283 0.71402170 0.50847760
vn 0.42416902 0.72534969 0.54217015
vn 0.18870872 0.74225281 0.64300061
vn 0.27488141 0.90181337 0.33342594
vn 0.26321409 0.88342261 0.38766331
vn 0.21977112 0.86550069 0.45012132
vn 0.24080669 0.86124290 0.44751850
vn 0.25432422 0.83827307 0.48230431
vn 0.31301945 0.87058894 0.37959679
vn 0.37959784 0.86999503 0.31466511
vn 0.31095328 0.84682106 0.43151148
vn 0.36128863 0.85603602 0.36969293
vn 0.33401112 0.83831462 0.43088881
vn 0.37699481 0.78551798 0.49075087
vn 0.32109164 0.78686358 0.52701601
vn 0.34461940 0.81605052 0.46400325
vn 0.40800244 0.81451387 0.41243322
vn 0.43581824 0.80083849 0.41075561
vn 0.44626346 0.77993256 0.43880989
vn 0.51614955 0.78473008 0.34320306
vn 0.51078387 0.76893338 0.38450136
vn 0.58506388 0.76064014 0.28129494
vn 0.57706990 0.74845949 0.32680072
vn 0.64858269 0.73142272 0.21062120
vn 0.64163240 0.71878034 0.26769885
vn 0.59956337 0.71199168 0.36550186
vn 0.55050671 0.72936640 0.40616132
vn 0.48701431 0.74396010 0.45753735
vn 0.42611413 0.75063162 0.50495438
vn 0.36030553 0.75303914 0.55055606
vn 0.43083354 0.84860975 0.30699179
vn 0.45178108 0.85905494 0.24066255
vn 0.50372251 0.83138467 0.23465540
vn 0.48604809 0.85193297 0.19485241
vn 0.52326726 0.83580219 0.16621090
vn 0.56004861 0.81841728 0.12860290
vn 0.53761823 0.82110375 0.19171666
vn 0.58138948 0.79746830 0.16133997
vn 0.54010687 0.80673762 0.23970603
vn 0.48207471 0.82323461 0.29981453
vn 0.41221209 0.83570145 0.36288329
vn 0.61211966 0.77214442 0.17059457
vn 0.59624790 0.79757586 0.09143953
vn 0.63148545 0.77342514 0.05513324
vn 0.60925097 0.78381807 0.12017691
vn 0.65166978 0.75310663 0.09031555
vn 0.84649648 0.46392752 -0.26117997
vn 0.83717629 0.50749488 -0.20392354
vn 0.79478648 0.58380192 -0.16580038
vn 0.78299539 0.61387185 -0.10039707
vn 0.72453758 0.68806968 -0.04006762
vn 0.70589989 0.70761004 0.03151782
vn 0.69778201 0.71618601 -0.01333704
vn 0.67736448 0.73385817 0.05127913
vn 0.66542198 0.74619708 0.02008736
vn 0.46282223 0.81325805 0.35271367
vn 0.53297400 0.79461578 0.29073095
vn 0.60308675 0.76520875 0.22525969
vn 0.66744725 0.72667821 0.16264360
vn 0.39832870 0.88286554 0.24876232
vn 0.03284911 0.78665699 0.61651579
vn 0.02955782 0.83340918 0.55186545
vn 0.02635460 0.88777783 0.45951709
vn 0.09229232 0.85332850 0.51313994
vn 0.06313420 0.82763344 0.55770688
vn 0.06904022 0.87699035 0.47552222
vn 0.03996004 0.86370746 0.50240683
vn 0.05457497 0.90047071 0.43147894
vn 0.04520847 0.90644166 0.41990441
vn 0.06123955 0.92905785 0.36483042
vn 0.06523112 0.95216337 0.29854616
vn 0.01607822 0.91633219 0.40009600
vn 0.13621171 0.87273427 0.46880835
vn 0.02983262 0.74706039 0.66408644
vn 0.19194848 0.96754392 0.16436102
vn 0.18564720 0.95341792 0.23775910
vn 0.13351647 0.94175370 0.30866376
vn 0.19514300 0.97745236 0.08066039
vn 0.16689356 0.97998520 0.10851517
vn 0.17309594 0.98438937 0.03186466
vn 0.24242315 0.95797613 0.15333866
vn 0.21910569 0.97018360 0.10361695
vn 0.06036742 0.97264015 0.22433663
vn 0.04032162 0.93546118 0.35112184
vn 0.01970377 0.98658716 0.16204179
vn 0.01638042 0.96250635 0.27076411
vn 0.01616389 0.99611523 0.08656320
vn 0.02334337 0.99572682 -0.08934865
vn 0.02612757 0.98154664 -0.18942954
vn 0.02536449 0.95567894 -0.29331621
vn 0.02645085 0.92767020 -0.37246254
vn 0.02875677 0.93080217 -0.36439040
vn 0.05568146 0.88413959 -0.46389304
vn 0.06196415 0.79485684 -0.60362493
vn 0.04548216 0.53154846 -0.84580589
vn 0.04479846 0.46919406 -0.88195806
vn 0.04639800 0.33822831 -0.93991959
vn 0.06678809 0.73301013 -0.67693094
vn 0.05686420 0.84292795 -0.53501302
vn 0.10200450 0.80266950 -0.58763658
vn 0.15814508 0.68798304 -0.70828629
vn 0.05684903 0.91392703 -0.40187756
vn 0.09592892 0.86243321 -0.49699758
vn 0.10210361 0.82202975 -0.56021597
vn 0.14187596 0.79617428 -0.58819871
vn 0.15055415 0.74732867 -0.64717332
vn 0.19286547 0.71733645 -0.66950081
vn 0.09981439 0.98922329 0.10711848
vn 0.15485688 0.98766723 0.02308214
vn 0.09845834 0.98140025 0.16480141
vn 0.15318668 0.98459191 0.08433630
vn 0.09839794 0.96670040 0.23623754
vn 0.15767713 0.97453361 0.15944328
vn 0.09536096 0.94617679 0.30928266
vn 0.13910236 0.95974589 0.24400484
vn 0.09349657 0.92346775 0.37210980
vn 0.10054137 0.89786699 0.42863306
vn 0.10769425 0.99296324 0.04925405
vn 0.15495906 0.98763723 -0.02367241
vn 0.16310347 0.98282035 -0.08637946
vn 0.18161803 0.98090359 -0.06959200
vn 0.17126337 0.94603792 -0.27510199
vn 0.17788252 0.91907510 -0.35165148
vn 0.21438606 0.89799443 -0.38424553
vn 0.22012659 0.87436659 -0.43246659
vn 0.24485897 0.84122552 -0.48206194
vn 0.03678242 0.95909441 0.28068661
vn 0.02635785 0.97398079 0.22509262
vn 0.04915930 0.98177223 0.18359371
vn 0.04494234 0.99112027 0.12514308
vn 0.07739894 0.99502209 0.06277291
vn 0.08189835 0.99664067 0.00017919
vn 0.11935789 0.99052729 -0.06789238
vn 0.12561055 0.98279228 -0.13543012
vn 0.16994601 0.96320594 -0.20821304
vn 0.20592912 0.92693215 -0.31367178
vn 0.24183226 0.87638670 -0.41648951
vn 0.27415099 0.82947849 -0.48662785
vn 0.03484885 0.99882075 -0.03380328
vn 0.04154180 0.99095586 -0.12759607
vn 0.04715310 0.97232194 -0.22883758
vn 0.05299500 0.94278357 -0.32916663
vn 0.09023823 0.89521393 -0.43640472
vn 0.13458040 0.83709248 -0.53024928
vn 0.18501996 0.76470502 -0.61724699
vn 0.23419943 0.68236673 -0.69247835
vn 0.03279862 0.99861466 0.04114628
vn 0.05978438 0.99472748 -0.08332503
vn 0.06889943 0.98214065 -0.17507885
vn 0.07668315 0.95910420 -0.27246802
vn 0.08498457 0.92585030 -0.36821032
vn 0.12784262 0.87096730 -0.47441778
vn 0.17718359 0.80571392 -0.56518232
vn 0.22810677 0.72719518 -0.64742140
vn 0.25832686 0.68100238 -0.68520289
vn 0.09102075 0.45871438 -0.88390969
vn 0.09511625 0.33139034 -0.93868703
vn 0.13696425 0.44561002 -0.88468780
vn 0.14266488 0.32248486 -0.93576185
vn 0.18341483 0.42972094 -0.88413738
vn 0.19033267 0.31154597 -0.93097400
vn 0.23022062 0.41124950 -0.88197070
vn 0.23791712 0.29869657 -0.92421632
vn 0.27717346 0.39042112 -0.87792154
vn 0.28609329 0.28397850 -0.91515400
vn 0.31636269 0.42631781 -0.84744780
vn 0.12959388 0.58926353 -0.79747973
vn 0.16670309 0.61648613 -0.76951603
vn 0.20256096 0.65830103 -0.72498884
vn 0.21184176 0.58976708 -0.77929318
vn 0.24523963 0.62593983 -0.74030862
vn 0.18987621 0.88320273 -0.42883559
vn 0.20990346 0.83803012 -0.50363285
vn 0.08732656 0.99379900 -0.06883035
vn 0.09104391 0.98592820 -0.14020197
vn 0.12957189 0.97038126 -0.20389050
vn 0.10219453 0.96804834 -0.22899496
vn 0.14215749 0.94686447 -0.28851157
vn 0.11158190 0.94033005 -0.32144810
vn 0.15240180 0.91450384 -0.37477516
vn 0.12173412 0.90324687 -0.41149228
vn 0.16360692 0.87383580 -0.45786872
vn 0.16995451 0.84031010 -0.51477607
vn 0.21773685 0.80093611 -0.55775623
vn 0.22019183 0.76910223 -0.59999777
vn 0.24963263 0.73423963 -0.63132853
vn 0.29811871 0.58801915 -0.75190340
vn 0.28907106 0.64922180 -0.70352610
vn 0.34768473 0.54478193 -0.76310417
vn 0.37093924 0.34343703 -0.86281811
vn 0.37897485 0.25129368 -0.89063435
vn 0.34472541 0.13687932 -0.92867026
vn 0.22489229 0.77755017 -0.58723010
vn 0.30523736 0.52708144 -0.79310486
vn 0.25688402 0.56026294 -0.78747447
vn 0.15661977 0.81171873 0.56265705
vn 0.17217341 0.84914138 0.49931477
vn 0.21664354 0.89047557 0.40014853
vn 0.28684334 0.91780114 0.27452133
vn 0.12929181 0.92164154 0.36586950
vn 0.11763677 0.89631887 0.42752084
vn 0.17917692 0.93696252 0.29999478
vn 0.17505345 0.91696471 0.35851362
vn 0.25584601 0.94232394 0.21579716
vn 0.23225923 0.92867130 0.28918034
vn 0.29827879 0.93169629 0.20729637
vn 0.27079512 0.94828086 0.16563037
vn 0.35199631 0.91599361 0.19249497
vn 0.37686721 0.90244491 0.20872060
vn 0.35942569 0.89865120 0.25147404
vn 0.32800719 0.88737337 0.32400585
vn 0.41367539 0.89266423 0.17895038
vn 0.45140128 0.88164402 0.13762524
vn 0.43242430 0.87916680 0.20018732
vn 0.20222015 0.97928533 -0.01035632
vn 0.22555845 0.97356114 0.03608441
vn 0.25136806 0.96507454 0.07379178
vn 0.27837192 0.95460620 0.10600040
vn 0.30541742 0.94259116 0.13506331
vn 0.33155081 0.93148911 0.14967331
vn 0.25834470 0.96599957 -0.01014128
vn 0.29319925 0.95432249 -0.05746985
vn 0.28588987 0.95787946 0.02709088
vn 0.46981581 0.86607145 0.17086060
vn 0.48957304 0.86665393 0.09606873
vn 0.50742472 0.85163714 0.13127962
vn 0.52764514 0.84769424 0.05481859
vn 0.54484841 0.83348620 0.09187471
vn 0.56507734 0.82491169 0.01443245
vn 0.58164296 0.81170759 0.05312484
vn 0.60142048 0.79855523 -0.02455507
vn 0.61740186 0.78649517 0.01550134
vn 0.63629174 0.76897970 -0.06166875
vn 0.65176765 0.75813998 -0.02055977
vn 0.66939569 0.73661142 -0.09650402
vn 0.68445576 0.72700144 -0.05467366
vn 0.70051548 0.70192963 -0.12873563
vn 0.71525167 0.69348972 -0.08652777
vn 0.73046444 0.66694785 -0.14697709
vn 0.74070290 0.66248520 -0.11168073
vn 0.68343616 0.70986939 -0.17029524
vn 0.65184504 0.74575777 -0.13763500
vn 0.61819891 0.77937077 -0.10203581
vn 0.58271595 0.81016507 -0.06383323
vn 0.54572236 0.83763749 -0.02346349
vn 0.50763806 0.86137071 0.01854965
vn 0.46900551 0.88104425 0.06160242
vn 0.43040815 0.89649810 0.10507131
vn 0.39234265 0.90777347 0.14837307
vn 0.64047532 0.72652741 -0.24889613
vn 0.63131360 0.75497960 -0.17733847
vn 0.60746983 0.76463120 -0.21521973
vn 0.59699006 0.78977079 -0.14094313
vn 0.57237687 0.80042898 -0.17803977
vn 0.56081322 0.82167827 -0.10165312
vn 0.53548894 0.83323579 -0.13773062
vn 0.52314714 0.85013179 -0.05994164
vn 0.49726537 0.86240182 -0.09481693
vn 0.48451031 0.87463188 -0.01639602
vn 0.45826425 0.88741202 -0.04993779
vn 0.44548206 0.89484274 0.02832322
vn 0.41903222 0.90796345 -0.00379179
vn 0.40660656 0.91063813 0.07354798
vn 0.38012467 0.92394032 0.04288961
vn 0.36839643 0.92206948 0.11862522
vn 0.34208463 0.93540755 0.08939136
vn 0.32227181 0.94642204 -0.02064479
vn 0.32969445 0.93820478 -0.10522999
vn 0.36004605 0.93039974 -0.06872525
vn 0.36732811 0.91747940 -0.15264863
vn 0.39867310 0.90967902 -0.11637800
vn 0.40553792 0.89217161 -0.19891912
vn 0.43756622 0.88432739 -0.16279090
vn 0.44375166 0.86250880 -0.24323453
vn 0.47615060 0.85461050 -0.20717507
vn 0.48141791 0.82891484 -0.28484556
vn 0.51388893 0.82098228 -0.24880971
vn 0.51804987 0.79196564 -0.32313273
vn 0.55030061 0.78405830 -0.28709202
vn 0.55323330 0.75235902 -0.35761547
vn 0.58494889 0.74459405 -0.32158125
vn 0.58659436 0.71089478 -0.38798925
vn 0.62087870 0.70031781 -0.35222806
vn 0.61220406 0.67441013 -0.41276769
vn 0.58685632 0.68344151 -0.43417435
vn 0.64671619 0.70118121 -0.30017175
vn 0.61420202 0.73561641 -0.28569980
vn 0.58034318 0.77455336 -0.25153307
vn 0.54449044 0.81109432 -0.21367305
vn 0.50703494 0.84448125 -0.17253111
vn 0.46848205 0.87405230 -0.12867456
vn 0.42935611 0.89933338 -0.08278170
vn 0.39022005 0.92003293 -0.03560511
vn 0.35164717 0.93605469 0.01207804
vn 0.31419704 0.94749086 0.05950874
vn 0.67413686 0.58314316 -0.45330293
vn 0.72979075 0.49122257 -0.47550589
vn 0.76913164 0.45493636 -0.44885346
vn 0.72734874 0.57004999 -0.38210839
vn 0.55385737 0.71575556 -0.42536573
vn 0.52003735 0.75706506 -0.39549165
vn 0.48473972 0.79642812 -0.36156555
vn 0.44831155 0.83311917 -0.32392777
vn 0.41117355 0.86649038 -0.28307373
vn 0.37382634 0.89600566 -0.23964083
vn 0.33680542 0.92129343 -0.19437214
vn 0.30065327 0.94217154 -0.14805538
vn 0.26588797 0.95864835 -0.10147377
vn 0.23296039 0.97090889 -0.05536585
vn 0.27443716 0.94042129 -0.20072881
vn 0.28736973 0.90994230 -0.29903786
vn 0.30866442 0.91911064 -0.24487123
vn 0.31641139 0.88229477 -0.34848210
vn 0.34400210 0.89369273 -0.28805531
vn 0.32849198 0.83219875 -0.44669705
vn 0.29331461 0.88339624 -0.36548272
vn 0.25354971 0.93174238 -0.25993977
vn 0.24177403 0.95765177 -0.15635986
vn 0.35160362 0.85299367 -0.38571582
vn 0.36210202 0.80073031 -0.47719294
vn 0.38603637 0.82045350 -0.42170129
vn 0.39092003 0.76248005 -0.51556347
vn 0.42042771 0.78502920 -0.45493922
vn 0.42477908 0.72599179 -0.54083145
vn 0.45438608 0.74722809 -0.48495719
vn 0.45668614 0.68826797 -0.56367098
vn 0.48756205 0.70762948 -0.51141350
vn 0.48789638 0.64948221 -0.58320664
vn 0.51967303 0.66684178 -0.53409923
vn 0.51965901 0.62294193 -0.58472034
vn 0.54514918 0.63003982 -0.55304810
vn 0.55581330 0.67075990 -0.49107303
vn 0.52041806 0.71561223 -0.46590146
vn 0.48663809 0.75631332 -0.43723397
vn 0.45172090 0.79509424 -0.40468924
vn 0.41601481 0.83129206 -0.36862607
vn 0.37994919 0.86431407 -0.32954485
vn 0.29993926 0.78819933 -0.53738093
vn 0.31041592 0.73405242 -0.60399420
vn 0.34505697 0.70451408 -0.62015772
vn 0.35156785 0.66655089 -0.65735071
vn 0.37582897 0.62183014 -0.68708068
vn 0.38837890 0.54366195 -0.74403865
vn 0.27065316 0.85198537 -0.44818278
vn 0.23383258 0.90728412 -0.34951088
vn 0.19849069 0.94854578 -0.24670294
vn 0.16364064 0.97607931 -0.14314653
vn 0.11405264 0.99345801 -0.00575917
vn 0.07525480 0.98912674 0.12635271
vn 0.21104457 0.97098852 -0.11243433
vn 0.19454396 0.96481884 -0.17685375
vn 0.22288448 0.95004258 -0.21849853
vn 0.22672431 0.93122254 -0.28534306
vn 0.25670485 0.91056151 -0.32400672
vn 0.26330417 0.88453018 -0.38506789
vn 0.29409164 0.85865612 -0.41978540
vn 0.30060969 0.82484104 -0.47882260
vn 0.33141409 0.79507017 -0.50796468
vn 0.33771595 0.75380272 -0.56367490
vn 0.36778587 0.72199405 -0.58605302
vn 0.37376994 0.67395176 -0.63724804
vn 0.40506848 0.63895242 -0.65395668
vn 0.40603436 0.61111282 -0.67946834
vn 0.43055580 0.57028898 -0.69956571
vn 0.08613001 0.56762108 -0.81877221
vn 0.13020119 0.55118683 -0.82416062
vn 0.17526782 0.53132891 -0.82883701
vn 0.22122434 0.50818635 -0.83234994
vn 0.26786930 0.48206029 -0.83418458
vn 0.31510236 0.45330756 -0.83380020
vn 0.36094445 0.42282573 -0.83122651
vn 0.40878595 0.37930511 -0.83007330
vn 0.46812713 0.21536787 -0.85701439
vn 0.45124190 0.40942057 -0.79294107
vn 0.46278279 0.30440559 -0.83256791
vn 0.52240764 0.15745640 -0.83803207
vn 0.34538212 0.70018931 -0.62485688
vn 0.36673746 0.75937803 -0.53744641
vn 0.40109350 0.69365357 -0.59830488
vn 0.42769510 0.65224811 -0.62581891
vn 0.45952074 0.61582528 -0.63999993
vn 0.46072783 0.55875124 -0.68958460
vn 0.49424936 0.57872716 -0.64868517
vn 0.51394642 0.19570281 -0.83520027
vn 0.53836764 0.57800923 -0.61324189
vn 0.60752451 0.54392981 -0.57883878
vn 0.60191450 0.49430581 -0.62718474
vn 0.65542515 0.41455225 -0.63131950
vn 0.61010478 0.58877373 -0.53020530
vn 0.66021200 0.46647219 -0.58866273
vn 0.70508705 0.38435676 -0.59592124
vn 0.66478318 0.50685243 -0.54878405
vn 0.71730720 0.42271823 -0.55387695
vn 0.75232273 0.35794803 -0.55306755
vn 0.81817900 0.23522297 -0.52464586
vn 0.68113290 0.11046460 -0.72377866
vn 0.63479553 0.18234031 -0.75085727
vn 0.59622419 0.20641852 -0.77582737
vn 0.55304341 0.23294025 -0.79992614
vn 0.50696078 0.27842662 -0.81576307
vn 0.49401341 0.37004575 -0.78677627
vn 0.44236935 0.49125265 -0.75032006
vn 0.72517397 0.27826006 -0.62983653
vn 0.64397621 0.32293631 -0.69354652
vn 0.48932889 0.50545056 -0.71068767
vn 0.51194402 0.44986284 -0.73180376
vn 0.53818512 0.51426199 -0.66775099
vn 0.54991310 0.42945170 -0.71635663
vn 0.59247823 0.44780301 -0.66965813
vn 0.59214127 0.37521401 -0.71315017
vn 0.64081320 0.38220620 -0.66579040
vn 0.68820933 0.36901592 -0.62465604
vn 0.74471148 0.31731310 -0.58712623
vn 0.80935066 0.20846897 -0.54908305
vn 0.86143004 0.13106773 -0.49067253
vn 0.90443488 0.06586686 -0.42149628
vn 0.93789988 0.01415057 -0.34661732
vn 0.96344276 -0.02685785 -0.26656464
vn 0.98132322 -0.05967262 -0.18287676
vn 0.59142614 0.29617871 -0.74999553
vn 0.54880023 0.33828665 -0.76444781
vn 0.52231954 0.37720431 -0.76478703
vn 0.48702373 0.43953775 -0.75472807
vn 0.88812079 0.21576516 -0.40581629
vn 0.84069196 0.33873195 -0.42248988
vn 0.80329821 0.38118394 -0.45761424
vn 0.76308114 0.42247960 -0.48909933
vn 0.72412587 0.45732391 -0.51623306
vn 0.67019629 0.54594215 -0.50277639
vn 0.60594876 0.64009107 -0.47234470
vn 0.11062105 0.98822829 0.10567793
vn 0.05267466 0.97459354 0.21769892
vn 0.12201880 0.98158028 0.14700872
vn 0.05957706 0.95305845 0.29686726
vn 0.22541904 0.96086927 0.16098601
vn 0.13007036 0.96725851 0.21792812
vn 0.12824595 0.94449137 0.30247153
vn 0.18226330 0.95916839 0.21627783
vn 0.32452847 0.94100273 0.09589127
vn 0.22059696 0.96800674 0.11958233
vn 0.49147452 0.85677543 0.15616869
vn 0.40847150 0.90444379 0.12301407
vn 0.16435549 0.70510162 -0.68979634
vn 0.28770861 0.94266563 0.16913090
vn 0.33253787 0.93352412 0.13398241
vn 0.24436267 0.94108291 0.23377304
vn 0.18919385 0.93267903 0.30710830
vn 0.12727416 0.91158270 0.39091977
vn 0.05792680 0.88162507 0.46838203
vn 0.42644151 0.89054635 0.15835038
vn 0.34592266 0.91969040 0.18576083
vn 0.30010269 0.92292880 0.24112405
vn 0.24782755 0.91723831 0.31185796
vn 0.18727541 0.89930091 0.39520348
vn 0.12267996 0.86902277 0.47932145
vn 0.04446528 0.82840513 0.55836168
vn 0.10338969 0.77119509 0.62814704
vn 0.11512475 0.82074406 0.55957616
vn 0.16871611 0.80840478 0.56392959
vn 0.18010195 0.85653635 0.48364116
vn 0.23522945 0.84156210 0.48625130
vn 0.24488234 0.88382172 0.39861235
vn 0.29981537 0.86556051 0.40114306
vn 0.30376052 0.89861020 0.31659005
vn 0.35673182 0.87725414 0.32119710
vn 0.35301130 0.90186468 0.24904442
vn 0.40318543 0.87820467 0.25728985
vn 0.39036963 0.90013149 0.19332577
vn 0.44260101 0.87188390 0.20957768
vn 0.11366974 0.62319187 0.77376423
vn 0.09834021 0.63442568 0.76670285
vn 0.08850973 0.66419350 0.74230251
vn 0.12380448 0.71331532 0.68982150
vn 0.22024857 0.79442139 0.56602581
vn 0.15533770 0.75831533 0.63310983
vn 0.18485665 0.70647779 0.68316701
vn 0.07653747 0.66125672 0.74624498
vn 0.14155680 0.63834330 0.75662376
vn 0.20849453 0.63437735 0.74437585
vn 0.16975296 0.62727222 0.76007467
vn 0.23219380 0.63403548 0.73762121
vn 0.22283911 0.66843968 0.70959927
vn 0.27589230 0.70738117 0.65076518
vn 0.28050278 0.81084067 0.51366876
vn 0.42899552 0.59804768 -0.67697993
vn 0.56497674 0.81658184 0.11830211
vn 0.56323100 0.80630200 0.18068736
vn 0.51375296 0.83739752 0.18660998
vn 0.26988193 0.77706873 0.56861932
vn 0.28791745 0.82443304 0.48725117
vn 0.33810936 0.80545548 0.48674792
vn 0.35190666 0.84492799 0.40281310
vn 0.40137282 0.82218804 0.40361701
vn 0.40689884 0.85348985 0.32555862
vn 0.45442332 0.82757773 0.32956722
vn 0.45073053 0.85222093 0.26563412
vn 0.49546656 0.82431141 0.27390434
vn 0.48297721 0.84780317 0.21900409
vn 0.52894552 0.81576866 0.23396183
vn 0.31580914 0.76208307 0.56523799
vn 0.38608272 0.78479127 0.48481212
vn 0.44841645 0.79754124 0.40354760
vn 0.49915069 0.79990227 0.33317405
vn 0.53727831 0.79488395 0.28194241
vn 0.56469154 0.78845186 0.24385882
vn 0.36297801 0.74290840 0.56243585
vn 0.43207263 0.76254149 0.48150152
vn 0.49290577 0.77130181 0.40266291
vn 0.54098698 0.77084752 0.33634386
vn 0.57640171 0.76414083 0.28956839
vn 0.53475612 0.74378035 0.40103202
vn 0.57421522 0.71508981 0.39865203
vn 0.58019038 0.74058215 0.33899441
vn 0.48790302 0.68319540 0.54331822
vn 0.55745926 0.68664551 0.46664454
vn 0.51650361 0.71412166 0.47249792
vn 0.34911006 0.66331382 0.66191914
vn 0.37934702 0.69018308 0.61623303
vn 0.41421241 0.72039559 0.55628974
vn 0.47604585 0.73730168 0.47933972
vn 0.61436107 0.76474869 0.19421619
vn 0.58885811 0.77692224 0.22279579
vn 0.54228712 0.50885554 -0.66857365
vn 0.71256827 0.68614407 0.14646764
vn 0.68244729 0.69868249 0.21472883
vn 0.64583424 0.73586400 0.20347556
vn 0.65412139 0.71179721 0.25587094
vn 0.62415084 0.67677277 0.39040280
vn 0.67922055 0.62414631 0.38613577
vn 0.63033512 0.69961939 0.33646745
vn 0.68299527 0.64517446 0.34244324
vn 0.62701115 0.72183960 0.29292424
vn 0.67848643 0.66690100 0.30805718
vn 0.61702883 0.74375751 0.25709957
vn 0.66872987 0.68913937 0.27908296
vn 0.73848867 0.56005691 0.37546071
vn 0.74038964 0.57860871 0.34210401
vn 0.73545447 0.59900852 0.31669467
vn 0.72675718 0.62065561 0.29429682
vn 0.46140998 0.65795698 0.59514153
vn 0.43023678 0.63741907 0.63921298
vn 0.39905821 0.62386314 0.67197272
vn 0.35667610 0.62495609 0.69441490
vn 0.30371479 0.64151189 0.70442872
vn 0.60627830 0.65383416 0.45268920
vn 0.64429836 0.58783142 0.48921758
vn 0.66586772 0.60454630 0.43720013
vn 0.72837704 0.54435382 0.41610792
vn 0.78328465 0.48191349 0.39271432
vn 0.83077312 0.41809352 0.36744229
vn 0.87121908 0.35382568 0.34027151
vn 0.48182698 0.60183392 0.63689771
vn 0.54014753 0.59372998 0.59642715
vn 0.55772227 0.57579652 0.59783295
vn 0.61059805 0.55089081 0.56893702
vn 0.58849633 0.57134216 0.57204913
vn 0.65369687 0.55399627 0.51552743
vn 0.61505759 0.57987947 0.53426956
vn 0.51115497 0.60703799 0.60846157
vn 0.54146465 0.61966917 0.56817792
vn 0.57172083 0.63717878 0.51685442
vn 0.39163100 0.71624240 0.57760020
vn 0.30031192 0.68103381 0.66783658
vn 0.72013041 -0.09096880 -0.68784946
vn 0.60199045 -0.04377579 -0.79730244
vn 0.64663024 -0.03612751 -0.76194759
vn 0.66017694 -0.12146391 -0.74122394
vn 0.58165153 -0.12455532 -0.80384543
vn 0.69623451 -0.18227290 -0.69428676
vn 0.65508261 -0.20876104 -0.72614434
vn 0.55560064 -0.20260905 -0.80638546
vn 0.65670893 -0.26802566 -0.70490824
vn 0.59635389 -0.35588518 -0.71951913
vn 0.52181897 -0.27727543 -0.80673620
vn 0.63713556 -0.28792335 -0.71495344
vn 0.53738756 -0.41962652 -0.73152457
vn 0.48007132 -0.34801440 -0.80524376
vn 0.59640785 -0.39543005 -0.69852183
vn 0.46809222 -0.47513321 -0.74507590
vn 0.43030807 -0.41399776 -0.80214763
vn 0.54449086 -0.47584110 -0.69072784
vn 0.39215586 -0.52031695 -0.75860665
vn 0.37236931 -0.47399218 -0.79791761
vn 0.47959468 -0.54776356 -0.68552464
vn 0.31202636 -0.55461351 -0.77139057
vn 0.30665581 -0.52681514 -0.79273452
vn 0.40372441 -0.60927196 -0.68249123
vn 0.31885230 -0.65958255 -0.68064974
vn 0.23321439 -0.57002663 -0.78783290
vn 0.22979285 -0.57925362 -0.78208726
vn 0.22693785 -0.69562117 -0.68162335
vn 0.15714392 -0.60884671 -0.77756766
vn 0.14604915 -0.59630866 -0.78935773
vn 0.13041068 -0.72115506 -0.68038844
vn 0.07453889 -0.63420505 -0.76956345
vn 0.06147312 -0.60408573 -0.79454483
vn 0.03260996 -0.72907467 -0.68365687
vn -0.00984078 -0.65704136 -0.75379030
vn -0.02236197 -0.59982804 -0.79981639
vn -0.06405923 -0.72293982 -0.68793490
vn -0.09705726 -0.66751394 -0.73824456
vn -0.10368586 -0.58404814 -0.80506957
vn -0.15473984 -0.69920881 -0.69797036
vn -0.18258179 -0.66850798 -0.72094450
vn -0.18271672 -0.56168245 -0.80692467
vn -0.25822643 -0.64980936 -0.71488943
vn -0.32839426 -0.60660785 -0.72400561
vn -0.25895364 -0.53172672 -0.80635582
vn -0.28629394 -0.64925550 -0.70462974
vn -0.39372833 -0.54804606 -0.73798612
vn -0.33188456 -0.49356389 -0.80389509
vn -0.37419481 -0.61379409 -0.69515111
vn -0.45051614 -0.48014760 -0.75265762
vn -0.40045005 -0.44679440 -0.80000908
vn -0.45632558 -0.56417525 -0.68809393
vn -0.49653246 -0.40567469 -0.76738749
vn -0.46358186 -0.39152764 -0.79485720
vn -0.53022250 -0.50142474 -0.68369388
vn -0.59423051 -0.42750116 -0.68127297
vn -0.51975758 -0.32781640 -0.78891601
vn -0.53163808 -0.32716837 -0.78123096
vn -0.64664349 -0.34430969 -0.68066367
vn -0.57082047 -0.25930759 -0.77905299
vn -0.56278983 -0.24773781 -0.78860230
vn -0.68641347 -0.25344496 -0.68161735
vn -0.61378744 -0.18482427 -0.76753174
vn -0.58306716 -0.16525922 -0.79543829
vn -0.70816332 -0.15974003 -0.68774111
vn -0.65926720 -0.10976478 -0.74385378
vn -0.59107696 -0.08196559 -0.80243982
vn -0.71521803 0.03082029 -0.69822151
vn -0.69209799 0.01589918 -0.72162842
vn -0.68829174 -0.03016175 -0.72480669
vn -0.71970957 -0.06500746 -0.69122512
vn -0.69069161 0.06311458 -0.72038993
vn -0.58489393 0.08232667 -0.80692094
vn -0.68433567 0.13704753 -0.71617224
vn -0.65205357 0.21487128 -0.72708766
vn -0.56853644 0.16256373 -0.80643620
vn -0.69178268 0.16861639 -0.70214332
vn -0.60302776 0.28715442 -0.74424449
vn -0.54515999 0.24160746 -0.80276175
vn -0.67139111 0.26115252 -0.69356567
vn -0.54431415 0.35247660 -0.76123739
vn -0.51247445 0.31828154 -0.79753796
vn -0.63773139 0.35039473 -0.68594622
vn -0.58848661 0.43349523 -0.68247006
vn -0.47061566 0.39178113 -0.79058740
vn -0.47754386 0.40735226 -0.77847029
vn -0.52661424 0.50853740 -0.68122475
vn -0.42369847 0.46303261 -0.77851166
vn -0.40818253 0.45695165 -0.79030514
vn -0.45379553 0.57364227 -0.68191214
vn -0.36878648 0.52973861 -0.76378894
vn -0.33701719 0.50292676 -0.79591714
vn -0.37203402 0.62776013 -0.68374550
vn -0.30159975 0.58670735 -0.75153980
vn -0.26180090 0.53998285 -0.79992425
vn -0.28329069 0.67063718 -0.68555974
vn -0.22382721 0.63120047 -0.74262194
vn -0.18313120 0.56700061 -0.80310228
vn -0.18934679 0.69801813 -0.69059285
vn -0.14029434 0.66561814 -0.73298704
vn -0.10244841 0.58577336 -0.80397381
vn -0.09213597 0.71336173 -0.69471289
vn -0.05222321 0.68625595 -0.72548295
vn -0.02022923 0.59129198 -0.80620380
vn 0.00347626 0.71179379 -0.70237989
vn 0.03268206 0.69692906 -0.71639498
vn 0.06168479 0.58712623 -0.80714173
vn 0.10758966 0.68677480 -0.71886358
vn 0.18723448 0.65474712 -0.73229056
vn 0.14279257 0.57538667 -0.80532010
vn 0.14302916 0.70083096 -0.69884092
vn 0.26080399 0.60712621 -0.75058581
vn 0.22312911 0.55555881 -0.80097928
vn 0.23639148 0.68253701 -0.69156511
vn 0.32662779 0.65169104 -0.68455320
vn 0.30178258 0.52658736 -0.79475344
vn 0.32640304 0.54949377 -0.76910185
vn 0.41119676 0.60517132 -0.68167800
vn 0.37772627 0.48800746 -0.78687457
vn 0.38203868 0.48447854 -0.78697331
vn 0.48784846 0.54550202 -0.68149206
vn 0.45377283 0.44882138 -0.76983737
vn 0.43866611 0.42078877 -0.79404588
vn 0.55494238 0.47473926 -0.68312633
vn 0.52282481 0.39531230 -0.75523665
vn 0.48740094 0.35226727 -0.79896689
vn 0.61083136 0.39470328 -0.68636315
vn 0.58279251 0.32976831 -0.74270166
vn 0.52757490 0.27927017 -0.80229228
vn 0.65588047 0.30766191 -0.68932210
vn 0.63027887 0.25289982 -0.73402331
vn 0.55841009 0.20241809 -0.80449057
vn 0.68524030 0.21489099 -0.69589338
vn 0.66751695 0.17137905 -0.72460358
vn 0.57957533 0.12264402 -0.80563694
vn 0.70582211 0.11909220 -0.69830666
vn 0.68903125 0.08224242 -0.72005008
vn 0.58920271 0.04099818 -0.80694443
vn 0.70175441 0.00698214 -0.71238472
vn -0.43801209 -0.55326881 -0.70854712
vn -0.62651565 -0.77822357 -0.04296760
vn -0.48078889 -0.52009957 -0.70593093
vn -0.71684729 -0.69629377 -0.03612404
vn -0.49085223 -0.50117909 -0.71265954
vn -0.78389271 -0.62052878 -0.02136029
vn -0.54629582 -0.46023574 -0.69981708
vn -0.51643100 -0.48975206 -0.70245423
vn -0.84449267 -0.53542989 0.01212291
vn -0.60226088 -0.39335652 -0.69465997
vn -0.79784012 -0.60285216 0.00451749
vn -0.58796898 -0.42245792 -0.68979836
vn -0.55485950 -0.43725476 -0.70777059
vn -0.90076044 -0.43401489 0.01617741
vn -0.63008585 -0.35018336 -0.69308256
vn -0.60889468 -0.36399907 -0.70480631
vn -0.66674835 -0.23962929 -0.70570847
vn -0.67033717 -0.27395439 -0.68963546
vn -0.94351554 -0.33059304 0.02206051
vn -0.65357989 -0.30224037 -0.69389054
vn -0.63058577 -0.32384687 -0.70532602
vn -0.71890927 -0.12417989 -0.68392165
vn -0.69517794 -0.15237793 -0.70250167
vn -0.97525692 -0.21847817 0.03378209
vn -0.69960047 -0.18183833 -0.69100941
vn -0.68872570 -0.21628782 -0.69200902
vn -0.72166444 -0.09034704 -0.68632197
vn -0.99331094 -0.10486819 0.04833261
vn -0.72039133 -0.05262470 -0.69156849
vn -0.75115611 -0.05699597 -0.65765945
vn -0.99198908 -0.10514176 0.07002050
vn -0.98580762 -0.05790652 0.15757592
vn -0.99135704 -0.10448681 0.07933296
vn -0.98793412 -0.07572015 0.13510233
vn -0.99032330 -0.07174467 0.11879593
vn -0.97475563 -0.21681493 0.05331739
vn -0.97475571 -0.21681452 0.05331760
vn -0.97358675 -0.22506589 0.03839513
vn -0.98189423 -0.17750361 0.06615275
vn -0.98908473 -0.11493354 0.09220454
vn -0.94016100 -0.34066472 0.00669579
vn -0.93571493 -0.35274028 0.00344506
vn -0.94975904 -0.31256450 0.01616182
vn -0.96606153 -0.25627053 0.03241183
vn -0.93458992 -0.35553017 0.01183114
vn -0.92235580 -0.38611347 -0.01327276
vn -0.93571399 -0.35274279 0.00344421
vn -0.84260365 -0.53833695 -0.01457433
vn -0.84578097 -0.53204993 -0.03971684
vn -0.85926885 -0.51051683 -0.03208767
vn -0.89837880 -0.43921557 0.00228413
vn -0.87782717 -0.47765056 -0.03562876
vn -0.87707926 -0.47878299 -0.03871463
vn -0.89416167 -0.44685667 -0.02817843
vn -0.76581686 -0.63895122 -0.07256632
vn -0.78746518 -0.61286613 -0.06552627
vn -0.82361008 -0.56450145 -0.05481375
vn -0.84254198 -0.53655070 -0.04729013
vn -0.72541228 -0.68305013 -0.08496790
vn -0.72882612 -0.68009707 -0.07924932
vn -0.74361487 -0.66468944 -0.07228327
vn -0.76581949 -0.63894816 -0.07256555
vn -0.63045623 -0.77376429 -0.06175579
vn -0.62882133 -0.77492558 -0.06382850
vn -0.63202875 -0.77027118 -0.08498215
vn -0.63623119 -0.76422033 -0.10572208
vn -0.70459557 -0.70385932 -0.09015066
vn -0.94173421 -0.33586521 0.01819992
vn -0.97432266 -0.22169235 0.03934273
vn -0.83243737 -0.20056632 0.51654736
vn -0.85530792 -0.20205513 0.47709756
vn -0.86306352 -0.23639391 0.44636227
vn -0.87997790 -0.21026437 0.42594342
vn -0.89845446 -0.20966325 0.38577313
vn -0.90262713 -0.24071371 0.35682093
vn -0.97586933 -0.20216642 -0.08250929
vn -0.97458408 -0.21028388 -0.07724346
vn -0.97607905 -0.19953496 -0.08634518
vn -0.97759359 -0.19116791 -0.08812266
vn -0.99461800 -0.10348423 -0.00510407
vn -0.99515660 -0.09748037 0.01268545
vn -0.99518633 -0.09334735 0.02984026
vn -0.94004808 -0.34101612 0.00419803
vn -0.83709198 -0.54087040 -0.08207460
vn -0.64434487 -0.75232804 -0.13719405
vn -0.64637600 -0.74851871 -0.14804660
vn -0.72127052 -0.67973969 -0.13312697
vn -0.64622046 -0.73124812 -0.21834674
vn -0.64577186 -0.72813760 -0.22977020
vn -0.71768593 -0.66737432 -0.19884269
vn -0.64340746 -0.72717604 -0.23925267
vn -0.64609163 -0.72030565 -0.25243884
vn -0.71694344 -0.66010495 -0.22417305
vn -0.66047477 -0.70740627 -0.25169316
vn -0.66678228 -0.70365891 -0.24549038
vn -0.77237812 -0.60119720 -0.20492428
vn -0.66586471 -0.70909468 -0.23196752
vn -0.67274803 -0.70461005 -0.22568732
vn -0.78401090 -0.59266583 -0.18459178
vn -0.68007638 -0.71490790 -0.16248940
vn -0.68649078 -0.71019911 -0.15603729
vn -0.80621332 -0.57629147 -0.13382160
vn -0.69953023 -0.71452799 0.01035419
vn -0.70323654 -0.71083865 0.01291449
vn -0.83963132 -0.54315596 -0.00092453
vn -0.70512567 -0.70391561 0.08544353
vn -0.70285959 -0.70275937 0.11008031
vn -0.84840423 -0.52672352 0.05265554
vn -0.99287239 -0.04494799 0.11038161
vn -0.71038519 0.70046850 0.06853291
vn -0.72528147 0.68704935 0.04393167
vn -0.69780420 0.69249078 0.18310053
vn -0.69557778 0.70067143 0.15884302
vn -0.97752382 -0.04291153 0.20641169
vn -0.71322037 0.68809212 0.13358871
vn -0.71825966 0.68887001 0.09778126
vn -0.66863385 0.69249020 0.27089868
vn -0.67000030 0.70019815 0.24662148
vn -0.94485146 -0.04113576 0.32490546
vn -0.61045099 0.70149395 0.36777144
vn -0.62728267 0.69281928 0.35569354
vn -0.87750388 -0.03412252 0.47835405
vn -0.55910632 0.70197966 0.44116287
vn -0.57546259 0.69254361 0.43500132
vn -0.81853161 -0.02869543 0.57374435
vn -0.43644873 0.69332133 0.57342657
vn -0.48197923 0.69861402 0.52880476
vn -0.60497267 -0.00833101 0.79620265
vn -0.67239345 -0.01429294 0.74005592
vn -0.60454356 -0.01436294 0.79644259
vn -0.60895553 -0.04009164 0.79219052
vn -0.61022853 -0.03809051 0.79130920
vn -0.68499496 -0.03422244 0.72774359
vn -0.60725955 -0.02584736 0.79408297
vn -0.60384308 -0.01543994 0.79695366
vn -0.61177222 -0.05112689 0.78938001
vn -0.70315393 -0.06297027 0.70824381
vn -0.61725330 -0.06603163 0.78398864
vn -0.62382494 -0.09552192 0.77570485
vn -0.62382317 -0.09551395 0.77570725
vn -0.72542815 -0.09923493 0.68110677
vn -0.62241929 -0.08488135 0.77806772
vn -0.61725188 -0.06602654 0.78399018
vn -0.63773957 -0.16878116 0.75153254
vn -0.75183124 -0.14235808 0.64380429
vn -0.64518974 -0.18425704 0.74147120
vn -0.77651500 -0.18624017 0.60194605
vn -0.65184268 -0.20198466 0.73096054
vn -0.63246161 -0.14521493 0.76085803
vn -0.62889002 -0.13071728 0.76642699
vn -0.62855118 -0.11890373 0.76862560
vn -0.65580739 -0.24491450 0.71409632
vn -0.65853036 -0.24156874 0.71272877
vn -0.78891559 -0.21859697 0.57430615
vn -0.65020942 -0.22352364 0.72613008
vn -0.64868367 -0.20559092 0.73276317
vn -0.65780327 -0.26287478 0.70582697
vn -0.80165463 -0.24660352 0.54455171
vn -0.66584768 -0.28008790 0.69151836
vn -0.66973208 -0.32435908 0.66801956
vn -0.67318986 -0.31951765 0.66687622
vn -0.81306714 -0.27495716 0.51314753
vn -0.66345877 -0.30154649 0.68475702
vn -0.66287699 -0.28399596 0.69277730
vn -0.66884224 -0.34237456 0.65987098
vn -0.82357171 -0.30660303 0.47720458
vn -0.68022415 -0.36071115 0.63810858
vn -0.84604451 -0.30408910 0.43787955
vn -0.84957666 -0.33518052 0.40727573
vn -0.69244375 -0.40077611 0.59991680
vn -0.67903979 -0.38465469 0.62525654
vn -0.68022492 -0.36071261 0.63810695
vn -0.69717415 -0.47136647 0.54014984
vn -0.69687034 -0.45254343 0.55639570
vn -0.85576461 -0.35821765 0.37329217
vn -0.69364659 -0.41940073 0.58562568
vn -0.69532981 -0.39609420 0.59968812
vn -0.70101864 -0.50796197 0.50054720
vn -0.70342854 -0.50429282 0.50087628
vn -0.86039061 -0.38508327 0.33382460
vn -0.69739745 -0.48994255 0.52306127
vn -0.69672610 -0.47206936 0.54011412
vn -0.69837286 -0.52304577 0.48856777
vn -0.86187649 -0.41131823 0.29662474
vn -0.70787227 -0.53380241 0.46257089
vn -0.70674655 -0.57665364 0.40985350
vn -0.70950212 -0.56018954 0.42754465
vn -0.86370961 -0.43197394 0.25962325
vn -0.70280638 -0.55484807 0.44520423
vn -0.70787464 -0.53379772 0.46257268
vn -0.71036745 -0.61306783 0.34572521
vn -0.71036653 -0.61306731 0.34572802
vn -0.86335031 -0.45391014 0.22043553
vn -0.70459971 -0.60467034 0.37136645
vn -0.70567453 -0.59237260 0.38873918
vn -0.70024398 -0.63599016 0.32430677
vn -0.86124877 -0.47366741 0.18409164
vn -0.70887053 -0.63509701 0.30684582
vn -0.85920482 -0.48941981 0.14911511
vn -0.70470786 -0.65245178 0.27873557
vn -0.71243838 -0.63407066 0.30064257
vn -0.70455274 -0.67666475 0.21384631
vn -0.70661932 -0.66698184 0.23627181
vn -0.71036436 -0.65413773 0.25978125
vn -0.70769453 -0.68630067 0.16780894
vn -0.70573048 -0.68776271 0.17007922
vn -0.85631765 -0.50354735 0.11471772
vn -0.70761119 -0.67977028 0.19286984
vn -0.70880435 -0.67269591 0.21231254
vn -0.85257582 -0.51603204 0.08261602
vn -0.70764643 -0.68986128 0.15273488
vn -0.70535509 -0.69731211 0.12739710
vn -0.70485467 -0.70456103 0.08230219
vn -0.69980966 -0.71361567 0.03192351
vn -0.70174297 -0.71099075 0.04526542
vn -0.84412385 -0.53556998 0.02489418
vn -0.70463567 -0.70604025 0.07068050
vn -0.69535450 -0.71772720 -0.03673938
vn -0.69744113 -0.71624478 -0.02385970
vn -0.83432044 -0.55054249 -0.02850217
vn -0.70130194 -0.71255167 -0.02111166
vn -0.69722005 -0.71685520 -0.00168123
vn -0.81660121 -0.56798117 -0.10276118
vn -0.69364912 -0.71291674 -0.10295933
vn -0.82641345 -0.55912011 -0.06652448
vn -0.68808045 -0.71799463 -0.10501904
vn -0.68944502 -0.71819110 -0.09416537
vn -0.69466683 -0.71637498 -0.06515277
vn -0.69778703 -0.71403557 -0.05697774
vn -0.69956709 -0.71239176 -0.05571240
vn -0.68608189 -0.71285378 -0.14536547
vn -0.68635489 -0.71478644 -0.13415408
vn -0.68816823 -0.71646675 -0.11445471
vn -0.69189608 -0.71408489 -0.10659544
vn -0.79537482 -0.58438200 -0.16086199
vn -0.67611055 -0.70309013 -0.22031521
vn -0.67042089 -0.71210521 -0.20842742
vn -0.67381472 -0.71202970 -0.19745234
vn -0.68085904 -0.70910944 -0.18328876
vn -0.67412957 -0.71912670 -0.16854116
vn -0.66788496 -0.70461187 -0.23969103
vn -0.74125656 -0.62648783 -0.24093924
vn -0.64591421 -0.70796453 -0.28562396
vn -0.64829394 -0.70732997 -0.28177878
vn -0.65521538 -0.70470164 -0.27219183
vn -0.65544514 -0.70608348 -0.26802573
vn -0.76053620 -0.60977725 -0.22306141
vn -0.66084400 -0.70309521 -0.26256871
vn -0.65995503 -0.70602189 -0.25688996
vn -0.66002041 -0.69807845 -0.27759597
vn -0.64422478 -0.70958656 -0.28541435
vn -0.72478973 -0.64423138 -0.24422486
vn -0.64616567 -0.70871245 -0.28319003
vn -0.64628207 -0.72020036 -0.25225173
vn -0.64250863 -0.71972221 -0.26302586
vn -0.65618251 -0.70121431 -0.27878846
vn -0.64179548 -0.73140893 -0.23052016
vn -0.64211806 -0.73825190 -0.20656361
vn -0.71875269 -0.67432856 -0.16933861
vn -0.64263357 -0.73795723 -0.20601266
vn -0.64535471 -0.74914260 -0.14934074
vn -0.64351873 -0.74757445 -0.16436568
vn -0.64579767 -0.73895095 -0.19208556
vn -0.63498880 -0.76267398 -0.12295371
vn -0.77694671 -0.61977772 -0.11058655
vn -0.89116263 -0.45149275 -0.04453608
vn -0.97310254 -0.22318402 0.05709944
vn -0.98865392 -0.09772731 0.11407364
vn -0.98848358 -0.09710115 0.11606709
vn -0.99092058 -0.08987941 0.09999051
vn -0.98921370 -0.09246024 0.11361056
vn -0.99322467 -0.08746415 0.07651653
vn -0.99483821 -0.08842986 0.04977051
vn -0.99340573 -0.11216238 -0.02376257
vn -0.99150656 -0.12312528 -0.04189172
vn -0.98902613 -0.13569271 -0.05843636
vn -0.98601945 -0.14988819 -0.07279541
vn -0.98281585 -0.16476167 -0.08322619
vn -0.97967018 -0.17986338 -0.08885659
vn -0.97429121 -0.21697251 -0.06065948
vn -0.97429555 -0.21432939 -0.06936198
vn -0.97461474 -0.21808446 -0.05064849
vn -0.97526475 -0.21747139 -0.03955824
vn -0.97619652 -0.21512016 -0.02763480
vn -0.97737276 -0.21098648 -0.01507269
vn -0.97889721 -0.20433881 -0.00243145
vn -0.98026667 -0.19749266 0.00859707
vn -0.98300078 -0.18263954 0.01876848
vn -0.98576729 -0.16303311 0.04102509
vn -0.98880547 -0.13625261 0.06081917
vn -0.99137920 -0.10557953 0.07759019
vn -0.99318045 -0.06880729 0.09411779
vn -0.89310890 -0.44903476 -0.02691231
vn -0.91895810 -0.39135676 -0.04853751
vn -0.88709389 -0.45813183 -0.05638837
vn -0.91598681 -0.39521097 -0.06911189
vn -0.88173676 -0.46438065 -0.08301138
vn -0.91364146 -0.39720835 -0.08651476
vn -0.87695630 -0.46905971 -0.10454973
vn -0.91200898 -0.39797844 -0.09926121
vn -0.87244005 -0.47322429 -0.12209475
vn -0.91072258 -0.39852972 -0.10843635
vn -0.86793086 -0.47754839 -0.13654143
vn -0.90947055 -0.39955603 -0.11497087
vn -0.86331466 -0.48233770 -0.14845245
vn -0.90807458 -0.40140134 -0.11948855
vn -0.85860285 -0.48766154 -0.15807392
vn -0.90647096 -0.40416526 -0.12231453
vn -0.85339953 -0.49394712 -0.16650971
vn -0.90469487 -0.40776824 -0.12350004
vn -0.84575044 -0.50559462 -0.17052938
vn -0.90106924 -0.41683377 -0.11968225
vn -0.83985497 -0.51777967 -0.16293511
vn -0.89796725 -0.42676972 -0.10734251
vn -0.83521169 -0.53018970 -0.14601478
vn -0.89434346 -0.43799601 -0.09115522
vn -0.83544592 -0.53478914 -0.12661241
vn -0.89367850 -0.44222885 -0.07597619
vn -0.83550954 -0.53904145 -0.10657450
vn -0.89267810 -0.44641313 -0.06197683
vn -0.77590855 -0.61472959 -0.14168079
vn -0.77479698 -0.60973667 -0.16706533
vn -0.77381580 -0.60418794 -0.19017371
vn -0.78004607 -0.59025864 -0.20766045
vn -0.78980763 -0.57594149 -0.21093910
vn -0.80252108 -0.56208116 -0.20006172
vn -0.81164452 -0.55394534 -0.18541232
vn -0.81986077 -0.54676495 -0.16993058
vn -0.82797756 -0.53987580 -0.15161555
vn -0.83587715 -0.53323731 -0.13025885
vn -0.84357619 -0.52657899 -0.10532699
vn -0.85124316 -0.51924878 -0.07593275
vn -0.85874721 -0.51047471 -0.04437106
vn -0.86351893 -0.50384951 -0.02169648
vn -0.87177332 -0.48934437 0.02352390
vn -0.86759679 -0.49726835 0.00003234
vn -0.89688066 -0.44223982 -0.00538790
vn -0.92161194 -0.38676329 -0.03233547
vn -0.81132739 -0.16040939 0.56215362
vn -0.78047201 -0.15287564 0.60621158
vn -0.75800345 -0.10938023 0.64301379
vn -0.88371305 -0.45609404 0.10502134
vn -0.88696748 -0.44155925 0.13532965
vn -0.88953247 -0.42535113 0.16675852
vn -0.89124532 -0.40750983 0.19904148
vn -0.89191561 -0.38829591 0.23176029
vn -0.89142448 -0.36792990 0.26455619
vn -0.88971298 -0.34659998 0.29711827
vn -0.88676088 -0.32457345 0.32910063
vn -0.88261018 -0.30204521 0.36023321
vn -0.87735473 -0.27915188 0.39028567
vn -0.83775596 -0.27726036 0.47041646
vn -0.87110956 -0.25611930 0.41901198
vn -0.82847193 -0.25045566 0.50090540
vn -0.81718625 -0.22687738 0.52984270
vn -0.80206675 -0.19064428 0.56598912
vn -0.86505341 -0.17305533 0.47088688
vn -0.83951996 -0.16717566 0.51697053
vn -0.82268652 -0.12513272 0.55455270
vn -0.79168454 -0.11757203 0.59951014
vn -0.77392133 -0.07946620 0.62827613
vn -0.73804611 -0.07178600 0.67092080
vn -0.72225156 -0.04090050 0.69042004
vn -0.49280165 0.70521211 0.50972779
vn -0.51462763 0.69747534 0.49868482
vn -0.71173055 -0.01902595 0.70219488
vn -0.75006649 -0.02309178 0.66095917
vn -0.75964475 -0.04697446 0.64863954
vn -0.79452981 -0.05274109 0.60493038
vn -0.80718463 -0.08667311 0.58390131
vn -0.83776950 -0.09329063 0.53799547
vn -0.85097940 -0.13193536 0.50835727
vn -0.87654952 -0.13785643 0.46114699
vn -0.88794923 -0.17793056 0.42413074
vn -0.90825679 -0.18168368 0.37690933
vn -0.91759576 -0.21572359 0.33388823
vn -0.93194451 -0.21264658 0.29370201
vn -0.93317669 -0.24037801 0.26720718
vn -0.92893841 -0.36978686 0.01819626
vn -0.90726566 -0.41609150 0.06113009
vn -0.93137473 -0.36207949 0.03794142
vn -0.91040270 -0.40464334 0.08620143
vn -0.93361259 -0.35342799 0.05878938
vn -0.91310602 -0.39193810 0.11234737
vn -0.93557032 -0.34381706 0.08061013
vn -0.91525456 -0.37799741 0.13938094
vn -0.93713813 -0.33335366 0.10318658
vn -0.91669789 -0.36301192 0.16699498
vn -0.93824774 -0.32207428 0.12633025
vn -0.91734220 -0.34711096 0.19492889
vn -0.93886495 -0.30994469 0.14988959
vn -0.91713939 -0.33036192 0.22297161
vn -0.93896000 -0.29697612 0.17366432
vn -0.91606026 -0.31289015 0.25086519
vn -0.93852851 -0.28313951 0.19747467
vn -0.91411753 -0.29476350 0.27839473
vn -0.93758325 -0.26840640 0.22112360
vn -0.91135694 -0.27601739 0.30535704
vn -0.93613642 -0.25282831 0.24438997
vn -0.90783340 -0.25677274 0.33152117
vn -0.87996893 -0.46889153 0.07612766
vn -0.87593975 -0.47993384 0.04891885
vn -0.90386034 -0.42619192 0.03737564
vn -0.90035670 -0.43488834 0.01516412
vn -0.92643085 -0.37646488 -0.00026001
vn -0.92398106 -0.38204899 -0.01725009
vn -0.94669192 -0.32021026 -0.03521068
vn -0.94559365 -0.32180232 -0.04791562
vn -0.98641007 -0.06512640 0.15084340
vn -0.68458792 0.69253519 0.22745195
vn -0.96141529 -0.04246306 0.27180422
vn -0.97521809 -0.07698708 0.20741907
vn -0.98397441 -0.11140552 0.13922342
vn -0.54604244 0.69690969 0.46492423
vn -0.78695937 -0.02469689 0.61651035
vn -0.82681064 -0.05810983 0.55947065
vn -0.85640778 -0.06299142 0.51244296
vn -0.86562613 -0.09920588 0.49076430
vn -0.89072537 -0.10430704 0.44241198
vn -0.89940676 -0.14277792 0.41313672
vn -0.91958135 -0.14658005 0.36453315
vn -0.92603462 -0.18420586 0.32943601
vn -0.94136528 -0.18537787 0.28189794
vn -0.94589554 -0.21615098 0.24199254
vn -0.95648346 -0.21016464 0.20241099
vn -0.95546588 -0.23463577 0.17897210
vn -0.96251090 -0.07693696 0.26010280
vn -0.97509457 -0.11362744 0.19047146
vn -0.98234820 -0.14438494 0.11893275
vn -0.65306892 0.70002758 0.28889856
vn -0.92536247 -0.03905089 0.37706675
vn -0.94695992 -0.07584627 0.31227273
vn -0.96361133 -0.11431392 0.24163099
vn -0.97461725 -0.14811255 0.16788058
vn -0.98022609 -0.17393124 0.09436497
vn -0.60238859 0.69541881 0.39181714
vn -0.85082089 -0.03141019 0.52451617
vn -0.88326127 -0.06729542 0.46402678
vn -0.90732318 -0.07093235 0.41440711
vn -0.91305809 -0.10848197 0.39313684
vn -0.93263313 -0.11161884 0.34312780
vn -0.93712236 -0.14914166 0.31552884
vn -0.95208954 -0.15034117 0.26631379
vn -0.95434018 -0.18507948 0.23447901
vn -0.96506767 -0.18317359 0.18732812
vn -0.96570967 -0.21071233 0.15167448
vn -0.97298198 -0.20124088 0.11317320
vn -0.97044026 -0.22256628 0.09332709
vn -0.64964672 0.69320715 0.31212655
vn -0.90340908 -0.03726931 0.42715691
vn -0.92856244 -0.07381334 0.36376282
vn -0.94947199 -0.11360261 0.29257031
vn -0.96456092 -0.15004415 0.21704606
vn -0.97365751 -0.17951545 0.14058896
vn -0.97803721 -0.19835438 0.06402155
vn -0.96405410 -0.25917551 -0.05854700
vn -0.96419296 -0.26045257 -0.04996385
vn -0.96447883 -0.26111136 -0.04001799
vn -0.96491065 -0.26100052 -0.02874305
vn -0.96546553 -0.26002432 -0.01623780
vn -0.96613008 -0.25804225 -0.00262153
vn -0.96690050 -0.25487196 0.01198794
vn -0.96775848 -0.25038364 0.02741456
vn -0.96868396 -0.24446216 0.04347001
vn -0.96964924 -0.23704111 0.05993220
vn -0.97061370 -0.22813843 0.07656312
vn -0.94797933 -0.31755301 -0.02225481
vn -0.94935138 -0.31411531 -0.00796992
vn -0.95072472 -0.30994531 0.00751035
vn -0.95205659 -0.30497053 0.02410863
vn -0.95327904 -0.29920263 0.04167554
vn -0.95434988 -0.29258901 0.06006642
vn -0.95525007 -0.28500911 0.07916504
vn -0.95595408 -0.27639014 0.09879413
vn -0.95644772 -0.26664315 0.11878214
vn -0.95672077 -0.25570247 0.13893026
vn -0.95675506 -0.24358738 0.15901239
vn -0.97414202 -0.21978594 0.05235898
vn -0.96404850 -0.25764109 -0.06505041
vn -0.96398059 -0.25604785 -0.07197858
vn -0.94379012 -0.32412217 -0.06484617
vn -0.96527599 -0.24929149 -0.07807694
vn -0.94333939 -0.32264716 -0.07752166
vn -0.96720866 -0.24118964 -0.07959250
vn -0.94380270 -0.31940478 -0.08495321
vn -0.96963289 -0.23231508 -0.07643139
vn -0.94483693 -0.31545030 -0.08817192
vn -0.97219873 -0.22354514 -0.06969360
vn -0.94606389 -0.31172007 -0.08828201
vn -0.97458837 -0.21567261 -0.06052130
vn -0.94717776 -0.30889124 -0.08625832
vn -0.97658429 -0.20926385 -0.04991757
vn -0.94799978 -0.30731282 -0.08279635
vn -0.97808690 -0.20458397 -0.03861875
vn -0.94845199 -0.30709162 -0.07831703
vn -0.97907684 -0.20167690 -0.02711020
vn -0.94888378 -0.30737378 -0.07170028
vn -0.97996290 -0.19874911 -0.01309591
vn -0.94775091 -0.31339503 -0.05959662
vn -0.97940308 -0.20180600 0.00662859
vn -0.94629112 -0.32052307 -0.04240378
vn -0.97822839 -0.20563179 0.02801417
vn -0.94359120 -0.33002044 -0.02687295
vn -0.97627551 -0.21220900 0.04305188
vn -0.94244472 -0.33398132 -0.01595068
vn -0.97528605 -0.21515082 0.05027178
vn -0.94100493 -0.33829519 -0.00812930
vn 0.70017808 0.69007769 0.18314867
vn 0.69607011 0.69893077 0.16426255
vn 0.39053048 0.69908996 0.59896508
vn 0.43806629 0.69305038 0.57251995
vn 0.57433975 0.69599783 0.43095344
vn 0.71253704 0.68840731 0.13559626
vn 0.47832326 0.69847987 0.53229009
vn 0.23038327 0.69815762 0.67786392
vn -0.25874431 0.69815195 0.66755917
vn -0.30095817 0.69830445 0.64945752
vn -0.27711619 0.70619988 0.65152770
vn 0.68379289 0.69215807 0.23096426
vn 0.66914964 0.69958709 0.25063252
vn 0.66748026 0.69245617 0.27381481
vn 0.65077056 0.70064354 0.29256848
vn 0.48944134 0.70493589 0.51333475
vn 0.51148492 0.69714287 0.50236938
vn 0.54650603 0.69517264 0.46697554
vn 0.55275767 0.70314685 0.44726218
vn -0.35794211 0.70585068 0.61127103
vn -0.34214165 0.69828793 0.62875517
vn -0.31799658 0.70629182 0.63247928
vn -0.38111200 0.69846741 0.60572016
vn 0.60239444 0.69512836 0.39232322
vn 0.60844658 0.70270937 0.36877133
vn 0.62696218 0.69447924 0.35301135
vn 0.64778066 0.69372306 0.31484684
vn 0.27073511 0.69812146 0.66281892
vn 0.28936213 0.70594454 0.64646103
vn 0.31221932 0.69875268 0.64363327
vn 0.32934457 0.70682254 0.62604637
vn 0.35293655 0.69891973 0.62205065
vn 0.36859188 0.70697639 0.60359292
vn 0.00794826 0.69698675 0.71703995
vn -0.01583686 0.70503294 0.70899770
vn -0.03817386 0.69765951 0.71541175
vn -0.14953812 0.70504101 0.69322112
vn -0.12925735 0.69767144 0.70466099
vn -0.23568520 0.70543760 0.66843869
vn -0.21587765 0.69753449 0.68325872
vn -0.17411487 0.69727067 0.69533994
vn 0.18621885 0.69866298 0.69079127
vn 0.20546470 0.70618256 0.67756213
vn -0.10521610 0.70562462 0.70073067
vn -0.08386953 0.69778349 0.71138183
vn -0.06059236 0.70564851 0.70596653
vn 0.14176602 0.69848971 0.70143746
vn 0.16226200 0.70651852 0.68884150
vn 0.05149455 0.69702423 0.71519615
vn 0.07451389 0.70494215 0.70533981
vn 0.09687427 0.69794701 0.70956701
vn 0.11862826 0.70606985 0.69813516
vn 0.71815294 0.68888178 0.09847969
vn 0.71015187 0.70065761 0.06901615
vn 0.72920167 0.68321057 0.03857788
vn 0.92576608 -0.03749634 0.37623289
vn 0.90337716 -0.03609203 0.42732549
vn 0.90745987 -0.07029021 0.41421718
vn 0.95452178 -0.23944967 0.17762888
vn 0.95645641 -0.24531730 0.15814726
vn 0.97026491 -0.22978830 0.07604831
vn 0.86380302 -0.47147206 0.17764695
vn 0.86057677 -0.48894133 0.14263238
vn 0.88293558 -0.45852101 0.10091207
vn 0.73488596 -0.67340956 -0.08038774
vn 0.76674109 -0.63790172 -0.07203817
vn 0.77907868 -0.61695583 -0.11136387
vn 0.79470599 -0.60531598 -0.04511049
vn 0.82903184 -0.55665815 -0.05327198
vn 0.83577426 -0.54248449 -0.08480550
vn 0.98233040 -0.18632882 0.01756567
vn 0.99341971 -0.04140636 0.10678387
vn 0.69631171 -0.47557292 0.53756897
vn 0.69655498 -0.47524140 0.53754700
vn 0.86061571 -0.35772516 0.36245457
vn 0.70748004 -0.62816641 0.32385022
vn 0.71297238 -0.63502195 0.29735082
vn 0.64557324 -0.72069204 -0.25266218
vn 0.64543226 -0.72078049 -0.25277001
vn 0.71458381 -0.66267712 -0.22411828
vn 0.65063043 -0.73626643 -0.18598870
vn 0.65397244 -0.73669215 -0.17206025
vn 0.71935714 -0.67536605 -0.16249924
vn 0.64633543 -0.74902163 -0.14566094
vn 0.64633772 -0.74902094 -0.14565433
vn 0.72044683 -0.68145843 -0.12872748
vn 0.64345201 -0.75367719 -0.13394109
vn 0.64090327 -0.75792758 -0.12160911
vn 0.64252294 -0.74823350 -0.16526010
vn 0.64222317 -0.73896639 -0.20366166
vn 0.71624490 -0.66993280 -0.19540544
vn 0.64619872 -0.73153757 -0.21743964
vn 0.64461993 -0.72589563 -0.23987639
vn 0.64413050 -0.72953340 -0.22994982
vn 0.64657922 -0.72801472 -0.22788129
vn 0.72398059 -0.64599175 -0.24196439
vn 0.63886183 -0.71270542 -0.28966627
vn 0.64819635 -0.70955990 -0.27634442
vn 0.63611947 -0.72325826 -0.26879269
vn 0.74054215 -0.62747039 -0.24057897
vn 0.64208882 -0.71055181 -0.28781604
vn 0.63860891 -0.71313571 -0.28916453
vn 0.65627590 -0.70611476 -0.26590202
vn 0.65544609 -0.70446080 -0.27225982
vn 0.75826944 -0.61160099 -0.22576910
vn 0.65403374 -0.70372309 -0.27751340
vn 0.64382462 -0.70964095 -0.28618102
vn 0.66248273 -0.70716091 -0.24706289
vn 0.66248104 -0.70716151 -0.24706570
vn 0.77165928 -0.60173736 -0.20604395
vn 0.65949349 -0.70745350 -0.25412179
vn 0.65627645 -0.70611466 -0.26590093
vn 0.66509544 -0.70910997 -0.23411773
vn 0.78399087 -0.59239331 -0.18554913
vn 0.66825737 -0.70880957 -0.22587847
vn 0.67224476 -0.71199165 -0.20286661
vn 0.67224545 -0.71199079 -0.20286735
vn 0.79600159 -0.58327576 -0.16177409
vn 0.67091668 -0.71077548 -0.21135049
vn 0.66825669 -0.70881021 -0.22587848
vn 0.67637653 -0.71250169 -0.18669796
vn 0.80748089 -0.57433457 -0.13458977
vn 0.67980801 -0.71487590 -0.16374833
vn 0.68509290 -0.71574231 -0.13550149
vn 0.68514636 -0.71333438 -0.14740598
vn 0.81844332 -0.56515919 -0.10366112
vn 0.68751436 -0.71073971 -0.14890626
vn 0.68770714 -0.71058668 -0.14874629
vn 0.69461040 -0.71577286 -0.07201107
vn 0.69193517 -0.71626103 -0.09053095
vn 0.82901652 -0.55508420 -0.06792007
vn 0.69130237 -0.71472690 -0.10614378
vn 0.69096093 -0.71315921 -0.11822409
vn 0.68888401 -0.71492700 -0.11965872
vn 0.69850698 -0.71509277 -0.02702455
vn 0.69649667 -0.71627821 -0.04287099
vn 0.83624238 -0.54741915 -0.03210838
vn 0.69844547 -0.71316430 -0.05975451
vn 0.69771659 -0.71383433 -0.06026698
vn 0.70089008 -0.71323052 0.00743801
vn 0.70088861 -0.71323197 0.00743672
vn 0.83938879 -0.54349537 -0.00626482
vn 0.69813980 -0.71591705 -0.00797538
vn 0.69850926 -0.71509065 -0.02702165
vn 0.70329836 -0.70946237 0.04510605
vn 0.70329857 -0.70946241 0.04510211
vn 0.84597544 -0.53277825 0.02174607
vn 0.70018496 -0.71341239 0.02799636
vn 0.70201111 -0.70895752 0.06752512
vn 0.85063696 -0.52355044 0.04808013
vn 0.70507901 -0.70395351 0.08551634
vn 0.70778408 -0.69093747 0.14712958
vn 0.70514221 -0.69799141 0.12482970
vn 0.85468921 -0.51318269 0.07842113
vn 0.70328970 -0.70271021 0.10761946
vn 0.70507778 -0.70395447 0.08551856
vn 0.71221381 -0.66973099 0.21026622
vn 0.70754273 -0.68099163 0.18876886
vn 0.85718807 -0.50325492 0.10937593
vn 0.70530338 -0.68974201 0.16371654
vn 0.71139062 -0.68326203 0.16454906
vn 0.70442888 -0.67810602 0.20964775
vn 0.70665769 -0.66800902 0.23323563
vn 0.71297031 -0.63502640 0.29734627
vn 0.70421036 -0.65436101 0.27549853
vn 0.71135625 -0.65427106 0.25671317
vn 0.70579871 -0.60408010 0.37004786
vn 0.71105444 -0.61317111 0.34412610
vn 0.86607658 -0.45192323 0.21372120
vn 0.71105655 -0.61316745 0.34412826
vn 0.70316216 -0.57822309 0.41378864
vn 0.70753580 -0.58923915 0.39011577
vn 0.86720782 -0.43029487 0.25059313
vn 0.70753627 -0.58923834 0.39011614
vn 0.70207136 -0.52310875 0.48316979
vn 0.70881971 -0.53253326 0.46258290
vn 0.86639718 -0.40698956 0.28933618
vn 0.70882286 -0.53253499 0.46257608
vn 0.70253250 -0.55223697 0.44886793
vn 0.69811002 -0.49281021 0.51940398
vn 0.70330478 -0.50605953 0.49926559
vn 0.86377326 -0.38418502 0.32603317
vn 0.70329933 -0.50606310 0.49926965
vn 0.69249309 -0.45989890 0.55582940
vn 0.85514540 -0.33105104 0.39891296
vn 0.68912305 -0.42599438 0.58620663
vn 0.68010650 -0.37005635 0.63286132
vn 0.67720843 -0.37405968 0.63361510
vn 0.82333583 -0.31341251 0.47317091
vn 0.67605798 -0.38996154 0.62520046
vn 0.69275465 -0.40574696 0.59620500
vn 0.67384346 -0.35408710 0.64850391
vn 0.81201754 -0.27924278 0.51249487
vn 0.67077462 -0.33594486 0.66121287
vn 0.80050067 -0.25027283 0.54457524
vn 0.66839364 -0.31758958 0.67259706
vn 0.67214329 -0.33415816 0.66072817
vn 0.65880768 -0.23780853 0.71373633
vn 0.65692958 -0.25834952 0.70830718
vn 0.78684609 -0.22021965 0.57652107
vn 0.66171603 -0.28026821 0.69540033
vn 0.66396646 -0.29724877 0.68614263
vn 0.65526526 -0.18424789 0.73258457
vn 0.77283616 -0.19163069 0.60498095
vn 0.64632366 -0.17530891 0.74265235
vn 0.74851294 -0.14323975 0.64746486
vn 0.63608319 -0.15175659 0.75655014
vn 0.63272485 -0.14903091 0.75990068
vn 0.65172377 -0.20284903 0.73082721
vn 0.65275311 -0.22438900 0.72357650
vn 0.66243238 -0.21866696 0.71649711
vn 0.62320655 -0.08366898 0.77756871
vn 0.62400544 -0.09748125 0.77531582
vn 0.72227387 -0.10065059 0.68424405
vn 0.63424008 -0.12043896 0.76369757
vn 0.63349519 -0.13613969 0.76167567
vn 0.62130409 -0.07308425 0.78015378
vn 0.70011543 -0.06263947 0.71127680
vn 0.61507278 -0.05319486 0.78667387
vn 0.60752466 -0.02673534 0.79385075
vn 0.60888024 -0.02841336 0.79275314
vn 0.68253131 -0.03238358 0.73013856
vn 0.61198204 -0.04604801 0.78952996
vn 0.61418118 -0.05221462 0.78743578
vn 0.66950375 -0.01389958 0.74267862
vn 0.60441754 -0.00835832 0.79662386
vn 0.60599951 -0.01081536 0.79539149
vn 0.61064070 -0.01815787 0.79169958
vn 0.75054834 -0.01965672 0.66052312
vn 0.85017420 -0.03113086 0.52558035
vn 0.96182143 -0.03973927 0.27077728
vn 0.97708687 -0.03937087 0.20916784
vn 0.99352029 -0.07216207 0.08780700
vn 0.99168983 -0.10445189 0.07510719
vn 0.98903144 -0.13570667 0.05831383
vn 0.98605826 -0.16220815 0.03711632
vn 0.97947272 -0.20127633 0.01100125
vn 0.97800605 -0.20857630 -0.00030398
vn 0.97662237 -0.21454002 -0.01346548
vn 0.97541479 -0.21880634 -0.02626349
vn 0.97447389 -0.22117922 -0.03847573
vn 0.97384374 -0.22168465 -0.04984268
vn 0.97355866 -0.22038374 -0.06012107
vn 0.97362925 -0.21742446 -0.06908460
vn 0.97404784 -0.21300169 -0.07655772
vn 0.97478527 -0.20737665 -0.08239294
vn 0.97579928 -0.20082946 -0.08650603
vn 0.97773948 -0.19032257 -0.08833358
vn 0.97895685 -0.18338608 -0.08951552
vn 0.98258550 -0.16623943 -0.08300715
vn 0.98611951 -0.14970608 -0.07180803
vn 0.98843301 -0.09378146 0.11918570
vn 0.98915835 -0.09264292 0.11394318
vn 0.99073618 -0.08767784 0.10370355
vn 0.98847553 -0.09727419 0.11599074
vn 0.98896662 -0.10087357 0.10848756
vn 0.99134670 -0.04475553 0.12340446
vn 0.98967089 -0.10601783 0.09649736
vn 0.99145328 -0.04558558 0.12223891
vn 0.93978965 -0.34169125 0.00651885
vn 0.95818702 -0.28507786 0.02466290
vn 0.97311328 -0.22464592 0.05084058
vn 0.97301908 -0.22557465 0.04847630
vn 0.98351213 -0.16618181 0.07132663
vn 0.91643991 -0.39997846 -0.01245524
vn 0.91668847 -0.39934213 -0.01442607
vn 0.93913868 -0.34353274 -0.00194825
vn 0.91644872 -0.39986682 -0.01510832
vn 0.83506560 -0.54865262 -0.04056779
vn 0.85035286 -0.52563245 -0.02470918
vn 0.89100375 -0.45171921 -0.04541016
vn 0.87423691 -0.48423853 -0.03496960
vn 0.89725352 -0.44093488 -0.02263979
vn 0.77337943 -0.63106002 -0.06039457
vn 0.70280886 -0.70585185 -0.08850355
vn 0.69983339 -0.70830469 -0.09239958
vn 0.64512930 -0.75693175 -0.10422341
vn 0.83536496 -0.53990106 -0.10330653
vn 0.89238233 -0.44728759 -0.05989654
vn 0.83524451 -0.53574219 -0.12388268
vn 0.89339468 -0.44312996 -0.07403907
vn 0.83490634 -0.53101772 -0.14474664
vn 0.89407528 -0.43873015 -0.09025100
vn 0.83970108 -0.51855093 -0.16126696
vn 0.89789050 -0.42736810 -0.10558957
vn 0.84584352 -0.50592446 -0.16908335
vn 0.90123543 -0.41698613 -0.11788669
vn 0.85356088 -0.49401909 -0.16546590
vn 0.90496135 -0.40768264 -0.12181879
vn 0.85842767 -0.48786745 -0.15838965
vn 0.90645180 -0.40429175 -0.12203817
vn 0.86318572 -0.48239285 -0.14902197
vn 0.90807300 -0.40141409 -0.11945777
vn 0.86783118 -0.47748674 -0.13738794
vn 0.90946516 -0.39949697 -0.11521842
vn 0.87233301 -0.47311674 -0.12327071
vn 0.91068202 -0.39846587 -0.10901012
vn 0.87678702 -0.46902102 -0.10613105
vn 0.91188814 -0.39801342 -0.10022642
vn 0.88144539 -0.46456146 -0.08506863
vn 0.91339469 -0.39746538 -0.08792848
vn 0.88663794 -0.45869135 -0.05895264
vn 0.91558588 -0.39580620 -0.07099264
vn 0.89061121 -0.45366455 -0.03162512
vn 0.91743231 -0.39448270 -0.05197461
vn 0.89608276 -0.44380454 -0.00855621
vn 0.91939542 -0.39170011 -0.03582021
vn 0.89954775 -0.43666093 0.01187802
vn 0.92323034 -0.38377439 -0.01905135
vn 0.90306267 -0.42815945 0.03401899
vn 0.77601077 -0.61560083 -0.13726945
vn 0.77477057 -0.61072834 -0.16352817
vn 0.77354955 -0.60505648 -0.18848807
vn 0.77981130 -0.59114073 -0.20602661
vn 0.78975814 -0.57642159 -0.20980999
vn 0.80251710 -0.56228734 -0.19949748
vn 0.81127780 -0.55421193 -0.18621887
vn 0.81957205 -0.54686342 -0.17100307
vn 0.82776049 -0.53982753 -0.15296671
vn 0.83569841 -0.53310390 -0.13194093
vn 0.84337326 -0.52648012 -0.10742543
vn 0.85094590 -0.51934948 -0.07853149
vn 0.85883958 -0.51025150 -0.04514401
vn 0.86827004 -0.49604428 -0.00687116
vn 0.87090891 -0.49105307 0.01960986
vn 0.87507886 -0.48189482 0.04488170
vn 0.87913745 -0.47109431 0.07202427
vn 0.89097352 -0.10399380 0.44198584
vn 0.88340033 -0.06660234 0.46386203
vn 0.87807153 -0.03400626 0.47731955
vn 0.87693965 -0.13793746 0.46038039
vn 0.86588986 -0.09886593 0.49036750
vn 0.85654620 -0.06224869 0.51230236
vn 0.86560957 -0.17359915 0.46966308
vn 0.85140879 -0.13202367 0.50761483
vn 0.83804828 -0.09292145 0.53762504
vn 0.82694614 -0.05731925 0.55935193
vn 0.81936473 -0.02811036 0.57258297
vn 0.90206607 -0.24673762 0.35411488
vn 0.86292850 -0.24300905 0.44305869
vn 0.90778991 -0.25880977 0.33005299
vn 0.87127288 -0.25836073 0.41729283
vn 0.91127118 -0.27816489 0.30365956
vn 0.87747161 -0.28155265 0.38829330
vn 0.91397849 -0.29700823 0.27645872
vn 0.88266344 -0.30458941 0.35795327
vn 0.91585659 -0.31521741 0.24868594
vn 0.88673308 -0.32724309 0.32652169
vn 0.91685838 -0.33276190 0.22054528
vn 0.88958596 -0.34937890 0.29422985
vn 0.91697712 -0.34955273 0.19226504
vn 0.89118652 -0.37077422 0.26136768
vn 0.91624231 -0.36547000 0.16410884
vn 0.94619186 -0.32148891 -0.03695739
vn 0.94747380 -0.31892645 -0.02406908
vn 0.92827415 -0.37156987 0.01558644
vn 0.93074245 -0.36396301 0.03534703
vn 0.90969805 -0.40691673 0.08287477
vn 0.91247535 -0.39431100 0.10912179
vn 0.88893880 -0.42809754 0.16285053
vn 0.89076397 -0.41035256 0.19532110
vn 0.82272944 -0.22910917 0.52021655
vn 0.83573444 -0.24889610 0.48948817
vn 0.84488300 -0.27508058 0.45880648
vn 0.85125825 -0.30507219 0.42695474
vn 0.78525570 -0.02325805 0.61873464
vn 0.75976842 -0.04609277 0.64855794
vn 0.79465952 -0.05190369 0.60483242
vn 0.77421958 -0.07903649 0.62796280
vn 0.80747388 -0.08627358 0.58356046
vn 0.79218358 -0.11766332 0.59883263
vn 0.82315124 -0.12522446 0.55384192
vn 0.81201732 -0.16105706 0.56097103
vn 0.84014239 -0.16777557 0.51576362
vn 0.83349971 -0.20940215 0.51130126
vn 0.85529886 -0.21008291 0.47363386
vn 0.80437483 -0.19543535 0.56105806
vn 0.78122846 -0.15356596 0.60506165
vn 0.75853450 -0.10946684 0.64237250
vn 0.73834897 -0.07132589 0.67063657
vn 0.72236850 -0.03997796 0.69035173
vn 0.71174074 -0.01646048 0.70224936
vn 0.69584704 -0.40093515 0.59585896
vn 0.98936059 -0.13397988 -0.05670100
vn 0.96386571 -0.26145732 -0.05101923
vn 0.94885222 -0.31556808 -0.00981064
vn 0.93302507 -0.35538650 0.05625531
vn 0.91470636 -0.38044019 0.13629943
vn 0.89155786 -0.39116231 0.22829067
vn 0.94604538 -0.32017449 -0.04986410
vn 0.92575353 -0.37811690 -0.00283082
vn 0.90650222 -0.41823198 0.05775585
vn 0.88627287 -0.44416584 0.13129015
vn 0.96954089 -0.22671085 0.09269657
vn 0.96413807 -0.26219630 -0.04112031
vn 0.96455713 -0.26217869 -0.02986446
vn 0.96510212 -0.26129893 -0.01734297
vn 0.96575937 -0.25941336 -0.00368079
vn 0.96652483 -0.25633715 0.01100105
vn 0.96738307 -0.25192548 0.02652432
vn 0.96831221 -0.24606670 0.04269241
vn 0.96928696 -0.23868054 0.05928233
vn 0.98246157 -0.14427707 0.11812447
vn 0.98034800 -0.17383137 0.09327618
vn 0.97669237 -0.20676652 0.05761618
vn 0.97160966 -0.20841083 0.11198030
vn 0.97382107 -0.17951230 0.13945559
vn 0.95639889 -0.25745616 0.13790390
vn 0.95610201 -0.26840234 0.11759729
vn 0.95558490 -0.27813533 0.09745892
vn 0.95485541 -0.28673317 0.07768682
vn 0.95393098 -0.29427476 0.05846416
vn 0.95283534 -0.30084446 0.03996772
vn 0.95158960 -0.30655991 0.02232175
vn 0.95024003 -0.31146687 0.00568101
vn 0.96476114 -0.21922032 0.14552800
vn 0.98526166 -0.07259593 0.15488478
vn 0.98407450 -0.11119580 0.13868263
vn 0.97522425 -0.11340625 0.18993866
vn 0.97476899 -0.14804422 0.16705783
vn 0.96475141 -0.15001295 0.21621940
vn 0.96527697 -0.18326376 0.18615791
vn 0.95459940 -0.18525814 0.23327967
vn 0.95524577 -0.21754378 0.20045006
vn 0.94539091 -0.22477759 0.23603191
vn 0.93234557 -0.24580681 0.26516174
vn 0.97546268 -0.07588813 0.20667259
vn 0.96376839 -0.11407988 0.24111464
vn 0.95232008 -0.15034139 0.26548811
vn 0.94167764 -0.18564102 0.28067887
vn 0.93099305 -0.22025216 0.29110296
vn 0.93594009 -0.25468904 0.24320700
vn 0.93735313 -0.27033297 0.21974801
vn 0.93825887 -0.28511808 0.19590296
vn 0.93864582 -0.29898858 0.17190070
vn 0.93849892 -0.31198630 0.14793354
vn 0.93782684 -0.32412447 0.12419399
vn 0.93665980 -0.33539525 0.10088824
vn 0.93503381 -0.34583334 0.07817334
vn 0.96262133 -0.07645076 0.25983736
vn 0.94708281 -0.07530735 0.31203038
vn 0.94965503 -0.11335261 0.29207280
vn 0.93284037 -0.11135068 0.34265123
vn 0.93739314 -0.14916962 0.31471023
vn 0.91989317 -0.14663005 0.36372543
vn 0.92640368 -0.18454792 0.32820463
vn 0.90868599 -0.18209926 0.37567224
vn 0.91758442 -0.22445752 0.32811224
vn 0.89791930 -0.21749181 0.38267249
vn 0.94484066 -0.03909626 0.32518857
vn 0.92869403 -0.07322238 0.36354626
vn 0.91328716 -0.10819290 0.39268418
vn 0.89975843 -0.14284574 0.41234678
vn 0.88844127 -0.17841194 0.42289632
vn 0.88049410 -0.21907543 0.42039992
vn 0.99307271 -0.08427985 0.08187494
vn 0.99372899 -0.10984526 -0.02089751
vn 0.99489013 -0.10094265 -0.00205322
vn 0.99485202 -0.08456769 0.05583686
vn 0.99539545 -0.08953602 0.03422274
vn 0.99540109 -0.09439354 0.01632594
vn 0.99200959 -0.12004418 -0.03881197
vn 0.94072724 -0.33908918 -0.00712707
vn 0.97406994 -0.22000169 0.05279221
vn 0.94221680 -0.33468304 -0.01465490
vn 0.97511307 -0.21571661 0.05119414
vn 0.94344715 -0.33049105 -0.02613696
vn 0.97623534 -0.21222745 0.04386416
vn 0.94626581 -0.32083791 -0.04054700
vn 0.97817475 -0.20563071 0.02983583
vn 0.94788664 -0.31336954 -0.05753648
vn 0.97939691 -0.20176042 0.00862676
vn 0.94913756 -0.30713761 -0.06931366
vn 0.98004226 -0.19853017 -0.01014605
vn 0.94850738 -0.30715008 -0.07741178
vn 0.97908626 -0.20181690 -0.02569108
vn 0.94805575 -0.30732039 -0.08212474
vn 0.97809794 -0.20475772 -0.03739911
vn 0.94721541 -0.30888767 -0.08585675
vn 0.97658395 -0.20949839 -0.04893068
vn 0.94605927 -0.31175912 -0.08819365
vn 0.97456155 -0.21599463 -0.05980053
vn 0.94475790 -0.31560931 -0.08844932
vn 0.97212787 -0.22398336 -0.06927384
vn 0.94361873 -0.31976513 -0.08563846
vn 0.96950254 -0.23288850 -0.07633990
vn 0.94303432 -0.32327126 -0.07862546
vn 0.96701291 -0.24189230 -0.07983821
vn 0.94338573 -0.32486637 -0.06697171
vn 0.96501404 -0.25012187 -0.07865715
vn 0.96351938 -0.25739647 -0.07333114
vn 0.96292914 -0.26135123 -0.06680577
vn 0.96373595 -0.26024930 -0.05901959
vn 0.99199732 -0.10520572 0.06980735
vn 0.99091126 -0.10260310 0.08699121
vn 0.63725136 -0.76701362 -0.07483855
vn 0.62866666 -0.77551258 -0.05795237
vn 0.71557484 -0.69763684 -0.03543286
vn 0.62866655 -0.77551261 -0.05795313
vn 0.62634862 -0.77850457 -0.04022490
vn 0.43924553 -0.56009725 -0.70239194
vn 0.47530045 -0.53116685 -0.70139237
vn 0.48653937 -0.50561665 -0.71248245
vn 0.78246005 -0.62235962 -0.02060996
vn 0.84233658 -0.53881651 -0.01207683
vn 0.89791514 -0.44015799 0.00305651
vn 0.95115816 -0.30743941 0.02791359
vn 0.94032160 -0.33998543 0.01432492
vn 0.97380187 -0.22269914 0.04598919
vn 0.99340059 -0.10368529 0.04903700
vn 0.75825237 -0.06556689 -0.64865579
vn 0.71986409 -0.05701132 -0.69176976
vn 0.72051320 -0.09728041 -0.68658375
vn 0.97541246 -0.21777169 0.03385307
vn 0.71418436 -0.13235167 -0.68733088
vn 0.66503555 -0.24627000 -0.70503816
vn 0.68428254 -0.22424214 -0.69388246
vn 0.94342055 -0.33094399 0.02082626
vn 0.69824286 -0.18778398 -0.69079237
vn 0.69322297 -0.15916458 -0.70292855
vn 0.84502555 -0.53458921 0.01209120
vn 0.60437868 -0.36893103 -0.70612768
vn 0.62761965 -0.35427427 -0.69324117
vn 0.90104348 -0.43353306 0.01302837
vn 0.64604534 -0.31256885 -0.69636638
vn 0.65433310 -0.28496822 -0.70045793
vn 0.67011654 -0.28298896 -0.68619318
vn 0.51421889 -0.49353143 -0.70143115
vn 0.54168816 -0.46796856 -0.69826884
vn 0.55067882 -0.44211507 -0.70801632
vn 0.79446762 -0.60729221 0.00416775
vn 0.57805527 -0.42830942 -0.69455248
vn 0.59881713 -0.39636114 -0.69592808
vn 0.94200394 -0.33508785 0.01856634
vn 0.97456928 -0.22051582 0.03984331
vn 0.32152835 -0.61215593 -0.72241584
vn 0.30311459 -0.63935524 -0.70664448
vn 0.28973232 -0.63062208 -0.71997984
vn 0.26647662 -0.64802823 -0.71347714
vn 0.23547129 -0.65816752 -0.71510054
vn 0.21446048 -0.65676838 -0.72295366
vn 0.19695411 -0.67375460 -0.71222455
vn 0.18615743 -0.66615934 -0.72220298
vn -0.07528877 -0.69505368 -0.71500489
vn -0.04137061 -0.68816262 -0.72437606
vn 0.00062171 -0.69473708 -0.71926352
vn -0.03980620 -0.70477365 -0.70831460
vn 0.16288021 -0.67853497 -0.71628230
vn 0.12561479 -0.68642996 -0.71626450
vn 0.10030198 -0.67991544 -0.72639831
vn 0.08190431 -0.69289053 -0.71637587
vn 0.05922475 -0.68362133 -0.72742994
vn 0.03296114 -0.69957377 -0.71379977
vn 0.02135998 -0.68967484 -0.72380409
vn 0.38373569 -0.58992020 -0.71045132
vn 0.35947619 -0.59439431 -0.71935545
vn 0.34799943 -0.61208924 -0.71010081
vn -0.30810726 -0.62253090 -0.71939224
vn -0.34000251 -0.61625249 -0.71037396
vn -0.37104769 -0.59871196 -0.70983632
vn -0.38607431 -0.57931190 -0.71787489
vn -0.39971971 -0.57600330 -0.71305284
vn -0.10947596 -0.68914612 -0.71630485
vn -0.15071235 -0.68177957 -0.71586480
vn -0.17062640 -0.66622322 -0.72597056
vn -0.19441431 -0.67193201 -0.71464008
vn -0.25805419 -0.65131031 -0.71358455
vn -0.27302666 -0.63351221 -0.72396045
vn -0.30853995 -0.63841911 -0.70514122
vn -0.21083853 -0.65568293 -0.72500139
vn -0.23413317 -0.65872309 -0.71502835
vn 0.50683993 -0.12521083 0.85289831
vn 0.52450558 -0.01435522 0.85128598
vn 0.45570646 -0.01646741 0.88997778
vn 0.38382665 -0.01694207 0.92324973
vn 0.31070716 -0.01848670 0.95032589
vn 0.23427098 -0.02075042 0.97194986
vn 0.15687150 -0.02190774 0.98737601
vn 0.07847020 -0.02197336 0.99667427
vn 0.00052565 -0.02250699 0.99974655
vn -0.07874448 -0.02332585 0.99662190
vn -0.15710566 -0.02285197 0.98731738
vn -0.23458114 -0.02116428 0.97186612
vn -0.30977450 -0.01996008 0.95060052
vn -0.38421003 -0.01949773 0.92303981
vn -0.45608738 -0.01801673 0.88975261
vn -0.52117101 -0.03791627 0.85260961
vn -0.50123434 -0.18296930 0.84574604
vn -0.49314851 -0.59868141 0.63117757
vn -0.49480006 -0.65234132 0.57412865
vn -0.51957779 -0.85430086 -0.01445536
vn 0.00108307 -0.99745102 -0.07134621
vn 0.24103329 -0.96825936 -0.06615713
vn 0.39454757 -0.91712680 -0.05666253
vn 0.53397572 -0.84463650 -0.03819822
vn 0.46412814 -0.88448878 -0.04758846
vn 0.31655101 -0.94672336 -0.05924812
vn 0.16081821 -0.98470466 -0.06703899
vn 0.07929033 -0.99443640 -0.06934900
vn -0.07846924 -0.99426831 -0.07261615
vn -0.23937448 -0.96889382 -0.06280627
vn -0.31709694 -0.94661832 -0.05799383
vn -0.39419593 -0.91750273 -0.05289910
vn -0.46355499 -0.88471957 -0.04886772
vn -0.53206759 -0.84580815 -0.03889288
vn -0.55029376 -0.82470475 -0.13053301
vn -0.53831752 -0.83929173 -0.07618159
vn -0.55847155 -0.80900407 -0.18336288
vn -0.56328000 -0.79423641 -0.22782487
vn -0.56317918 -0.78355094 -0.26244454
vn -0.54860977 -0.77606351 -0.31105104
vn -0.56023975 -0.77603729 -0.28965073
vn -0.53634467 -0.78469488 -0.31078664
vn -0.53170985 -0.79284443 -0.29779582
vn -0.52729450 -0.80268905 -0.27865893
vn -0.52431166 -0.81328202 -0.25232843
vn -0.52215543 -0.82468212 -0.21737782
vn -0.52108461 -0.83448579 -0.17917674
vn -0.52140314 -0.84859843 -0.08955143
vn -0.52521614 -0.84282006 -0.11748342
vn -0.52236212 -0.83965971 -0.14869225
vn -0.52060299 -0.85212914 -0.05337101
vn -0.51800650 -0.85488484 0.02900309
vn -0.51641567 -0.85295758 0.07601462
vn -0.51478711 -0.84764506 0.12842153
vn -0.51249762 -0.83862173 0.18455294
vn -0.51021261 -0.82403071 0.24628536
vn -0.50784984 -0.80362864 0.31027335
vn -0.50540633 -0.77599554 0.37735310
vn -0.50061444 -0.74311710 0.44402945
vn -0.49814693 -0.70010106 0.51157417
vn -0.49058258 -0.54229624 0.68208762
vn -0.48873386 -0.48404911 0.72583447
vn -0.48933363 -0.42542741 0.76129108
vn -0.49143777 -0.37143012 0.78773637
vn -0.49269219 -0.31957034 0.80940052
vn -0.49510668 -0.27201394 0.82515319
vn -0.49834090 -0.22790585 0.83648985
vn -0.50651486 -0.12633502 0.85292564
vn -0.51346526 -0.07294699 0.85500419
vn -0.52457125 -0.01582084 0.85121954
vn 0.52081144 -0.03578951 0.85292119
vn 0.51466030 -0.07309240 0.85427295
vn 0.50080574 -0.18248536 0.84610443
vn 0.49825874 -0.22816891 0.83646708
vn 0.49491288 -0.27202388 0.82526617
vn 0.49232075 -0.31973599 0.80956110
vn 0.49024640 -0.37172696 0.78833847
vn 0.48888921 -0.42702720 0.76068069
vn 0.48819788 -0.48499962 0.72556061
vn 0.48938080 -0.54157447 0.68352288
vn 0.48824059 -0.60029900 0.63345263
vn 0.48970823 -0.65555085 0.57483818
vn 0.49266405 -0.70310338 0.51276483
vn 0.49401288 -0.74628804 0.44610026
vn 0.49756161 -0.78151862 0.37637890
vn 0.50264434 -0.80670122 0.31077614
vn 0.50483813 -0.82732065 0.24633109
vn 0.50639781 -0.84215640 0.18529397
vn 0.50824760 -0.85167068 0.12783359
vn 0.51059434 -0.85651188 0.07537121
vn 0.51258011 -0.85818403 0.02796058
vn 0.51442914 -0.85739561 -0.01534382
vn 0.51600469 -0.85484392 -0.05459888
vn 0.51735428 -0.85106134 -0.08966132
vn 0.51852334 -0.84642662 -0.12122507
vn 0.51936987 -0.84147966 -0.14888560
vn 0.51750943 -0.83629541 -0.18109107
vn 0.51998862 -0.82589897 -0.21795120
vn 0.52158014 -0.81470310 -0.25340288
vn 0.52499149 -0.80380135 -0.27979872
vn 0.52968952 -0.79384371 -0.29873262
vn 0.53629631 -0.78482120 -0.31055104
vn 0.55003652 -0.77550957 -0.30991084
vn 0.56443722 -0.78304373 -0.26125302
vn 0.56477117 -0.79380918 -0.22561140
vn 0.55864744 -0.80844073 -0.18530144
vn 0.55289714 -0.82309859 -0.12966676
vn 0.54053017 -0.83775352 -0.07743490
vn 0.16414835 -0.96425437 -0.20801162
vn 0.16663235 -0.95145652 -0.25877433
vn 0.08356616 -0.96089572 -0.26400022
vn 0.48573776 -0.84980299 -0.20467955
vn 0.47813174 -0.86545303 -0.14960312
vn 0.40927725 -0.88476394 -0.22290109
vn 0.40295218 -0.90012627 -0.16553624
vn 0.33003130 -0.91344124 -0.23812695
vn 0.32500676 -0.92863491 -0.17890730
vn 0.24886033 -0.93568270 -0.25013281
vn 0.24190060 -0.95098414 -0.19264803
vn 0.56000987 -0.77609402 -0.28994312
vn 0.48770160 -0.81681567 -0.30815469
vn 0.07963674 -0.95198088 -0.29561868
vn 0.07954322 -0.96299771 -0.25750394
vn 0.00024907 -0.96624558 -0.25762262
vn 0.41116806 -0.85221326 -0.32353267
vn 0.47904288 -0.81563842 -0.32442547
vn 0.07815017 -0.05531749 0.99540571
vn -0.00006947 -0.05580206 0.99844185
vn 0.07700111 -0.10387673 0.99160499
vn -0.00010417 -0.10458270 0.99451619
vn 0.07556455 -0.16407825 0.98354884
vn -0.00011518 -0.16494828 0.98630221
vn 0.07408073 -0.22569326 0.97137768
vn -0.00010052 -0.22661515 0.97398438
vn 0.07338225 -0.27533677 0.95854301
vn -0.00007137 -0.27633387 0.96106170
vn 0.07277846 -0.31912359 0.94491451
vn -0.00004334 -0.32010458 0.94738221
vn 0.07232138 -0.36606651 0.92777418
vn -0.00000797 -0.36700818 0.93021771
vn 0.07205683 -0.41613569 0.90644299
vn 0.00003751 -0.41701718 0.90889860
vn 0.07202094 -0.46899229 0.88026088
vn 0.00009515 -0.46980408 0.88277071
vn 0.07223978 -0.52410255 0.84858584
vn 0.00015991 -0.52484800 0.85119595
vn 0.07273172 -0.58067004 0.81088372
vn 0.00022837 -0.58137462 0.81363597
vn 0.07348349 -0.63770682 0.76676606
vn 0.00029761 -0.63841362 0.76969342
vn 0.07446310 -0.69390659 0.71620451
vn 0.00036638 -0.69467763 0.71932111
vn 0.07560496 -0.74790146 0.65949018
vn 0.00043286 -0.74881123 0.66278318
vn 0.07682938 -0.79823450 0.59742692
vn 0.00048787 -0.79936625 0.60084388
vn 0.07802878 -0.84368347 0.53114001
vn 0.00052561 -0.84509974 0.53460841
vn 0.07911857 -0.88330803 0.46206838
vn 0.00054387 -0.88504791 0.46549963
vn 0.08003038 -0.91656245 0.39180149
vn 0.00054339 -0.91863435 0.39510839
vn 0.08072683 -0.94332871 0.32189149
vn 0.00053369 -0.94571347 0.32500115
vn 0.08120130 -0.96383994 0.25380881
vn 0.00051590 -0.96650230 0.25665744
vn 0.08145673 -0.97866401 0.18863073
vn 0.00048910 -0.98155591 0.19117465
vn 0.08152150 -0.98851814 0.12722471
vn 0.00045745 -0.99158653 0.12944477
vn 0.08143001 -0.99421553 0.07003309
vn 0.00042388 -0.99740951 0.07193113
vn 0.08123393 -0.99654431 0.01733445
vn 0.00039232 -0.99982082 0.01892556
vn 0.08097631 -0.99623954 -0.03081586
vn 0.00036229 -0.99956427 -0.02951494
vn 0.08068752 -0.99395024 -0.07451475
vn -0.00189953 -0.99675379 -0.08048772
vn 0.07593833 -0.99058587 -0.11389907
vn -0.00028393 -0.98850794 -0.15116867
vn 0.07973295 -0.98428125 -0.15758513
vn 0.07975773 -0.97468238 -0.20888503
vn 0.23226758 -0.05183767 0.97126959
vn 0.15563330 -0.05398379 0.98633870
vn 0.22912149 -0.09850814 0.96840048
vn 0.15343633 -0.10183571 0.98289714
vn 0.22510669 -0.15723253 0.96156378
vn 0.15064515 -0.16149221 0.97530831
vn 0.22089275 -0.21807297 0.95060537
vn 0.14773392 -0.22283592 0.96359683
vn 0.21887840 -0.26731286 0.93842212
vn 0.14634677 -0.27232118 0.95101199
vn 0.21712809 -0.31115111 0.92522450
vn 0.14514460 -0.31613194 0.93754661
vn 0.21577066 -0.35834834 0.90831134
vn 0.14421557 -0.36317952 0.92049036
vn 0.21492136 -0.40883686 0.88693925
vn 0.14364890 -0.41341642 0.89913951
vn 0.21468332 -0.46219932 0.86039692
vn 0.14352145 -0.46646675 0.87281749
vn 0.21513751 -0.51779706 0.82801091
vn 0.14387887 -0.52176560 0.84086832
vn 0.21631405 -0.57470292 0.78925584
vn 0.14475139 -0.57846621 0.80276016
vn 0.21818188 -0.63177646 0.74381125
vn 0.14612384 -0.63551827 0.75813215
vn 0.22066818 -0.68753242 0.69181264
vn 0.14794136 -0.69154716 0.70701901
vn 0.22358845 -0.74051058 0.63376044
vn 0.15006674 -0.74515557 0.64978701
vn 0.22674207 -0.78923620 0.57069629
vn 0.15235874 -0.79487365 0.58733524
vn 0.22987098 -0.83257391 0.50396431
vn 0.15462447 -0.83951358 0.52087256
vn 0.23275119 -0.86977693 0.43510340
vn 0.15669791 -0.87821161 0.45187403
vn 0.23521248 -0.90050806 0.36573259
vn 0.15845523 -0.91050162 0.38194075
vn 0.23714035 -0.92485671 0.29732897
vn 0.15981614 -0.93634489 0.31259727
vn 0.23851921 -0.94320485 0.23124270
vn 0.16076598 -0.95603212 0.24526901
vn 0.23934756 -0.95621884 0.16839915
vn 0.16130876 -0.97016886 0.18097479
vn 0.23969542 -0.96465276 0.10950418
vn 0.16149526 -0.97948686 0.12051876
vn 0.23962692 -0.96931535 0.05483328
vn 0.16138395 -0.98479599 0.06428128
vn 0.23927877 -0.97094021 0.00455752
vn 0.16107105 -0.98686365 0.01249969
vn 0.23876307 -0.97019915 -0.04130145
vn 0.16063636 -0.98640048 -0.03478576
vn 0.23815835 -0.96768550 -0.08285752
vn 0.16014023 -0.98403336 -0.07767532
vn 0.23749763 -0.96388740 -0.12048217
vn 0.15960683 -0.98027964 -0.11652247
vn 0.23544230 -0.95830804 -0.16190310
vn 0.15812154 -0.97450700 -0.15916560
vn 0.23615453 -0.94861978 -0.21059807
vn 0.15850434 -0.96486798 -0.20953797
vn 0.23581991 -0.93724171 -0.25684031
vn 0.15817185 -0.95330787 -0.25726595
vn 0.23629407 -0.92644464 -0.29302807
vn 0.15841966 -0.94237939 -0.29465963
vn 0.23766292 -0.91699114 -0.32038038
vn 0.15929968 -0.93288365 -0.32303514
vn 0.23945647 -0.90899052 -0.34116980
vn 0.16036443 -0.92472732 -0.34519942
vn 0.16475971 -0.91871763 -0.35890409
vn 0.08268928 -0.92852653 -0.36194056
vn 0.08425142 -0.93039064 -0.35675615
vn -0.00000588 -0.93366712 -0.35814203
vn 0.30789800 -0.04893208 0.95016023
vn 0.30393970 -0.09395327 0.94804717
vn 0.29887367 -0.15135567 0.94221335
vn 0.29353645 -0.21144346 0.93227035
vn 0.29099008 -0.26032827 0.92062694
vn 0.28876612 -0.30417142 0.90779616
vn 0.28702510 -0.35154966 0.89108329
vn 0.28591798 -0.40234629 0.86969441
vn 0.28555749 -0.45609875 0.84287060
vn 0.28603431 -0.51208602 0.80990881
vn 0.28738727 -0.56924980 0.77030073
vn 0.28956751 -0.62632719 0.72378513
vn 0.29247869 -0.68169879 0.67062879
vn 0.29590420 -0.73382043 0.61151312
vn 0.29961745 -0.78120298 0.54767809
vn 0.30331754 -0.82278854 0.48064278
vn 0.30674500 -0.85798529 0.41203004
vn 0.30970537 -0.88662551 0.34347894
vn 0.31206386 -0.90896559 0.27640134
vn 0.31380254 -0.92550892 0.21204059
vn 0.31491338 -0.93699962 0.15119944
vn 0.31547256 -0.94422267 0.09444899
vn 0.31554091 -0.94798495 0.04193409
vn 0.31526814 -0.94898188 -0.00627594
vn 0.31479971 -0.94783107 -0.05017370
vn 0.31422579 -0.94508289 -0.08989154
vn 0.31357797 -0.94118857 -0.12582901
vn 0.31114797 -0.93583524 -0.16552744
vn 0.31233034 -0.92602976 -0.21194017
vn 0.31215832 -0.91485788 -0.25610981
vn 0.31296546 -0.90421139 -0.29061035
vn 0.31487360 -0.89479743 -0.31653146
vn 0.31749333 -0.88691609 -0.33552621
vn 0.24588812 -0.90245464 -0.35371551
vn 0.16781654 -0.92058182 -0.35265666
vn 0.38175778 -0.04535092 0.92314912
vn 0.37717287 -0.08827409 0.92192641
vn 0.37128448 -0.14396667 0.91729027
vn 0.36505776 -0.20303599 0.90857538
vn 0.36209704 -0.25144306 0.89758683
vn 0.35949968 -0.29524465 0.88520652
vn 0.35745234 -0.34279358 0.86874644
vn 0.35611515 -0.39393363 0.84734780
vn 0.35561463 -0.44812328 0.82019739
vn 0.35603320 -0.50454780 0.78655698
vn 0.35740393 -0.56199755 0.74593645
vn 0.35966172 -0.61905242 0.69815296
vn 0.36269857 -0.67392554 0.64364129
vn 0.36627518 -0.72498477 0.58330058
vn 0.37017362 -0.77072265 0.51861170
vn 0.37408670 -0.81017475 0.45130480
vn 0.37775465 -0.84293292 0.38309987
vn 0.38097856 -0.86903367 0.31565142
vn 0.38361508 -0.88892981 0.25028635
vn 0.38564419 -0.90326669 0.18811656
vn 0.38704884 -0.91287791 0.12979645
vn 0.38789292 -0.91858790 0.07573217
vn 0.38821870 -0.92120282 0.02591527
vn 0.38816938 -0.92137739 -0.01970361
vn 0.38790607 -0.91966858 -0.06114390
vn 0.38753429 -0.91657218 -0.09855264
vn 0.38706776 -0.91250067 -0.13236720
vn 0.38450683 -0.90735850 -0.16986776
vn 0.38632084 -0.89733516 -0.21341467
vn 0.38651022 -0.88634898 -0.25494181
vn 0.38776819 -0.87584398 -0.28728583
vn 0.39026283 -0.86645198 -0.31137740
vn 0.39378767 -0.85862339 -0.32817242
vn 0.32580008 -0.87973969 -0.34628367
vn 0.25043148 -0.90427704 -0.34578477
vn 0.45315049 -0.04120747 0.89048109
vn 0.44814823 -0.08161816 0.89022561
vn 0.44170028 -0.13522170 0.88691372
vn 0.43486480 -0.19299023 0.87957227
vn 0.43163324 -0.24077114 0.86932273
vn 0.42877773 -0.28445943 0.85745699
vn 0.42650963 -0.33213983 0.84129226
vn 0.42498755 -0.38360631 0.81989742
vn 0.42432724 -0.43823956 0.79239667
vn 0.42459477 -0.49511103 0.75801342
vn 0.42580242 -0.55284143 0.71628113
vn 0.42786269 -0.60983116 0.66711279
vn 0.43067430 -0.66409977 0.61113921
vn 0.43400112 -0.71392053 0.54950933
vn 0.43766395 -0.75777182 0.48397535
vn 0.44139702 -0.79479214 0.41650225
vn 0.44497233 -0.82477970 0.34890984
vn 0.44821258 -0.84799327 0.28286551
vn 0.45097700 -0.86510020 0.21959370
vn 0.45324228 -0.87690051 0.16005293
vn 0.45496769 -0.88432848 0.10472604
vn 0.45619469 -0.88824982 0.05383925
vn 0.45691648 -0.88948041 0.00720669
vn 0.45725987 -0.88863046 -0.03534554
vn 0.45738800 -0.88619352 -0.07387328
vn 0.45740696 -0.88260816 -0.10854358
vn 0.45730890 -0.87824579 -0.13983166
vn 0.45488630 -0.87324737 -0.17469254
vn 0.45750335 -0.86286950 -0.21481831
vn 0.45826547 -0.85199973 -0.25315850
vn 0.46009655 -0.84159527 -0.28289319
vn 0.46321427 -0.83219331 -0.30477343
vn 0.46768648 -0.82432670 -0.31899036
vn 0.40375469 -0.85071848 -0.33654156
vn 0.33181766 -0.88144561 -0.33608135
vn -0.38184373 -0.04583151 0.92308983
vn -0.45321798 -0.04177317 0.89042039
vn -0.37730711 -0.08855312 0.92184472
vn -0.44825710 -0.08194798 0.89014049
vn -0.37143192 -0.14398604 0.91722754
vn -0.44181600 -0.13524773 0.88685211
vn -0.36518035 -0.20247899 0.90865041
vn -0.43495359 -0.19234396 0.87966993
vn -0.36218085 -0.25124291 0.89760907
vn -0.43169153 -0.24053794 0.86935834
vn -0.35954555 -0.29496995 0.88527946
vn -0.42880803 -0.28413718 0.85754868
vn -0.35745244 -0.34243532 0.86888768
vn -0.42650405 -0.33171714 0.84146184
vn -0.35605451 -0.39348957 0.84757958
vn -0.42493598 -0.38308097 0.82016973
vn -0.35548106 -0.44763344 0.82052271
vn -0.42422376 -0.43765985 0.79277239
vn -0.35582250 -0.50406526 0.78696160
vn -0.42443468 -0.49453570 0.75847850
vn -0.35711166 -0.56156403 0.74640277
vn -0.42558592 -0.55231667 0.71681442
vn -0.35928421 -0.61868168 0.69867578
vn -0.42758895 -0.60937185 0.66770775
vn -0.36222964 -0.67366328 0.64417969
vn -0.43032650 -0.66376339 0.61174935
vn -0.36571176 -0.72485140 0.58381963
vn -0.43357046 -0.71372907 0.55009770
vn -0.36950112 -0.77076932 0.51902175
vn -0.43712251 -0.75778759 0.48443975
vn -0.37331151 -0.81039786 0.45154603
vn -0.44074011 -0.79501279 0.41677669
vn -0.37689263 -0.84329460 0.38315293
vn -0.44420600 -0.82516578 0.34897345
vn -0.38005784 -0.86947331 0.31555063
vn -0.44736472 -0.84847578 0.28276079
vn -0.38265945 -0.88940214 0.25007114
vn -0.45007240 -0.86562939 0.21936406
vn -0.38466669 -0.90375156 0.18778886
vn -0.45229312 -0.87745466 0.15970052
vn -0.38607253 -0.91334925 0.12938758
vn -0.45400381 -0.88487590 0.10428408
vn -0.38693757 -0.91902873 0.07526956
vn -0.45523750 -0.88877097 0.05333840
vn -0.38730661 -0.92159969 0.02544797
vn -0.45600026 -0.88995440 0.00670265
vn -0.38730586 -0.92173068 -0.02016739
vn -0.45638702 -0.88905891 -0.03584889
vn -0.38709193 -0.91998093 -0.06160304
vn -0.45656152 -0.88657788 -0.07437231
vn -0.38677212 -0.91684614 -0.09899735
vn -0.45663230 -0.88294961 -0.10902721
vn -0.38636396 -0.91273884 -0.13278068
vn -0.45659523 -0.87854569 -0.14027927
vn -0.46913814 -0.87841473 -0.09108773
vn -0.39555579 -0.91266956 -0.10280998
vn -0.31922588 -0.94095329 -0.11270205
vn -0.24094112 -0.96301947 -0.12058558
vn -0.47856613 -0.86525976 -0.14933189
vn -0.40339886 -0.89996855 -0.16530567
vn -0.32545643 -0.92851318 -0.17872154
vn -0.24341144 -0.95096100 -0.19085087
vn -0.15917607 -0.98490050 -0.06807333
vn -0.15858932 -0.98007947 -0.11955612
vn 0.46871126 -0.87846284 -0.09280511
vn 0.39514076 -0.91268488 -0.10425969
vn 0.31883031 -0.94094652 -0.11387221
vn 0.23814552 -0.96391711 -0.11895595
vn 0.15860129 -0.97418542 -0.16064994
vn 0.16136245 -0.98002459 -0.11624958
vn 0.08158625 -0.98286153 -0.16530849
vn 0.08100932 -0.98953622 -0.11939667
vn -0.00018086 -0.98601300 -0.16666835
vn -0.00014480 -0.99272358 -0.12041543
vn -0.08194987 -0.98284121 -0.16524941
vn -0.08130240 -0.98952486 -0.11929151
vn -0.15043212 -0.97610547 -0.15680656
vn 0.08210306 -0.97375868 -0.21225719
vn -0.00020492 -0.96403562 -0.26577300
vn -0.00021073 -0.97688373 -0.21377123
vn -0.08397421 -0.96084155 -0.26406789
vn -0.08252817 -0.97376281 -0.21207331
vn -0.16702856 -0.95135052 -0.25890859
vn -0.16412463 -0.96443575 -0.20718781
vn -0.24923515 -0.93552969 -0.25033186
vn -0.33037634 -0.91324818 -0.23838884
vn -0.40958819 -0.88453886 -0.22322304
vn -0.48601092 -0.84955574 -0.20505711
vn 0.49102667 -0.82443035 -0.28143810
vn 0.49030828 -0.83545399 -0.24822250
vn 0.41389639 -0.85988819 -0.29880106
vn 0.41319329 -0.87073403 -0.26663374
vn 0.33391903 -0.88907291 -0.31312527
vn 0.33325006 -0.89970042 -0.28192829
vn 0.25192474 -0.91178733 -0.32431126
vn 0.25133490 -0.92218881 -0.29393632
vn 0.16876127 -0.92794956 -0.33230897
vn 0.16831407 -0.93815278 -0.30255534
vn 0.08469905 -0.93763747 -0.33713802
vn 0.08443322 -0.94770711 -0.30776981
vn -0.00006565 -0.94085747 -0.33880262
vn -0.00014387 -0.95087921 -0.30956214
vn -0.08482301 -0.93757147 -0.33729037
vn -0.08471367 -0.94763566 -0.30791274
vn -0.16885968 -0.92782287 -0.33261259
vn -0.16857001 -0.93801476 -0.30284065
vn -0.25197762 -0.91161123 -0.32476491
vn -0.25154855 -0.92199485 -0.29436172
vn -0.33391238 -0.88886372 -0.31372570
vn -0.33340811 -0.89946518 -0.28249145
vn -0.41382789 -0.85966344 -0.29954172
vn -0.41329324 -0.87047360 -0.26732827
vn -0.49089450 -0.82421065 -0.28231080
vn -0.49034596 -0.83518875 -0.24903935
vn -0.48746725 -0.81667977 -0.30888482
vn -0.41100818 -0.85207382 -0.32410257
vn -0.33171895 -0.88131835 -0.33651227
vn -0.25038192 -0.90417281 -0.34609308
vn -0.16780049 -0.92050926 -0.35285366
vn -0.08425574 -0.93035390 -0.35685095
vn -0.23238197 -0.05213288 0.97122643
vn -0.30799655 -0.04932159 0.95010815
vn -0.22929487 -0.09867774 0.96834218
vn -0.30409738 -0.09417869 0.94797424
vn -0.22530515 -0.15724144 0.96151584
vn -0.29905025 -0.15136851 0.94215526
vn -0.22105831 -0.21772420 0.95064683
vn -0.29368355 -0.21098583 0.93232771
vn -0.21899420 -0.26718757 0.93843079
vn -0.29109073 -0.26016547 0.92064114
vn -0.21719965 -0.31097976 0.92526531
vn -0.28882676 -0.30394800 0.90785170
vn -0.21577928 -0.35812773 0.90839630
vn -0.28703265 -0.35125662 0.89119641
vn -0.21485061 -0.40856547 0.88708143
vn -0.28585292 -0.40199038 0.86988036
vn -0.21451433 -0.46190008 0.86059974
vn -0.28540386 -0.45570327 0.84313651
vn -0.21485366 -0.51750693 0.82826595
vn -0.28578288 -0.51169726 0.81024321
vn -0.21591295 -0.57444372 0.78955431
vn -0.28703404 -0.56890481 0.77068721
vn -0.21766607 -0.63155771 0.74414807
vn -0.28911202 -0.62603631 0.72421874
vn -0.22003063 -0.68738607 0.69216105
vn -0.29191553 -0.68149722 0.67107888
vn -0.22283163 -0.74045082 0.63409671
vn -0.29523164 -0.73372864 0.61194817
vn -0.22587577 -0.78928932 0.57096629
vn -0.29883589 -0.78126024 0.54802330
vn -0.22892039 -0.83273943 0.50412350
vn -0.30244369 -0.82299240 0.48084438
vn -0.23174858 -0.87002745 0.43513772
vn -0.30580391 -0.85830037 0.41207335
vn -0.23418640 -0.90080390 0.36566251
vn -0.30872482 -0.88700160 0.34339067
vn -0.23611347 -0.92516751 0.29717925
vn -0.31106653 -0.90936448 0.27621342
vn -0.23750605 -0.94351638 0.23101453
vn -0.31280169 -0.92591305 0.21175487
vn -0.23836714 -0.95651370 0.16811500
vn -0.31393097 -0.93738650 0.15084398
vn -0.23876001 -0.96492109 0.10918310
vn -0.31452305 -0.94457952 0.09404668
vn -0.23874907 -0.96955022 0.05450917
vn -0.31464288 -0.94830133 0.04152656
vn -0.23845581 -0.97114412 0.00423371
vn -0.31442242 -0.94925968 -0.00667874
vn -0.23799406 -0.97037444 -0.04162055
vn -0.31400414 -0.94807372 -0.05057294
vn -0.23744505 -0.96783439 -0.08316512
vn -0.31348452 -0.94529222 -0.09027779
vn -0.23684033 -0.96401322 -0.12076905
vn -0.31289223 -0.94136850 -0.12618953
vn -0.46648855 -0.82413877 -0.32122222
vn -0.46271655 -0.83227835 -0.30529680
vn -0.39282773 -0.85833279 -0.33007756
vn -0.38978241 -0.86650275 -0.31183754
vn -0.31677000 -0.88658654 -0.33707725
vn -0.31441380 -0.89482291 -0.31691627
vn -0.23894510 -0.90868292 -0.34234573
vn -0.23723257 -0.91699872 -0.32067748
vn -0.16002035 -0.92449102 -0.34599111
vn -0.15889559 -0.93288255 -0.32323729
vn -0.08024123 -0.93400803 -0.34812404
vn -0.07966998 -0.94245202 -0.32471045
vn 0.00010149 -0.93722685 -0.34872026
vn 0.00019316 -0.94565846 -0.32516155
vn 0.08005988 -0.94245434 -0.32460781
vn 0.08047894 -0.93413627 -0.34772484
vn 0.00001478 -0.93181773 -0.36292660
vn -0.08265878 -0.92852946 -0.36194001
vn -0.16472991 -0.91872325 -0.35890338
vn -0.24586011 -0.90246257 -0.35371473
vn -0.32577153 -0.87975061 -0.34628280
vn -0.40372740 -0.85073168 -0.33654092
vn -0.47901816 -0.81565319 -0.32442485
vn 0.00021790 -0.95519690 -0.29597100
vn -0.07904101 -0.96300159 -0.25764405
vn -0.07919787 -0.95198154 -0.29573441
vn -0.15764534 -0.95332062 -0.25754174
vn -0.15796239 -0.94238522 -0.29488638
vn -0.23525226 -0.93727373 -0.25724370
vn -0.23580544 -0.92646394 -0.29336047
vn -0.31154425 -0.91492165 -0.25662922
vn -0.31244234 -0.90425420 -0.29103973
vn -0.38585276 -0.88645698 -0.25556147
vn -0.38721679 -0.87592000 -0.28779734
vn -0.45756993 -0.85216426 -0.25386184
vn -0.45951980 -0.84171500 -0.28347384
vn 0.00028762 -0.97797642 -0.20871519
vn -0.07900496 -0.98437361 -0.15737475
vn -0.07917461 -0.97469370 -0.20905397
vn -0.15753468 -0.97462803 -0.15900635
vn -0.15789189 -0.96489627 -0.20986980
vn -0.23486897 -0.95849198 -0.16164682
vn -0.23549189 -0.94867680 -0.21108269
vn -0.31060155 -0.93608281 -0.16515341
vn -0.31160726 -0.92613039 -0.21256390
vn -0.38401418 -0.90766415 -0.16934846
vn -0.38553904 -0.89749453 -0.21415700
vn -0.45447644 -0.87359938 -0.17399799
vn -0.45666975 -0.86310140 -0.21565878
vn -0.07828173 -0.05541760 0.99538980
vn -0.15575872 -0.05418221 0.98630802
vn -0.07720117 -0.10393240 0.99158360
vn -0.15362301 -0.10194907 0.98285622
vn -0.07579146 -0.16408045 0.98353102
vn -0.15086245 -0.16149721 0.97527389
vn -0.07427311 -0.22557530 0.97139039
vn -0.14791467 -0.22259865 0.96362394
vn -0.07351701 -0.27529144 0.95854571
vn -0.14647407 -0.27223614 0.95101674
vn -0.07286512 -0.31906390 0.94492799
vn -0.14522378 -0.31601734 0.93757298
vn -0.07233796 -0.36599108 0.92780265
vn -0.14423033 -0.36303001 0.92054703
vn -0.07198015 -0.41604480 0.90649081
vn -0.14357743 -0.41323324 0.89923513
vn -0.07183211 -0.46889369 0.88032883
vn -0.14333887 -0.46627002 0.87295260
vn -0.07192696 -0.52400454 0.84867294
vn -0.14357458 -0.52157203 0.84104040
vn -0.07228401 -0.58058257 0.81098638
vn -0.14432168 -0.57829107 0.80296369
vn -0.07289581 -0.63763586 0.76688116
vn -0.14556301 -0.63537257 0.75836212
vn -0.07373883 -0.69385958 0.71632497
vn -0.14724671 -0.69145311 0.70725596
vn -0.07475252 -0.74788340 0.65960782
vn -0.14924997 -0.74511834 0.65001777
vn -0.07586557 -0.79825707 0.59751993
vn -0.15143241 -0.79491388 0.58752034
vn -0.07698889 -0.84374306 0.53119710
vn -0.15361751 -0.83962989 0.52098301
vn -0.07804165 -0.88339748 0.46208050
vn -0.15564917 -0.87838563 0.45189824
vn -0.07894887 -0.91666693 0.39177649
vn -0.15739509 -0.91070550 0.38189302
vn -0.07966291 -0.94343698 0.32183922
vn -0.15876652 -0.93655793 0.31249388
vn -0.08017328 -0.96394711 0.25372862
vn -0.15974501 -0.95624397 0.24511019
vn -0.08048018 -0.97876446 0.18852869
vn -0.16033099 -0.97036780 0.18077696
vn -0.08060608 -0.98860803 0.12710950
vn -0.16057341 -0.97966584 0.12029559
vn -0.08057872 -0.99429317 0.06991542
vn -0.16052208 -0.98495165 0.06405398
vn -0.08044587 -0.99661025 0.01721858
vn -0.16026871 -0.98699712 0.01227266
vn -0.08024860 -0.99629490 -0.03092934
vn -0.15989368 -0.98651330 -0.03500751
vn -0.07709638 -0.99396890 -0.07798707
vn -0.15945402 -0.98412785 -0.07788961
vn -0.06654810 -0.99173709 -0.10967633
vn -0.15897481 -0.98035872 -0.11672097
f 1//1 2//2 3//3
f 3//3 2//2 4//4
f 3//3 4//4 5//5
f 6//6 7//7 8//8
f 8//8 9//9 6//6
f 6//6 9//9 10//10
f 6//6 10//10 11//11
f 7//7 6//6 3//3
f 3//3 6//6 12//12
f 3//3 12//12 13//13
f 11//11 14//14 6//6
f 6//6 14//14 15//15
f 6//6 15//15 16//16
f 5//5 17//17 3//3
f 3//3 17//17 18//18
f 3//3 18//18 19//19
f 19//19 20//20 3//3
f 3//3 20//20 21//21
f 3//3 21//21 22//22
f 16//16 23//23 6//6
f 6//6 23//23 24//24
f 6//6 24//24 25//25
f 26//26 27//27 6//6
f 6//6 27//27 28//28
f 6//6 28//28 29//29
f 13//13 30//30 3//3
f 3//3 30//30 31//31
f 3//3 31//31 32//32
f 25//25 33//33 6//6
f 6//6 33//33 34//34
f 6//6 34//34 26//26
f 32//32 35//35 3//3
f 3//3 35//35 36//36
f 3//3 36//36 1//1
f 37//37 29//29 38//38
f 38//38 29//29 28//28
f 38//38 28//28 39//39
f 39//39 28//28 40//40
f 40//40 28//28 27//27
f 40//40 27//27 41//41
f 26//26 42//42 27//27
f 27//27 42//42 43//43
f 27//27 43//43 41//41
f 44//44 45//45 34//34
f 34//34 45//45 46//46
f 34//34 46//46 26//26
f 26//26 46//46 47//47
f 26//26 47//47 42//42
f 44//44 34//34 48//48
f 48//48 34//34 33//33
f 48//48 33//33 49//49
f 49//49 33//33 50//50
f 50//50 33//33 25//25
f 50//50 25//25 51//51
f 52//52 53//53 24//24
f 24//24 53//53 54//54
f 24//24 54//54 25//25
f 25//25 54//54 55//55
f 25//25 55//55 51//51
f 52//52 24//24 56//56
f 56//56 24//24 23//23
f 56//56 23//23 57//57
f 57//57 23//23 58//58
f 58//58 23//23 16//16
f 58//58 16//16 59//59
f 60//60 61//61 15//15
f 15//15 61//61 62//62
f 15//15 62//62 16//16
f 16//16 62//62 63//63
f 16//16 63//63 59//59
f 60//60 15//15 64//64
f 64//64 15//15 14//14
f 64//64 14//14 65//65
f 65//65 14//14 66//66
f 66//66 14//14 11//11
f 66//66 11//11 67//67
f 68//68 69//69 10//10
f 10//10 69//69 70//70
f 10//10 70//70 11//11
f 11//11 70//70 71//71
f 11//11 71//71 67//67
f 68//68 10//10 72//72
f 72//72 10//10 9//9
f 72//72 9//9 73//73
f 73//73 9//9 74//74
f 74//74 9//9 8//8
f 74//74 8//8 75//75
f 7//7 76//76 8//8
f 8//8 76//76 77//77
f 8//8 77//77 75//75
f 78//78 79//79 3//3
f 3//3 79//79 80//80
f 3//3 80//80 7//7
f 7//7 80//80 81//81
f 7//7 81//81 76//76
f 78//78 3//3 82//82
f 82//82 3//3 22//22
f 82//82 22//22 83//83
f 21//21 84//84 22//22
f 22//22 84//84 85//85
f 22//22 85//85 83//83
f 86//86 87//87 20//20
f 20//20 87//87 88//88
f 20//20 88//88 21//21
f 21//21 88//88 89//89
f 21//21 89//89 84//84
f 86//86 20//20 90//90
f 90//90 20//20 19//19
f 90//90 19//19 91//91
f 18//18 92//92 19//19
f 19//19 92//92 93//93
f 19//19 93//93 91//91
f 17//17 94//94 18//18
f 18//18 94//94 95//95
f 18//18 95//95 92//92
f 96//96 97//97 17//17
f 17//17 97//97 98//98
f 17//17 98//98 94//94
f 4//4 99//99 5//5
f 5//5 99//99 100//100
f 5//5 100//100 17//17
f 17//17 100//100 101//101
f 17//17 101//101 96//96
f 102//102 103//103 2//2
f 2//2 103//103 104//104
f 2//2 104//104 4//4
f 4//4 104//104 105//105
f 4//4 105//105 99//99
f 102//102 2//2 106//106
f 106//106 2//2 1//1
f 106//106 1//1 107//107
f 107//107 1//1 108//108
f 108//108 1//1 36//36
f 108//108 36//36 109//109
f 110//110 111//111 35//35
f 35//35 111//111 112//112
f 35//35 112//112 36//36
f 36//36 112//112 113//113
f 36//36 113//113 109//109
f 110//110 35//35 114//114
f 114//114 35//35 32//32
f 114//114 32//32 115//115
f 115//115 32//32 116//116
f 116//116 32//32 31//31
f 116//116 31//31 117//117
f 30//30 118//118 31//31
f 31//31 118//118 119//119
f 31//31 119//119 117//117
f 120//120 121//121 13//13
f 13//13 121//121 122//122
f 13//13 122//122 30//30
f 30//30 122//122 123//123
f 30//30 123//123 118//118
f 120//120 13//13 124//124
f 124//124 13//13 12//12
f 124//124 12//12 125//125
f 6//6 126//126 12//12
f 12//12 126//126 127//127
f 12//12 127//127 125//125
f 37//37 128//128 29//29
f 29//29 128//128 129//129
f 29//29 129//129 6//6
f 6//6 129//129 130//130
f 6//6 130//130 126//126
f 131//131 132//132 133//133
f 133//133 132//132 134//134
f 133//133 134//134 135//135
f 136//136 137//137 133//133
f 138//138 133//133 139//139
f 139//139 133//133 140//140
f 141//141 142//142 143//143
f 144//144 145//145 143//143
f 143//143 145//145 146//146
f 143//143 146//146 147//147
f 135//135 148//148 133//133
f 133//133 148//148 149//149
f 133//133 149//149 150//150
f 151//151 152//152 133//133
f 133//133 152//152 153//153
f 133//133 153//153 154//154
f 155//155 156//156 133//133
f 136//136 133//133 157//157
f 138//138 158//158 133//133
f 133//133 158//158 159//159
f 133//133 159//159 160//160
f 161//161 162//162 133//133
f 133//133 162//162 163//163
f 133//133 163//163 164//164
f 164//164 165//165 133//133
f 133//133 165//165 166//166
f 133//133 166//166 131//131
f 150//150 167//167 133//133
f 133//133 167//167 168//168
f 133//133 168//168 169//169
f 137//137 170//170 133//133
f 133//133 170//170 171//171
f 133//133 171//171 140//140
f 160//160 172//172 133//133
f 133//133 172//172 173//173
f 133//133 173//173 174//174
f 174//174 175//175 133//133
f 133//133 175//175 176//176
f 133//133 176//176 177//177
f 177//177 176//176 178//178
f 161//161 133//133 143//143
f 143//143 133//133 179//179
f 143//143 179//179 141//141
f 142//142 180//180 143//143
f 143//143 180//180 181//181
f 143//143 181//181 144//144
f 182//182 146//146 183//183
f 183//183 146//146 184//184
f 146//146 185//185 186//186
f 169//169 187//187 133//133
f 133//133 187//187 188//188
f 133//133 188//188 151//151
f 154//154 189//189 133//133
f 133//133 189//189 190//190
f 133//133 190//190 191//191
f 192//192 193//193 133//133
f 133//133 193//193 194//194
f 133//133 194//194 157//157
f 176//176 195//195 178//178
f 178//178 195//195 196//196
f 178//178 196//196 197//197
f 197//197 196//196 198//198
f 199//199 184//184 200//200
f 200//200 184//184 201//201
f 182//182 202//202 146//146
f 146//146 202//202 203//203
f 146//146 203//203 185//185
f 186//186 204//204 146//146
f 146//146 204//204 205//205
f 146//146 205//205 206//206
f 206//206 207//207 146//146
f 146//146 207//207 208//208
f 146//146 208//208 209//209
f 191//191 210//210 133//133
f 133//133 210//210 211//211
f 133//133 211//211 155//155
f 156//156 212//212 133//133
f 133//133 212//212 213//213
f 133//133 213//213 192//192
f 184//184 146//146 201//201
f 201//201 146//146 214//214
f 201//201 214//214 215//215
f 209//209 216//216 146//146
f 146//146 216//216 217//217
f 146//146 217//217 218//218
f 146//146 219//219 220//220
f 218//218 221//221 146//146
f 146//146 221//221 222//222
f 146//146 222//222 219//219
f 220//220 223//223 146//146
f 146//146 223//223 224//224
f 146//146 224//224 147//147
f 225//225 39//39 226//226
f 226//226 39//39 40//40
f 226//226 40//40 227//227
f 228//228 111//111 110//110
f 110//110 114//114 228//228
f 228//228 114//114 115//115
f 228//228 115//115 229//229
f 229//229 115//115 116//116
f 229//229 116//116 230//230
f 42//42 231//231 43//43
f 43//43 231//231 227//227
f 43//43 227//227 41//41
f 41//41 227//227 40//40
f 42//42 47//47 231//231
f 231//231 47//47 46//46
f 231//231 46//46 232//232
f 64//64 233//233 60//60
f 60//60 233//233 234//234
f 60//60 234//234 61//61
f 111//111 228//228 112//112
f 112//112 228//228 235//235
f 112//112 235//235 113//113
f 113//113 235//235 236//236
f 113//113 236//236 109//109
f 93//93 92//92 237//237
f 237//237 92//92 95//95
f 237//237 95//95 238//238
f 238//238 95//95 94//94
f 238//238 94//94 239//239
f 116//116 117//117 230//230
f 230//230 117//117 119//119
f 230//230 119//119 240//240
f 122//122 241//241 123//123
f 123//123 241//241 240//240
f 123//123 240//240 118//118
f 118//118 240//240 119//119
f 122//122 121//121 241//241
f 241//241 121//121 120//120
f 241//241 120//120 242//242
f 242//242 120//120 124//124
f 242//242 124//124 243//243
f 46//46 45//45 232//232
f 232//232 45//45 44//44
f 232//232 44//44 244//244
f 64//64 65//65 233//233
f 233//233 65//65 66//66
f 233//233 66//66 245//245
f 89//89 88//88 246//246
f 72//72 73//73 247//247
f 247//247 73//73 74//74
f 247//247 74//74 248//248
f 246//246 88//88 249//249
f 88//88 87//87 249//249
f 249//249 87//87 86//86
f 249//249 86//86 250//250
f 250//250 86//86 90//90
f 250//250 90//90 237//237
f 237//237 90//90 91//91
f 237//237 91//91 93//93
f 126//126 251//251 127//127
f 127//127 251//251 243//243
f 127//127 243//243 125//125
f 125//125 243//243 124//124
f 126//126 130//130 251//251
f 251//251 130//130 129//129
f 251//251 129//129 252//252
f 252//252 129//129 128//128
f 252//252 128//128 253//253
f 253//253 128//128 37//37
f 253//253 37//37 225//225
f 225//225 37//37 38//38
f 225//225 38//38 39//39
f 44//44 48//48 244//244
f 244//244 48//48 49//49
f 244//244 49//49 254//254
f 254//254 49//49 50//50
f 254//254 50//50 255//255
f 255//255 50//50 51//51
f 51//51 55//55 255//255
f 255//255 55//55 54//54
f 255//255 54//54 256//256
f 66//66 67//67 245//245
f 245//245 67//67 71//71
f 245//245 71//71 257//257
f 257//257 71//71 70//70
f 257//257 70//70 258//258
f 258//258 70//70 69//69
f 258//258 69//69 247//247
f 247//247 69//69 68//68
f 247//247 68//68 72//72
f 96//96 259//259 97//97
f 97//97 259//259 239//239
f 97//97 239//239 98//98
f 98//98 239//239 94//94
f 109//109 236//236 108//108
f 108//108 236//236 260//260
f 108//108 260//260 107//107
f 61//61 234//234 62//62
f 62//62 234//234 261//261
f 62//62 261//261 63//63
f 63//63 261//261 262//262
f 63//63 262//262 59//59
f 74//74 75//75 248//248
f 248//248 75//75 77//77
f 248//248 77//77 263//263
f 54//54 53//53 256//256
f 256//256 53//53 52//52
f 256//256 52//52 264//264
f 265//265 85//85 246//246
f 246//246 85//85 84//84
f 246//246 84//84 89//89
f 96//96 101//101 259//259
f 259//259 101//101 100//100
f 259//259 100//100 266//266
f 52//52 56//56 264//264
f 264//264 56//56 57//57
f 264//264 57//57 262//262
f 262//262 57//57 58//58
f 262//262 58//58 59//59
f 80//80 267//267 81//81
f 81//81 267//267 263//263
f 81//81 263//263 76//76
f 76//76 263//263 77//77
f 80//80 79//79 267//267
f 267//267 79//79 78//78
f 267//267 78//78 268//268
f 268//268 78//78 82//82
f 268//268 82//82 265//265
f 265//265 82//82 83//83
f 265//265 83//83 85//85
f 100//100 99//99 266//266
f 266//266 99//99 105//105
f 266//266 105//105 269//269
f 269//269 105//105 104//104
f 269//269 104//104 270//270
f 104//104 103//103 270//270
f 270//270 103//103 102//102
f 270//270 102//102 260//260
f 260//260 102//102 106//106
f 260//260 106//106 107//107
f 271//271 272//272 211//211
f 211//211 272//272 273//273
f 211//211 273//273 155//155
f 155//155 273//273 274//274
f 155//155 274//274 156//156
f 156//156 274//274 275//275
f 156//156 275//275 212//212
f 212//212 275//275 276//276
f 212//212 276//276 213//213
f 213//213 276//276 277//277
f 213//213 277//277 192//192
f 192//192 277//277 278//278
f 192//192 278//278 193//193
f 193//193 278//278 279//279
f 193//193 279//279 194//194
f 194//194 279//279 280//280
f 194//194 280//280 157//157
f 157//157 280//280 281//281
f 157//157 281//281 136//136
f 136//136 281//281 282//282
f 136//136 282//282 137//137
f 137//137 282//282 283//283
f 137//137 283//283 170//170
f 170//170 283//283 284//284
f 170//170 284//284 171//171
f 171//171 284//284 285//285
f 171//171 285//285 140//140
f 140//140 285//285 286//286
f 140//140 286//286 139//139
f 139//139 286//286 287//287
f 139//139 287//287 138//138
f 138//138 287//287 288//288
f 138//138 288//288 158//158
f 158//158 288//288 289//289
f 158//158 289//289 159//159
f 211//211 210//210 271//271
f 271//271 210//210 191//191
f 271//271 191//191 290//290
f 290//290 191//191 190//190
f 290//290 190//190 291//291
f 291//291 190//190 189//189
f 291//291 189//189 292//292
f 292//292 189//189 154//154
f 292//292 154//154 293//293
f 293//293 154//154 153//153
f 293//293 153//153 294//294
f 294//294 153//153 152//152
f 294//294 152//152 295//295
f 295//295 152//152 151//151
f 295//295 151//151 296//296
f 296//296 151//151 188//188
f 296//296 188//188 297//297
f 297//297 188//188 187//187
f 297//297 187//187 298//298
f 298//298 187//187 169//169
f 298//298 169//169 299//299
f 299//299 169//169 168//168
f 299//299 168//168 300//300
f 300//300 168//168 167//167
f 300//300 167//167 301//301
f 301//301 167//167 302//302
f 303//303 304//304 224//224
f 224//224 304//304 305//305
f 224//224 305//305 147//147
f 147//147 305//305 306//306
f 147//147 306//306 143//143
f 143//143 306//306 307//307
f 143//143 307//307 161//161
f 161//161 307//307 308//308
f 161//161 308//308 162//162
f 162//162 308//308 309//309
f 162//162 309//309 163//163
f 163//163 309//309 310//310
f 163//163 310//310 164//164
f 164//164 310//310 311//311
f 164//164 311//311 165//165
f 165//165 311//311 312//312
f 165//165 312//312 166//166
f 166//166 312//312 313//313
f 166//166 313//313 131//131
f 131//131 313//313 314//314
f 131//131 314//314 132//132
f 132//132 314//314 315//315
f 132//132 315//315 134//134
f 134//134 315//315 316//316
f 134//134 316//316 135//135
f 135//135 316//316 317//317
f 135//135 317//317 148//148
f 148//148 317//317 318//318
f 148//148 318//318 149//149
f 149//149 318//318 302//302
f 149//149 302//302 150//150
f 150//150 302//302 167//167
f 224//224 223//223 303//303
f 303//303 223//223 220//220
f 303//303 220//220 319//319
f 319//319 220//220 219//219
f 319//319 219//219 320//320
f 320//320 219//219 222//222
f 320//320 222//222 321//321
f 321//321 222//222 221//221
f 321//321 221//221 322//322
f 322//322 221//221 218//218
f 322//322 218//218 323//323
f 323//323 218//218 217//217
f 323//323 217//217 324//324
f 324//324 217//217 216//216
f 324//324 216//216 325//325
f 325//325 216//216 209//209
f 325//325 209//209 326//326
f 326//326 209//209 208//208
f 326//326 208//208 327//327
f 327//327 208//208 207//207
f 327//327 207//207 328//328
f 328//328 207//207 206//206
f 328//328 206//206 329//329
f 329//329 206//206 205//205
f 329//329 205//205 330//330
f 331//331 204//204 186//186
f 331//331 186//186 332//332
f 204//204 331//331 205//205
f 205//205 331//331 333//333
f 205//205 333//333 330//330
f 334//334 335//335 184//184
f 184//184 335//335 336//336
f 184//184 336//336 183//183
f 183//183 336//336 337//337
f 183//183 337//337 182//182
f 182//182 337//337 338//338
f 182//182 338//338 202//202
f 202//202 338//338 339//339
f 202//202 339//339 203//203
f 203//203 339//339 332//332
f 203//203 332//332 185//185
f 185//185 332//332 186//186
f 340//340 341//341 176//176
f 176//176 341//341 342//342
f 176//176 342//342 195//195
f 195//195 342//342 343//343
f 195//195 343//343 196//196
f 196//196 343//343 344//344
f 196//196 344//344 198//198
f 198//198 344//344 345//345
f 198//198 345//345 197//197
f 197//197 345//345 346//346
f 197//197 346//346 178//178
f 178//178 346//346 347//347
f 178//178 347//347 177//177
f 177//177 347//347 348//348
f 177//177 348//348 133//133
f 133//133 348//348 349//349
f 133//133 349//349 179//179
f 179//179 349//349 350//350
f 179//179 350//350 141//141
f 141//141 350//350 351//351
f 141//141 351//351 142//142
f 142//142 351//351 352//352
f 142//142 352//352 180//180
f 180//180 352//352 353//353
f 180//180 353//353 181//181
f 181//181 353//353 354//354
f 181//181 354//354 144//144
f 144//144 354//354 355//355
f 144//144 355//355 145//145
f 145//145 355//355 356//356
f 145//145 356//356 146//146
f 146//146 356//356 357//357
f 146//146 357//357 214//214
f 214//214 357//357 358//358
f 214//214 358//358 215//215
f 215//215 358//358 359//359
f 215//215 359//359 201//201
f 201//201 359//359 360//360
f 201//201 360//360 200//200
f 200//200 360//360 334//334
f 200//200 334//334 199//199
f 199//199 334//334 184//184
f 159//159 289//289 160//160
f 160//160 289//289 361//361
f 160//160 361//361 172//172
f 176//176 175//175 340//340
f 340//340 175//175 174//174
f 340//340 174//174 362//362
f 362//362 174//174 173//173
f 362//362 173//173 363//363
f 363//363 173//173 172//172
f 363//363 172//172 364//364
f 364//364 172//172 361//361
f 365//365 366//366 367//367
f 368//368 369//369 370//370
f 371//371 370//370 372//372
f 373//373 374//374 375//375
f 376//376 377//377 378//378
f 379//379 380//380 381//381
f 382//382 383//383 384//384
f 385//385 386//386 387//387
f 388//388 389//389 390//390
f 391//391 392//392 393//393
f 394//394 395//395 396//396
f 397//397 398//398 399//399
f 400//400 401//401 402//402
f 403//403 404//404 405//405
f 406//406 407//407 408//408
f 409//409 410//410 411//411
f 412//412 413//413 414//414
f 414//414 413//413 415//415
f 416//416 417//417 418//418
f 419//419 420//420 421//421
f 422//422 423//423 424//424
f 425//425 426//426 423//423
f 427//427 428//428 429//429
f 430//430 431//431 432//432
f 433//433 434//434 435//435
f 436//436 437//437 438//438
f 439//439 440//440 441//441
f 442//442 443//443 444//444
f 445//445 446//446 447//447
f 448//448 449//449 450//450
f 451//451 452//452 453//453
f 454//454 455//455 456//456
f 457//457 458//458 459//459
f 459//459 458//458 460//460
f 461//461 462//462 463//463
f 464//464 465//465 466//466
f 467//467 468//468 469//469
f 470//470 471//471 472//472
f 473//473 474//474 475//475
f 476//476 477//477 478//478
f 479//479 480//480 481//481
f 482//482 483//483 484//484
f 485//485 486//486 487//487
f 488//488 489//489 490//490
f 491//491 492//492 493//493
f 494//494 495//495 496//496
f 497//497 498//498 499//499
f 500//500 501//501 502//502
f 503//503 504//504 505//505
f 506//506 507//507 508//508
f 509//509 510//510 511//511
f 512//512 513//513 514//514
f 515//515 516//516 517//517
f 518//518 519//519 520//520
f 521//521 522//522 523//523
f 524//524 525//525 526//526
f 526//526 525//525 527//527
f 528//528 529//529 527//527
f 527//527 529//529 530//530
f 527//527 530//530 526//526
f 531//531 532//532 533//533
f 534//534 535//535 536//536
f 534//534 536//536 537//537
f 537//537 536//536 538//538
f 537//537 538//538 539//539
f 518//518 540//540 541//541
f 541//541 542//542 543//543
f 543//543 542//542 544//544
f 543//543 544//544 534//534
f 534//534 544//544 545//545
f 534//534 545//545 535//535
f 540//540 518//518 546//546
f 546//546 518//518 547//547
f 547//547 518//518 520//520
f 547//547 520//520 548//548
f 549//549 550//550 548//548
f 548//548 550//550 551//551
f 548//548 551//551 547//547
f 552//552 553//553 549//549
f 549//549 553//553 554//554
f 549//549 554//554 550//550
f 555//555 556//556 557//557
f 557//557 556//556 558//558
f 557//557 558//558 559//559
f 559//559 558//558 560//560
f 559//559 560//560 552//552
f 552//552 560//560 561//561
f 552//552 561//561 553//553
f 562//562 563//563 564//564
f 564//564 563//563 565//565
f 564//564 565//565 555//555
f 555//555 565//565 566//566
f 555//555 566//566 556//556
f 562//562 564//564 567//567
f 567//567 564//564 568//568
f 567//567 568//568 569//569
f 569//569 568//568 570//570
f 570//570 568//568 571//571
f 570//570 571//571 572//572
f 573//573 574//574 575//575
f 575//575 574//574 576//576
f 577//577 578//578 579//579
f 579//579 578//578 573//573
f 580//580 581//581 577//577
f 577//577 581//581 582//582
f 577//577 582//582 578//578
f 583//583 584//584 585//585
f 585//585 584//584 586//586
f 585//585 586//586 580//580
f 580//580 586//586 587//587
f 580//580 587//587 581//581
f 588//588 589//589 517//517
f 517//517 589//589 590//590
f 517//517 590//590 515//515
f 591//591 592//592 588//588
f 588//588 592//592 593//593
f 588//588 593//593 589//589
f 594//594 595//595 596//596
f 596//596 595//595 597//597
f 596//596 597//597 591//591
f 591//591 597//597 598//598
f 591//591 598//598 592//592
f 599//599 600//600 594//594
f 594//594 600//600 601//601
f 594//594 601//601 595//595
f 602//602 603//603 604//604
f 604//604 603//603 605//605
f 604//604 605//605 599//599
f 599//599 605//605 606//606
f 599//599 606//606 600//600
f 602//602 607//607 608//608
f 608//608 607//607 609//609
f 608//608 609//609 610//610
f 611//611 612//612 609//609
f 609//609 612//612 613//613
f 609//609 613//613 610//610
f 614//614 615//615 616//616
f 616//616 615//615 617//617
f 616//616 617//617 618//618
f 619//619 620//620 621//621
f 509//509 511//511 622//622
f 503//503 505//505 623//623
f 497//497 499//499 624//624
f 625//625 626//626 627//627
f 627//627 491//491 625//625
f 625//625 491//491 493//493
f 625//625 493//493 628//628
f 628//628 493//493 629//629
f 628//628 629//629 630//630
f 631//631 632//632 633//633
f 633//633 632//632 634//634
f 633//633 634//634 629//629
f 629//629 634//634 635//635
f 629//629 635//635 630//630
f 636//636 637//637 638//638
f 638//638 637//637 639//639
f 639//639 640//640 638//638
f 638//638 640//640 641//641
f 638//638 641//641 633//633
f 633//633 641//641 642//642
f 633//633 642//642 631//631
f 643//643 644//644 645//645
f 643//643 645//645 638//638
f 638//638 645//645 646//646
f 638//638 646//646 636//636
f 644//644 643//643 647//647
f 647//647 643//643 648//648
f 647//647 648//648 649//649
f 650//650 651//651 652//652
f 652//652 651//651 653//653
f 652//652 653//653 648//648
f 648//648 653//653 654//654
f 648//648 654//654 649//649
f 655//655 656//656 657//657
f 657//657 656//656 658//658
f 657//657 658//658 659//659
f 659//659 658//658 660//660
f 659//659 660//660 652//652
f 652//652 660//660 661//661
f 652//652 661//661 650//650
f 655//655 657//657 662//662
f 662//662 657//657 663//663
f 662//662 663//663 664//664
f 665//665 666//666 667//667
f 667//667 666//666 668//668
f 667//667 668//668 663//663
f 663//663 668//668 669//669
f 663//663 669//669 664//664
f 665//665 667//667 670//670
f 670//670 667//667 671//671
f 670//670 671//671 672//672
f 673//673 674//674 675//675
f 675//675 674//674 676//676
f 675//675 676//676 671//671
f 671//671 676//676 677//677
f 671//671 677//677 672//672
f 490//490 489//489 675//675
f 675//675 489//489 678//678
f 675//675 678//678 673//673
f 487//487 486//486 490//490
f 490//490 486//486 679//679
f 490//490 679//679 488//488
f 680//680 681//681 682//682
f 682//682 681//681 683//683
f 682//682 683//683 487//487
f 487//487 683//683 684//684
f 487//487 684//684 485//485
f 685//685 686//686 687//687
f 687//687 686//686 688//688
f 687//687 688//688 689//689
f 685//685 690//690 686//686
f 686//686 690//690 691//691
f 686//686 691//691 682//682
f 682//682 691//691 692//692
f 682//682 692//692 680//680
f 693//693 694//694 695//695
f 695//695 696//696 693//693
f 693//693 696//696 697//697
f 693//693 697//697 688//688
f 688//688 697//697 698//698
f 688//688 698//698 689//689
f 484//484 483//483 699//699
f 699//699 483//483 700//700
f 699//699 700//700 701//701
f 701//701 702//702 699//699
f 699//699 702//702 703//703
f 699//699 703//703 693//693
f 693//693 703//703 704//704
f 693//693 704//704 694//694
f 481//481 480//480 705//705
f 705//705 480//480 706//706
f 705//705 706//706 707//707
f 707//707 708//708 705//705
f 705//705 708//708 709//709
f 705//705 709//709 484//484
f 484//484 709//709 710//710
f 484//484 710//710 482//482
f 478//478 477//477 481//481
f 481//481 477//477 711//711
f 481//481 711//711 479//479
f 712//712 713//713 714//714
f 714//714 713//713 715//715
f 714//714 715//715 716//716
f 712//712 717//717 713//713
f 713//713 717//717 718//718
f 713//713 718//718 478//478
f 478//478 718//718 719//719
f 478//478 719//719 476//476
f 720//720 721//721 722//722
f 722//722 721//721 723//723
f 723//723 724//724 722//722
f 722//722 724//724 725//725
f 722//722 725//725 715//715
f 715//715 725//725 726//726
f 715//715 726//726 716//716
f 727//727 728//728 729//729
f 729//729 728//728 730//730
f 731//731 732//732 720//720
f 720//720 732//732 733//733
f 720//720 733//733 721//721
f 734//734 735//735 736//736
f 736//736 735//735 737//737
f 738//738 739//739 740//740
f 741//741 742//742 738//738
f 738//738 742//742 743//743
f 738//738 743//743 739//739
f 744//744 745//745 746//746
f 746//746 745//745 747//747
f 748//748 749//749 750//750
f 750//750 749//749 751//751
f 750//750 751//751 752//752
f 525//525 753//753 527//527
f 527//527 753//753 754//754
f 527//527 754//754 755//755
f 755//755 754//754 756//756
f 755//755 756//756 472//472
f 472//472 756//756 757//757
f 472//472 757//757 470//470
f 541//541 543//543 518//518
f 518//518 543//543 758//758
f 518//518 758//758 519//519
f 759//759 760//760 761//761
f 761//761 762//762 759//759
f 759//759 762//762 763//763
f 759//759 763//763 764//764
f 537//537 765//765 534//534
f 534//534 765//765 766//766
f 534//534 766//766 543//543
f 543//543 766//766 767//767
f 543//543 767//767 758//758
f 763//763 768//768 764//764
f 764//764 768//768 769//769
f 764//764 769//769 770//770
f 771//771 468//468 772//772
f 772//772 468//468 467//467
f 772//772 467//467 523//523
f 472//472 773//773 755//755
f 755//755 773//773 774//774
f 755//755 774//774 527//527
f 527//527 774//774 533//533
f 527//527 533//533 528//528
f 528//528 533//533 532//532
f 522//522 531//531 523//523
f 523//523 531//531 533//533
f 523//523 533//533 772//772
f 772//772 533//533 774//774
f 772//772 774//774 771//771
f 771//771 774//774 773//773
f 771//771 773//773 775//775
f 775//775 773//773 472//472
f 775//775 472//472 750//750
f 750//750 472//472 471//471
f 750//750 471//471 748//748
f 769//769 469//469 770//770
f 770//770 469//469 468//468
f 770//770 468//468 776//776
f 776//776 468//468 771//771
f 776//776 771//771 777//777
f 777//777 771//771 775//775
f 777//777 775//775 778//778
f 778//778 775//775 750//750
f 778//778 750//750 475//475
f 475//475 750//750 752//752
f 475//475 752//752 473//473
f 744//744 741//741 745//745
f 745//745 741//741 738//738
f 745//745 738//738 779//779
f 780//780 779//779 781//781
f 781//781 779//779 738//738
f 781//781 738//738 736//736
f 736//736 738//738 740//740
f 736//736 740//740 734//734
f 463//463 462//462 782//782
f 782//782 462//462 783//783
f 782//782 783//783 784//784
f 784//784 783//783 785//785
f 784//784 785//785 786//786
f 786//786 785//785 787//787
f 786//786 787//787 788//788
f 788//788 787//787 789//789
f 788//788 789//789 790//790
f 791//791 792//792 793//793
f 793//793 792//792 794//794
f 793//793 794//794 795//795
f 795//795 794//794 729//729
f 795//795 729//729 720//720
f 720//720 729//729 730//730
f 720//720 730//730 731//731
f 461//461 796//796 462//462
f 462//462 796//796 797//797
f 462//462 797//797 783//783
f 783//783 797//797 798//798
f 783//783 798//798 785//785
f 785//785 798//798 799//799
f 785//785 799//799 787//787
f 787//787 799//799 800//800
f 787//787 800//800 789//789
f 801//801 802//802 803//803
f 803//803 802//802 804//804
f 803//803 804//804 805//805
f 805//805 804//804 806//806
f 807//807 806//806 808//808
f 808//808 806//806 804//804
f 808//808 804//804 464//464
f 464//464 804//804 802//802
f 464//464 802//802 465//465
f 809//809 810//810 811//811
f 812//812 813//813 809//809
f 811//811 810//810 814//814
f 815//815 816//816 817//817
f 817//817 816//816 818//818
f 817//817 818//818 819//819
f 820//820 821//821 822//822
f 819//819 460//460 817//817
f 817//817 460//460 458//458
f 817//817 458//458 815//815
f 815//815 458//458 457//457
f 815//815 457//457 823//823
f 822//822 821//821 824//824
f 824//824 821//821 825//825
f 824//824 825//825 826//826
f 826//826 825//825 451//451
f 826//826 451//451 827//827
f 827//827 451//451 453//453
f 827//827 453//453 828//828
f 457//457 829//829 830//830
f 830//830 829//829 831//831
f 830//830 831//831 832//832
f 832//832 831//831 833//833
f 832//832 833//833 834//834
f 834//834 833//833 835//835
f 834//834 835//835 836//836
f 837//837 816//816 838//838
f 838//838 816//816 815//815
f 838//838 815//815 839//839
f 839//839 815//815 823//823
f 839//839 823//823 840//840
f 840//840 823//823 841//841
f 840//840 841//841 842//842
f 842//842 841//841 843//843
f 842//842 843//843 844//844
f 844//844 843//843 845//845
f 844//844 845//845 440//440
f 457//457 830//830 823//823
f 823//823 830//830 832//832
f 823//823 832//832 841//841
f 841//841 832//832 834//834
f 841//841 834//834 843//843
f 843//843 834//834 836//836
f 843//843 836//836 845//845
f 837//837 814//814 816//816
f 816//816 814//814 810//810
f 816//816 810//810 818//818
f 818//818 810//810 809//809
f 818//818 809//809 819//819
f 819//819 809//809 813//813
f 819//819 813//813 460//460
f 460//460 813//813 820//820
f 460//460 820//820 459//459
f 459//459 820//820 822//822
f 459//459 822//822 457//457
f 457//457 822//822 824//824
f 457//457 824//824 829//829
f 829//829 824//824 826//826
f 829//829 826//826 831//831
f 831//831 826//826 827//827
f 831//831 827//827 833//833
f 833//833 827//827 828//828
f 833//833 828//828 835//835
f 455//455 454//454 846//846
f 846//846 454//454 847//847
f 846//846 847//847 848//848
f 848//848 847//847 849//849
f 848//848 849//849 850//850
f 850//850 849//849 851//851
f 850//850 851//851 852//852
f 852//852 851//851 853//853
f 852//852 853//853 854//854
f 855//855 448//448 856//856
f 857//857 858//858 859//859
f 859//859 858//858 860//860
f 859//859 860//860 861//861
f 861//861 860//860 862//862
f 861//861 862//862 863//863
f 863//863 862//862 864//864
f 863//863 864//864 445//445
f 445//445 447//447 863//863
f 863//863 447//447 865//865
f 863//863 865//865 861//861
f 861//861 865//865 855//855
f 861//861 855//855 859//859
f 859//859 855//855 856//856
f 859//859 856//856 857//857
f 866//866 443//443 867//867
f 867//867 443//443 442//442
f 867//867 442//442 868//868
f 869//869 870//870 871//871
f 871//871 870//870 872//872
f 871//871 872//872 873//873
f 873//873 872//872 874//874
f 875//875 876//876 869//869
f 877//877 878//878 879//879
f 879//879 878//878 880//880
f 879//879 880//880 511//511
f 511//511 880//880 508//508
f 511//511 508//508 622//622
f 622//622 508//508 507//507
f 869//869 871//871 875//875
f 875//875 871//871 873//873
f 875//875 873//873 881//881
f 448//448 450//450 856//856
f 856//856 450//450 882//882
f 856//856 882//882 857//857
f 857//857 882//882 883//883
f 857//857 883//883 858//858
f 858//858 883//883 884//884
f 858//858 884//884 860//860
f 860//860 884//884 885//885
f 860//860 885//885 862//862
f 862//862 885//885 881//881
f 862//862 881//881 864//864
f 864//864 881//881 873//873
f 864//864 873//873 445//445
f 445//445 873//873 874//874
f 445//445 874//874 446//446
f 884//884 886//886 885//885
f 885//885 886//886 887//887
f 885//885 887//887 881//881
f 881//881 887//887 888//888
f 881//881 888//888 875//875
f 875//875 888//888 889//889
f 875//875 889//889 876//876
f 876//876 889//889 890//890
f 504//504 506//506 505//505
f 505//505 506//506 508//508
f 505//505 508//508 891//891
f 891//891 508//508 880//880
f 891//891 880//880 892//892
f 892//892 880//880 878//878
f 892//892 878//878 890//890
f 893//893 894//894 895//895
f 895//895 894//894 896//896
f 895//895 896//896 897//897
f 897//897 896//896 898//898
f 897//897 898//898 899//899
f 899//899 898//898 900//900
f 899//899 900//900 901//901
f 901//901 900//900 902//902
f 901//901 902//902 903//903
f 904//904 893//893 905//905
f 905//905 893//893 895//895
f 905//905 895//895 906//906
f 906//906 895//895 897//897
f 906//906 897//897 907//907
f 907//907 897//897 899//899
f 907//907 899//899 908//908
f 908//908 899//899 901//901
f 908//908 901//901 909//909
f 909//909 901//901 903//903
f 909//909 903//903 910//910
f 911//911 854//854 910//910
f 910//910 854//854 853//853
f 910//910 853//853 909//909
f 909//909 853//853 851//851
f 909//909 851//851 908//908
f 908//908 851//851 849//849
f 908//908 849//849 907//907
f 907//907 849//849 847//847
f 907//907 847//847 906//906
f 906//906 847//847 454//454
f 906//906 454//454 905//905
f 905//905 454//454 456//456
f 905//905 456//456 904//904
f 904//904 456//456 912//912
f 913//913 914//914 911//911
f 911//911 914//914 915//915
f 911//911 910//910 913//913
f 913//913 910//910 903//903
f 913//913 903//903 916//916
f 916//916 903//903 902//902
f 916//916 902//902 917//917
f 917//917 902//902 900//900
f 917//917 900//900 918//918
f 918//918 900//900 898//898
f 918//918 898//898 919//919
f 919//919 898//898 896//896
f 919//919 896//896 920//920
f 920//920 896//896 894//894
f 920//920 894//894 921//921
f 922//922 923//923 924//924
f 924//924 923//923 925//925
f 925//925 923//923 926//926
f 925//925 926//926 927//927
f 927//927 926//926 928//928
f 927//927 928//928 929//929
f 929//929 928//928 930//930
f 929//929 930//930 931//931
f 931//931 930//930 932//932
f 931//931 932//932 933//933
f 933//933 932//932 934//934
f 933//933 934//934 935//935
f 935//935 934//934 936//936
f 935//935 936//936 937//937
f 937//937 936//936 938//938
f 937//937 938//938 939//939
f 939//939 938//938 940//940
f 939//939 940//940 915//915
f 915//915 940//940 941//941
f 915//915 941//941 911//911
f 911//911 941//941 942//942
f 911//911 942//942 854//854
f 854//854 942//942 943//943
f 854//854 943//943 852//852
f 852//852 943//943 944//944
f 852//852 944//944 850//850
f 850//850 944//944 945//945
f 850//850 945//945 848//848
f 848//848 945//945 946//946
f 848//848 946//946 846//846
f 846//846 946//946 807//807
f 846//846 807//807 455//455
f 455//455 807//807 808//808
f 455//455 808//808 456//456
f 456//456 808//808 464//464
f 456//456 464//464 912//912
f 498//498 500//500 499//499
f 499//499 500//500 502//502
f 499//499 502//502 947//947
f 947//947 502//502 948//948
f 947//947 948//948 949//949
f 949//949 948//948 950//950
f 949//949 950//950 951//951
f 951//951 950//950 952//952
f 951//951 952//952 953//953
f 953//953 952//952 954//954
f 953//953 954//954 955//955
f 955//955 954//954 922//922
f 955//955 922//922 956//956
f 956//956 922//922 924//924
f 495//495 624//624 496//496
f 496//496 624//624 499//499
f 496//496 499//499 957//957
f 957//957 499//499 947//947
f 957//957 947//947 958//958
f 958//958 947//947 949//949
f 958//958 949//949 959//959
f 959//959 949//949 951//951
f 959//959 951//951 960//960
f 960//960 951//951 953//953
f 960//960 953//953 961//961
f 961//961 953//953 955//955
f 961//961 955//955 962//962
f 962//962 955//955 956//956
f 962//962 956//956 963//963
f 963//963 956//956 924//924
f 963//963 924//924 964//964
f 964//964 924//924 925//925
f 964//964 925//925 965//965
f 965//965 925//925 927//927
f 965//965 927//927 966//966
f 966//966 927//927 929//929
f 966//966 929//929 967//967
f 967//967 929//929 931//931
f 967//967 931//931 968//968
f 968//968 931//931 933//933
f 968//968 933//933 969//969
f 969//969 933//933 935//935
f 969//969 935//935 970//970
f 970//970 935//935 937//937
f 970//970 937//937 971//971
f 971//971 937//937 939//939
f 971//971 939//939 972//972
f 972//972 939//939 915//915
f 972//972 915//915 973//973
f 973//973 915//915 914//914
f 974//974 975//975 976//976
f 977//977 978//978 979//979
f 979//979 978//978 980//980
f 981//981 978//978 982//982
f 982//982 978//978 977//977
f 982//982 977//977 983//983
f 984//984 985//985 986//986
f 986//986 985//985 987//987
f 986//986 987//987 988//988
f 367//367 366//366 989//989
f 989//989 366//366 990//990
f 989//989 990//990 991//991
f 437//437 436//436 992//992
f 992//992 436//436 993//993
f 992//992 993//993 812//812
f 812//812 993//993 994//994
f 812//812 994//994 813//813
f 813//813 994//994 995//995
f 813//813 995//995 820//820
f 820//820 995//995 996//996
f 820//820 996//996 821//821
f 821//821 996//996 997//997
f 821//821 997//997 825//825
f 825//825 997//997 998//998
f 825//825 998//998 451//451
f 999//999 1000//1000 1001//1001
f 1001//1001 1000//1000 1002//1002
f 1003//1003 999//999 1004//1004
f 1004//1004 999//999 1001//1001
f 1004//1004 1001//1001 1005//1005
f 1005//1005 1001//1001 1002//1002
f 1005//1005 1002//1002 1006//1006
f 1007//1007 1000//1000 1008//1008
f 1008//1008 1000//1000 999//999
f 1008//1008 999//999 1009//1009
f 1009//1009 999//999 1003//1003
f 1009//1009 1003//1003 1010//1010
f 1010//1010 1003//1003 1004//1004
f 1010//1010 1004//1004 430//430
f 430//430 432//432 1010//1010
f 1010//1010 432//432 433//433
f 1010//1010 433//433 1009//1009
f 1009//1009 433//433 435//435
f 1009//1009 435//435 1008//1008
f 1008//1008 435//435 1011//1011
f 1008//1008 1011//1011 1007//1007
f 1007//1007 1011//1011 1012//1012
f 1007//1007 1012//1012 1000//1000
f 1013//1013 444//444 441//441
f 441//441 444//444 443//443
f 441//441 443//443 439//439
f 439//439 443//443 866//866
f 439//439 866//866 1014//1014
f 1014//1014 866//866 867//867
f 1014//1014 867//867 1015//1015
f 1015//1015 867//867 868//868
f 1015//1015 868//868 1016//1016
f 1016//1016 868//868 1017//1017
f 1016//1016 1017//1017 1018//1018
f 1018//1018 1017//1017 1019//1019
f 1018//1018 1019//1019 1020//1020
f 1020//1020 1019//1019 1021//1021
f 1020//1020 1021//1021 1022//1022
f 1022//1022 1021//1021 1023//1023
f 1022//1022 1023//1023 1024//1024
f 811//811 1025//1025 809//809
f 809//809 1025//1025 1026//1026
f 809//809 1026//1026 812//812
f 812//812 1026//1026 1027//1027
f 812//812 1027//1027 992//992
f 992//992 1027//1027 1028//1028
f 992//992 1028//1028 437//437
f 1029//1029 1030//1030 1031//1031
f 1031//1031 1030//1030 1032//1032
f 1031//1031 1032//1032 984//984
f 984//984 1032//1032 1033//1033
f 984//984 1033//1033 985//985
f 1034//1034 1035//1035 983//983
f 983//983 1035//1035 1036//1036
f 983//983 1036//1036 982//982
f 982//982 1036//1036 1037//1037
f 1038//1038 1035//1035 1039//1039
f 1039//1039 1035//1035 1034//1034
f 1039//1039 1034//1034 1040//1040
f 418//418 417//417 1041//1041
f 1041//1041 417//417 1042//1042
f 1041//1041 1042//1042 1043//1043
f 1044//1044 1040//1040 1045//1045
f 1045//1045 1040//1040 1046//1046
f 1045//1045 1046//1046 1043//1043
f 1043//1043 1046//1046 1043//1043
f 1040//1040 1034//1034 1046//1046
f 1046//1046 1034//1034 1047//1047
f 1046//1046 1047//1047 1048//1048
f 1049//1049 1050//1050 418//418
f 418//418 1050//1050 1051//1051
f 418//418 1051//1051 416//416
f 1052//1052 1053//1053 1054//1054
f 1054//1054 1053//1053 1055//1055
f 1054//1054 1055//1055 1056//1056
f 414//414 1057//1057 1058//1058
f 1058//1058 1057//1057 1059//1059
f 1060//1060 1059//1059 1061//1061
f 1061//1061 1059//1059 1057//1057
f 1061//1061 1057//1057 1053//1053
f 1053//1053 1057//1057 414//414
f 1053//1053 414//414 1055//1055
f 1055//1055 414//414 415//415
f 1055//1055 415//415 1056//1056
f 1062//1062 1063//1063 1064//1064
f 1064//1064 1063//1063 1065//1065
f 1064//1064 1065//1065 1066//1066
f 411//411 410//410 1067//1067
f 1067//1067 410//410 1068//1068
f 1067//1067 1068//1068 1069//1069
f 1048//1048 1062//1062 1070//1070
f 1070//1070 1062//1062 1064//1064
f 1070//1070 1064//1064 1071//1071
f 1071//1071 1064//1064 1066//1066
f 1071//1071 1066//1066 1072//1072
f 404//404 403//403 1049//1049
f 1073//1073 1074//1074 403//403
f 403//403 1074//1074 1075//1075
f 403//403 1075//1075 1049//1049
f 1049//1049 1075//1075 1076//1076
f 1049//1049 1076//1076 1050//1050
f 1073//1073 1077//1077 1078//1078
f 1078//1078 1077//1077 1079//1079
f 408//408 407//407 1079//1079
f 1079//1079 407//407 407//407
f 1079//1079 407//407 1078//1078
f 402//402 1080//1080 408//408
f 1081//1081 1081//1081 1080//1080
f 1080//1080 1081//1081 1082//1082
f 1080//1080 1082//1082 408//408
f 408//408 1082//1082 1083//1083
f 408//408 1083//1083 406//406
f 402//402 401//401 1080//1080
f 1080//1080 401//401 1084//1084
f 1080//1080 1084//1084 1081//1081
f 1085//1085 1086//1086 1084//1084
f 1084//1084 1086//1086 1087//1087
f 1084//1084 1087//1087 1081//1081
f 1088//1088 1089//1089 1090//1090
f 1091//1091 1092//1092 1093//1093
f 1093//1093 1092//1092 1094//1094
f 1093//1093 1094//1094 1095//1095
f 1095//1095 1094//1094 1088//1088
f 1096//1096 1097//1097 1098//1098
f 1098//1098 1097//1097 1099//1099
f 1098//1098 1099//1099 1100//1100
f 1096//1096 1101//1101 1097//1097
f 1097//1097 1101//1101 1102//1102
f 1097//1097 1102//1102 1103//1103
f 1103//1103 1102//1102 1102//1102
f 1103//1103 1102//1102 1091//1091
f 1104//1104 1105//1105 1106//1106
f 1106//1106 1105//1105 1107//1107
f 1106//1106 1107//1107 1108//1108
f 1109//1109 1110//1110 1111//1111
f 1111//1111 1110//1110 1106//1106
f 1112//1112 1113//1113 1114//1114
f 1112//1112 1114//1114 1115//1115
f 1116//1116 1117//1117 1118//1118
f 1108//1108 1119//1119 1106//1106
f 1106//1106 1119//1119 1120//1120
f 1106//1106 1120//1120 1111//1111
f 1111//1111 1120//1120 1121//1121
f 1122//1122 1085//1085 1123//1123
f 1123//1123 1085//1085 1084//1084
f 1123//1123 1084//1084 1124//1124
f 1124//1124 1084//1084 401//401
f 1124//1124 401//401 1125//1125
f 1125//1125 401//401 400//400
f 1125//1125 400//400 1126//1126
f 1127//1127 1109//1109 1128//1128
f 1128//1128 1109//1109 1111//1111
f 1128//1128 1111//1111 1099//1099
f 1099//1099 1111//1111 1121//1121
f 1099//1099 1121//1121 1100//1100
f 1113//1113 1104//1104 1114//1114
f 1114//1114 1104//1104 1106//1106
f 1114//1114 1106//1106 1129//1129
f 1129//1129 1106//1106 1110//1110
f 1129//1129 1110//1110 1130//1130
f 1130//1130 1110//1110 1109//1109
f 1130//1130 1109//1109 1131//1131
f 1131//1131 1109//1109 1127//1127
f 1131//1131 1127//1127 1132//1132
f 1133//1133 1126//1126 1134//1134
f 1134//1134 1126//1126 400//400
f 1134//1134 400//400 1135//1135
f 1135//1135 400//400 402//402
f 1135//1135 402//402 1136//1136
f 1136//1136 402//402 408//408
f 1136//1136 408//408 1137//1137
f 1137//1137 408//408 1079//1079
f 1137//1137 1079//1079 405//405
f 405//405 1079//1079 1077//1077
f 405//405 1077//1077 403//403
f 403//403 1077//1077 1073//1073
f 403//403 1073//1073 1073//1073
f 1138//1138 1139//1139 1068//1068
f 1068//1068 1139//1139 1140//1140
f 1068//1068 1140//1140 1069//1069
f 1141//1141 1142//1142 1143//1143
f 1142//1142 1138//1138 1143//1143
f 1143//1143 1138//1138 1068//1068
f 1143//1143 1068//1068 1144//1144
f 1144//1144 1068//1068 410//410
f 1144//1144 410//410 1145//1145
f 1145//1145 410//410 409//409
f 1145//1145 409//409 1146//1146
f 1065//1065 1147//1147 1066//1066
f 1066//1066 1147//1147 1148//1148
f 1066//1066 1148//1148 1072//1072
f 1072//1072 1148//1148 1149//1149
f 1072//1072 1149//1149 1150//1150
f 1150//1150 1149//1149 1151//1151
f 1150//1150 1151//1151 1152//1152
f 1152//1152 1151//1151 1153//1153
f 1152//1152 1153//1153 1154//1154
f 1154//1154 1153//1153 1155//1155
f 1154//1154 1155//1155 1156//1156
f 1156//1156 1155//1155 1157//1157
f 1156//1156 1157//1157 1158//1158
f 1158//1158 1157//1157 1159//1159
f 1158//1158 1159//1159 1160//1160
f 1160//1160 1159//1159 1161//1161
f 1160//1160 1161//1161 1162//1162
f 1163//1163 1164//1164 1165//1165
f 1165//1165 1164//1164 1166//1166
f 1165//1165 1166//1166 1167//1167
f 1167//1167 1166//1166 1168//1168
f 1167//1167 1168//1168 1169//1169
f 1169//1169 1168//1168 1170//1170
f 1169//1169 1170//1170 1171//1171
f 1171//1171 1170//1170 1172//1172
f 1173//1173 1174//1174 1175//1175
f 1175//1175 1174//1174 1176//1176
f 1172//1172 1141//1141 1171//1171
f 1171//1171 1141//1141 1143//1143
f 1171//1171 1143//1143 1169//1169
f 1169//1169 1143//1143 1144//1144
f 1169//1169 1144//1144 1167//1167
f 1167//1167 1144//1144 1145//1145
f 1167//1167 1145//1145 1165//1165
f 1165//1165 1145//1145 1146//1146
f 1165//1165 1146//1146 1163//1163
f 1049//1049 1177//1177 404//404
f 404//404 1177//1177 1178//1178
f 404//404 1178//1178 405//405
f 405//405 1178//1178 1179//1179
f 405//405 1179//1179 1137//1137
f 1137//1137 1179//1179 1180//1180
f 1137//1137 1180//1180 1136//1136
f 1136//1136 1180//1180 1181//1181
f 1136//1136 1181//1181 1135//1135
f 1135//1135 1181//1181 1182//1182
f 1135//1135 1182//1182 1134//1134
f 1134//1134 1182//1182 1183//1183
f 1134//1134 1183//1183 1133//1133
f 1133//1133 1183//1183 1184//1184
f 1185//1185 1186//1186 1187//1187
f 1188//1188 398//398 1189//1189
f 1189//1189 398//398 397//397
f 1189//1189 397//397 1185//1185
f 1185//1185 1187//1187 1189//1189
f 1189//1189 1187//1187 1190//1190
f 1189//1189 1190//1190 1188//1188
f 1088//1088 1090//1090 1095//1095
f 1095//1095 1090//1090 1191//1191
f 1095//1095 1191//1191 1093//1093
f 1093//1093 1191//1191 1192//1192
f 1093//1093 1192//1192 1193//1193
f 1193//1193 1192//1192 1194//1194
f 1193//1193 1194//1194 1195//1195
f 1195//1195 1194//1194 1196//1196
f 1195//1195 1196//1196 1197//1197
f 1197//1197 1196//1196 1198//1198
f 1197//1197 1198//1198 1199//1199
f 1200//1200 1201//1201 1202//1202
f 1202//1202 1201//1201 1203//1203
f 1202//1202 1203//1203 1204//1204
f 1204//1204 1203//1203 1205//1205
f 1204//1204 1205//1205 1206//1206
f 1117//1117 1115//1115 1118//1118
f 1118//1118 1115//1115 1114//1114
f 1118//1118 1114//1114 1207//1207
f 1207//1207 1114//1114 1129//1129
f 1207//1207 1129//1129 1208//1208
f 1208//1208 1129//1129 1130//1130
f 1208//1208 1130//1130 1209//1209
f 1209//1209 1130//1130 1131//1131
f 1209//1209 1131//1131 1210//1210
f 1210//1210 1131//1131 1132//1132
f 1210//1210 1132//1132 1211//1211
f 1043//1043 1046//1046 1041//1041
f 1041//1041 1046//1046 1048//1048
f 1041//1041 1048//1048 418//418
f 418//418 1048//1048 1070//1070
f 418//418 1070//1070 1049//1049
f 1049//1049 1070//1070 1071//1071
f 1049//1049 1071//1071 1177//1177
f 1177//1177 1071//1071 1072//1072
f 1177//1177 1072//1072 1178//1178
f 1178//1178 1072//1072 1150//1150
f 1178//1178 1150//1150 1179//1179
f 1179//1179 1150//1150 1152//1152
f 1179//1179 1152//1152 1180//1180
f 1180//1180 1152//1152 1154//1154
f 1180//1180 1154//1154 1181//1181
f 1181//1181 1154//1154 1156//1156
f 1181//1181 1156//1156 1182//1182
f 1182//1182 1156//1156 1158//1158
f 1182//1182 1158//1158 1183//1183
f 1183//1183 1158//1158 1160//1160
f 1183//1183 1160//1160 1184//1184
f 1184//1184 1160//1160 1162//1162
f 1184//1184 1162//1162 1212//1212
f 1213//1213 1214//1214 1215//1215
f 1215//1215 1214//1214 1216//1216
f 1216//1216 1199//1199 1212//1212
f 1212//1212 1199//1199 1198//1198
f 1212//1212 1198//1198 1184//1184
f 1184//1184 1198//1198 1196//1196
f 1184//1184 1196//1196 1133//1133
f 1133//1133 1196//1196 1194//1194
f 1133//1133 1194//1194 1126//1126
f 1126//1126 1194//1194 1192//1192
f 1126//1126 1192//1192 1125//1125
f 1125//1125 1192//1192 1191//1191
f 1125//1125 1191//1191 1124//1124
f 1124//1124 1191//1191 1090//1090
f 1124//1124 1090//1090 1123//1123
f 1123//1123 1090//1090 1089//1089
f 1123//1123 1089//1089 1122//1122
f 1161//1161 1176//1176 1162//1162
f 1162//1162 1176//1176 1174//1174
f 1162//1162 1174//1174 1212//1212
f 1212//1212 1174//1174 1173//1173
f 1212//1212 1173//1173 1217//1217
f 1103//1103 1218//1218 1097//1097
f 1097//1097 1218//1218 1219//1219
f 1097//1097 1219//1219 1099//1099
f 1099//1099 1219//1219 1206//1206
f 1099//1099 1206//1206 1128//1128
f 1128//1128 1206//1206 1205//1205
f 1128//1128 1205//1205 1127//1127
f 1127//1127 1205//1205 1203//1203
f 1127//1127 1203//1203 1132//1132
f 1132//1132 1203//1203 1201//1201
f 1132//1132 1201//1201 1211//1211
f 1211//1211 1201//1201 1200//1200
f 1211//1211 1200//1200 1220//1220
f 516//516 1116//1116 517//517
f 517//517 1116//1116 1118//1118
f 517//517 1118//1118 588//588
f 588//588 1118//1118 1207//1207
f 588//588 1207//1207 591//591
f 591//591 1207//1207 1208//1208
f 591//591 1208//1208 596//596
f 596//596 1208//1208 1209//1209
f 596//596 1209//1209 594//594
f 594//594 1209//1209 1210//1210
f 594//594 1210//1210 599//599
f 599//599 1210//1210 1211//1211
f 599//599 1211//1211 604//604
f 604//604 1211//1211 1220//1220
f 1215//1215 386//386 1213//1213
f 1213//1213 386//386 385//385
f 1213//1213 385//385 1221//1221
f 1222//1222 1223//1223 1224//1224
f 1224//1224 1223//1223 1225//1225
f 1224//1224 1225//1225 1029//1029
f 1029//1029 1225//1225 1226//1226
f 1029//1029 1226//1226 1030//1030
f 1056//1056 1033//1033 1054//1054
f 1054//1054 1033//1033 1032//1032
f 1054//1054 1032//1032 1052//1052
f 1052//1052 1032//1032 1030//1030
f 1052//1052 1030//1030 1053//1053
f 1053//1053 1030//1030 1226//1226
f 1053//1053 1226//1226 1061//1061
f 1061//1061 1226//1226 1225//1225
f 1061//1061 1225//1225 1060//1060
f 1060//1060 1225//1225 1223//1223
f 428//428 427//427 1227//1227
f 1227//1227 427//427 1228//1228
f 1227//1227 1228//1228 1229//1229
f 1229//1229 1228//1228 1230//1230
f 1229//1229 1230//1230 1231//1231
f 1231//1231 1230//1230 1232//1232
f 1231//1231 1232//1232 1233//1233
f 423//423 422//422 425//425
f 425//425 422//422 1234//1234
f 425//425 1234//1234 1235//1235
f 1235//1235 1234//1234 1236//1236
f 1235//1235 1236//1236 1237//1237
f 1237//1237 1236//1236 1238//1238
f 1237//1237 1238//1238 1239//1239
f 420//420 419//419 1240//1240
f 1240//1240 419//419 1241//1241
f 1240//1240 1241//1241 1242//1242
f 1242//1242 1241//1241 1243//1243
f 1242//1242 1243//1243 1244//1244
f 1244//1244 1243//1243 1245//1245
f 1244//1244 1245//1245 449//449
f 449//449 1245//1245 1246//1246
f 449//449 1246//1246 450//450
f 450//450 1246//1246 1247//1247
f 450//450 1247//1247 882//882
f 882//882 1247//1247 1248//1248
f 882//882 1248//1248 883//883
f 883//883 1248//1248 1249//1249
f 883//883 1249//1249 884//884
f 884//884 1249//1249 1250//1250
f 884//884 1250//1250 886//886
f 426//426 425//425 1251//1251
f 1251//1251 425//425 1235//1235
f 1251//1251 1235//1235 1252//1252
f 1252//1252 1235//1235 1237//1237
f 1252//1252 1237//1237 1253//1253
f 1253//1253 1237//1237 1239//1239
f 1253//1253 1239//1239 1254//1254
f 1012//1012 1255//1255 1000//1000
f 1000//1000 1255//1255 1256//1256
f 1000//1000 1256//1256 1002//1002
f 1002//1002 1256//1256 424//424
f 1002//1002 424//424 1006//1006
f 1006//1006 424//424 423//423
f 1006//1006 423//423 1257//1257
f 1257//1257 423//423 426//426
f 1257//1257 426//426 1258//1258
f 1258//1258 426//426 1251//1251
f 1258//1258 1251//1251 1259//1259
f 1259//1259 1251//1251 1252//1252
f 1259//1259 1252//1252 1260//1260
f 1260//1260 1252//1252 1253//1253
f 1260//1260 1253//1253 1261//1261
f 1261//1261 1253//1253 1254//1254
f 1261//1261 1254//1254 1262//1262
f 1263//1263 429//429 1264//1264
f 1264//1264 429//429 428//428
f 1264//1264 428//428 1265//1265
f 1265//1265 428//428 1227//1227
f 1265//1265 1227//1227 1266//1266
f 1266//1266 1227//1227 1229//1229
f 1266//1266 1229//1229 1267//1267
f 1267//1267 1229//1229 1231//1231
f 1267//1267 1231//1231 1268//1268
f 1268//1268 1231//1231 1233//1233
f 1268//1268 1233//1233 1269//1269
f 1270//1270 1271//1271 1272//1272
f 1272//1272 1271//1271 1273//1273
f 1272//1272 1273//1273 1274//1274
f 1274//1274 1273//1273 1275//1275
f 1274//1274 1275//1275 1276//1276
f 1276//1276 1275//1275 1277//1277
f 1276//1276 1277//1277 1278//1278
f 1278//1278 1277//1277 1279//1279
f 1278//1278 1279//1279 1280//1280
f 1029//1029 1281//1281 1224//1224
f 1224//1224 1281//1281 1282//1282
f 1224//1224 1282//1282 1222//1222
f 1222//1222 1282//1282 1263//1263
f 1222//1222 1263//1263 1283//1283
f 1283//1283 1263//1263 1264//1264
f 1283//1283 1264//1264 1284//1284
f 1284//1284 1264//1264 1265//1265
f 1284//1284 1265//1265 1285//1285
f 1285//1285 1265//1265 1266//1266
f 1285//1285 1266//1266 1286//1286
f 1286//1286 1266//1266 1267//1267
f 1286//1286 1267//1267 1287//1287
f 1287//1287 1267//1267 1268//1268
f 1287//1287 1268//1268 1288//1288
f 1288//1288 1268//1268 1269//1269
f 1288//1288 1269//1269 1289//1289
f 1290//1290 1270//1270 1291//1291
f 1291//1291 1270//1270 1272//1272
f 1291//1291 1272//1272 1292//1292
f 1292//1292 1272//1272 1274//1274
f 1292//1292 1274//1274 1293//1293
f 1293//1293 1274//1274 1276//1276
f 1293//1293 1276//1276 1294//1294
f 1294//1294 1276//1276 1278//1278
f 1294//1294 1278//1278 1295//1295
f 1295//1295 1278//1278 1280//1280
f 1295//1295 1280//1280 1296//1296
f 1297//1297 1290//1290 393//393
f 393//393 1290//1290 1291//1291
f 393//393 1291//1291 391//391
f 391//391 1291//1291 1292//1292
f 391//391 1292//1292 1298//1298
f 1298//1298 1292//1292 1293//1293
f 1298//1298 1293//1293 1299//1299
f 1299//1299 1293//1293 1294//1294
f 1299//1299 1294//1294 1300//1300
f 1300//1300 1294//1294 1295//1295
f 1300//1300 1295//1295 1301//1301
f 1301//1301 1295//1295 1296//1296
f 1301//1301 1296//1296 1302//1302
f 392//392 391//391 1303//1303
f 1303//1303 391//391 1298//1298
f 1303//1303 1298//1298 1304//1304
f 1304//1304 1298//1298 1299//1299
f 1304//1304 1299//1299 1305//1305
f 1305//1305 1299//1299 1300//1300
f 1305//1305 1300//1300 1306//1306
f 1306//1306 1300//1300 1301//1301
f 1306//1306 1301//1301 1307//1307
f 1307//1307 1301//1301 1302//1302
f 1307//1307 1302//1302 1308//1308
f 1309//1309 1297//1297 396//396
f 396//396 1297//1297 1310//1310
f 396//396 1310//1310 394//394
f 394//394 1310//1310 1311//1311
f 394//394 1311//1311 1312//1312
f 1312//1312 1311//1311 1313//1313
f 1312//1312 1313//1313 1314//1314
f 1314//1314 1313//1313 1315//1315
f 1314//1314 1315//1315 1316//1316
f 1316//1316 1315//1315 1317//1317
f 1316//1316 1317//1317 1318//1318
f 1318//1318 1317//1317 1319//1319
f 1318//1318 1319//1319 1320//1320
f 1069//1069 1321//1321 1067//1067
f 1067//1067 1321//1321 1322//1322
f 1067//1067 1322//1322 411//411
f 411//411 1322//1322 1323//1323
f 411//411 1323//1323 409//409
f 409//409 1323//1323 1324//1324
f 409//409 1324//1324 1146//1146
f 1146//1146 1324//1324 1325//1325
f 1146//1146 1325//1325 1163//1163
f 1163//1163 1325//1325 1326//1326
f 1163//1163 1326//1326 1327//1327
f 1327//1327 1326//1326 1328//1328
f 1329//1329 1330//1330 1331//1331
f 1327//1327 1332//1332 1163//1163
f 1163//1163 1332//1332 1333//1333
f 1163//1163 1333//1333 1164//1164
f 1164//1164 1333//1333 1334//1334
f 1164//1164 1334//1334 1166//1166
f 1166//1166 1334//1334 1335//1335
f 1166//1166 1335//1335 1168//1168
f 1168//1168 1335//1335 1336//1336
f 1168//1168 1336//1336 1170//1170
f 1170//1170 1336//1336 1337//1337
f 1170//1170 1337//1337 1172//1172
f 1329//1329 1331//1331 1338//1338
f 1338//1338 1331//1331 1339//1339
f 1338//1338 1339//1339 1340//1340
f 395//395 394//394 1341//1341
f 1341//1341 394//394 1312//1312
f 1341//1341 1312//1312 1342//1342
f 1342//1342 1312//1312 1314//1314
f 1342//1342 1314//1314 1343//1343
f 1343//1343 1314//1314 1316//1316
f 1343//1343 1316//1316 1344//1344
f 1344//1344 1316//1316 1318//1318
f 1344//1344 1318//1318 1345//1345
f 1345//1345 1318//1318 1320//1320
f 1345//1345 1320//1320 1346//1346
f 389//389 388//388 1347//1347
f 1347//1347 388//388 1348//1348
f 1347//1347 1348//1348 1349//1349
f 1349//1349 1348//1348 1350//1350
f 1349//1349 1350//1350 1351//1351
f 1351//1351 1350//1350 1352//1352
f 1351//1351 1352//1352 1353//1353
f 1353//1353 1352//1352 1354//1354
f 1353//1353 1354//1354 1355//1355
f 1355//1355 1354//1354 1356//1356
f 1355//1355 1356//1356 1357//1357
f 1358//1358 1309//1309 1359//1359
f 1359//1359 1309//1309 1360//1360
f 1359//1359 1360//1360 1361//1361
f 1361//1361 1360//1360 1362//1362
f 1361//1361 1362//1362 1363//1363
f 1363//1363 1362//1362 1364//1364
f 1363//1363 1364//1364 1365//1365
f 1365//1365 1364//1364 1366//1366
f 1365//1365 1366//1366 1367//1367
f 1367//1367 1366//1366 1368//1368
f 1367//1367 1368//1368 1369//1369
f 1369//1369 1368//1368 1370//1370
f 1369//1369 1370//1370 1371//1371
f 1371//1371 1370//1370 1372//1372
f 1371//1371 1372//1372 1373//1373
f 1373//1373 1372//1372 1374//1374
f 1373//1373 1374//1374 1375//1375
f 1376//1376 390//390 1377//1377
f 1377//1377 390//390 389//389
f 1377//1377 389//389 1378//1378
f 1378//1378 389//389 1347//1347
f 1378//1378 1347//1347 1379//1379
f 1379//1379 1347//1347 1349//1349
f 1379//1379 1349//1349 1380//1380
f 1380//1380 1349//1349 1351//1351
f 1380//1380 1351//1351 1381//1381
f 1381//1381 1351//1351 1353//1353
f 1381//1381 1353//1353 1382//1382
f 1382//1382 1353//1353 1355//1355
f 1382//1382 1355//1355 1383//1383
f 1383//1383 1355//1355 1357//1357
f 1383//1383 1357//1357 1384//1384
f 1384//1384 1357//1357 1385//1385
f 1309//1309 396//396 1360//1360
f 1360//1360 396//396 395//395
f 1360//1360 395//395 1362//1362
f 1362//1362 395//395 1341//1341
f 1362//1362 1341//1341 1364//1364
f 1364//1364 1341//1341 1342//1342
f 1364//1364 1342//1342 1366//1366
f 1366//1366 1342//1342 1343//1343
f 1366//1366 1343//1343 1368//1368
f 1368//1368 1343//1343 1344//1344
f 1368//1368 1344//1344 1370//1370
f 1370//1370 1344//1344 1345//1345
f 1370//1370 1345//1345 1372//1372
f 1372//1372 1345//1345 1346//1346
f 1372//1372 1346//1346 1374//1374
f 1386//1386 1387//1387 1388//1388
f 1388//1388 1387//1387 1328//1328
f 1175//1175 1330//1330 1173//1173
f 1173//1173 1330//1330 1329//1329
f 1173//1173 1329//1329 1217//1217
f 1217//1217 1329//1329 1338//1338
f 1217//1217 1338//1338 1389//1389
f 1389//1389 1338//1338 1340//1340
f 1389//1389 1340//1340 1390//1390
f 1216//1216 1391//1391 1215//1215
f 1215//1215 1391//1391 1392//1392
f 1215//1215 1392//1392 386//386
f 386//386 1392//1392 1393//1393
f 386//386 1393//1393 387//387
f 1063//1063 1321//1321 1065//1065
f 1065//1065 1321//1321 1069//1069
f 1065//1065 1069//1069 1147//1147
f 1147//1147 1069//1069 1140//1140
f 1147//1147 1140//1140 1148//1148
f 1148//1148 1140//1140 1139//1139
f 1148//1148 1139//1139 1149//1149
f 1149//1149 1139//1139 1138//1138
f 1149//1149 1138//1138 1151//1151
f 1151//1151 1138//1138 1142//1142
f 1151//1151 1142//1142 1153//1153
f 1153//1153 1142//1142 1141//1141
f 1153//1153 1141//1141 1155//1155
f 1155//1155 1141//1141 1172//1172
f 1155//1155 1172//1172 1157//1157
f 1157//1157 1172//1172 1337//1337
f 1157//1157 1337//1337 1159//1159
f 1159//1159 1337//1337 1336//1336
f 1159//1159 1336//1336 1161//1161
f 1161//1161 1336//1336 1335//1335
f 1161//1161 1335//1335 1176//1176
f 1176//1176 1335//1335 1334//1334
f 1176//1176 1334//1334 1175//1175
f 1175//1175 1334//1334 1333//1333
f 1175//1175 1333//1333 1330//1330
f 1330//1330 1333//1333 1332//1332
f 1330//1330 1332//1332 1331//1331
f 1331//1331 1332//1332 1327//1327
f 1331//1331 1327//1327 1339//1339
f 1339//1339 1327//1327 1328//1328
f 1339//1339 1328//1328 1340//1340
f 1340//1340 1328//1328 1387//1387
f 1340//1340 1387//1387 1390//1390
f 1390//1390 1387//1387 1386//1386
f 1394//1394 1395//1395 1396//1396
f 1396//1396 1395//1395 387//387
f 1396//1396 387//387 1397//1397
f 1397//1397 387//387 1393//1393
f 1398//1398 1399//1399 1400//1400
f 1400//1400 1399//1399 1401//1401
f 1400//1400 1401//1401 1402//1402
f 1402//1402 1401//1401 1221//1221
f 1403//1403 1404//1404 1405//1405
f 1405//1405 1404//1404 1220//1220
f 1405//1405 1220//1220 1406//1406
f 1406//1406 1220//1220 1200//1200
f 1406//1406 1200//1200 1407//1407
f 1407//1407 1200//1200 1202//1202
f 1407//1407 1202//1202 399//399
f 399//399 1202//1202 1204//1204
f 399//399 1204//1204 397//397
f 397//397 1204//1204 1206//1206
f 397//397 1206//1206 1185//1185
f 1185//1185 1206//1206 1219//1219
f 1185//1185 1219//1219 1186//1186
f 1186//1186 1219//1219 1218//1218
f 602//602 604//604 607//607
f 607//607 604//604 1220//1220
f 607//607 1220//1220 609//609
f 609//609 1220//1220 1404//1404
f 609//609 1404//1404 611//611
f 1221//1221 385//385 1402//1402
f 1402//1402 385//385 387//387
f 1402//1402 387//387 1400//1400
f 1400//1400 387//387 1395//1395
f 1400//1400 1395//1395 1398//1398
f 1216//1216 1212//1212 1391//1391
f 1391//1391 1212//1212 1217//1217
f 1391//1391 1217//1217 1392//1392
f 1392//1392 1217//1217 1389//1389
f 1392//1392 1389//1389 1393//1393
f 1393//1393 1389//1389 1390//1390
f 1393//1393 1390//1390 1397//1397
f 1397//1397 1390//1390 1386//1386
f 1397//1397 1386//1386 1396//1396
f 1396//1396 1386//1386 1388//1388
f 1396//1396 1388//1388 1394//1394
f 1394//1394 1388//1388 1408//1408
f 1394//1394 1408//1408 1395//1395
f 1395//1395 1408//1408 1409//1409
f 1395//1395 1409//1409 1398//1398
f 1398//1398 1409//1409 1410//1410
f 1398//1398 1410//1410 1411//1411
f 1091//1091 1093//1093 1103//1103
f 1103//1103 1093//1093 1193//1193
f 1103//1103 1193//1193 1218//1218
f 1218//1218 1193//1193 1195//1195
f 1218//1218 1195//1195 1186//1186
f 1186//1186 1195//1195 1197//1197
f 1186//1186 1197//1197 1187//1187
f 1187//1187 1197//1197 1199//1199
f 1187//1187 1199//1199 1190//1190
f 1190//1190 1199//1199 1216//1216
f 1190//1190 1216//1216 1188//1188
f 1188//1188 1216//1216 1214//1214
f 1188//1188 1214//1214 398//398
f 398//398 1214//1214 1213//1213
f 398//398 1213//1213 399//399
f 399//399 1213//1213 1221//1221
f 399//399 1221//1221 1407//1407
f 1407//1407 1221//1221 1401//1401
f 1407//1407 1401//1401 1406//1406
f 1406//1406 1401//1401 1399//1399
f 1406//1406 1399//1399 1405//1405
f 1405//1405 1399//1399 1398//1398
f 1405//1405 1398//1398 1403//1403
f 1403//1403 1398//1398 1411//1411
f 1403//1403 1411//1411 1404//1404
f 1404//1404 1411//1411 1412//1412
f 1404//1404 1412//1412 611//611
f 1413//1413 1414//1414 1415//1415
f 1415//1415 1414//1414 1416//1416
f 1415//1415 1416//1416 1385//1385
f 1297//1297 393//393 1310//1310
f 1310//1310 393//393 392//392
f 1310//1310 392//392 1311//1311
f 1311//1311 392//392 1303//1303
f 1311//1311 1303//1303 1313//1313
f 1313//1313 1303//1303 1304//1304
f 1313//1313 1304//1304 1315//1315
f 1315//1315 1304//1304 1305//1305
f 1315//1315 1305//1305 1317//1317
f 1317//1317 1305//1305 1306//1306
f 1317//1317 1306//1306 1319//1319
f 1319//1319 1306//1306 1307//1307
f 1319//1319 1307//1307 1320//1320
f 1320//1320 1307//1307 1308//1308
f 1320//1320 1308//1308 1346//1346
f 1346//1346 1308//1308 383//383
f 1346//1346 383//383 1374//1374
f 1374//1374 383//383 382//382
f 1374//1374 382//382 1375//1375
f 384//384 383//383 1417//1417
f 1417//1417 383//383 1308//1308
f 1417//1417 1308//1308 1418//1418
f 1418//1418 1308//1308 1302//1302
f 1418//1418 1302//1302 1419//1419
f 1419//1419 1302//1302 1296//1296
f 1419//1419 1296//1296 1289//1289
f 1289//1289 1296//1296 1280//1280
f 1289//1289 1280//1280 1288//1288
f 1288//1288 1280//1280 1279//1279
f 1288//1288 1279//1279 1287//1287
f 1287//1287 1279//1279 1277//1277
f 1287//1287 1277//1277 1286//1286
f 1286//1286 1277//1277 1275//1275
f 1286//1286 1275//1275 1285//1285
f 1285//1285 1275//1275 1273//1273
f 1285//1285 1273//1273 1284//1284
f 1284//1284 1273//1273 1271//1271
f 1284//1284 1271//1271 1283//1283
f 1283//1283 1271//1271 1270//1270
f 1283//1283 1270//1270 1222//1222
f 1222//1222 1270//1270 1290//1290
f 1222//1222 1290//1290 1223//1223
f 1223//1223 1290//1290 1297//1297
f 1223//1223 1297//1297 1060//1060
f 1060//1060 1297//1297 1309//1309
f 1060//1060 1309//1309 1059//1059
f 1059//1059 1309//1309 1358//1358
f 1059//1059 1358//1358 1058//1058
f 384//384 1420//1420 382//382
f 382//382 1420//1420 1421//1421
f 382//382 1421//1421 1375//1375
f 1375//1375 1421//1421 1422//1422
f 1375//1375 1422//1422 1423//1423
f 1423//1423 1422//1422 1424//1424
f 1413//1413 614//614 1414//1414
f 1414//1414 614//614 616//616
f 1414//1414 616//616 1425//1425
f 1425//1425 616//616 618//618
f 1425//1425 618//618 1426//1426
f 412//412 414//414 1427//1427
f 1427//1427 414//414 1058//1058
f 1427//1427 1058//1058 1428//1428
f 1428//1428 1058//1058 1358//1358
f 1428//1428 1358//1358 1376//1376
f 1376//1376 1358//1358 1359//1359
f 1376//1376 1359//1359 390//390
f 390//390 1359//1359 1361//1361
f 390//390 1361//1361 388//388
f 388//388 1361//1361 1363//1363
f 388//388 1363//1363 1348//1348
f 1348//1348 1363//1363 1365//1365
f 1348//1348 1365//1365 1350//1350
f 1350//1350 1365//1365 1367//1367
f 1350//1350 1367//1367 1352//1352
f 1352//1352 1367//1367 1369//1369
f 1352//1352 1369//1369 1354//1354
f 1354//1354 1369//1369 1371//1371
f 1354//1354 1371//1371 1356//1356
f 1356//1356 1371//1371 1373//1373
f 1356//1356 1373//1373 1357//1357
f 1357//1357 1373//1373 1375//1375
f 1357//1357 1375//1375 1385//1385
f 1385//1385 1375//1375 1423//1423
f 1385//1385 1423//1423 1415//1415
f 1415//1415 1423//1423 1424//1424
f 1415//1415 1424//1424 1413//1413
f 380//380 379//379 1429//1429
f 1429//1429 379//379 1430//1430
f 1429//1429 1430//1430 1431//1431
f 513//513 619//619 514//514
f 514//514 619//619 621//621
f 514//514 621//621 1432//1432
f 1433//1433 1434//1434 381//381
f 381//381 1434//1434 1435//1435
f 381//381 1435//1435 379//379
f 379//379 1435//1435 1432//1432
f 379//379 1432//1432 1430//1430
f 1430//1430 1432//1432 621//621
f 1430//1430 621//621 1431//1431
f 1431//1431 621//621 620//620
f 1431//1431 620//620 1436//1436
f 1433//1433 1437//1437 1434//1434
f 1434//1434 1437//1437 1438//1438
f 1434//1434 1438//1438 1435//1435
f 1435//1435 1438//1438 877//877
f 1435//1435 877//877 1432//1432
f 1432//1432 877//877 879//879
f 1432//1432 879//879 514//514
f 514//514 879//879 511//511
f 514//514 511//511 512//512
f 512//512 511//511 510//510
f 890//890 878//878 876//876
f 876//876 878//878 877//877
f 876//876 877//877 869//869
f 869//869 877//877 1438//1438
f 869//869 1438//1438 870//870
f 870//870 1438//1438 1437//1437
f 870//870 1437//1437 872//872
f 872//872 1437//1437 1439//1439
f 872//872 1439//1439 874//874
f 874//874 1439//1439 1440//1440
f 874//874 1440//1440 446//446
f 446//446 1440//1440 1441//1441
f 446//446 1441//1441 447//447
f 447//447 1441//1441 1442//1442
f 447//447 1442//1442 865//865
f 865//865 1442//1442 1443//1443
f 865//865 1443//1443 855//855
f 855//855 1443//1443 1262//1262
f 855//855 1262//1262 448//448
f 448//448 1262//1262 1254//1254
f 448//448 1254//1254 449//449
f 449//449 1254//1254 1239//1239
f 449//449 1239//1239 1244//1244
f 1244//1244 1239//1239 1238//1238
f 1244//1244 1238//1238 1242//1242
f 1242//1242 1238//1238 1236//1236
f 1242//1242 1236//1236 1240//1240
f 1240//1240 1236//1236 1234//1234
f 1240//1240 1234//1234 420//420
f 420//420 1234//1234 422//422
f 420//420 422//422 421//421
f 421//421 422//422 424//424
f 421//421 424//424 1444//1444
f 1444//1444 424//424 1256//1256
f 1444//1444 1256//1256 1445//1445
f 1445//1445 1256//1256 1255//1255
f 1445//1445 1255//1255 1446//1446
f 1446//1446 1255//1255 1012//1012
f 1446//1446 1012//1012 1447//1447
f 1447//1447 1012//1012 1011//1011
f 1447//1447 1011//1011 1448//1448
f 1448//1448 1011//1011 435//435
f 1448//1448 435//435 1449//1449
f 1449//1449 435//435 434//434
f 1449//1449 434//434 1450//1450
f 1450//1450 989//989 1449//1449
f 1449//1449 989//989 991//991
f 1449//1449 991//991 1448//1448
f 1448//1448 991//991 1451//1451
f 1448//1448 1451//1451 1447//1447
f 1447//1447 1451//1451 1452//1452
f 1447//1447 1452//1452 1446//1446
f 1446//1446 1452//1452 1453//1453
f 1446//1446 1453//1453 1445//1445
f 1445//1445 1453//1453 1454//1454
f 1445//1445 1454//1454 1444//1444
f 1444//1444 1454//1454 1455//1455
f 1444//1444 1455//1455 421//421
f 421//421 1455//1455 1024//1024
f 421//421 1024//1024 419//419
f 419//419 1024//1024 1023//1023
f 419//419 1023//1023 1241//1241
f 1241//1241 1023//1023 1021//1021
f 1241//1241 1021//1021 1243//1243
f 1243//1243 1021//1021 1019//1019
f 1243//1243 1019//1019 1245//1245
f 1245//1245 1019//1019 1017//1017
f 1245//1245 1017//1017 1246//1246
f 1246//1246 1017//1017 868//868
f 1246//1246 868//868 1247//1247
f 1247//1247 868//868 442//442
f 1247//1247 442//442 1248//1248
f 1248//1248 442//442 444//444
f 1248//1248 444//444 1249//1249
f 1249//1249 444//444 1013//1013
f 1249//1249 1013//1013 1250//1250
f 1456//1456 1457//1457 1458//1458
f 1459//1459 1460//1460 1461//1461
f 1461//1461 1460//1460 1462//1462
f 1461//1461 1462//1462 1463//1463
f 1463//1463 1462//1462 1464//1464
f 1463//1463 1464//1464 1465//1465
f 1466//1466 1467//1467 1459//1459
f 1459//1459 1467//1467 1468//1468
f 1459//1459 1468//1468 1460//1460
f 1469//1469 1466//1466 1470//1470
f 1470//1470 1466//1466 1459//1459
f 1470//1470 1459//1459 1471//1471
f 1471//1471 1459//1459 1461//1461
f 1471//1471 1461//1461 1472//1472
f 1472//1472 1461//1461 1463//1463
f 1473//1473 1463//1463 1456//1456
f 1456//1456 1463//1463 1465//1465
f 1456//1456 1465//1465 1457//1457
f 573//573 575//575 579//579
f 579//579 575//575 1473//1473
f 579//579 1473//1473 577//577
f 577//577 1473//1473 1456//1456
f 577//577 1456//1456 580//580
f 580//580 1456//1456 1458//1458
f 580//580 1458//1458 585//585
f 1474//1474 1475//1475 1476//1476
f 1476//1476 1475//1475 1477//1477
f 1478//1478 1479//1479 1480//1480
f 1480//1480 1479//1479 1481//1481
f 1480//1480 1481//1481 1474//1474
f 1474//1474 1476//1476 1480//1480
f 1480//1480 1476//1476 1482//1482
f 1480//1480 1482//1482 1478//1478
f 1473//1473 1483//1483 1463//1463
f 1463//1463 1483//1483 1484//1484
f 1463//1463 1484//1484 1472//1472
f 1472//1472 1484//1484 1485//1485
f 1472//1472 1485//1485 1471//1471
f 1471//1471 1485//1485 1486//1486
f 1471//1471 1486//1486 1470//1470
f 1470//1470 1486//1486 1487//1487
f 1470//1470 1487//1487 1469//1469
f 1469//1469 1487//1487 1488//1488
f 1483//1483 1489//1489 1484//1484
f 1484//1484 1489//1489 1490//1490
f 1484//1484 1490//1490 1485//1485
f 1485//1485 1490//1490 1491//1491
f 1485//1485 1491//1491 1486//1486
f 1486//1486 1491//1491 1492//1492
f 1486//1486 1492//1492 1487//1487
f 1487//1487 1492//1492 1493//1493
f 1487//1487 1493//1493 1488//1488
f 1494//1494 1478//1478 1495//1495
f 1495//1495 1478//1478 1482//1482
f 1495//1495 1482//1482 1496//1496
f 1496//1496 1482//1482 1476//1476
f 1496//1496 1476//1476 376//376
f 376//376 1476//1476 1477//1477
f 376//376 1477//1477 377//377
f 1497//1497 1498//1498 1499//1499
f 1499//1499 1498//1498 1500//1500
f 1497//1497 1499//1499 1501//1501
f 1501//1501 1499//1499 1502//1502
f 1501//1501 1502//1502 1503//1503
f 1504//1504 1505//1505 1503//1503
f 1503//1503 1505//1505 1506//1506
f 1503//1503 1506//1506 1501//1501
f 1501//1501 1506//1506 1507//1507
f 1501//1501 1507//1507 1497//1497
f 575//575 1508//1508 1473//1473
f 1473//1473 1508//1508 1509//1509
f 1473//1473 1509//1509 1483//1483
f 1483//1483 1509//1509 1510//1510
f 1483//1483 1510//1510 1489//1489
f 1489//1489 1510//1510 1511//1511
f 1489//1489 1511//1511 1490//1490
f 1490//1490 1511//1511 1512//1512
f 1490//1490 1512//1512 1491//1491
f 1491//1491 1512//1512 1513//1513
f 1491//1491 1513//1513 1492//1492
f 1492//1492 1513//1513 1514//1514
f 1492//1492 1514//1514 1493//1493
f 1493//1493 1514//1514 1515//1515
f 1493//1493 1515//1515 1488//1488
f 1516//1516 1517//1517 1518//1518
f 1518//1518 1517//1517 1519//1519
f 1518//1518 1519//1519 369//369
f 1520//1520 1502//1502 1494//1494
f 1494//1494 1502//1502 1499//1499
f 1494//1494 1499//1499 1478//1478
f 1478//1478 1499//1499 1500//1500
f 1478//1478 1500//1500 1479//1479
f 975//975 1521//1521 976//976
f 976//976 1521//1521 1522//1522
f 976//976 1522//1522 1523//1523
f 1523//1523 1522//1522 1504//1504
f 1523//1523 1504//1504 1524//1524
f 1524//1524 1504//1504 1503//1503
f 1524//1524 1503//1503 1525//1525
f 1525//1525 1503//1503 1502//1502
f 1525//1525 1502//1502 1526//1526
f 1526//1526 1502//1502 1520//1520
f 1526//1526 1520//1520 1527//1527
f 370//370 371//371 368//368
f 368//368 371//371 1528//1528
f 368//368 1528//1528 1529//1529
f 1530//1530 1531//1531 1532//1532
f 375//375 1533//1533 373//373
f 373//373 1533//1533 1534//1534
f 373//373 1534//1534 1535//1535
f 1535//1535 1534//1534 1536//1536
f 1535//1535 1536//1536 1537//1537
f 1537//1537 1536//1536 1538//1538
f 1537//1537 1538//1538 1539//1539
f 1539//1539 1538//1538 1540//1540
f 575//575 1541//1541 1508//1508
f 1508//1508 1541//1541 1542//1542
f 1508//1508 1542//1542 1530//1530
f 1530//1530 1542//1542 1543//1543
f 1530//1530 1543//1543 1531//1531
f 1531//1531 1543//1543 1544//1544
f 1531//1531 1544//1544 1545//1545
f 1545//1545 1544//1544 1546//1546
f 1545//1545 1546//1546 1547//1547
f 1546//1546 1548//1548 1547//1547
f 1547//1547 1548//1548 1549//1549
f 1547//1547 1549//1549 760//760
f 760//760 1549//1549 1550//1550
f 760//760 1550//1550 761//761
f 576//576 572//572 575//575
f 575//575 572//572 571//571
f 575//575 571//571 1541//1541
f 1541//1541 571//571 568//568
f 1541//1541 568//568 1542//1542
f 1542//1542 568//568 564//564
f 1542//1542 564//564 1543//1543
f 1543//1543 564//564 555//555
f 1543//1543 555//555 1544//1544
f 1544//1544 555//555 557//557
f 1544//1544 557//557 1546//1546
f 1546//1546 557//557 559//559
f 1546//1546 559//559 1548//1548
f 1548//1548 559//559 552//552
f 1548//1548 552//552 1549//1549
f 1549//1549 552//552 549//549
f 1549//1549 549//549 1550//1550
f 1550//1550 549//549 548//548
f 1550//1550 548//548 761//761
f 761//761 548//548 520//520
f 761//761 520//520 762//762
f 762//762 520//520 519//519
f 762//762 519//519 763//763
f 763//763 519//519 758//758
f 763//763 758//758 768//768
f 768//768 758//758 767//767
f 768//768 767//767 769//769
f 769//769 767//767 766//766
f 769//769 766//766 469//469
f 469//469 766//766 765//765
f 469//469 765//765 467//467
f 467//467 765//765 537//537
f 467//467 537//537 523//523
f 523//523 537//537 539//539
f 523//523 539//539 521//521
f 780//780 1551//1551 1552//1552
f 1552//1552 1551//1551 1553//1553
f 1552//1552 1553//1553 1554//1554
f 1554//1554 1553//1553 1555//1555
f 1554//1554 1555//1555 1556//1556
f 1556//1556 1555//1555 1557//1557
f 1556//1556 1557//1557 1558//1558
f 1558//1558 1557//1557 1559//1559
f 1558//1558 1559//1559 1560//1560
f 1560//1560 1559//1559 1561//1561
f 1560//1560 1561//1561 1562//1562
f 1562//1562 1561//1561 1563//1563
f 1562//1562 1563//1563 1564//1564
f 1564//1564 1563//1563 1565//1565
f 791//791 1566//1566 1567//1567
f 1567//1567 1566//1566 1568//1568
f 1567//1567 1568//1568 1569//1569
f 1569//1569 1568//1568 1570//1570
f 1569//1569 1570//1570 1571//1571
f 1571//1571 1570//1570 1572//1572
f 1571//1571 1572//1572 1573//1573
f 1573//1573 1572//1572 1574//1574
f 1573//1573 1574//1574 1575//1575
f 1575//1575 1574//1574 1576//1576
f 1575//1575 1576//1576 1577//1577
f 1577//1577 1576//1576 1578//1578
f 1577//1577 1578//1578 1579//1579
f 1579//1579 1578//1578 1580//1580
f 1579//1579 1580//1580 1581//1581
f 1581//1581 1565//1565 1579//1579
f 1579//1579 1565//1565 1563//1563
f 1579//1579 1563//1563 1577//1577
f 1577//1577 1563//1563 1561//1561
f 1577//1577 1561//1561 1575//1575
f 1575//1575 1561//1561 1559//1559
f 1575//1575 1559//1559 1573//1573
f 1573//1573 1559//1559 1557//1557
f 1573//1573 1557//1557 1571//1571
f 1571//1571 1557//1557 1555//1555
f 1571//1571 1555//1555 1569//1569
f 1569//1569 1555//1555 1553//1553
f 1569//1569 1553//1553 1567//1567
f 1567//1567 1553//1553 1551//1551
f 1567//1567 1551//1551 791//791
f 791//791 1551//1551 780//780
f 791//791 780//780 792//792
f 792//792 780//780 781//781
f 792//792 781//781 794//794
f 794//794 781//781 736//736
f 794//794 736//736 729//729
f 729//729 736//736 737//737
f 729//729 737//737 727//727
f 1580//1580 1532//1532 1581//1581
f 1581//1581 1532//1532 1531//1531
f 1581//1581 1531//1531 1565//1565
f 1565//1565 1531//1531 1545//1545
f 1565//1565 1545//1545 1564//1564
f 1564//1564 1545//1545 1547//1547
f 1564//1564 1547//1547 1562//1562
f 1562//1562 1547//1547 760//760
f 1562//1562 760//760 1560//1560
f 1560//1560 760//760 759//759
f 1560//1560 759//759 1558//1558
f 1558//1558 759//759 764//764
f 1558//1558 764//764 1556//1556
f 1556//1556 764//764 770//770
f 1556//1556 770//770 1554//1554
f 1554//1554 770//770 776//776
f 1554//1554 776//776 1552//1552
f 1552//1552 776//776 777//777
f 1552//1552 777//777 780//780
f 780//780 777//777 778//778
f 780//780 778//778 779//779
f 779//779 778//778 475//475
f 779//779 475//475 745//745
f 745//745 475//475 474//474
f 745//745 474//474 747//747
f 1582//1582 1529//1529 1583//1583
f 1583//1583 1529//1529 1528//1528
f 1583//1583 1528//1528 1584//1584
f 1584//1584 1528//1528 371//371
f 1584//1584 371//371 1585//1585
f 1585//1585 371//371 372//372
f 1585//1585 372//372 374//374
f 374//374 373//373 1585//1585
f 1585//1585 373//373 1535//1535
f 1585//1585 1535//1535 1584//1584
f 1584//1584 1535//1535 1537//1537
f 1584//1584 1537//1537 1583//1583
f 1583//1583 1537//1537 1539//1539
f 1583//1583 1539//1539 1582//1582
f 1582//1582 1539//1539 1540//1540
f 1582//1582 1540//1540 1586//1586
f 980//980 974//974 979//979
f 979//979 974//974 976//976
f 979//979 976//976 1587//1587
f 1587//1587 976//976 1523//1523
f 1587//1587 1523//1523 1588//1588
f 1588//1588 1523//1523 1524//1524
f 1588//1588 1524//1524 1589//1589
f 1589//1589 1524//1524 1525//1525
f 1589//1589 1525//1525 1590//1590
f 1590//1590 1525//1525 1526//1526
f 1590//1590 1526//1526 1591//1591
f 1591//1591 1526//1526 1527//1527
f 1591//1591 1527//1527 1592//1592
f 1593//1593 1592//1592 1594//1594
f 369//369 368//368 1518//1518
f 1518//1518 368//368 1529//1529
f 1518//1518 1529//1529 1516//1516
f 1516//1516 1529//1529 1582//1582
f 1516//1516 1582//1582 1595//1595
f 1595//1595 1582//1582 1586//1586
f 1595//1595 1586//1586 1596//1596
f 1596//1596 1586//1586 1597//1597
f 1596//1596 1597//1597 1598//1598
f 1599//1599 1600//1600 1601//1601
f 1601//1601 1600//1600 1602//1602
f 1601//1601 1602//1602 1603//1603
f 1603//1603 1602//1602 1604//1604
f 1603//1603 1604//1604 1605//1605
f 1605//1605 1604//1604 1606//1606
f 1605//1605 1606//1606 1607//1607
f 1607//1607 1606//1606 1597//1597
f 1607//1607 1597//1597 1608//1608
f 1608//1608 1597//1597 1586//1586
f 1608//1608 1586//1586 1609//1609
f 1609//1609 1586//1586 1540//1540
f 1609//1609 1540//1540 1610//1610
f 1610//1610 1540//1540 1538//1538
f 1610//1610 1538//1538 1611//1611
f 1611//1611 1538//1538 1536//1536
f 1611//1611 1536//1536 1612//1612
f 1612//1612 1536//1536 1534//1534
f 1612//1612 1534//1534 1613//1613
f 1613//1613 1534//1534 1533//1533
f 1598//1598 1597//1597 790//790
f 790//790 1597//1597 1606//1606
f 790//790 1606//1606 788//788
f 788//788 1606//1606 1604//1604
f 788//788 1604//1604 786//786
f 786//786 1604//1604 1602//1602
f 786//786 1602//1602 784//784
f 784//784 1602//1602 1600//1600
f 784//784 1600//1600 782//782
f 782//782 1600//1600 1599//1599
f 782//782 1599//1599 463//463
f 463//463 1599//1599 1614//1614
f 463//463 1614//1614 461//461
f 461//461 1614//1614 1615//1615
f 461//461 1615//1615 796//796
f 796//796 1615//1615 1616//1616
f 796//796 1616//1616 921//921
f 988//988 1617//1617 1618//1618
f 1618//1618 1617//1617 1619//1619
f 1618//1618 1619//1619 1620//1620
f 1620//1620 1619//1619 1621//1621
f 1620//1620 1621//1621 1622//1622
f 1622//1622 1621//1621 1593//1593
f 1622//1622 1593//1593 1623//1623
f 1623//1623 1593//1593 1594//1594
f 1623//1623 1594//1594 1624//1624
f 440//440 439//439 844//844
f 844//844 439//439 1014//1014
f 844//844 1014//1014 842//842
f 842//842 1014//1014 1015//1015
f 842//842 1015//1015 840//840
f 840//840 1015//1015 1016//1016
f 840//840 1016//1016 839//839
f 839//839 1016//1016 1018//1018
f 839//839 1018//1018 838//838
f 838//838 1018//1018 1020//1020
f 838//838 1020//1020 837//837
f 837//837 1020//1020 1022//1022
f 837//837 1022//1022 814//814
f 814//814 1022//1022 1024//1024
f 814//814 1024//1024 811//811
f 811//811 1024//1024 1455//1455
f 811//811 1455//1455 1025//1025
f 1025//1025 1455//1455 1454//1454
f 1025//1025 1454//1454 1026//1026
f 1026//1026 1454//1454 1453//1453
f 1026//1026 1453//1453 1027//1027
f 1027//1027 1453//1453 1452//1452
f 1027//1027 1452//1452 1028//1028
f 1028//1028 1452//1452 1451//1451
f 1028//1028 1451//1451 437//437
f 437//437 1451//1451 991//991
f 437//437 991//991 438//438
f 438//438 991//991 990//990
f 438//438 990//990 1625//1625
f 1625//1625 990//990 366//366
f 1625//1625 366//366 1626//1626
f 1626//1626 366//366 365//365
f 1626//1626 365//365 1627//1627
f 921//921 894//894 796//796
f 796//796 894//894 893//893
f 796//796 893//893 797//797
f 797//797 893//893 904//904
f 797//797 904//904 798//798
f 798//798 904//904 912//912
f 798//798 912//912 799//799
f 799//799 912//912 464//464
f 799//799 464//464 800//800
f 800//800 464//464 466//466
f 800//800 466//466 789//789
f 789//789 466//466 1628//1628
f 789//789 1628//1628 790//790
f 1624//1624 1627//1627 1623//1623
f 1623//1623 1627//1627 365//365
f 1623//1623 365//365 1622//1622
f 1622//1622 365//365 367//367
f 1622//1622 367//367 1620//1620
f 1620//1620 367//367 989//989
f 1620//1620 989//989 1618//1618
f 1618//1618 989//989 1450//1450
f 1618//1618 1450//1450 988//988
f 988//988 1450//1450 434//434
f 988//988 434//434 986//986
f 986//986 434//434 433//433
f 986//986 433//433 984//984
f 984//984 433//433 432//432
f 984//984 432//432 1031//1031
f 1031//1031 432//432 431//431
f 1031//1031 431//431 1029//1029
f 1029//1029 431//431 430//430
f 1029//1029 430//430 1281//1281
f 1281//1281 430//430 1004//1004
f 1281//1281 1004//1004 1282//1282
f 1282//1282 1004//1004 1005//1005
f 1282//1282 1005//1005 1263//1263
f 1263//1263 1005//1005 1006//1006
f 1263//1263 1006//1006 429//429
f 429//429 1006//1006 1257//1257
f 429//429 1257//1257 427//427
f 427//427 1257//1257 1258//1258
f 427//427 1258//1258 1228//1228
f 1228//1228 1258//1258 1259//1259
f 1228//1228 1259//1259 1230//1230
f 1230//1230 1259//1259 1260//1260
f 1230//1230 1260//1260 1232//1232
f 1232//1232 1260//1260 1261//1261
f 1232//1232 1261//1261 1233//1233
f 1233//1233 1261//1261 1262//1262
f 1233//1233 1262//1262 1269//1269
f 1269//1269 1262//1262 1443//1443
f 1269//1269 1443//1443 1289//1289
f 1289//1289 1443//1443 1442//1442
f 1289//1289 1442//1442 1419//1419
f 1419//1419 1442//1442 1441//1441
f 1419//1419 1441//1441 1418//1418
f 1418//1418 1441//1441 1440//1440
f 1418//1418 1440//1440 1417//1417
f 1417//1417 1440//1440 1439//1439
f 1417//1417 1439//1439 384//384
f 384//384 1439//1439 1437//1437
f 384//384 1437//1437 1420//1420
f 1420//1420 1437//1437 1433//1433
f 1420//1420 1433//1433 1421//1421
f 1421//1421 1433//1433 381//381
f 1421//1421 381//381 1422//1422
f 1422//1422 381//381 380//380
f 1422//1422 380//380 1424//1424
f 1424//1424 380//380 1429//1429
f 1424//1424 1429//1429 1413//1413
f 1413//1413 1429//1429 1431//1431
f 1413//1413 1431//1431 614//614
f 614//614 1431//1431 1436//1436
f 614//614 1436//1436 615//615
f 492//492 494//494 493//493
f 493//493 494//494 496//496
f 493//493 496//496 629//629
f 629//629 496//496 957//957
f 629//629 957//957 633//633
f 633//633 957//957 958//958
f 633//633 958//958 638//638
f 638//638 958//958 959//959
f 638//638 959//959 643//643
f 643//643 959//959 960//960
f 643//643 960//960 648//648
f 648//648 960//960 961//961
f 648//648 961//961 652//652
f 652//652 961//961 962//962
f 652//652 962//962 659//659
f 659//659 962//962 963//963
f 659//659 963//963 657//657
f 657//657 963//963 964//964
f 657//657 964//964 663//663
f 663//663 964//964 965//965
f 663//663 965//965 667//667
f 667//667 965//965 966//966
f 667//667 966//966 671//671
f 671//671 966//966 967//967
f 671//671 967//967 675//675
f 675//675 967//967 968//968
f 675//675 968//968 490//490
f 490//490 968//968 969//969
f 490//490 969//969 487//487
f 487//487 969//969 970//970
f 487//487 970//970 682//682
f 682//682 970//970 971//971
f 682//682 971//971 686//686
f 686//686 971//971 972//972
f 686//686 972//972 688//688
f 688//688 972//972 973//973
f 688//688 973//973 693//693
f 693//693 973//973 914//914
f 693//693 914//914 699//699
f 699//699 914//914 913//913
f 699//699 913//913 484//484
f 484//484 913//913 916//916
f 484//484 916//916 705//705
f 705//705 916//916 917//917
f 705//705 917//917 481//481
f 481//481 917//917 918//918
f 481//481 918//918 478//478
f 478//478 918//918 919//919
f 478//478 919//919 713//713
f 713//713 919//919 920//920
f 713//713 920//920 715//715
f 715//715 920//920 921//921
f 715//715 921//921 722//722
f 722//722 921//921 1616//1616
f 722//722 1616//1616 720//720
f 720//720 1616//1616 1615//1615
f 720//720 1615//1615 795//795
f 795//795 1615//1615 1614//1614
f 795//795 1614//1614 793//793
f 793//793 1614//1614 1599//1599
f 793//793 1599//1599 791//791
f 791//791 1599//1599 1601//1601
f 791//791 1601//1601 1566//1566
f 1566//1566 1601//1601 1603//1603
f 1566//1566 1603//1603 1568//1568
f 1568//1568 1603//1603 1605//1605
f 1568//1568 1605//1605 1570//1570
f 1570//1570 1605//1605 1607//1607
f 1570//1570 1607//1607 1572//1572
f 1572//1572 1607//1607 1608//1608
f 1572//1572 1608//1608 1574//1574
f 1574//1574 1608//1608 1609//1609
f 1574//1574 1609//1609 1576//1576
f 1576//1576 1609//1609 1610//1610
f 1576//1576 1610//1610 1578//1578
f 1578//1578 1610//1610 1611//1611
f 1578//1578 1611//1611 1580//1580
f 1580//1580 1611//1611 1612//1612
f 1580//1580 1612//1612 1532//1532
f 1532//1532 1612//1612 1613//1613
f 1532//1532 1613//1613 1530//1530
f 1530//1530 1613//1613 1533//1533
f 1530//1530 1533//1533 1508//1508
f 1508//1508 1533//1533 375//375
f 1508//1508 375//375 1509//1509
f 1509//1509 375//375 374//374
f 1509//1509 374//374 1510//1510
f 1510//1510 374//374 372//372
f 1510//1510 372//372 1511//1511
f 1511//1511 372//372 370//370
f 1511//1511 370//370 1512//1512
f 1512//1512 370//370 369//369
f 1512//1512 369//369 1513//1513
f 1513//1513 369//369 1519//1519
f 1513//1513 1519//1519 1514//1514
f 1514//1514 1519//1519 1517//1517
f 1514//1514 1517//1517 1515//1515
f 1592//1592 1593//1593 1591//1591
f 1591//1591 1593//1593 1621//1621
f 1591//1591 1621//1621 1590//1590
f 1590//1590 1621//1621 1619//1619
f 1590//1590 1619//1619 1589//1589
f 1589//1589 1619//1619 1617//1617
f 1589//1589 1617//1617 1588//1588
f 1588//1588 1617//1617 988//988
f 1588//1588 988//988 1587//1587
f 1587//1587 988//988 987//987
f 1587//1587 987//987 979//979
f 979//979 987//987 985//985
f 979//979 985//985 977//977
f 977//977 985//985 1033//1033
f 977//977 1033//1033 983//983
f 983//983 1033//1033 1056//1056
f 983//983 1056//1056 1034//1034
f 1034//1034 1056//1056 415//415
f 1034//1034 415//415 1047//1047
f 1047//1047 415//415 413//413
f 1047//1047 413//413 1048//1048
f 1048//1048 413//413 412//412
f 1048//1048 412//412 1062//1062
f 1062//1062 412//412 1427//1427
f 1062//1062 1427//1427 1063//1063
f 1063//1063 1427//1427 1428//1428
f 1063//1063 1428//1428 1321//1321
f 1321//1321 1428//1428 1376//1376
f 1321//1321 1376//1376 1322//1322
f 1322//1322 1376//1376 1377//1377
f 1322//1322 1377//1377 1323//1323
f 1323//1323 1377//1377 1378//1378
f 1323//1323 1378//1378 1324//1324
f 1324//1324 1378//1378 1379//1379
f 1324//1324 1379//1379 1325//1325
f 1325//1325 1379//1379 1380//1380
f 1325//1325 1380//1380 1326//1326
f 1326//1326 1380//1380 1381//1381
f 1326//1326 1381//1381 1328//1328
f 1328//1328 1381//1381 1382//1382
f 1328//1328 1382//1382 1388//1388
f 1388//1388 1382//1382 1383//1383
f 1388//1388 1383//1383 1408//1408
f 1408//1408 1383//1383 1384//1384
f 1408//1408 1384//1384 1409//1409
f 1409//1409 1384//1384 1385//1385
f 1409//1409 1385//1385 1410//1410
f 1410//1410 1385//1385 1416//1416
f 1410//1410 1416//1416 1411//1411
f 1411//1411 1416//1416 1414//1414
f 1411//1411 1414//1414 1412//1412
f 1412//1412 1414//1414 1425//1425
f 1412//1412 1425//1425 611//611
f 611//611 1425//1425 1426//1426
f 611//611 1426//1426 612//612
f 501//501 623//623 502//502
f 502//502 623//623 505//505
f 502//502 505//505 948//948
f 948//948 505//505 891//891
f 948//948 891//891 950//950
f 950//950 891//891 892//892
f 950//950 892//892 952//952
f 952//952 892//892 890//890
f 952//952 890//890 954//954
f 954//954 890//890 889//889
f 954//954 889//889 922//922
f 922//922 889//889 888//888
f 922//922 888//888 923//923
f 923//923 888//888 887//887
f 923//923 887//887 926//926
f 926//926 887//887 886//886
f 926//926 886//886 928//928
f 928//928 886//886 1250//1250
f 928//928 1250//1250 930//930
f 930//930 1250//1250 1013//1013
f 930//930 1013//1013 932//932
f 932//932 1013//1013 441//441
f 932//932 441//441 934//934
f 934//934 441//441 440//440
f 934//934 440//440 936//936
f 936//936 440//440 845//845
f 936//936 845//845 938//938
f 938//938 845//845 836//836
f 938//938 836//836 940//940
f 940//940 836//836 835//835
f 940//940 835//835 941//941
f 941//941 835//835 828//828
f 941//941 828//828 942//942
f 942//942 828//828 453//453
f 942//942 453//453 943//943
f 943//943 453//453 452//452
f 943//943 452//452 944//944
f 944//944 452//452 451//451
f 944//944 451//451 945//945
f 945//945 451//451 998//998
f 945//945 998//998 946//946
f 946//946 998//998 997//997
f 946//946 997//997 807//807
f 807//807 997//997 996//996
f 807//807 996//996 806//806
f 806//806 996//996 995//995
f 806//806 995//995 805//805
f 805//805 995//995 994//994
f 805//805 994//994 803//803
f 803//803 994//994 993//993
f 803//803 993//993 801//801
f 801//801 993//993 436//436
f 801//801 436//436 802//802
f 802//802 436//436 438//438
f 802//802 438//438 465//465
f 465//465 438//438 1625//1625
f 465//465 1625//1625 466//466
f 466//466 1625//1625 1626//1626
f 466//466 1626//1626 1628//1628
f 1628//1628 1626//1626 1627//1627
f 1628//1628 1627//1627 790//790
f 790//790 1627//1627 1624//1624
f 790//790 1624//1624 1598//1598
f 1598//1598 1624//1624 1594//1594
f 1598//1598 1594//1594 1596//1596
f 1596//1596 1594//1594 1592//1592
f 1596//1596 1592//1592 1595//1595
f 1595//1595 1592//1592 1527//1527
f 1595//1595 1527//1527 1516//1516
f 1516//1516 1527//1527 1520//1520
f 1516//1516 1520//1520 1517//1517
f 1517//1517 1520//1520 1494//1494
f 1517//1517 1494//1494 1515//1515
f 1515//1515 1494//1494 1495//1495
f 1515//1515 1495//1495 1488//1488
f 1488//1488 1495//1495 1496//1496
f 1488//1488 1496//1496 1469//1469
f 1469//1469 1496//1496 376//376
f 1469//1469 376//376 1466//1466
f 1466//1466 376//376 378//378
f 1466//1466 378//378 1467//1467
f 1629//1629 1630//1630 1631//1631
f 1632//1632 1633//1633 1634//1634
f 1635//1635 1636//1636 1637//1637
f 1507//1507 1638//1638 1639//1639
f 1474//1474 1481//1481 1640//1640
f 1641//1641 1642//1642 1643//1643
f 1642//1642 1641//1641 1467//1467
f 1644//1644 1645//1645 1646//1646
f 1647//1647 1648//1648 1649//1649
f 1650//1650 1651//1651 1652//1652
f 1653//1653 1654//1654 1655//1655
f 1652//1652 1651//1651 1656//1656
f 1657//1657 1658//1658 1659//1659
f 1660//1660 1661//1661 1662//1662
f 1662//1662 1661//1661 1663//1663
f 1100//1100 1121//1121 1664//1664
f 1117//1117 1116//1116 1665//1665
f 1666//1666 1667//1667 1668//1668
f 1078//1078 407//407 1669//1669
f 1670//1670 1671//1671 1672//1672
f 416//416 1051//1051 1673//1673
f 1674//1674 1675//1675 1676//1676
f 1677//1677 1678//1678 1679//1679
f 1680//1680 1681//1681 1682//1682
f 1679//1679 1678//1678 1683//1683
f 1684//1684 1685//1685 1686//1686
f 1686//1686 1685//1685 1687//1687
f 1688//1688 1689//1689 1690//1690
f 1691//1691 1692//1692 1693//1693
f 1694//1694 1695//1695 1696//1696
f 1697//1697 1698//1698 1699//1699
f 1700//1700 1701//1701 1702//1702
f 1703//1703 1704//1704 1705//1705
f 1706//1706 1707//1707 1708//1708
f 1709//1709 1710//1710 1711//1711
f 1712//1712 1713//1713 1714//1714
f 1715//1715 1716//1716 1717//1717
f 1718//1718 1719//1719 1720//1720
f 1721//1721 1722//1722 1723//1723
f 1724//1724 1725//1725 1726//1726
f 1727//1727 1728//1728 1729//1729
f 1730//1730 1731//1731 1732//1732
f 1733//1733 1734//1734 1735//1735
f 1736//1736 1737//1737 1738//1738
f 1739//1739 1740//1740 1741//1741
f 1742//1742 1743//1743 1744//1744
f 1745//1745 1746//1746 1747//1747
f 1748//1748 1749//1749 1750//1750
f 1751//1751 1752//1752 1753//1753
f 1754//1754 1755//1755 1756//1756
f 1757//1757 1758//1758 1759//1759
f 1759//1759 1760//1760 1761//1761
f 1762//1762 1763//1763 1764//1764
f 1762//1762 1764//1764 1765//1765
f 1764//1764 1766//1766 1765//1765
f 1765//1765 1766//1766 1767//1767
f 1765//1765 1767//1767 1757//1757
f 1757//1757 1767//1767 1768//1768
f 1757//1757 1768//1768 1758//1758
f 1769//1769 1770//1770 1762//1762
f 1762//1762 1770//1770 1771//1771
f 1762//1762 1771//1771 1763//1763
f 1772//1772 1773//1773 1769//1769
f 1769//1769 1773//1773 1774//1774
f 1769//1769 1774//1774 1770//1770
f 1755//1755 1775//1775 1772//1772
f 1772//1772 1775//1775 1776//1776
f 1772//1772 1776//1776 1773//1773
f 1777//1777 1778//1778 1779//1779
f 1779//1779 1778//1778 1780//1780
f 1779//1779 1780//1780 1781//1781
f 1782//1782 1783//1783 1784//1784
f 1785//1785 1786//1786 1787//1787
f 1787//1787 1786//1786 1788//1788
f 1787//1787 1788//1788 1789//1789
f 1789//1789 1788//1788 1790//1790
f 1789//1789 1790//1790 1791//1791
f 1792//1792 1793//1793 1794//1794
f 1794//1794 1793//1793 1795//1795
f 1794//1794 1795//1795 1796//1796
f 1796//1796 1795//1795 1797//1797
f 1797//1797 1795//1795 1798//1798
f 1797//1797 1798//1798 1799//1799
f 1800//1800 1801//1801 1802//1802
f 1801//1801 1800//1800 1803//1803
f 1803//1803 1800//1800 1804//1804
f 1803//1803 1804//1804 1805//1805
f 1805//1805 1804//1804 1806//1806
f 1806//1806 1804//1804 1807//1807
f 1806//1806 1807//1807 1808//1808
f 1808//1808 1807//1807 1809//1809
f 1808//1808 1809//1809 1810//1810
f 1810//1810 1809//1809 1811//1811
f 1811//1811 1809//1809 1812//1812
f 1811//1811 1812//1812 1813//1813
f 1813//1813 1812//1812 1814//1814
f 1814//1814 1812//1812 1665//1665
f 1814//1814 1665//1665 1815//1815
f 516//516 515//515 1816//1816
f 1815//1815 1665//1665 1816//1816
f 1816//1816 1665//1665 1116//1116
f 1816//1816 1116//1116 516//516
f 1817//1817 1818//1818 1819//1819
f 1820//1820 1821//1821 1822//1822
f 1822//1822 1821//1821 1823//1823
f 1822//1822 1823//1823 1824//1824
f 1824//1824 1823//1823 1825//1825
f 1824//1824 1825//1825 1826//1826
f 1827//1827 1828//1828 1829//1829
f 1829//1829 1828//1828 1830//1830
f 1827//1827 1829//1829 1831//1831
f 1831//1831 1829//1829 1832//1832
f 1831//1831 1832//1832 1833//1833
f 1834//1834 1835//1835 1836//1836
f 1836//1836 1835//1835 1837//1837
f 1836//1836 1837//1837 1838//1838
f 1838//1838 1837//1837 1839//1839
f 1838//1838 1839//1839 1840//1840
f 1841//1841 1842//1842 1843//1843
f 1843//1843 1842//1842 1844//1844
f 1843//1843 1844//1844 1845//1845
f 1846//1846 1847//1847 1841//1841
f 1841//1841 1847//1847 1848//1848
f 1841//1841 1848//1848 1842//1842
f 1736//1736 1738//1738 1849//1849
f 1733//1733 1735//1735 1850//1850
f 1851//1851 1852//1852 1853//1853
f 1853//1853 1854//1854 1851//1851
f 1851//1851 1854//1854 1855//1855
f 1851//1851 1855//1855 1856//1856
f 1856//1856 1855//1855 1857//1857
f 1857//1857 1855//1855 1858//1858
f 1857//1857 1858//1858 1859//1859
f 1860//1860 1861//1861 1858//1858
f 1858//1858 1861//1861 1862//1862
f 1858//1858 1862//1862 1859//1859
f 1863//1863 1864//1864 1865//1865
f 1865//1865 1864//1864 1866//1866
f 1865//1865 1866//1866 1860//1860
f 1860//1860 1866//1866 1867//1867
f 1860//1860 1867//1867 1861//1861
f 1868//1868 1869//1869 1870//1870
f 1870//1870 1869//1869 1865//1865
f 1865//1865 1869//1869 1871//1871
f 1865//1865 1871//1871 1863//1863
f 1731//1731 1872//1872 1732//1732
f 1732//1732 1872//1872 1873//1873
f 1732//1732 1873//1873 1870//1870
f 1870//1870 1873//1873 1874//1874
f 1870//1870 1874//1874 1868//1868
f 1875//1875 1876//1876 1877//1877
f 1878//1878 1879//1879 1875//1875
f 1875//1875 1879//1879 1880//1880
f 1875//1875 1880//1880 1876//1876
f 1881//1881 1882//1882 1883//1883
f 1883//1883 1882//1882 1884//1884
f 1883//1883 1884//1884 1885//1885
f 1878//1878 1886//1886 1887//1887
f 1887//1887 1886//1886 1888//1888
f 1889//1889 1890//1890 1881//1881
f 1891//1891 1892//1892 1889//1889
f 1889//1889 1892//1892 1893//1893
f 1889//1889 1893//1893 1890//1890
f 1894//1894 1895//1895 1896//1896
f 1896//1896 1895//1895 1897//1897
f 1896//1896 1897//1897 1891//1891
f 1891//1891 1897//1897 1898//1898
f 1891//1891 1898//1898 1892//1892
f 1894//1894 1896//1896 1899//1899
f 1899//1899 1896//1896 1900//1900
f 1899//1899 1900//1900 1901//1901
f 1902//1902 1903//1903 1904//1904
f 1904//1904 1903//1903 1905//1905
f 1904//1904 1905//1905 1900//1900
f 1900//1900 1905//1905 1906//1906
f 1900//1900 1906//1906 1901//1901
f 1902//1902 1904//1904 1907//1907
f 1907//1907 1904//1904 1908//1908
f 1907//1907 1908//1908 1909//1909
f 1910//1910 1911//1911 1912//1912
f 1912//1912 1913//1913 1910//1910
f 1910//1910 1913//1913 1914//1914
f 1910//1910 1914//1914 1908//1908
f 1908//1908 1914//1914 1915//1915
f 1908//1908 1915//1915 1909//1909
f 1911//1911 1910//1910 1916//1916
f 1916//1916 1910//1910 1917//1917
f 1916//1916 1917//1917 1918//1918
f 1919//1919 1920//1920 1921//1921
f 1921//1921 1922//1922 1919//1919
f 1919//1919 1922//1922 1923//1923
f 1919//1919 1923//1923 1917//1917
f 1917//1917 1923//1923 1924//1924
f 1917//1917 1924//1924 1918//1918
f 1920//1920 1919//1919 1925//1925
f 1925//1925 1919//1919 1926//1926
f 1925//1925 1926//1926 1927//1927
f 1928//1928 1929//1929 1930//1930
f 1930//1930 1929//1929 1931//1931
f 1930//1930 1931//1931 1926//1926
f 1926//1926 1931//1931 1932//1932
f 1926//1926 1932//1932 1927//1927
f 1933//1933 1934//1934 1935//1935
f 1935//1935 1934//1934 1936//1936
f 1935//1935 1936//1936 1930//1930
f 1930//1930 1936//1936 1937//1937
f 1930//1930 1937//1937 1928//1928
f 1933//1933 1935//1935 1938//1938
f 1938//1938 1935//1935 1939//1939
f 1938//1938 1939//1939 1940//1940
f 1941//1941 1942//1942 1943//1943
f 1943//1943 1942//1942 1944//1944
f 1943//1943 1944//1944 1939//1939
f 1939//1939 1944//1944 1945//1945
f 1939//1939 1945//1945 1940//1940
f 1941//1941 1943//1943 1946//1946
f 1946//1946 1943//1943 1947//1947
f 1946//1946 1947//1947 1948//1948
f 1949//1949 1950//1950 1951//1951
f 1951//1951 1950//1950 1952//1952
f 1951//1951 1952//1952 1947//1947
f 1947//1947 1952//1952 1953//1953
f 1947//1947 1953//1953 1948//1948
f 1949//1949 1951//1951 1954//1954
f 1954//1954 1951//1951 1955//1955
f 1954//1954 1955//1955 1956//1956
f 1957//1957 1958//1958 1959//1959
f 1959//1959 1958//1958 1960//1960
f 1959//1959 1960//1960 1955//1955
f 1955//1955 1960//1960 1961//1961
f 1955//1955 1961//1961 1956//1956
f 1957//1957 1959//1959 1962//1962
f 1962//1962 1959//1959 1963//1963
f 1962//1962 1963//1963 1964//1964
f 1728//1728 1965//1965 1729//1729
f 1729//1729 1965//1965 1966//1966
f 1729//1729 1966//1966 1963//1963
f 1963//1963 1966//1966 1967//1967
f 1963//1963 1967//1967 1964//1964
f 1968//1968 1969//1969 1970//1970
f 1970//1970 1969//1969 1971//1971
f 1972//1972 1973//1973 1974//1974
f 1973//1973 1975//1975 1974//1974
f 1974//1974 1975//1975 1976//1976
f 1974//1974 1976//1976 1977//1977
f 1978//1978 1979//1979 1980//1980
f 1980//1980 1979//1979 1981//1981
f 1980//1980 1981//1981 1982//1982
f 1983//1983 1984//1984 1985//1985
f 1985//1985 1984//1984 1986//1986
f 1987//1987 1988//1988 1989//1989
f 1989//1989 1988//1988 1990//1990
f 1759//1759 1761//1761 1757//1757
f 1757//1757 1761//1761 1991//1991
f 1757//1757 1991//1991 1992//1992
f 1993//1993 1843//1843 1744//1744
f 1744//1744 1843//1843 1845//1845
f 1744//1744 1845//1845 1742//1742
f 1743//1743 1994//1994 1744//1744
f 1744//1744 1994//1994 1995//1995
f 1744//1744 1995//1995 1993//1993
f 1993//1993 1995//1995 1996//1996
f 1993//1993 1996//1996 1997//1997
f 1997//1997 1996//1996 1998//1998
f 1997//1997 1998//1998 1999//1999
f 2000//2000 2001//2001 2002//2002
f 2002//2002 2001//2001 2003//2003
f 2002//2002 2003//2003 2004//2004
f 2005//2005 2006//2006 2007//2007
f 2007//2007 2006//2006 2008//2008
f 1740//1740 1846//1846 1741//1741
f 1741//1741 1846//1846 1841//1841
f 1741//1741 1841//1841 2009//2009
f 2010//2010 2011//2011 2012//2012
f 2010//2010 2013//2013 2014//2014
f 2014//2014 2013//2013 2015//2015
f 2014//2014 2015//2015 2016//2016
f 2016//2016 2015//2015 2017//2017
f 2016//2016 2017//2017 2004//2004
f 2004//2004 2017//2017 2005//2005
f 2004//2004 2005//2005 2002//2002
f 2002//2002 2005//2005 2007//2007
f 2002//2002 2007//2007 2000//2000
f 2000//2000 2007//2007 2008//2008
f 2013//2013 2018//2018 2015//2015
f 2015//2015 2018//2018 2019//2019
f 2015//2015 2019//2019 2017//2017
f 2017//2017 2019//2019 2020//2020
f 2017//2017 2020//2020 2005//2005
f 2005//2005 2020//2020 2021//2021
f 2005//2005 2021//2021 2006//2006
f 1737//1737 1739//1739 1738//1738
f 1738//1738 1739//1739 1741//1741
f 1738//1738 1741//1741 2022//2022
f 2022//2022 1741//1741 2009//2009
f 2022//2022 2009//2009 2023//2023
f 1734//1734 1849//1849 1735//1735
f 1735//1735 1849//1849 1738//1738
f 1735//1735 1738//1738 2024//2024
f 2024//2024 1738//1738 2022//2022
f 2024//2024 2022//2022 2025//2025
f 2025//2025 2022//2022 2023//2023
f 2025//2025 2023//2023 2026//2026
f 2026//2026 2023//2023 2027//2027
f 1841//1841 2028//2028 2009//2009
f 2009//2009 2028//2028 2029//2029
f 2009//2009 2029//2029 2023//2023
f 2023//2023 2029//2029 2030//2030
f 2023//2023 2030//2030 2027//2027
f 2027//2027 2030//2030 2031//2031
f 2028//2028 2032//2032 2029//2029
f 2029//2029 2032//2032 2033//2033
f 2029//2029 2033//2033 2030//2030
f 2030//2030 2033//2033 2034//2034
f 2030//2030 2034//2034 2031//2031
f 2031//2031 2034//2034 2035//2035
f 1854//1854 1850//1850 1855//1855
f 1855//1855 1850//1850 1735//1735
f 1855//1855 1735//1735 1858//1858
f 1858//1858 1735//1735 2024//2024
f 1858//1858 2024//2024 1860//1860
f 1860//1860 2024//2024 2025//2025
f 1860//1860 2025//2025 1865//1865
f 1865//1865 2025//2025 2026//2026
f 1865//1865 2026//2026 1870//1870
f 1870//1870 2026//2026 2027//2027
f 1870//1870 2027//2027 1732//1732
f 1732//1732 2027//2027 2031//2031
f 1732//1732 2031//2031 2036//2036
f 2036//2036 2031//2031 2035//2035
f 2036//2036 2035//2035 2037//2037
f 2037//2037 2035//2035 2038//2038
f 2037//2037 2038//2038 2039//2039
f 2010//2010 2012//2012 2013//2013
f 2013//2013 2012//2012 2040//2040
f 2013//2013 2040//2040 2018//2018
f 2018//2018 2040//2040 2041//2041
f 2018//2018 2041//2041 2019//2019
f 2019//2019 2041//2041 2042//2042
f 2019//2019 2042//2042 2020//2020
f 2020//2020 2042//2042 2043//2043
f 2020//2020 2043//2043 2021//2021
f 2044//2044 2045//2045 2046//2046
f 2047//2047 2045//2045 2048//2048
f 2048//2048 2045//2045 2044//2044
f 2048//2048 2044//2044 2049//2049
f 2050//2050 2051//2051 2052//2052
f 2052//2052 2051//2051 2053//2053
f 2052//2052 2053//2053 2054//2054
f 2054//2054 2053//2053 2055//2055
f 2054//2054 2055//2055 2056//2056
f 2038//2038 2047//2047 2039//2039
f 2039//2039 2047//2047 2048//2048
f 2039//2039 2048//2048 2057//2057
f 2057//2057 2048//2048 2049//2049
f 2057//2057 2049//2049 1726//1726
f 1726//1726 1725//1725 2057//2057
f 2057//2057 1725//1725 2058//2058
f 2057//2057 2058//2058 2039//2039
f 2039//2039 2058//2058 2059//2059
f 2039//2039 2059//2059 2037//2037
f 2037//2037 2059//2059 2060//2060
f 2037//2037 2060//2060 2036//2036
f 2036//2036 2060//2060 1875//1875
f 2036//2036 1875//1875 1732//1732
f 1732//1732 1875//1875 1877//1877
f 1732//1732 1877//1877 1730//1730
f 2061//2061 2062//2062 2063//2063
f 2063//2063 2062//2062 1883//1883
f 2063//2063 1883//1883 1886//1886
f 1886//1886 1883//1883 1885//1885
f 1886//1886 1885//1885 1888//1888
f 1696//1696 1695//1695 2064//2064
f 2064//2064 1695//1695 2065//2065
f 2064//2064 2065//2065 2066//2066
f 2066//2066 2065//2065 2067//2067
f 2066//2066 2067//2067 2061//2061
f 2061//2061 2067//2067 2068//2068
f 2061//2061 2068//2068 2062//2062
f 1878//1878 1875//1875 1886//1886
f 1886//1886 1875//1875 2060//2060
f 1886//1886 2060//2060 2063//2063
f 2063//2063 2060//2060 2059//2059
f 2063//2063 2059//2059 2061//2061
f 2061//2061 2059//2059 2058//2058
f 2061//2061 2058//2058 2066//2066
f 2066//2066 2058//2058 1725//1725
f 2066//2066 1725//1725 2064//2064
f 2064//2064 1725//1725 1724//1724
f 2064//2064 1724//1724 1696//1696
f 2069//2069 2070//2070 2071//2071
f 2071//2071 2070//2070 2072//2072
f 2071//2071 2072//2072 2073//2073
f 1722//1722 1721//1721 2074//2074
f 1720//1720 1719//1719 1721//1721
f 1721//1721 1719//1719 2075//2075
f 1721//1721 2075//2075 2074//2074
f 1717//1717 2076//2076 1718//1718
f 1718//1718 2076//2076 1719//1719
f 1719//1719 2076//2076 2077//2077
f 1719//1719 2077//2077 2075//2075
f 2075//2075 2077//2077 2078//2078
f 2075//2075 2078//2078 2074//2074
f 2079//2079 2080//2080 2081//2081
f 2081//2081 2080//2080 2082//2082
f 2081//2081 2082//2082 2083//2083
f 1716//1716 1715//1715 2084//2084
f 2084//2084 1715//1715 2085//2085
f 2084//2084 2085//2085 1714//1714
f 2086//2086 2087//2087 2088//2088
f 2088//2088 2087//2087 2089//2089
f 2088//2088 2089//2089 2090//2090
f 1714//1714 1713//1713 2084//2084
f 2084//2084 1713//1713 2091//2091
f 2084//2084 2091//2091 1716//1716
f 1716//1716 2091//2091 2092//2092
f 1716//1716 2092//2092 1717//1717
f 1717//1717 2092//2092 2093//2093
f 1717//1717 2093//2093 2076//2076
f 2076//2076 2093//2093 2094//2094
f 2076//2076 2094//2094 2077//2077
f 2077//2077 2094//2094 2095//2095
f 2077//2077 2095//2095 2078//2078
f 2096//2096 2097//2097 2098//2098
f 2099//2099 2100//2100 2101//2101
f 2101//2101 2100//2100 2097//2097
f 2102//2102 2103//2103 2104//2104
f 2104//2104 2103//2103 2105//2105
f 2104//2104 2105//2105 2106//2106
f 2097//2097 2096//2096 2101//2101
f 2101//2101 2096//2096 2107//2107
f 2101//2101 2107//2107 2099//2099
f 1704//1704 2108//2108 2109//2109
f 1706//1706 1708//1708 1709//1709
f 1709//1709 1708//1708 2110//2110
f 1709//1709 2110//2110 1710//1710
f 1703//1703 1705//1705 2111//2111
f 1704//1704 2109//2109 1705//1705
f 1705//1705 2109//2109 2112//2112
f 1705//1705 2112//2112 2113//2113
f 2113//2113 2112//2112 2114//2114
f 2113//2113 2114//2114 2115//2115
f 2115//2115 2114//2114 2116//2116
f 2115//2115 2116//2116 2117//2117
f 2117//2117 2116//2116 2118//2118
f 2117//2117 2118//2118 2119//2119
f 2119//2119 2118//2118 2120//2120
f 2119//2119 2120//2120 1702//1702
f 1708//1708 2102//2102 2110//2110
f 2110//2110 2102//2102 2104//2104
f 2110//2110 2104//2104 1710//1710
f 1710//1710 2104//2104 2106//2106
f 1710//1710 2106//2106 1711//1711
f 1711//1711 2106//2106 2098//2098
f 2072//2072 2083//2083 2073//2073
f 2073//2073 2083//2083 2082//2082
f 2073//2073 2082//2082 2121//2121
f 2121//2121 2082//2082 2080//2080
f 2121//2121 2080//2080 2122//2122
f 2122//2122 2080//2080 2079//2079
f 2122//2122 2079//2079 2090//2090
f 2090//2090 2079//2079 2123//2123
f 2090//2090 2123//2123 2088//2088
f 2088//2088 2123//2123 2124//2124
f 2088//2088 2124//2124 2086//2086
f 2086//2086 2124//2124 2125//2125
f 2126//2126 2127//2127 2128//2128
f 2128//2128 2127//2127 2129//2129
f 2128//2128 2129//2129 2130//2130
f 2130//2130 2129//2129 2131//2131
f 2130//2130 2131//2131 2132//2132
f 2072//2072 2133//2133 2083//2083
f 2083//2083 2133//2133 2134//2134
f 2083//2083 2134//2134 2081//2081
f 2081//2081 2134//2134 2135//2135
f 2081//2081 2135//2135 2079//2079
f 2079//2079 2135//2135 2136//2136
f 2079//2079 2136//2136 2123//2123
f 2123//2123 2136//2136 2137//2137
f 2123//2123 2137//2137 2124//2124
f 2124//2124 2137//2137 2138//2138
f 2124//2124 2138//2138 2125//2125
f 2125//2125 2138//2138 2139//2139
f 2125//2125 2139//2139 2140//2140
f 2141//2141 2142//2142 2143//2143
f 2143//2143 2142//2142 2144//2144
f 2143//2143 2144//2144 2145//2145
f 2145//2145 2144//2144 2146//2146
f 2145//2145 2146//2146 2147//2147
f 2147//2147 2146//2146 2148//2148
f 2147//2147 2148//2148 2149//2149
f 2127//2127 2150//2150 2141//2141
f 2151//2151 2152//2152 2153//2153
f 2153//2153 2152//2152 2154//2154
f 2153//2153 2154//2154 2155//2155
f 1783//1783 1777//1777 1784//1784
f 1784//1784 1777//1777 1779//1779
f 1784//1784 1779//1779 2156//2156
f 2157//2157 2156//2156 2158//2158
f 2158//2158 2156//2156 1779//1779
f 2158//2158 1779//1779 1756//1756
f 1756//1756 1779//1779 1781//1781
f 1756//1756 1781//1781 1754//1754
f 2159//2159 2160//2160 2161//2161
f 2162//2162 2163//2163 2164//2164
f 2164//2164 2163//2163 2165//2165
f 2164//2164 2165//2165 2166//2166
f 1702//1702 1701//1701 2119//2119
f 2119//2119 1701//1701 2167//2167
f 2119//2119 2167//2167 2117//2117
f 2117//2117 2167//2167 2168//2168
f 2117//2117 2168//2168 2115//2115
f 2115//2115 2168//2168 2169//2169
f 2115//2115 2169//2169 2113//2113
f 2113//2113 2169//2169 2170//2170
f 2113//2113 2170//2170 1705//1705
f 1705//1705 2170//2170 2171//2171
f 1705//1705 2171//2171 2111//2111
f 2172//2172 1694//1694 2107//2107
f 2107//2107 1694//1694 1696//1696
f 2107//2107 1696//1696 2099//2099
f 2099//2099 1696//1696 1724//1724
f 2099//2099 1724//1724 2173//2173
f 2173//2173 1724//1724 1726//1726
f 2173//2173 1726//1726 2056//2056
f 2056//2056 1726//1726 2049//2049
f 2056//2056 2049//2049 2054//2054
f 2054//2054 2049//2049 2044//2044
f 2054//2054 2044//2044 2052//2052
f 2052//2052 2044//2044 2046//2046
f 2052//2052 2046//2046 2050//2050
f 2172//2172 2174//2174 2175//2175
f 2175//2175 2174//2174 2176//2176
f 2175//2175 2176//2176 2177//2177
f 2098//2098 2106//2106 2096//2096
f 2096//2096 2106//2106 2105//2105
f 2096//2096 2105//2105 2107//2107
f 2107//2107 2105//2105 2103//2103
f 2107//2107 2103//2103 2172//2172
f 2172//2172 2103//2103 2102//2102
f 2172//2172 2102//2102 2174//2174
f 2174//2174 2102//2102 1708//1708
f 2174//2174 1708//1708 2176//2176
f 2176//2176 1708//1708 1707//1707
f 2176//2176 1707//1707 2177//2177
f 2178//2178 2179//2179 1707//1707
f 2180//2180 2179//2179 2181//2181
f 2181//2181 2179//2179 2178//2178
f 2181//2181 2178//2178 2182//2182
f 2182//2182 2178//2178 2183//2183
f 1707//1707 2179//2179 2177//2177
f 2177//2177 2179//2179 2180//2180
f 2177//2177 2180//2180 2175//2175
f 2175//2175 2180//2180 2184//2184
f 2175//2175 2184//2184 2172//2172
f 2172//2172 2184//2184 2185//2185
f 2172//2172 2185//2185 1694//1694
f 1694//1694 2185//2185 2186//2186
f 1694//1694 2186//2186 1695//1695
f 1695//1695 2186//2186 2187//2187
f 1695//1695 2187//2187 2065//2065
f 2065//2065 2187//2187 2188//2188
f 2065//2065 2188//2188 2067//2067
f 2067//2067 2188//2188 2189//2189
f 2067//2067 2189//2189 2068//2068
f 1711//1711 2108//2108 1709//1709
f 1709//1709 2108//2108 1704//1704
f 1709//1709 1704//1704 1706//1706
f 1706//1706 1704//1704 1703//1703
f 1706//1706 1703//1703 1707//1707
f 1707//1707 1703//1703 2111//2111
f 1707//1707 2111//2111 2178//2178
f 2178//2178 2111//2111 2171//2171
f 2178//2178 2171//2171 2183//2183
f 2183//2183 2171//2171 2170//2170
f 2183//2183 2170//2170 2190//2190
f 2190//2190 2170//2170 2169//2169
f 2190//2190 2169//2169 2191//2191
f 2191//2191 2169//2169 2168//2168
f 2191//2191 2168//2168 2192//2192
f 2192//2192 2168//2168 2167//2167
f 2192//2192 2167//2167 2193//2193
f 2193//2193 2167//2167 1701//1701
f 2193//2193 1701//1701 2194//2194
f 2194//2194 1701//1701 1700//1700
f 2194//2194 1700//1700 1693//1693
f 1693//1693 1692//1692 2194//2194
f 2194//2194 1692//1692 2195//2195
f 2194//2194 2195//2195 2193//2193
f 2193//2193 2195//2195 2196//2196
f 2193//2193 2196//2196 2192//2192
f 2192//2192 2196//2196 2197//2197
f 2192//2192 2197//2197 2191//2191
f 2191//2191 2197//2197 2198//2198
f 2191//2191 2198//2198 2190//2190
f 2190//2190 2198//2198 2199//2199
f 2190//2190 2199//2199 2183//2183
f 2183//2183 2199//2199 2200//2200
f 2183//2183 2200//2200 2182//2182
f 1689//1689 1688//1688 2162//2162
f 2162//2162 1688//1688 2159//2159
f 2162//2162 2159//2159 2163//2163
f 2163//2163 2159//2159 2161//2161
f 2163//2163 2161//2161 2165//2165
f 2160//2160 2159//2159 2201//2201
f 2201//2201 2159//2159 1688//1688
f 2201//2201 1688//1688 2202//2202
f 2202//2202 1688//1688 1690//1690
f 2202//2202 1690//1690 2203//2203
f 1977//1977 1968//1968 1974//1974
f 1974//1974 1968//1968 1970//1970
f 1974//1974 1970//1970 2204//2204
f 2204//2204 1970//1970 2205//2205
f 2204//2204 2205//2205 2206//2206
f 2206//2206 2205//2205 2207//2207
f 2206//2206 2207//2207 2208//2208
f 2208//2208 2207//2207 2209//2209
f 2208//2208 2209//2209 2210//2210
f 2210//2210 2209//2209 2211//2211
f 2210//2210 2211//2211 2140//2140
f 1881//1881 1883//1883 1889//1889
f 1889//1889 1883//1883 2062//2062
f 1889//1889 2062//2062 1891//1891
f 1891//1891 2062//2062 2068//2068
f 1891//1891 2068//2068 1896//1896
f 1896//1896 2068//2068 2189//2189
f 1896//1896 2189//2189 1900//1900
f 1900//1900 2189//2189 2188//2188
f 1900//1900 2188//2188 1904//1904
f 1904//1904 2188//2188 2187//2187
f 1904//1904 2187//2187 1908//1908
f 1908//1908 2187//2187 2186//2186
f 1908//1908 2186//2186 1910//1910
f 1910//1910 2186//2186 2185//2185
f 1910//1910 2185//2185 1917//1917
f 1917//1917 2185//2185 2184//2184
f 1917//1917 2184//2184 1919//1919
f 1919//1919 2184//2184 2180//2180
f 1919//1919 2180//2180 1926//1926
f 1926//1926 2180//2180 2181//2181
f 1926//1926 2181//2181 1930//1930
f 1930//1930 2181//2181 2182//2182
f 1930//1930 2182//2182 1935//1935
f 1935//1935 2182//2182 2200//2200
f 1935//1935 2200//2200 1939//1939
f 1939//1939 2200//2200 2199//2199
f 1939//1939 2199//2199 1943//1943
f 1943//1943 2199//2199 2198//2198
f 1943//1943 2198//2198 1947//1947
f 1947//1947 2198//2198 2197//2197
f 1947//1947 2197//2197 1951//1951
f 1951//1951 2197//2197 2196//2196
f 1951//1951 2196//2196 1955//1955
f 1955//1955 2196//2196 2195//2195
f 1955//1955 2195//2195 1959//1959
f 1959//1959 2195//2195 1692//1692
f 1959//1959 1692//1692 1963//1963
f 1963//1963 1692//1692 1691//1691
f 1963//1963 1691//1691 1729//1729
f 2212//2212 2213//2213 2203//2203
f 2203//2203 2213//2213 2214//2214
f 2203//2203 2214//2214 2202//2202
f 2202//2202 2214//2214 2215//2215
f 2202//2202 2215//2215 2201//2201
f 2201//2201 2215//2215 2216//2216
f 2201//2201 2216//2216 2160//2160
f 2217//2217 1772//1772 2218//2218
f 2218//2218 1772//1772 1769//1769
f 2218//2218 1769//1769 2219//2219
f 2219//2219 1769//1769 1762//1762
f 2219//2219 1762//1762 2220//2220
f 2220//2220 1762//1762 1765//1765
f 2220//2220 1765//1765 2221//2221
f 2221//2221 1765//1765 1757//1757
f 2221//2221 1757//1757 1989//1989
f 1989//1989 1757//1757 1992//1992
f 1989//1989 1992//1992 1987//1987
f 2222//2222 2217//2217 2223//2223
f 2223//2223 2217//2217 2218//2218
f 2223//2223 2218//2218 2224//2224
f 2224//2224 2218//2218 2219//2219
f 2224//2224 2219//2219 2225//2225
f 2225//2225 2219//2219 2220//2220
f 2225//2225 2220//2220 2226//2226
f 2226//2226 2220//2220 2221//2221
f 2226//2226 2221//2221 2227//2227
f 2227//2227 2221//2221 1989//1989
f 2227//2227 1989//1989 1985//1985
f 1985//1985 1989//1989 1990//1990
f 1985//1985 1990//1990 1983//1983
f 1505//1505 2228//2228 2229//2229
f 2229//2229 2228//2228 2230//2230
f 2229//2229 2230//2230 2231//2231
f 2231//2231 2230//2230 2232//2232
f 2231//2231 2232//2232 2233//2233
f 2234//2234 2235//2235 980//980
f 2232//2232 975//975 2233//2233
f 2233//2233 975//975 2236//2236
f 2233//2233 2236//2236 1687//1687
f 1687//1687 2236//2236 1686//1686
f 1686//1686 2236//2236 2237//2237
f 1686//1686 2237//2237 1684//1684
f 975//975 2235//2235 2236//2236
f 2236//2236 2235//2235 2234//2234
f 2236//2236 2234//2234 2237//2237
f 2237//2237 2234//2234 2238//2238
f 2237//2237 2238//2238 1684//1684
f 1684//1684 2238//2238 2239//2239
f 1684//1684 2239//2239 2240//2240
f 2241//2241 2242//2242 1683//1683
f 2243//2243 2244//2244 2245//2245
f 2245//2245 2244//2244 2246//2246
f 2245//2245 2246//2246 2247//2247
f 2248//2248 2249//2249 2250//2250
f 2250//2250 2249//2249 1682//1682
f 2250//2250 1682//1682 2251//2251
f 2244//2244 1680//1680 2246//2246
f 2246//2246 1680//1680 1682//1682
f 2246//2246 1682//1682 2247//2247
f 2247//2247 1682//1682 2249//2249
f 2247//2247 2249//2249 2069//2069
f 2069//2069 2249//2249 2248//2248
f 2069//2069 2248//2248 2070//2070
f 1683//1683 2242//2242 1679//1679
f 1679//1679 2242//2242 2252//2252
f 1679//1679 2252//2252 1677//1677
f 2253//2253 2254//2254 2255//2255
f 2255//2255 2254//2254 2256//2256
f 2255//2255 2256//2256 1676//1676
f 1676//1676 2256//2256 2257//2257
f 1676//1676 2257//2257 1674//1674
f 2258//2258 2259//2259 2260//2260
f 2260//2260 2259//2259 2261//2261
f 2260//2260 2261//2261 2262//2262
f 2263//2263 2264//2264 2265//2265
f 2265//2265 2266//2266 2263//2263
f 2263//2263 2266//2266 2267//2267
f 2263//2263 2267//2267 2268//2268
f 2268//2268 2267//2267 2269//2269
f 2268//2268 2269//2269 2270//2270
f 2270//2270 2269//2269 2271//2271
f 2270//2270 2271//2271 2272//2272
f 2272//2272 2271//2271 2273//2273
f 2272//2272 2273//2273 2274//2274
f 2274//2274 2275//2275 2272//2272
f 2272//2272 2275//2275 2276//2276
f 2272//2272 2276//2276 2270//2270
f 2270//2270 2276//2276 2277//2277
f 2270//2270 2277//2277 2268//2268
f 2268//2268 2277//2277 2278//2278
f 2268//2268 2278//2278 2263//2263
f 2263//2263 2278//2278 2279//2279
f 2263//2263 2279//2279 2264//2264
f 2280//2280 2281//2281 2282//2282
f 2282//2282 2281//2281 2283//2283
f 2284//2284 2285//2285 2286//2286
f 2286//2286 2285//2285 2287//2287
f 2288//2288 2289//2289 2282//2282
f 2282//2282 2289//2289 2290//2290
f 2282//2282 2290//2290 2280//2280
f 2283//2283 2284//2284 2282//2282
f 2282//2282 2284//2284 2286//2286
f 2282//2282 2286//2286 2288//2288
f 2288//2288 2286//2286 2287//2287
f 2288//2288 2287//2287 2291//2291
f 2292//2292 2293//2293 2294//2294
f 2294//2294 2293//2293 2295//2295
f 2296//2296 2297//2297 2298//2298
f 2298//2298 2297//2297 2299//2299
f 2298//2298 2299//2299 2300//2300
f 2300//2300 2299//2299 2301//2301
f 2300//2300 2301//2301 2302//2302
f 2302//2302 2301//2301 2303//2303
f 2302//2302 2303//2303 2304//2304
f 2285//2285 2292//2292 2287//2287
f 2287//2287 2292//2292 2294//2294
f 2287//2287 2294//2294 2291//2291
f 2291//2291 2294//2294 2295//2295
f 2291//2291 2295//2295 2135//2135
f 2293//2293 2304//2304 2295//2295
f 2295//2295 2304//2304 2303//2303
f 2295//2295 2303//2303 2135//2135
f 2135//2135 2303//2303 2301//2301
f 2135//2135 2301//2301 2136//2136
f 2136//2136 2301//2301 2299//2299
f 2136//2136 2299//2299 2137//2137
f 2137//2137 2299//2299 2297//2297
f 2137//2137 2297//2297 2138//2138
f 2138//2138 2297//2297 2296//2296
f 2138//2138 2296//2296 2139//2139
f 2266//2266 2305//2305 2267//2267
f 2267//2267 2305//2305 2306//2306
f 2267//2267 2306//2306 2269//2269
f 2269//2269 2306//2306 2307//2307
f 2269//2269 2307//2307 2271//2271
f 2271//2271 2307//2307 2308//2308
f 2271//2271 2308//2308 2273//2273
f 2258//2258 2309//2309 2259//2259
f 2259//2259 2309//2309 2281//2281
f 2259//2259 2281//2281 2261//2261
f 2261//2261 2281//2281 2280//2280
f 2261//2261 2280//2280 2262//2262
f 2262//2262 2280//2280 2290//2290
f 1036//1036 1035//1035 1038//1038
f 1037//1037 1036//1036 2310//2310
f 2310//2310 1036//1036 1038//1038
f 2310//2310 1038//1038 2311//2311
f 2311//2311 1038//1038 1039//1039
f 1043//1043 2312//2312 1045//1045
f 1045//1045 2312//2312 2311//2311
f 1045//1045 2311//2311 1044//1044
f 1044//1044 2311//2311 1039//1039
f 1044//1044 1039//1039 1040//1040
f 2313//2313 2314//2314 2315//2315
f 2315//2315 2314//2314 2316//2316
f 2315//2315 2316//2316 2317//2317
f 2317//2317 2316//2316 2318//2318
f 2317//2317 2318//2318 2319//2319
f 2319//2319 2318//2318 2320//2320
f 1043//1043 1042//1042 2321//2321
f 2321//2321 1042//1042 417//417
f 1671//1671 1670//1670 2322//2322
f 2322//2322 1670//1670 2240//2240
f 2322//2322 2240//2240 2313//2313
f 2313//2313 2240//2240 2239//2239
f 2313//2313 2239//2239 2314//2314
f 2314//2314 2239//2239 2238//2238
f 2314//2314 2238//2238 2323//2323
f 2323//2323 2238//2238 2234//2234
f 2323//2323 2234//2234 981//981
f 981//981 2234//2234 980//980
f 981//981 980//980 978//978
f 2324//2324 2325//2325 2326//2326
f 2327//2327 2328//2328 2329//2329
f 2325//2325 2324//2324 2330//2330
f 2328//2328 2327//2327 2324//2324
f 2324//2324 2327//2327 2331//2331
f 2324//2324 2331//2331 2330//2330
f 2332//2332 2320//2320 2333//2333
f 2333//2333 2320//2320 2318//2318
f 2333//2333 2318//2318 2312//2312
f 2312//2312 2318//2318 2316//2316
f 2312//2312 2316//2316 2311//2311
f 2311//2311 2316//2316 2314//2314
f 2311//2311 2314//2314 2310//2310
f 2310//2310 2314//2314 2323//2323
f 2310//2310 2323//2323 1037//1037
f 1037//1037 2323//2323 981//981
f 1037//1037 981//981 982//982
f 2334//2334 2335//2335 1074//1074
f 1050//1050 1076//1076 2335//2335
f 2335//2335 1076//1076 1075//1075
f 2335//2335 1075//1075 1074//1074
f 1073//1073 1073//1073 2336//2336
f 407//407 407//407 1669//1669
f 1669//1669 407//407 406//406
f 1669//1669 406//406 2337//2337
f 2337//2337 406//406 1083//1083
f 2337//2337 1083//1083 2338//2338
f 2338//2338 1083//1083 1082//1082
f 2338//2338 1082//1082 1081//1081
f 1081//1081 1081//1081 2338//2338
f 2338//2338 1081//1081 1087//1087
f 2338//2338 1087//1087 2339//2339
f 2339//2339 1087//1087 1086//1086
f 2339//2339 1086//1086 1085//1085
f 1122//1122 1089//1089 2340//2340
f 2340//2340 1089//1089 2341//2341
f 2340//2340 2341//2341 2342//2342
f 1091//1091 1102//1102 2343//2343
f 1091//1091 2343//2343 1092//1092
f 1121//1121 1120//1120 2344//2344
f 2344//2344 1120//1120 1119//1119
f 2344//2344 1119//1119 1108//1108
f 1107//1107 1105//1105 2345//2345
f 2345//2345 1105//1105 1104//1104
f 1113//1113 1112//1112 2346//2346
f 2346//2346 1112//1112 1115//1115
f 1098//1098 1100//1100 2347//2347
f 1102//1102 1102//1102 2343//2343
f 2343//2343 1102//1102 1101//1101
f 2343//2343 1101//1101 2347//2347
f 2347//2347 1101//1101 1096//1096
f 2347//2347 1096//1096 1098//1098
f 1094//1094 1092//1092 2348//2348
f 2348//2348 1092//1092 2343//2343
f 2348//2348 2343//2343 2349//2349
f 2349//2349 2343//2343 2347//2347
f 2349//2349 2347//2347 2350//2350
f 1085//1085 1122//1122 2339//2339
f 2339//2339 1122//1122 2340//2340
f 2339//2339 2340//2340 2351//2351
f 2351//2351 2340//2340 2342//2342
f 2351//2351 2342//2342 2352//2352
f 2352//2352 2342//2342 2353//2353
f 2352//2352 2353//2353 2354//2354
f 2354//2354 2353//2353 2355//2355
f 2354//2354 2355//2355 2356//2356
f 2357//2357 2358//2358 2359//2359
f 2359//2359 2358//2358 2360//2360
f 2359//2359 2360//2360 2361//2361
f 2361//2361 2360//2360 2362//2362
f 2361//2361 2362//2362 2363//2363
f 2363//2363 2362//2362 2364//2364
f 2363//2363 2364//2364 2365//2365
f 2366//2366 2365//2365 2326//2326
f 2326//2326 2365//2365 2364//2364
f 2326//2326 2364//2364 2324//2324
f 2324//2324 2364//2364 2362//2362
f 2324//2324 2362//2362 2328//2328
f 2328//2328 2362//2362 2360//2360
f 2328//2328 2360//2360 2329//2329
f 2329//2329 2360//2360 2358//2358
f 2357//2357 2367//2367 2368//2368
f 2368//2368 2367//2367 2369//2369
f 2368//2368 2369//2369 2370//2370
f 2371//2371 2372//2372 2373//2373
f 2373//2373 2372//2372 2374//2374
f 2373//2373 2374//2374 2375//2375
f 417//417 416//416 2321//2321
f 2321//2321 416//416 1673//1673
f 2321//2321 1673//1673 2376//2376
f 2376//2376 1673//1673 2377//2377
f 2376//2376 2377//2377 2378//2378
f 2378//2378 2377//2377 2379//2379
f 2378//2378 2379//2379 2380//2380
f 2380//2380 2379//2379 2381//2381
f 2380//2380 2381//2381 2382//2382
f 2382//2382 2381//2381 2383//2383
f 2382//2382 2383//2383 2384//2384
f 2384//2384 2383//2383 2371//2371
f 2384//2384 2371//2371 2385//2385
f 2385//2385 2371//2371 2373//2373
f 2385//2385 2373//2373 2386//2386
f 2386//2386 2373//2373 2375//2375
f 2386//2386 2375//2375 2387//2387
f 1073//1073 1078//1078 2336//2336
f 2336//2336 1078//1078 1669//1669
f 2336//2336 1669//1669 2388//2388
f 2388//2388 1669//1669 2337//2337
f 2388//2388 2337//2337 2389//2389
f 2389//2389 2337//2337 2338//2338
f 2389//2389 2338//2338 2390//2390
f 2390//2390 2338//2338 2339//2339
f 2390//2390 2339//2339 2391//2391
f 2391//2391 2339//2339 2351//2351
f 2391//2391 2351//2351 2392//2392
f 2392//2392 2351//2351 2352//2352
f 2392//2392 2352//2352 2393//2393
f 2393//2393 2352//2352 2354//2354
f 2393//2393 2354//2354 2394//2394
f 2394//2394 2354//2354 2356//2356
f 2394//2394 2356//2356 2395//2395
f 1074//1074 1073//1073 2334//2334
f 2334//2334 1073//1073 2336//2336
f 2334//2334 2336//2336 2396//2396
f 2396//2396 2336//2336 2388//2388
f 2396//2396 2388//2388 2397//2397
f 2397//2397 2388//2388 2389//2389
f 2397//2397 2389//2389 2398//2398
f 2398//2398 2389//2389 2390//2390
f 2398//2398 2390//2390 2399//2399
f 2399//2399 2390//2390 2391//2391
f 2399//2399 2391//2391 2400//2400
f 2400//2400 2391//2391 2392//2392
f 2400//2400 2392//2392 2401//2401
f 2401//2401 2392//2392 2393//2393
f 2401//2401 2393//2393 2402//2402
f 2402//2402 2393//2393 2394//2394
f 2402//2402 2394//2394 2403//2403
f 2403//2403 2394//2394 2395//2395
f 2403//2403 2395//2395 2404//2404
f 1104//1104 1113//1113 2345//2345
f 2345//2345 1113//1113 2346//2346
f 2345//2345 2346//2346 2405//2405
f 2405//2405 2346//2346 2406//2406
f 2405//2405 2406//2406 2407//2407
f 2407//2407 2406//2406 2408//2408
f 2407//2407 2408//2408 2409//2409
f 2409//2409 2408//2408 2410//2410
f 2409//2409 2410//2410 2411//2411
f 2411//2411 2410//2410 2412//2412
f 2411//2411 2412//2412 2413//2413
f 2413//2413 2412//2412 2414//2414
f 2413//2413 2414//2414 2415//2415
f 1100//1100 1664//1664 2347//2347
f 2347//2347 1664//1664 2416//2416
f 2347//2347 2416//2416 2350//2350
f 2350//2350 2416//2416 2417//2417
f 2350//2350 2417//2417 2418//2418
f 2418//2418 2417//2417 2419//2419
f 2418//2418 2419//2419 2420//2420
f 2372//2372 2421//2421 2374//2374
f 2374//2374 2421//2421 2422//2422
f 2374//2374 2422//2422 2375//2375
f 2375//2375 2422//2422 1660//1660
f 2375//2375 1660//1660 2387//2387
f 1667//1667 1666//1666 2423//2423
f 2423//2423 1666//1666 2424//2424
f 2423//2423 2424//2424 2425//2425
f 2425//2425 2424//2424 2426//2426
f 2425//2425 2426//2426 2427//2427
f 2427//2427 2426//2426 2428//2428
f 2427//2427 2428//2428 2429//2429
f 2429//2429 2428//2428 2430//2430
f 2429//2429 2430//2430 2431//2431
f 2431//2431 2430//2430 2432//2432
f 2431//2431 2432//2432 2433//2433
f 2433//2433 2432//2432 2434//2434
f 2433//2433 2434//2434 2435//2435
f 2377//2377 1668//1668 2379//2379
f 2379//2379 1668//1668 1667//1667
f 2379//2379 1667//1667 2381//2381
f 2381//2381 1667//1667 2423//2423
f 2381//2381 2423//2423 2383//2383
f 2383//2383 2423//2423 2425//2425
f 2383//2383 2425//2425 2371//2371
f 2371//2371 2425//2425 2427//2427
f 2371//2371 2427//2427 2372//2372
f 2372//2372 2427//2427 2429//2429
f 2372//2372 2429//2429 2421//2421
f 2421//2421 2429//2429 2431//2431
f 2421//2421 2431//2431 2422//2422
f 2422//2422 2431//2431 2433//2433
f 2422//2422 2433//2433 1660//1660
f 1660//1660 2433//2433 2435//2435
f 1660//1660 2435//2435 1661//1661
f 1089//1089 1088//1088 2341//2341
f 2341//2341 1088//1088 1094//1094
f 2341//2341 1094//1094 2342//2342
f 2342//2342 1094//1094 2348//2348
f 2342//2342 2348//2348 2353//2353
f 2353//2353 2348//2348 2349//2349
f 2353//2353 2349//2349 2355//2355
f 2355//2355 2349//2349 2350//2350
f 2355//2355 2350//2350 2356//2356
f 2356//2356 2350//2350 2418//2418
f 2356//2356 2418//2418 2395//2395
f 2395//2395 2418//2418 2420//2420
f 2395//2395 2420//2420 2404//2404
f 2404//2404 2420//2420 2436//2436
f 2404//2404 2436//2436 2437//2437
f 2437//2437 2436//2436 2438//2438
f 2439//2439 2415//2415 2440//2440
f 2440//2440 2415//2415 2414//2414
f 2440//2440 2414//2414 2441//2441
f 1115//1115 1117//1117 2346//2346
f 2346//2346 1117//1117 1665//1665
f 2346//2346 1665//1665 2406//2406
f 2406//2406 1665//1665 1812//1812
f 2406//2406 1812//1812 2408//2408
f 2408//2408 1812//1812 1809//1809
f 2408//2408 1809//1809 2410//2410
f 2410//2410 1809//1809 1807//1807
f 2410//2410 1807//1807 2412//2412
f 2412//2412 1807//1807 1804//1804
f 2412//2412 1804//1804 2414//2414
f 2414//2414 1804//1804 1800//1800
f 2414//2414 1800//1800 2441//2441
f 2441//2441 1800//1800 1802//1802
f 2441//2441 1802//1802 2442//2442
f 1648//1648 2438//2438 1649//1649
f 1649//1649 2438//2438 2436//2436
f 1649//1649 2436//2436 2443//2443
f 2443//2443 2436//2436 2420//2420
f 2443//2443 2420//2420 2444//2444
f 2444//2444 2420//2420 2419//2419
f 1675//1675 2445//2445 1676//1676
f 1676//1676 2445//2445 2446//2446
f 1676//1676 2446//2446 2255//2255
f 2255//2255 2446//2446 2447//2447
f 2255//2255 2447//2447 2253//2253
f 2253//2253 2447//2447 2448//2448
f 2366//2366 2449//2449 2450//2450
f 2450//2450 2449//2449 2451//2451
f 2450//2450 2451//2451 2452//2452
f 2452//2452 2451//2451 2453//2453
f 2452//2452 2453//2453 2454//2454
f 2454//2454 2453//2453 2455//2455
f 2366//2366 2326//2326 2449//2449
f 2449//2449 2326//2326 2325//2325
f 2449//2449 2325//2325 2451//2451
f 2451//2451 2325//2325 2330//2330
f 2451//2451 2330//2330 2453//2453
f 2453//2453 2330//2330 2456//2456
f 2453//2453 2456//2456 2455//2455
f 2457//2457 2458//2458 2459//2459
f 2459//2459 2458//2458 2309//2309
f 2459//2459 2309//2309 2460//2460
f 2460//2460 2309//2309 2258//2258
f 2461//2461 2462//2462 2463//2463
f 2357//2357 2368//2368 2358//2358
f 2358//2358 2368//2368 2370//2370
f 2358//2358 2370//2370 2329//2329
f 2329//2329 2370//2370 2464//2464
f 2329//2329 2464//2464 2327//2327
f 2327//2327 2464//2464 2465//2465
f 2327//2327 2465//2465 2331//2331
f 2331//2331 2465//2465 2466//2466
f 2331//2331 2466//2466 2330//2330
f 2330//2330 2466//2466 2467//2467
f 2330//2330 2467//2467 2456//2456
f 2456//2456 2467//2467 2468//2468
f 2456//2456 2468//2468 2455//2455
f 2455//2455 2468//2468 2469//2469
f 2455//2455 2469//2469 2457//2457
f 2470//2470 2471//2471 2472//2472
f 2463//2463 2462//2462 2473//2473
f 2473//2473 2462//2462 2474//2474
f 2473//2473 2474//2474 2475//2475
f 2475//2475 2474//2474 2476//2476
f 2475//2475 2476//2476 2477//2477
f 2477//2477 2476//2476 2478//2478
f 2477//2477 2478//2478 2479//2479
f 2479//2479 2478//2478 2480//2480
f 2479//2479 2480//2480 2481//2481
f 2481//2481 2480//2480 2482//2482
f 2481//2481 2482//2482 2483//2483
f 2483//2483 2482//2482 2484//2484
f 2483//2483 2484//2484 2485//2485
f 2485//2485 2484//2484 2486//2486
f 2485//2485 2486//2486 2487//2487
f 2487//2487 2486//2486 2488//2488
f 2487//2487 2488//2488 2489//2489
f 2141//2141 2143//2143 2127//2127
f 2127//2127 2143//2143 2145//2145
f 2127//2127 2145//2145 2129//2129
f 2129//2129 2145//2145 2147//2147
f 2129//2129 2147//2147 2131//2131
f 2131//2131 2147//2147 2149//2149
f 2131//2131 2149//2149 2132//2132
f 2148//2148 2489//2489 2149//2149
f 2149//2149 2489//2489 2488//2488
f 2149//2149 2488//2488 2132//2132
f 2132//2132 2488//2488 2486//2486
f 2132//2132 2486//2486 2490//2490
f 2490//2490 2486//2486 2484//2484
f 2490//2490 2484//2484 2491//2491
f 2491//2491 2484//2484 2482//2482
f 2491//2491 2482//2482 2492//2492
f 2492//2492 2482//2482 2480//2480
f 2492//2492 2480//2480 2493//2493
f 2493//2493 2480//2480 2478//2478
f 2493//2493 2478//2478 2494//2494
f 2494//2494 2478//2478 2476//2476
f 2494//2494 2476//2476 2495//2495
f 2495//2495 2476//2476 2474//2474
f 2495//2495 2474//2474 2496//2496
f 2496//2496 2474//2474 2462//2462
f 2496//2496 2462//2462 2497//2497
f 2497//2497 2462//2462 2461//2461
f 2497//2497 2461//2461 2498//2498
f 1659//1659 1658//1658 2499//2499
f 2499//2499 1658//1658 2500//2500
f 2499//2499 2500//2500 2501//2501
f 2501//2501 2500//2500 2502//2502
f 2501//2501 2502//2502 2503//2503
f 2503//2503 2502//2502 2504//2504
f 2503//2503 2504//2504 2505//2505
f 2505//2505 2504//2504 2506//2506
f 2505//2505 2506//2506 2507//2507
f 2507//2507 2506//2506 2508//2508
f 2507//2507 2508//2508 2509//2509
f 2509//2509 2508//2508 2510//2510
f 2509//2509 2510//2510 2511//2511
f 2511//2511 2510//2510 2512//2512
f 2511//2511 2512//2512 2513//2513
f 2513//2513 2512//2512 2514//2514
f 2513//2513 2514//2514 2515//2515
f 2472//2472 2471//2471 2516//2516
f 2516//2516 2471//2471 2517//2517
f 2516//2516 2517//2517 2518//2518
f 2518//2518 2517//2517 2519//2519
f 2518//2518 2519//2519 2520//2520
f 2520//2520 2519//2519 2521//2521
f 2520//2520 2521//2521 2522//2522
f 2522//2522 2521//2521 2523//2523
f 2522//2522 2523//2523 2524//2524
f 2524//2524 2523//2523 2525//2525
f 2524//2524 2525//2525 2526//2526
f 2526//2526 2525//2525 2527//2527
f 2526//2526 2527//2527 2528//2528
f 2528//2528 2527//2527 2529//2529
f 2528//2528 2529//2529 2530//2530
f 2530//2530 2529//2529 2531//2531
f 2530//2530 2531//2531 2532//2532
f 2533//2533 2531//2531 2534//2534
f 1654//1654 1653//1653 2532//2532
f 1653//1653 2535//2535 2532//2532
f 2532//2532 2535//2535 2536//2536
f 2532//2532 2536//2536 2530//2530
f 2530//2530 2536//2536 2537//2537
f 2530//2530 2537//2537 2528//2528
f 2528//2528 2537//2537 2538//2538
f 2528//2528 2538//2538 2526//2526
f 2526//2526 2538//2538 2539//2539
f 2526//2526 2539//2539 2524//2524
f 2524//2524 2539//2539 2540//2540
f 2524//2524 2540//2540 2522//2522
f 2522//2522 2540//2540 2541//2541
f 2522//2522 2541//2541 2520//2520
f 2520//2520 2541//2541 2542//2542
f 2520//2520 2542//2542 2518//2518
f 2518//2518 2542//2542 2543//2543
f 2518//2518 2543//2543 2516//2516
f 2516//2516 2543//2543 2544//2544
f 2516//2516 2544//2544 2472//2472
f 2531//2531 2533//2533 2532//2532
f 2532//2532 2533//2533 2545//2545
f 2532//2532 2545//2545 1654//1654
f 1654//1654 2545//2545 2546//2546
f 1654//1654 2546//2546 1655//1655
f 2547//2547 1656//1656 2548//2548
f 2548//2548 1656//1656 1651//1651
f 2548//2548 1651//1651 1659//1659
f 1659//1659 1651//1651 1650//1650
f 1659//1659 1650//1650 1657//1657
f 2547//2547 2126//2126 1656//1656
f 1656//1656 2126//2126 2128//2128
f 1656//1656 2128//2128 1652//1652
f 1652//1652 2128//2128 2130//2130
f 1652//1652 2130//2130 1650//1650
f 1650//1650 2130//2130 2132//2132
f 1650//1650 2132//2132 1657//1657
f 1657//1657 2132//2132 2490//2490
f 1657//1657 2490//2490 1658//1658
f 1658//1658 2490//2490 2491//2491
f 1658//1658 2491//2491 2500//2500
f 2500//2500 2491//2491 2492//2492
f 2500//2500 2492//2492 2502//2502
f 2502//2502 2492//2492 2493//2493
f 2502//2502 2493//2493 2504//2504
f 2504//2504 2493//2493 2494//2494
f 2504//2504 2494//2494 2506//2506
f 2506//2506 2494//2494 2495//2495
f 2506//2506 2495//2495 2508//2508
f 2508//2508 2495//2495 2496//2496
f 2508//2508 2496//2496 2510//2510
f 2510//2510 2496//2496 2497//2497
f 2510//2510 2497//2497 2512//2512
f 2512//2512 2497//2497 2498//2498
f 2512//2512 2498//2498 2514//2514
f 2534//2534 2531//2531 2549//2549
f 2549//2549 2531//2531 2529//2529
f 2549//2549 2529//2529 2550//2550
f 2550//2550 2529//2529 2527//2527
f 2550//2550 2527//2527 2551//2551
f 2551//2551 2527//2527 2525//2525
f 2551//2551 2525//2525 2552//2552
f 2552//2552 2525//2525 2523//2523
f 2552//2552 2523//2523 2553//2553
f 2553//2553 2523//2523 2521//2521
f 2553//2553 2521//2521 2554//2554
f 2554//2554 2521//2521 2519//2519
f 2554//2554 2519//2519 2555//2555
f 2555//2555 2519//2519 2517//2517
f 2555//2555 2517//2517 2556//2556
f 2556//2556 2517//2517 2471//2471
f 2556//2556 2471//2471 2557//2557
f 2557//2557 2471//2471 2470//2470
f 2557//2557 2470//2470 2558//2558
f 2559//2559 2560//2560 2561//2561
f 2561//2561 2560//2560 2562//2562
f 2561//2561 2562//2562 2563//2563
f 2564//2564 2562//2562 2565//2565
f 2565//2565 2562//2562 2560//2560
f 2565//2565 2560//2560 2566//2566
f 2566//2566 2560//2560 2559//2559
f 2566//2566 2559//2559 2567//2567
f 2568//2568 2569//2569 2570//2570
f 2570//2570 2569//2569 2571//2571
f 2570//2570 2571//2571 2572//2572
f 2572//2572 2571//2571 2573//2573
f 2572//2572 2573//2573 2574//2574
f 2574//2574 2573//2573 2575//2575
f 2574//2574 2575//2575 2576//2576
f 2576//2576 2575//2575 2577//2577
f 2576//2576 2577//2577 2578//2578
f 2578//2578 2577//2577 2579//2579
f 2578//2578 2579//2579 2580//2580
f 2580//2580 2581//2581 2578//2578
f 2578//2578 2581//2581 2582//2582
f 2578//2578 2582//2582 2576//2576
f 2576//2576 2582//2582 2583//2583
f 2576//2576 2583//2583 2574//2574
f 2574//2574 2583//2583 2584//2584
f 2574//2574 2584//2584 2572//2572
f 2572//2572 2584//2584 2585//2585
f 2572//2572 2585//2585 2570//2570
f 2570//2570 2585//2585 2586//2586
f 2570//2570 2586//2586 2568//2568
f 2568//2568 2586//2586 2563//2563
f 2587//2587 2588//2588 2589//2589
f 2589//2589 2588//2588 2590//2590
f 2589//2589 2590//2590 2591//2591
f 2592//2592 2591//2591 1663//1663
f 1663//1663 2591//2591 2590//2590
f 1663//1663 2590//2590 1662//1662
f 1662//1662 2590//2590 2588//2588
f 1662//1662 2588//2588 1660//1660
f 1660//1660 2588//2588 2587//2587
f 1660//1660 2587//2587 2387//2387
f 2387//2387 2587//2587 2593//2593
f 2387//2387 2593//2593 2386//2386
f 2386//2386 2593//2593 2594//2594
f 2386//2386 2594//2594 2385//2385
f 2385//2385 2594//2594 2595//2595
f 2385//2385 2595//2595 2384//2384
f 2384//2384 2595//2595 2596//2596
f 2384//2384 2596//2596 2382//2382
f 2382//2382 2596//2596 2597//2597
f 2382//2382 2597//2597 2380//2380
f 2380//2380 2597//2597 2598//2598
f 2380//2380 2598//2598 2378//2378
f 2378//2378 2598//2598 2332//2332
f 2378//2378 2332//2332 2376//2376
f 2376//2376 2332//2332 2333//2333
f 2376//2376 2333//2333 2321//2321
f 2321//2321 2333//2333 2312//2312
f 2321//2321 2312//2312 1043//1043
f 1043//1043 2312//2312 1043//1043
f 2599//2599 2600//2600 2601//2601
f 2601//2601 2600//2600 2602//2602
f 2601//2601 2602//2602 2603//2603
f 2603//2603 2602//2602 2604//2604
f 2603//2603 2604//2604 2605//2605
f 2605//2605 2604//2604 2606//2606
f 2605//2605 2606//2606 2607//2607
f 2607//2607 2606//2606 2608//2608
f 2607//2607 2608//2608 2609//2609
f 2609//2609 2608//2608 2610//2610
f 2609//2609 2610//2610 2611//2611
f 2611//2611 2610//2610 2612//2612
f 2611//2611 2612//2612 2613//2613
f 1108//1108 1107//1107 2344//2344
f 2344//2344 1107//1107 2345//2345
f 2344//2344 2345//2345 2614//2614
f 2614//2614 2345//2345 2405//2405
f 2614//2614 2405//2405 2615//2615
f 2615//2615 2405//2405 2407//2407
f 2615//2615 2407//2407 2616//2616
f 2616//2616 2407//2407 2409//2409
f 2616//2616 2409//2409 2617//2617
f 2617//2617 2409//2409 2411//2411
f 2617//2617 2411//2411 2618//2618
f 2618//2618 2411//2411 2413//2413
f 2618//2618 2413//2413 2619//2619
f 2619//2619 2413//2413 2415//2415
f 2619//2619 2415//2415 2620//2620
f 2620//2620 2415//2415 2439//2439
f 2620//2620 2439//2439 2621//2621
f 2621//2621 2439//2439 2440//2440
f 2621//2621 2440//2440 2622//2622
f 1051//1051 1050//1050 1673//1673
f 1673//1673 1050//1050 2335//2335
f 1673//1673 2335//2335 2377//2377
f 2377//2377 2335//2335 2334//2334
f 2377//2377 2334//2334 1668//1668
f 1668//1668 2334//2334 2396//2396
f 1668//1668 2396//2396 1666//1666
f 1666//1666 2396//2396 2397//2397
f 1666//1666 2397//2397 2424//2424
f 2424//2424 2397//2397 2398//2398
f 2424//2424 2398//2398 2426//2426
f 2426//2426 2398//2398 2399//2399
f 2426//2426 2399//2399 2428//2428
f 2428//2428 2399//2399 2400//2400
f 2428//2428 2400//2400 2430//2430
f 2430//2430 2400//2400 2401//2401
f 2430//2430 2401//2401 2432//2432
f 2432//2432 2401//2401 2402//2402
f 2432//2432 2402//2402 2434//2434
f 2434//2434 2402//2402 2403//2403
f 2434//2434 2403//2403 2435//2435
f 2435//2435 2403//2403 2404//2404
f 2435//2435 2404//2404 1661//1661
f 1661//1661 2404//2404 2437//2437
f 1661//1661 2437//2437 1663//1663
f 1663//1663 2437//2437 2438//2438
f 1663//1663 2438//2438 2592//2592
f 2592//2592 2438//2438 1648//1648
f 2592//2592 1648//1648 2623//2623
f 2623//2623 1648//1648 1647//1647
f 2623//2623 1647//1647 2624//2624
f 2442//2442 1799//1799 2441//2441
f 2441//2441 1799//1799 1798//1798
f 2441//2441 1798//1798 2440//2440
f 2440//2440 1798//1798 1795//1795
f 2440//2440 1795//1795 2622//2622
f 2622//2622 1795//1795 1793//1793
f 2622//2622 1793//1793 2625//2625
f 2625//2625 1793//1793 1792//1792
f 2625//2625 1792//1792 2626//2626
f 2558//2558 2599//2599 2567//2567
f 2567//2567 2599//2599 2601//2601
f 2567//2567 2601//2601 2566//2566
f 2566//2566 2601//2601 2603//2603
f 2566//2566 2603//2603 2565//2565
f 2565//2565 2603//2603 2605//2605
f 2565//2565 2605//2605 2564//2564
f 2564//2564 2605//2605 2607//2607
f 2564//2564 2607//2607 2627//2627
f 2627//2627 2607//2607 2609//2609
f 2627//2627 2609//2609 2628//2628
f 2628//2628 2609//2609 2611//2611
f 2628//2628 2611//2611 2629//2629
f 2629//2629 2611//2611 2613//2613
f 2629//2629 2613//2613 2630//2630
f 2630//2630 2613//2613 2631//2631
f 2630//2630 2631//2631 2632//2632
f 1121//1121 2344//2344 1664//1664
f 1664//1664 2344//2344 2614//2614
f 1664//1664 2614//2614 2416//2416
f 2416//2416 2614//2614 2615//2615
f 2416//2416 2615//2615 2417//2417
f 2417//2417 2615//2615 2616//2616
f 2417//2417 2616//2616 2419//2419
f 2419//2419 2616//2616 2617//2617
f 2419//2419 2617//2617 2444//2444
f 2444//2444 2617//2617 2618//2618
f 2444//2444 2618//2618 2443//2443
f 2443//2443 2618//2618 2619//2619
f 2443//2443 2619//2619 1649//1649
f 1649//1649 2619//2619 2620//2620
f 1649//1649 2620//2620 1647//1647
f 1647//1647 2620//2620 2621//2621
f 1647//1647 2621//2621 2624//2624
f 2624//2624 2621//2621 2622//2622
f 2624//2624 2622//2622 2633//2633
f 2633//2633 2622//2622 2625//2625
f 2633//2633 2625//2625 1790//1790
f 1790//1790 2625//2625 2626//2626
f 1790//1790 2626//2626 1791//1791
f 2563//2563 2562//2562 2568//2568
f 2568//2568 2562//2562 2564//2564
f 2568//2568 2564//2564 2569//2569
f 2569//2569 2564//2564 2627//2627
f 2569//2569 2627//2627 2571//2571
f 2571//2571 2627//2627 2628//2628
f 2571//2571 2628//2628 2573//2573
f 2573//2573 2628//2628 2629//2629
f 2573//2573 2629//2629 2575//2575
f 2575//2575 2629//2629 2630//2630
f 2575//2575 2630//2630 2577//2577
f 2577//2577 2630//2630 2632//2632
f 2577//2577 2632//2632 2579//2579
f 2579//2579 2632//2632 2634//2634
f 2579//2579 2634//2634 2580//2580
f 2635//2635 2636//2636 2637//2637
f 2638//2638 2635//2635 2639//2639
f 2639//2639 2635//2635 2637//2637
f 2639//2639 2637//2637 2640//2640
f 2638//2638 2639//2639 2641//2641
f 2641//2641 2639//2639 2640//2640
f 2641//2641 2640//2640 2642//2642
f 2642//2642 2640//2640 2643//2643
f 2642//2642 2643//2643 2154//2154
f 2154//2154 2643//2643 2644//2644
f 2154//2154 2644//2644 2155//2155
f 2155//2155 2644//2644 2166//2166
f 2155//2155 2166//2166 2153//2153
f 2153//2153 2166//2166 2165//2165
f 2153//2153 2165//2165 2151//2151
f 1785//1785 2645//2645 1786//1786
f 1786//1786 2645//2645 2646//2646
f 1786//1786 2646//2646 1788//1788
f 1788//1788 2646//2646 2647//2647
f 1788//1788 2647//2647 1790//1790
f 1790//1790 2647//2647 2648//2648
f 1790//1790 2648//2648 2633//2633
f 2633//2633 2648//2648 2649//2649
f 2633//2633 2649//2649 2624//2624
f 2624//2624 2649//2649 2650//2650
f 2624//2624 2650//2650 2623//2623
f 2623//2623 2650//2650 2651//2651
f 2623//2623 2651//2651 2592//2592
f 1755//1755 1772//1772 1756//1756
f 1756//1756 1772//1772 2217//2217
f 1756//1756 2217//2217 2158//2158
f 2158//2158 2217//2217 2222//2222
f 2158//2158 2222//2222 2157//2157
f 2157//2157 2222//2222 2652//2652
f 2157//2157 2652//2652 2653//2653
f 2654//2654 2655//2655 2656//2656
f 2656//2656 2655//2655 2657//2657
f 2656//2656 2657//2657 2658//2658
f 2658//2658 2657//2657 2659//2659
f 2658//2658 2659//2659 2660//2660
f 2660//2660 2659//2659 2653//2653
f 2660//2660 2653//2653 2661//2661
f 2661//2661 2653//2653 2652//2652
f 2661//2661 2652//2652 2662//2662
f 2662//2662 2652//2652 2222//2222
f 2662//2662 2222//2222 2663//2663
f 2663//2663 2222//2222 2223//2223
f 2663//2663 2223//2223 2664//2664
f 2664//2664 2223//2223 2224//2224
f 2664//2664 2224//2224 2665//2665
f 2665//2665 2224//2224 2225//2225
f 2665//2665 2225//2225 2666//2666
f 2666//2666 2225//2225 2226//2226
f 2666//2666 2226//2226 2667//2667
f 2667//2667 2226//2226 2227//2227
f 2667//2667 2227//2227 2668//2668
f 2668//2668 2227//2227 1985//1985
f 2668//2668 1985//1985 1980//1980
f 1980//1980 1985//1985 1986//1986
f 1980//1980 1986//1986 1978//1978
f 2645//2645 1644//1644 2646//2646
f 2646//2646 1644//1644 1646//1646
f 2646//2646 1646//1646 2647//2647
f 2647//2647 1646//1646 2669//2669
f 2647//2647 2669//2669 2648//2648
f 2648//2648 2669//2669 2670//2670
f 2648//2648 2670//2670 2649//2649
f 2649//2649 2670//2670 2671//2671
f 2649//2649 2671//2671 2650//2650
f 2650//2650 2671//2671 2672//2672
f 2650//2650 2672//2672 2651//2651
f 1785//1785 1782//1782 2645//2645
f 2645//2645 1782//1782 1784//1784
f 2645//2645 1784//1784 1644//1644
f 1644//1644 1784//1784 2156//2156
f 1644//1644 2156//2156 1645//1645
f 1645//1645 2156//2156 2157//2157
f 1645//1645 2157//2157 1646//1646
f 1646//1646 2157//2157 2653//2653
f 1646//1646 2653//2653 2669//2669
f 2669//2669 2653//2653 2659//2659
f 2669//2669 2659//2659 2670//2670
f 2670//2670 2659//2659 2657//2657
f 2670//2670 2657//2657 2671//2671
f 2671//2671 2657//2657 2655//2655
f 2671//2671 2655//2655 2672//2672
f 2672//2672 2655//2655 2654//2654
f 2672//2672 2654//2654 2651//2651
f 2546//2546 2547//2547 1655//1655
f 1655//1655 2547//2547 2548//2548
f 1655//1655 2548//2548 1653//1653
f 1653//1653 2548//2548 1659//1659
f 1653//1653 1659//1659 2535//2535
f 2535//2535 1659//1659 2499//2499
f 2535//2535 2499//2499 2536//2536
f 2536//2536 2499//2499 2501//2501
f 2536//2536 2501//2501 2537//2537
f 2537//2537 2501//2501 2503//2503
f 2537//2537 2503//2503 2538//2538
f 2538//2538 2503//2503 2505//2505
f 2538//2538 2505//2505 2539//2539
f 2539//2539 2505//2505 2507//2507
f 2539//2539 2507//2507 2540//2540
f 2540//2540 2507//2507 2509//2509
f 2540//2540 2509//2509 2541//2541
f 2541//2541 2509//2509 2511//2511
f 2541//2541 2511//2511 2542//2542
f 2542//2542 2511//2511 2513//2513
f 2542//2542 2513//2513 2543//2543
f 2543//2543 2513//2513 2515//2515
f 2543//2543 2515//2515 2544//2544
f 2216//2216 1699//1699 2160//2160
f 2160//2160 1699//1699 1698//1698
f 2160//2160 1698//1698 2161//2161
f 2161//2161 1698//1698 2673//2673
f 2161//2161 2673//2673 2165//2165
f 2165//2165 2673//2673 2674//2674
f 2165//2165 2674//2674 2151//2151
f 2151//2151 2674//2674 2675//2675
f 2151//2151 2675//2675 2152//2152
f 2152//2152 2675//2675 2676//2676
f 2152//2152 2676//2676 2154//2154
f 2154//2154 2676//2676 2677//2677
f 2154//2154 2677//2677 2642//2642
f 2642//2642 2677//2677 2678//2678
f 2642//2642 2678//2678 2641//2641
f 2641//2641 2678//2678 2679//2679
f 2641//2641 2679//2679 2638//2638
f 2638//2638 2679//2679 2581//2581
f 2638//2638 2581//2581 2635//2635
f 2635//2635 2581//2581 2580//2580
f 2635//2635 2580//2580 2636//2636
f 2636//2636 2580//2580 2634//2634
f 2558//2558 2567//2567 2557//2557
f 2557//2557 2567//2567 2559//2559
f 2557//2557 2559//2559 2556//2556
f 2556//2556 2559//2559 2561//2561
f 2556//2556 2561//2561 2555//2555
f 2555//2555 2561//2561 2563//2563
f 2555//2555 2563//2563 2554//2554
f 2554//2554 2563//2563 2586//2586
f 2554//2554 2586//2586 2553//2553
f 2553//2553 2586//2586 2585//2585
f 2553//2553 2585//2585 2552//2552
f 2552//2552 2585//2585 2584//2584
f 2552//2552 2584//2584 2551//2551
f 2551//2551 2584//2584 2583//2583
f 2551//2551 2583//2583 2550//2550
f 2550//2550 2583//2583 2582//2582
f 2550//2550 2582//2582 2549//2549
f 2549//2549 2582//2582 2581//2581
f 2549//2549 2581//2581 2534//2534
f 2534//2534 2581//2581 2679//2679
f 2534//2534 2679//2679 2533//2533
f 2533//2533 2679//2679 2678//2678
f 2533//2533 2678//2678 2545//2545
f 2545//2545 2678//2678 2677//2677
f 2545//2545 2677//2677 2546//2546
f 2546//2546 2677//2677 2676//2676
f 2546//2546 2676//2676 2547//2547
f 2547//2547 2676//2676 2675//2675
f 2547//2547 2675//2675 2126//2126
f 2126//2126 2675//2675 2674//2674
f 2126//2126 2674//2674 2127//2127
f 2127//2127 2674//2674 2673//2673
f 2127//2127 2673//2673 2150//2150
f 2150//2150 2673//2673 1698//1698
f 2150//2150 1698//1698 2141//2141
f 2141//2141 1698//1698 1697//1697
f 2141//2141 1697//1697 2142//2142
f 2213//2213 1972//1972 2214//2214
f 2214//2214 1972//1972 1974//1974
f 2214//2214 1974//1974 2215//2215
f 2215//2215 1974//1974 2204//2204
f 2215//2215 2204//2204 2216//2216
f 2216//2216 2204//2204 2206//2206
f 2216//2216 2206//2206 1699//1699
f 1699//1699 2206//2206 2208//2208
f 1699//1699 2208//2208 1697//1697
f 1697//1697 2208//2208 2210//2210
f 1697//1697 2210//2210 2142//2142
f 2142//2142 2210//2210 2140//2140
f 2142//2142 2140//2140 2144//2144
f 2144//2144 2140//2140 2139//2139
f 2144//2144 2139//2139 2146//2146
f 2146//2146 2139//2139 2296//2296
f 2146//2146 2296//2296 2148//2148
f 2148//2148 2296//2296 2298//2298
f 2148//2148 2298//2298 2489//2489
f 2489//2489 2298//2298 2300//2300
f 2489//2489 2300//2300 2487//2487
f 2487//2487 2300//2300 2302//2302
f 2487//2487 2302//2302 2485//2485
f 2485//2485 2302//2302 2304//2304
f 2485//2485 2304//2304 2483//2483
f 2483//2483 2304//2304 2293//2293
f 2483//2483 2293//2293 2481//2481
f 2481//2481 2293//2293 2292//2292
f 2481//2481 2292//2292 2479//2479
f 2479//2479 2292//2292 2285//2285
f 2479//2479 2285//2285 2477//2477
f 2477//2477 2285//2285 2284//2284
f 2477//2477 2284//2284 2475//2475
f 2475//2475 2284//2284 2283//2283
f 2475//2475 2283//2283 2473//2473
f 2473//2473 2283//2283 2281//2281
f 2473//2473 2281//2281 2463//2463
f 2463//2463 2281//2281 2309//2309
f 2463//2463 2309//2309 2461//2461
f 2461//2461 2309//2309 2458//2458
f 2461//2461 2458//2458 2498//2498
f 2498//2498 2458//2458 2457//2457
f 2498//2498 2457//2457 2514//2514
f 2514//2514 2457//2457 2469//2469
f 2514//2514 2469//2469 2515//2515
f 2515//2515 2469//2469 2468//2468
f 2515//2515 2468//2468 2544//2544
f 2544//2544 2468//2468 2467//2467
f 2544//2544 2467//2467 2472//2472
f 2472//2472 2467//2467 2466//2466
f 2472//2472 2466//2466 2470//2470
f 2470//2470 2466//2466 2465//2465
f 2470//2470 2465//2465 2558//2558
f 2558//2558 2465//2465 2464//2464
f 2558//2558 2464//2464 2599//2599
f 2599//2599 2464//2464 2370//2370
f 2599//2599 2370//2370 2600//2600
f 2600//2600 2370//2370 2369//2369
f 1457//1457 2680//2680 1458//1458
f 1458//1458 2680//2680 1817//1817
f 1458//1458 1817//1817 585//585
f 585//585 1817//1817 1819//1819
f 585//585 1819//1819 583//583
f 1462//1462 2681//2681 1464//1464
f 1464//1464 2681//2681 2682//2682
f 1464//1464 2682//2682 1465//1465
f 1460//1460 1468//1468 2683//2683
f 2683//2683 1468//1468 1467//1467
f 2684//2684 2682//2682 2685//2685
f 2685//2685 2682//2682 2681//2681
f 2685//2685 2681//2681 2683//2683
f 2683//2683 2681//2681 1462//1462
f 2683//2683 1462//1462 1460//1460
f 1467//1467 1641//1641 2683//2683
f 2683//2683 1641//1641 2686//2686
f 2683//2683 2686//2686 2685//2685
f 2685//2685 2686//2686 2687//2687
f 2685//2685 2687//2687 2684//2684
f 2688//2688 1820//1820 2689//2689
f 2689//2689 1820//1820 1822//1822
f 2689//2689 1822//1822 2680//2680
f 2680//2680 1822//1822 1824//1824
f 2680//2680 1824//1824 1817//1817
f 1817//1817 1824//1824 1826//1826
f 1817//1817 1826//1826 1818//1818
f 2690//2690 1832//1832 2691//2691
f 2691//2691 1832//1832 1829//1829
f 2691//2691 1829//1829 2688//2688
f 2688//2688 1829//1829 1830//1830
f 2688//2688 1830//1830 1820//1820
f 1820//1820 1830//1830 2692//2692
f 1820//1820 2692//2692 1821//1821
f 2684//2684 2693//2693 2694//2694
f 2693//2693 2684//2684 2695//2695
f 2695//2695 2684//2684 2687//2687
f 2695//2695 2687//2687 2696//2696
f 2696//2696 2687//2687 2686//2686
f 2696//2696 2686//2686 2697//2697
f 2697//2697 2686//2686 1641//1641
f 2697//2697 1641//1641 2698//2698
f 2698//2698 1641//1641 1643//1643
f 2698//2698 1643//1643 1477//1477
f 1474//1474 1640//1640 1475//1475
f 2699//2699 2694//2694 2700//2700
f 2700//2700 2694//2694 2693//2693
f 2700//2700 2693//2693 2701//2701
f 2701//2701 2693//2693 2695//2695
f 2701//2701 2695//2695 2702//2702
f 2702//2702 2695//2695 2696//2696
f 2702//2702 2696//2696 2703//2703
f 2703//2703 2696//2696 2697//2697
f 2703//2703 2697//2697 2704//2704
f 2704//2704 2697//2697 2698//2698
f 2704//2704 2698//2698 2705//2705
f 2705//2705 2698//2698 1477//1477
f 2705//2705 1477//1477 1475//1475
f 1640//1640 2706//2706 2707//2707
f 2707//2707 2706//2706 2708//2708
f 2707//2707 2708//2708 2709//2709
f 2709//2709 2708//2708 2710//2710
f 2709//2709 2710//2710 2711//2711
f 2711//2711 2710//2710 2712//2712
f 2711//2711 2712//2712 2713//2713
f 2713//2713 2712//2712 2714//2714
f 2713//2713 2714//2714 2715//2715
f 2715//2715 2714//2714 2716//2716
f 2715//2715 2716//2716 2717//2717
f 2717//2717 2716//2716 2718//2718
f 1498//1498 1636//1636 1500//1500
f 1500//1500 1636//1636 1635//1635
f 1500//1500 1635//1635 1479//1479
f 1638//1638 1505//1505 1639//1639
f 1639//1639 1505//1505 2229//2229
f 1639//1639 2229//2229 2719//2719
f 2719//2719 2229//2229 2231//2231
f 2719//2719 2231//2231 2720//2720
f 2720//2720 2231//2231 2233//2233
f 2720//2720 2233//2233 2721//2721
f 2721//2721 2233//2233 1687//1687
f 2721//2721 1687//1687 2722//2722
f 2722//2722 1687//1687 1685//1685
f 2722//2722 1685//1685 1675//1675
f 1675//1675 1685//1685 1684//1684
f 1675//1675 1684//1684 2445//2445
f 2445//2445 1684//1684 2240//2240
f 2445//2445 2240//2240 2446//2446
f 2446//2446 2240//2240 1670//1670
f 2446//2446 1670//1670 2447//2447
f 2447//2447 1670//1670 1672//1672
f 2447//2447 1672//1672 2448//2448
f 2723//2723 2724//2724 1634//1634
f 1634//1634 2724//2724 2725//2725
f 1634//1634 2725//2725 1632//1632
f 1632//1632 2725//2725 1631//1631
f 1498//1498 1497//1497 1636//1636
f 1636//1636 1497//1497 2726//2726
f 1636//1636 2726//2726 1637//1637
f 1637//1637 2726//2726 2727//2727
f 1637//1637 2727//2727 2728//2728
f 2728//2728 2727//2727 2729//2729
f 2728//2728 2729//2729 2730//2730
f 2730//2730 2729//2729 2241//2241
f 2730//2730 2241//2241 2731//2731
f 2731//2731 2241//2241 1683//1683
f 2731//2731 1683//1683 2732//2732
f 2732//2732 1683//1683 1678//1678
f 2732//2732 1678//1678 2279//2279
f 2279//2279 1678//1678 1677//1677
f 2279//2279 1677//1677 2264//2264
f 2264//2264 1677//1677 2733//2733
f 2264//2264 2733//2733 2265//2265
f 1497//1497 1507//1507 2726//2726
f 2726//2726 1507//1507 1639//1639
f 2726//2726 1639//1639 2727//2727
f 2727//2727 1639//1639 2719//2719
f 2727//2727 2719//2719 2729//2729
f 2729//2729 2719//2719 2720//2720
f 2729//2729 2720//2720 2241//2241
f 2241//2241 2720//2720 2721//2721
f 2241//2241 2721//2721 2242//2242
f 2242//2242 2721//2721 2722//2722
f 2242//2242 2722//2722 2252//2252
f 2252//2252 2722//2722 1675//1675
f 2252//2252 1675//1675 1677//1677
f 1677//1677 1675//1675 1674//1674
f 1677//1677 1674//1674 2733//2733
f 2733//2733 1674//1674 2257//2257
f 1752//1752 2734//2734 1753//1753
f 1753//1753 2734//2734 2735//2735
f 1753//1753 2735//2735 2736//2736
f 2736//2736 2735//2735 2690//2690
f 2734//2734 1834//1834 2735//2735
f 2735//2735 1834//1834 1836//1836
f 2735//2735 1836//1836 2690//2690
f 2690//2690 1836//1836 1838//1838
f 2690//2690 1838//1838 1832//1832
f 1832//1832 1838//1838 1840//1840
f 1832//1832 1840//1840 1833//1833
f 1475//1475 1640//1640 2705//2705
f 2705//2705 1640//1640 2707//2707
f 2705//2705 2707//2707 2704//2704
f 2704//2704 2707//2707 2709//2709
f 2704//2704 2709//2709 2703//2703
f 2703//2703 2709//2709 2711//2711
f 2703//2703 2711//2711 2702//2702
f 2702//2702 2711//2711 2713//2713
f 2702//2702 2713//2713 2701//2701
f 2701//2701 2713//2713 2715//2715
f 2701//2701 2715//2715 2700//2700
f 2700//2700 2715//2715 2717//2717
f 2700//2700 2717//2717 2699//2699
f 2699//2699 2717//2717 2718//2718
f 2699//2699 2718//2718 2737//2737
f 2723//2723 2738//2738 2739//2739
f 2739//2739 2738//2738 2740//2740
f 2739//2739 2740//2740 2741//2741
f 2741//2741 2740//2740 2742//2742
f 2741//2741 2742//2742 2743//2743
f 2743//2743 2742//2742 2744//2744
f 2743//2743 2744//2744 2745//2745
f 2745//2745 2744//2744 2746//2746
f 2745//2745 2746//2746 2747//2747
f 2747//2747 2746//2746 2748//2748
f 2738//2738 2749//2749 2740//2740
f 2740//2740 2749//2749 2750//2750
f 2740//2740 2750//2750 2742//2742
f 2742//2742 2750//2750 2751//2751
f 2742//2742 2751//2751 2744//2744
f 2744//2744 2751//2751 2752//2752
f 2744//2744 2752//2752 2746//2746
f 2746//2746 2752//2752 2753//2753
f 2746//2746 2753//2753 2748//2748
f 2748//2748 2753//2753 2754//2754
f 2723//2723 1634//1634 2738//2738
f 2738//2738 1634//1634 1633//1633
f 2738//2738 1633//1633 2749//2749
f 2749//2749 1633//1633 2755//2755
f 2749//2749 2755//2755 2750//2750
f 2750//2750 2755//2755 2756//2756
f 2750//2750 2756//2756 2751//2751
f 2751//2751 2756//2756 2757//2757
f 2751//2751 2757//2757 2752//2752
f 2752//2752 2757//2757 2758//2758
f 2752//2752 2758//2758 2753//2753
f 2753//2753 2758//2758 2759//2759
f 2753//2753 2759//2759 2754//2754
f 2760//2760 2761//2761 2762//2762
f 2763//2763 2764//2764 2765//2765
f 2765//2765 2764//2764 2761//2761
f 1631//1631 1630//1630 1632//1632
f 1632//1632 1630//1630 2766//2766
f 1632//1632 2766//2766 1633//1633
f 1633//1633 2766//2766 2767//2767
f 1633//1633 2767//2767 2755//2755
f 2755//2755 2767//2767 2768//2768
f 2755//2755 2768//2768 2756//2756
f 2756//2756 2768//2768 2769//2769
f 2756//2756 2769//2769 2757//2757
f 2757//2757 2769//2769 2760//2760
f 2757//2757 2760//2760 2758//2758
f 2758//2758 2760//2760 2762//2762
f 2758//2758 2762//2762 2759//2759
f 1749//1749 1751//1751 1750//1750
f 1750//1750 1751//1751 1753//1753
f 1750//1750 1753//1753 2770//2770
f 2770//2770 1753//1753 2736//2736
f 2770//2770 2736//2736 2771//2771
f 2771//2771 2736//2736 2690//2690
f 2771//2771 2690//2690 2737//2737
f 2737//2737 2690//2690 2691//2691
f 2737//2737 2691//2691 2699//2699
f 2699//2699 2691//2691 2688//2688
f 2699//2699 2688//2688 2694//2694
f 2694//2694 2688//2688 2689//2689
f 2694//2694 2689//2689 2684//2684
f 2684//2684 2689//2689 2680//2680
f 2684//2684 2680//2680 2682//2682
f 2682//2682 2680//2680 1457//1457
f 2682//2682 1457//1457 1465//1465
f 2772//2772 1745//1745 2773//2773
f 2773//2773 1745//1745 1747//1747
f 2773//2773 1747//1747 2774//2774
f 2774//2774 1747//1747 2775//2775
f 2774//2774 2775//2775 2776//2776
f 2777//2777 2778//2778 2779//2779
f 2779//2779 2778//2778 2780//2780
f 2779//2779 2780//2780 2781//2781
f 2781//2781 2780//2780 2782//2782
f 2781//2781 2782//2782 2783//2783
f 2783//2783 2782//2782 2784//2784
f 2783//2783 2784//2784 2771//2771
f 2771//2771 2784//2784 2776//2776
f 2771//2771 2776//2776 2770//2770
f 2770//2770 2776//2776 2775//2775
f 2770//2770 2775//2775 1750//1750
f 1750//1750 2775//2775 1747//1747
f 1750//1750 1747//1747 1748//1748
f 1748//1748 1747//1747 1746//1746
f 2778//2778 2785//2785 2780//2780
f 2780//2780 2785//2785 2786//2786
f 2780//2780 2786//2786 2782//2782
f 2782//2782 2786//2786 2787//2787
f 2782//2782 2787//2787 2784//2784
f 2784//2784 2787//2787 2788//2788
f 2784//2784 2788//2788 2776//2776
f 2776//2776 2788//2788 1999//1999
f 2776//2776 1999//1999 2774//2774
f 2774//2774 1999//1999 1998//1998
f 2774//2774 1998//1998 2773//2773
f 2773//2773 1998//1998 1996//1996
f 2773//2773 1996//1996 2772//2772
f 2772//2772 1996//1996 1995//1995
f 2761//2761 2760//2760 2765//2765
f 2765//2765 2760//2760 2769//2769
f 2765//2765 2769//2769 2763//2763
f 2763//2763 2769//2769 2768//2768
f 2763//2763 2768//2768 2789//2789
f 2789//2789 2768//2768 2767//2767
f 2789//2789 2767//2767 2790//2790
f 2790//2790 2767//2767 2766//2766
f 2790//2790 2766//2766 2791//2791
f 2791//2791 2766//2766 1630//1630
f 2791//2791 1630//1630 2792//2792
f 2792//2792 1630//1630 1629//1629
f 2792//2792 1629//1629 2793//2793
f 2794//2794 2795//2795 2796//2796
f 2796//2796 2795//2795 2050//2050
f 2796//2796 2050//2050 2797//2797
f 2797//2797 2050//2050 2046//2046
f 2797//2797 2046//2046 2798//2798
f 2798//2798 2046//2046 2045//2045
f 2798//2798 2045//2045 2799//2799
f 2799//2799 2045//2045 2047//2047
f 2799//2799 2047//2047 2800//2800
f 2800//2800 2047//2047 2038//2038
f 2801//2801 2802//2802 2803//2803
f 2803//2803 2802//2802 2804//2804
f 2803//2803 2804//2804 2805//2805
f 2805//2805 2804//2804 2806//2806
f 2805//2805 2806//2806 2807//2807
f 2801//2801 2803//2803 2808//2808
f 2808//2808 2803//2803 2805//2805
f 2808//2808 2805//2805 2809//2809
f 2809//2809 2805//2805 2807//2807
f 2809//2809 2807//2807 2810//2810
f 2801//2801 2243//2243 2802//2802
f 2802//2802 2243//2243 2245//2245
f 2802//2802 2245//2245 1723//1723
f 1723//1723 2245//2245 2247//2247
f 1723//1723 2247//2247 1721//1721
f 1721//1721 2247//2247 2069//2069
f 1721//1721 2069//2069 1720//1720
f 1720//1720 2069//2069 2071//2071
f 1720//1720 2071//2071 1718//1718
f 1718//1718 2071//2071 2073//2073
f 1718//1718 2073//2073 1717//1717
f 1717//1717 2073//2073 2121//2121
f 1717//1717 2121//2121 1715//1715
f 1715//1715 2121//2121 2122//2122
f 1715//1715 2122//2122 2085//2085
f 2085//2085 2122//2122 2090//2090
f 2085//2085 2090//2090 1714//1714
f 1714//1714 2090//2090 2089//2089
f 1714//1714 2089//2089 1712//1712
f 1712//1712 2089//2089 2087//2087
f 2251//2251 1682//1682 2811//2811
f 2811//2811 1682//1682 1681//1681
f 2811//2811 1681//1681 2812//2812
f 2812//2812 1681//1681 1680//1680
f 2812//2812 1680//1680 2793//2793
f 2793//2793 1680//1680 2244//2244
f 2793//2793 2244//2244 2792//2792
f 2792//2792 2244//2244 2243//2243
f 2792//2792 2243//2243 2791//2791
f 2791//2791 2243//2243 2801//2801
f 2791//2791 2801//2801 2790//2790
f 2790//2790 2801//2801 2808//2808
f 2790//2790 2808//2808 2789//2789
f 2789//2789 2808//2808 2809//2809
f 2789//2789 2809//2809 2763//2763
f 2763//2763 2809//2809 2810//2810
f 2763//2763 2810//2810 2764//2764
f 2785//2785 2011//2011 2786//2786
f 2786//2786 2011//2011 2010//2010
f 2786//2786 2010//2010 2787//2787
f 2787//2787 2010//2010 2014//2014
f 2787//2787 2014//2014 2788//2788
f 2788//2788 2014//2014 2016//2016
f 2788//2788 2016//2016 1999//1999
f 1999//1999 2016//2016 2004//2004
f 1999//1999 2004//2004 1997//1997
f 1997//1997 2004//2004 2003//2003
f 1997//1997 2003//2003 1993//1993
f 1993//1993 2003//2003 2001//2001
f 1993//1993 2001//2001 1843//1843
f 1843//1843 2001//2001 2000//2000
f 1843//1843 2000//2000 1841//1841
f 1841//1841 2000//2000 2008//2008
f 1841//1841 2008//2008 2028//2028
f 2028//2028 2008//2008 2006//2006
f 2028//2028 2006//2006 2032//2032
f 2032//2032 2006//2006 2021//2021
f 2032//2032 2021//2021 2033//2033
f 2033//2033 2021//2021 2043//2043
f 2033//2033 2043//2043 2034//2034
f 2034//2034 2043//2043 2042//2042
f 2034//2034 2042//2042 2035//2035
f 2035//2035 2042//2042 2041//2041
f 2035//2035 2041//2041 2038//2038
f 2038//2038 2041//2041 2040//2040
f 2038//2038 2040//2040 2800//2800
f 2800//2800 2040//2040 2012//2012
f 2800//2800 2012//2012 2799//2799
f 2799//2799 2012//2012 2011//2011
f 2799//2799 2011//2011 2798//2798
f 2798//2798 2011//2011 2785//2785
f 2798//2798 2785//2785 2797//2797
f 2797//2797 2785//2785 2778//2778
f 2797//2797 2778//2778 2796//2796
f 2796//2796 2778//2778 2777//2777
f 2796//2796 2777//2777 2794//2794
f 2724//2724 1635//1635 2725//2725
f 2725//2725 1635//1635 1637//1637
f 2725//2725 1637//1637 1631//1631
f 1631//1631 1637//1637 2728//2728
f 1631//1631 2728//2728 1629//1629
f 1629//1629 2728//2728 2730//2730
f 1629//1629 2730//2730 2793//2793
f 2793//2793 2730//2730 2731//2731
f 2793//2793 2731//2731 2812//2812
f 2812//2812 2731//2731 2732//2732
f 2812//2812 2732//2732 2811//2811
f 2811//2811 2732//2732 2279//2279
f 2811//2811 2279//2279 2251//2251
f 2251//2251 2279//2279 2278//2278
f 2251//2251 2278//2278 2250//2250
f 2250//2250 2278//2278 2277//2277
f 2250//2250 2277//2277 2248//2248
f 2248//2248 2277//2277 2276//2276
f 2248//2248 2276//2276 2070//2070
f 2070//2070 2276//2276 2275//2275
f 2070//2070 2275//2275 2072//2072
f 2072//2072 2275//2275 2274//2274
f 2072//2072 2274//2274 2133//2133
f 2133//2133 2274//2274 2273//2273
f 2133//2133 2273//2273 2134//2134
f 2134//2134 2273//2273 2308//2308
f 2134//2134 2308//2308 2135//2135
f 2135//2135 2308//2308 2307//2307
f 2135//2135 2307//2307 2291//2291
f 2291//2291 2307//2307 2306//2306
f 2291//2291 2306//2306 2288//2288
f 2288//2288 2306//2306 2305//2305
f 2288//2288 2305//2305 2289//2289
f 2289//2289 2305//2305 2266//2266
f 2289//2289 2266//2266 2290//2290
f 2290//2290 2266//2266 2265//2265
f 2290//2290 2265//2265 2262//2262
f 2262//2262 2265//2265 2733//2733
f 2262//2262 2733//2733 2260//2260
f 2260//2260 2733//2733 2257//2257
f 2260//2260 2257//2257 2258//2258
f 2258//2258 2257//2257 2256//2256
f 2258//2258 2256//2256 2460//2460
f 2460//2460 2256//2256 2254//2254
f 2460//2460 2254//2254 2459//2459
f 2459//2459 2254//2254 2253//2253
f 2459//2459 2253//2253 2457//2457
f 2457//2457 2253//2253 2448//2448
f 2457//2457 2448//2448 2455//2455
f 2455//2455 2448//2448 1672//1672
f 2455//2455 1672//1672 2454//2454
f 2454//2454 1672//1672 1671//1671
f 2454//2454 1671//1671 2452//2452
f 2452//2452 1671//1671 2322//2322
f 2452//2452 2322//2322 2450//2450
f 2450//2450 2322//2322 2313//2313
f 2450//2450 2313//2313 2366//2366
f 2366//2366 2313//2313 2315//2315
f 2366//2366 2315//2315 2365//2365
f 2365//2365 2315//2315 2317//2317
f 2365//2365 2317//2317 2363//2363
f 2363//2363 2317//2317 2319//2319
f 2363//2363 2319//2319 2361//2361
f 2361//2361 2319//2319 2320//2320
f 2361//2361 2320//2320 2359//2359
f 2359//2359 2320//2320 2332//2332
f 2359//2359 2332//2332 2357//2357
f 2357//2357 2332//2332 2598//2598
f 2357//2357 2598//2598 2367//2367
f 2367//2367 2598//2598 2597//2597
f 2367//2367 2597//2597 2369//2369
f 2369//2369 2597//2597 2596//2596
f 2369//2369 2596//2596 2600//2600
f 2600//2600 2596//2596 2595//2595
f 2600//2600 2595//2595 2602//2602
f 2602//2602 2595//2595 2594//2594
f 2602//2602 2594//2594 2604//2604
f 2604//2604 2594//2594 2593//2593
f 2604//2604 2593//2593 2606//2606
f 2606//2606 2593//2593 2587//2587
f 2606//2606 2587//2587 2608//2608
f 2608//2608 2587//2587 2589//2589
f 2608//2608 2589//2589 2610//2610
f 2610//2610 2589//2589 2591//2591
f 2610//2610 2591//2591 2612//2612
f 2612//2612 2591//2591 2592//2592
f 2612//2612 2592//2592 2613//2613
f 2613//2613 2592//2592 2651//2651
f 2613//2613 2651//2651 2631//2631
f 2631//2631 2651//2651 2654//2654
f 2631//2631 2654//2654 2632//2632
f 2632//2632 2654//2654 2656//2656
f 2632//2632 2656//2656 2634//2634
f 2634//2634 2656//2656 2658//2658
f 2634//2634 2658//2658 2636//2636
f 2636//2636 2658//2658 2660//2660
f 2636//2636 2660//2660 2637//2637
f 2637//2637 2660//2660 2661//2661
f 2637//2637 2661//2661 2640//2640
f 2640//2640 2661//2661 2662//2662
f 2640//2640 2662//2662 2643//2643
f 2643//2643 2662//2662 2663//2663
f 2643//2643 2663//2663 2644//2644
f 2644//2644 2663//2663 2664//2664
f 2644//2644 2664//2664 2166//2166
f 2166//2166 2664//2664 2665//2665
f 2166//2166 2665//2665 2164//2164
f 2164//2164 2665//2665 2666//2666
f 2164//2164 2666//2666 2162//2162
f 2162//2162 2666//2666 2667//2667
f 2162//2162 2667//2667 1689//1689
f 1689//1689 2667//2667 2668//2668
f 1689//1689 2668//2668 1690//1690
f 1690//1690 2668//2668 1980//1980
f 1690//1690 1980//1980 2203//2203
f 2203//2203 1980//1980 1982//1982
f 2203//2203 1982//1982 2212//2212
f 1481//1481 1479//1479 1640//1640
f 1640//1640 1479//1479 1635//1635
f 1640//1640 1635//1635 2706//2706
f 2706//2706 1635//1635 2724//2724
f 2706//2706 2724//2724 2708//2708
f 2708//2708 2724//2724 2723//2723
f 2708//2708 2723//2723 2710//2710
f 2710//2710 2723//2723 2739//2739
f 2710//2710 2739//2739 2712//2712
f 2712//2712 2739//2739 2741//2741
f 2712//2712 2741//2741 2714//2714
f 2714//2714 2741//2741 2743//2743
f 2714//2714 2743//2743 2716//2716
f 2716//2716 2743//2743 2745//2745
f 2716//2716 2745//2745 2718//2718
f 2718//2718 2745//2745 2747//2747
f 2718//2718 2747//2747 2737//2737
f 2737//2737 2747//2747 2748//2748
f 2737//2737 2748//2748 2771//2771
f 2771//2771 2748//2748 2754//2754
f 2771//2771 2754//2754 2783//2783
f 2783//2783 2754//2754 2759//2759
f 2783//2783 2759//2759 2781//2781
f 2781//2781 2759//2759 2762//2762
f 2781//2781 2762//2762 2779//2779
f 2779//2779 2762//2762 2761//2761
f 2779//2779 2761//2761 2777//2777
f 2777//2777 2761//2761 2764//2764
f 2777//2777 2764//2764 2794//2794
f 2794//2794 2764//2764 2810//2810
f 2794//2794 2810//2810 2795//2795
f 2795//2795 2810//2810 2807//2807
f 2795//2795 2807//2807 2050//2050
f 2050//2050 2807//2807 2806//2806
f 2050//2050 2806//2806 2051//2051
f 2051//2051 2806//2806 2804//2804
f 2051//2051 2804//2804 2053//2053
f 2053//2053 2804//2804 2802//2802
f 2053//2053 2802//2802 2055//2055
f 2055//2055 2802//2802 1723//1723
f 2055//2055 1723//1723 2056//2056
f 2056//2056 1723//1723 1722//1722
f 2056//2056 1722//1722 2173//2173
f 2173//2173 1722//1722 2074//2074
f 2173//2173 2074//2074 2099//2099
f 2099//2099 2074//2074 2078//2078
f 2099//2099 2078//2078 2100//2100
f 2100//2100 2078//2078 2095//2095
f 2100//2100 2095//2095 2097//2097
f 2097//2097 2095//2095 2094//2094
f 2097//2097 2094//2094 2098//2098
f 2098//2098 2094//2094 2093//2093
f 2098//2098 2093//2093 1711//1711
f 1711//1711 2093//2093 2092//2092
f 1711//1711 2092//2092 2108//2108
f 2108//2108 2092//2092 2091//2091
f 2108//2108 2091//2091 2109//2109
f 2109//2109 2091//2091 1713//1713
f 2109//2109 1713//1713 2112//2112
f 2112//2112 1713//1713 1712//1712
f 2112//2112 1712//1712 2114//2114
f 2114//2114 1712//1712 2087//2087
f 2114//2114 2087//2087 2116//2116
f 2116//2116 2087//2087 2086//2086
f 2116//2116 2086//2086 2118//2118
f 2118//2118 2086//2086 2125//2125
f 2118//2118 2125//2125 2120//2120
f 2120//2120 2125//2125 2140//2140
f 2120//2120 2140//2140 1702//1702
f 1702//1702 2140//2140 2211//2211
f 1702//1702 2211//2211 1700//1700
f 1700//1700 2211//2211 2209//2209
f 1700//1700 2209//2209 1693//1693
f 1693//1693 2209//2209 2207//2207
f 1693//1693 2207//2207 1691//1691
f 1691//1691 2207//2207 2205//2205
f 1691//1691 2205//2205 1729//1729
f 1729//1729 2205//2205 1970//1970
f 1729//1729 1970//1970 1727//1727
f 1727//1727 1970//1970 1971//1971
f 2813//2813 268//268 2814//2814
f 2814//2814 268//268 265//265
f 2814//2814 265//265 2815//2815
f 2813//2813 2816//2816 268//268
f 268//268 2816//2816 2817//2817
f 268//268 2817//2817 267//267
f 267//267 2817//2817 2818//2818
f 2818//2818 2819//2819 267//267
f 267//267 2819//2819 2820//2820
f 267//267 2820//2820 263//263
f 263//263 2820//2820 2821//2821
f 2822//2822 248//248 2823//2823
f 2823//2823 248//248 263//263
f 2823//2823 263//263 2824//2824
f 2824//2824 263//263 2821//2821
f 2825//2825 247//247 2826//2826
f 2826//2826 247//247 248//248
f 2826//2826 248//248 2827//2827
f 2827//2827 248//248 2822//2822
f 2828//2828 258//258 2829//2829
f 2829//2829 258//258 247//247
f 2829//2829 247//247 2830//2830
f 2830//2830 247//247 2825//2825
f 2831//2831 257//257 2832//2832
f 2832//2832 257//257 258//258
f 2832//2832 258//258 2833//2833
f 2833//2833 258//258 2828//2828
f 2834//2834 245//245 2835//2835
f 2835//2835 245//245 257//257
f 2835//2835 257//257 2836//2836
f 2836//2836 257//257 2831//2831
f 2834//2834 2837//2837 245//245
f 245//245 2837//2837 2838//2838
f 245//245 2838//2838 233//233
f 233//233 2838//2838 2839//2839
f 233//233 2839//2839 2840//2840
f 2840//2840 2841//2841 233//233
f 233//233 2841//2841 2842//2842
f 233//233 2842//2842 234//234
f 234//234 2842//2842 2843//2843
f 2843//2843 2844//2844 234//234
f 234//234 2844//2844 2845//2845
f 234//234 2845//2845 261//261
f 261//261 2845//2845 2846//2846
f 2846//2846 2847//2847 261//261
f 261//261 2847//2847 2848//2848
f 261//261 2848//2848 262//262
f 262//262 2848//2848 2849//2849
f 2849//2849 2850//2850 262//262
f 262//262 2850//2850 2851//2851
f 262//262 2851//2851 264//264
f 264//264 2851//2851 2852//2852
f 2852//2852 2853//2853 264//264
f 264//264 2853//2853 2854//2854
f 264//264 2854//2854 256//256
f 256//256 2854//2854 2855//2855
f 2856//2856 255//255 2857//2857
f 2857//2857 255//255 256//256
f 2857//2857 256//256 2858//2858
f 2858//2858 256//256 2855//2855
f 2859//2859 254//254 2860//2860
f 2860//2860 254//254 255//255
f 2860//2860 255//255 2861//2861
f 2861//2861 255//255 2856//2856
f 2862//2862 244//244 2863//2863
f 2863//2863 244//244 254//254
f 2863//2863 254//254 2864//2864
f 2864//2864 254//254 2859//2859
f 2865//2865 232//232 2866//2866
f 2866//2866 232//232 244//244
f 2866//2866 244//244 2867//2867
f 2867//2867 244//244 2862//2862
f 2865//2865 2868//2868 232//232
f 232//232 2868//2868 2869//2869
f 232//232 2869//2869 231//231
f 231//231 2869//2869 2870//2870
f 231//231 2870//2870 2871//2871
f 2871//2871 2872//2872 231//231
f 231//231 2872//2872 2873//2873
f 231//231 2873//2873 227//227
f 227//227 2873//2873 2874//2874
f 2874//2874 2875//2875 227//227
f 227//227 2875//2875 2876//2876
f 227//227 2876//2876 226//226
f 226//226 2876//2876 2877//2877
f 2877//2877 2878//2878 226//226
f 226//226 2878//2878 2879//2879
f 226//226 2879//2879 225//225
f 2880//2880 252//252 2881//2881
f 2881//2881 252//252 253//253
f 2881//2881 253//253 2882//2882
f 2882//2882 253//253 225//225
f 2882//2882 225//225 2883//2883
f 2883//2883 225//225 2879//2879
f 2880//2880 2884//2884 252//252
f 252//252 2884//2884 2885//2885
f 252//252 2885//2885 251//251
f 251//251 2885//2885 2886//2886
f 2887//2887 243//243 2888//2888
f 2888//2888 243//243 251//251
f 2888//2888 251//251 2889//2889
f 2889//2889 251//251 2886//2886
f 2890//2890 242//242 2891//2891
f 2891//2891 242//242 243//243
f 2891//2891 243//243 2892//2892
f 2892//2892 243//243 2887//2887
f 2893//2893 241//241 2894//2894
f 2894//2894 241//241 242//242
f 2894//2894 242//242 2895//2895
f 2895//2895 242//242 2890//2890
f 2893//2893 2896//2896 241//241
f 241//241 2896//2896 2897//2897
f 241//241 2897//2897 240//240
f 240//240 2897//2897 2898//2898
f 240//240 2898//2898 2899//2899
f 2899//2899 2900//2900 240//240
f 240//240 2900//2900 2901//2901
f 240//240 2901//2901 230//230
f 230//230 2901//2901 2902//2902
f 2902//2902 2903//2903 230//230
f 230//230 2903//2903 2904//2904
f 230//230 2904//2904 229//229
f 229//229 2904//2904 2905//2905
f 2905//2905 2906//2906 229//229
f 229//229 2906//2906 2907//2907
f 229//229 2907//2907 228//228
f 228//228 2907//2907 2908//2908
f 2908//2908 2909//2909 228//228
f 228//228 2909//2909 2910//2910
f 228//228 2910//2910 235//235
f 235//235 2910//2910 2911//2911
f 2911//2911 2912//2912 235//235
f 235//235 2912//2912 2913//2913
f 235//235 2913//2913 236//236
f 236//236 2913//2913 2914//2914
f 2914//2914 2915//2915 236//236
f 236//236 2915//2915 2916//2916
f 236//236 2916//2916 260//260
f 260//260 2916//2916 2917//2917
f 2917//2917 2918//2918 260//260
f 260//260 2918//2918 2919//2919
f 260//260 2919//2919 270//270
f 270//270 2919//2919 2920//2920
f 2921//2921 269//269 2922//2922
f 2922//2922 269//269 270//270
f 2922//2922 270//270 2923//2923
f 2923//2923 270//270 2920//2920
f 2924//2924 266//266 2925//2925
f 2925//2925 266//266 269//269
f 2925//2925 269//269 2926//2926
f 2926//2926 269//269 2921//2921
f 2924//2924 2927//2927 266//266
f 266//266 2927//2927 2928//2928
f 266//266 2928//2928 259//259
f 259//259 2928//2928 2929//2929
f 259//259 2929//2929 2930//2930
f 2930//2930 2931//2931 259//259
f 259//259 2931//2931 2932//2932
f 259//259 2932//2932 239//239
f 239//239 2932//2932 2933//2933
f 2933//2933 2934//2934 239//239
f 239//239 2934//2934 2935//2935
f 239//239 2935//2935 238//238
f 238//238 2935//2935 2936//2936
f 2936//2936 2937//2937 238//238
f 238//238 2937//2937 2938//2938
f 238//238 2938//2938 237//237
f 237//237 2938//2938 2939//2939
f 2939//2939 2940//2940 237//237
f 237//237 2940//2940 2941//2941
f 237//237 2941//2941 250//250
f 250//250 2941//2941 2942//2942
f 2942//2942 2943//2943 250//250
f 250//250 2943//2943 2944//2944
f 250//250 2944//2944 249//249
f 249//249 2944//2944 2945//2945
f 2945//2945 2946//2946 249//249
f 249//249 2946//2946 2947//2947
f 249//249 2947//2947 246//246
f 246//246 2947//2947 2948//2948
f 2948//2948 2949//2949 246//246
f 246//246 2949//2949 2950//2950
f 246//246 2950//2950 265//265
f 265//265 2950//2950 2951//2951
f 265//265 2951//2951 2815//2815
f 2952//2952 2953//2953 2954//2954
f 2954//2954 2953//2953 2955//2955
f 2954//2954 2955//2955 2956//2956
f 2957//2957 2958//2958 2955//2955
f 2955//2955 2958//2958 2959//2959
f 2955//2955 2959//2959 2956//2956
f 2960//2960 2961//2961 2962//2962
f 2962//2962 2961//2961 2963//2963
f 2962//2962 2963//2963 2964//2964
f 2965//2965 2966//2966 2960//2960
f 2960//2960 2966//2966 2967//2967
f 2960//2960 2967//2967 2961//2961
f 2968//2968 2969//2969 2970//2970
f 2970//2970 2969//2969 2971//2971
f 2970//2970 2971//2971 2965//2965
f 2965//2965 2971//2971 2972//2972
f 2965//2965 2972//2972 2966//2966
f 2973//2973 2974//2974 2975//2975
f 2975//2975 2974//2974 2976//2976
f 2975//2975 2976//2976 2970//2970
f 2970//2970 2976//2976 2977//2977
f 2970//2970 2977//2977 2968//2968
f 2973//2973 2975//2975 2978//2978
f 2978//2978 2975//2975 2979//2979
f 2978//2978 2979//2979 2980//2980
f 2979//2979 753//753 2980//2980
f 2980//2980 753//753 525//525
f 2980//2980 525//525 2981//2981
f 2981//2981 525//525 524//524
f 757//757 756//756 2979//2979
f 2979//2979 756//756 754//754
f 2979//2979 754//754 753//753
f 751//751 749//749 2982//2982
f 749//749 748//748 2982//2982
f 2982//2982 748//748 471//471
f 2982//2982 471//471 470//470
f 473//473 752//752 2983//2983
f 2983//2983 752//752 2984//2984
f 2983//2983 2984//2984 2985//2985
f 2985//2985 2984//2984 2986//2986
f 2987//2987 2988//2988 2989//2989
f 2989//2989 2988//2988 2990//2990
f 2989//2989 2990//2990 2984//2984
f 2984//2984 2990//2990 2991//2991
f 2984//2984 2991//2991 2986//2986
f 2992//2992 2993//2993 2994//2994
f 2992//2992 2994//2994 2989//2989
f 2989//2989 2994//2994 2995//2995
f 2989//2989 2995//2995 2987//2987
f 2996//2996 2997//2997 2992//2992
f 2992//2992 2997//2997 2998//2998
f 2992//2992 2998//2998 2993//2993
f 2999//2999 3000//3000 3001//3001
f 2999//2999 3001//3001 3002//3002
f 3003//3003 3004//3004 2996//2996
f 2996//2996 3004//3004 3005//3005
f 2996//2996 3005//3005 2997//2997
f 3006//3006 3007//3007 2957//2957
f 2957//2957 3007//3007 3008//3008
f 2957//2957 3008//3008 2999//2999
f 2999//2999 3008//3008 3009//3009
f 2999//2999 3009//3009 3000//3000
f 3010//3010 3011//3011 2955//2955
f 2955//2955 3011//3011 3012//3012
f 2955//2955 3012//3012 2957//2957
f 2957//2957 3012//3012 3013//3013
f 2957//2957 3013//3013 3006//3006
f 2953//2953 3014//3014 2955//2955
f 2955//2955 3014//3014 3015//3015
f 2955//2955 3015//3015 3016//3016
f 3016//3016 3017//3017 2955//2955
f 2955//2955 3017//3017 3018//3018
f 2955//2955 3018//3018 3010//3010
f 3001//3001 3003//3003 3002//3002
f 3002//3002 3003//3003 2996//2996
f 3002//3002 2996//2996 3019//3019
f 3019//3019 2996//2996 2992//2992
f 3019//3019 2992//2992 3020//3020
f 3020//3020 2992//2992 2989//2989
f 3020//3020 2989//2989 2982//2982
f 2982//2982 2989//2989 2984//2984
f 2982//2982 2984//2984 751//751
f 751//751 2984//2984 752//752
f 2964//2964 2958//2958 2962//2962
f 2962//2962 2958//2958 2957//2957
f 2962//2962 2957//2957 2960//2960
f 2960//2960 2957//2957 2999//2999
f 2960//2960 2999//2999 2965//2965
f 2965//2965 2999//2999 3002//3002
f 2965//2965 3002//3002 2970//2970
f 2970//2970 3002//3002 3019//3019
f 2970//2970 3019//3019 2975//2975
f 2975//2975 3019//3019 3020//3020
f 2975//2975 3020//3020 2979//2979
f 2979//2979 3020//3020 2982//2982
f 2979//2979 2982//2982 757//757
f 757//757 2982//2982 470//470
f 3021//3021 3022//3022 3023//3023
f 3024//3024 3025//3025 3026//3026
f 692//692 3027//3027 3028//3028
f 690//690 685//685 3029//3029
f 689//689 698//698 3030//3030
f 717//717 712//712 3031//3031
f 716//716 726//726 3032//3032
f 724//724 723//723 3033//3033
f 2993//2993 2998//2998 3034//3034
f 3000//3000 3009//3009 3035//3035
f 3036//3036 3037//3037 3038//3038
f 3039//3039 3040//3040 3041//3041
f 3042//3042 3043//3043 3044//3044
f 3045//3045 3046//3046 3047//3047
f 3048//3048 3049//3049 3050//3050
f 3051//3051 3052//3052 3053//3053
f 3054//3054 3055//3055 3056//3056
f 3057//3057 3058//3058 3059//3059
f 628//628 630//630 3060//3060
f 3060//3060 3061//3061 3062//3062
f 628//628 3060//3060 625//625
f 625//625 3060//3060 3062//3062
f 625//625 3062//3062 626//626
f 3063//3063 3064//3064 3065//3065
f 3065//3065 3064//3064 3066//3066
f 3065//3065 3066//3066 3067//3067
f 3068//3068 3069//3069 3070//3070
f 3071//3071 3072//3072 3073//3073
f 3074//3074 3075//3075 3076//3076
f 3077//3077 3078//3078 3079//3079
f 3079//3079 3078//3078 3080//3080
f 3079//3079 3080//3080 3081//3081
f 3082//3082 3083//3083 3084//3084
f 3084//3084 3083//3083 3085//3085
f 3084//3084 3085//3085 3080//3080
f 3080//3080 3085//3085 3086//3086
f 3080//3080 3086//3086 3081//3081
f 3082//3082 3084//3084 3087//3087
f 3087//3087 3084//3084 3088//3088
f 3087//3087 3088//3088 3089//3089
f 3090//3090 3091//3091 3092//3092
f 3092//3092 3091//3091 3093//3093
f 3092//3092 3093//3093 3088//3088
f 3088//3088 3093//3093 3094//3094
f 3088//3088 3094//3094 3089//3089
f 3095//3095 3096//3096 3097//3097
f 3097//3097 3096//3096 3098//3098
f 3097//3097 3098//3098 3099//3099
f 3095//3095 3100//3100 3096//3096
f 3096//3096 3100//3100 3101//3101
f 3096//3096 3101//3101 3092//3092
f 3092//3092 3101//3101 3102//3102
f 3092//3092 3102//3102 3090//3090
f 3103//3103 3104//3104 3105//3105
f 3105//3105 3104//3104 3106//3106
f 3105//3105 3106//3106 3098//3098
f 3098//3098 3106//3106 3107//3107
f 3098//3098 3107//3107 3099//3099
f 3103//3103 3105//3105 3108//3108
f 3108//3108 3105//3105 3109//3109
f 3108//3108 3109//3109 3110//3110
f 3111//3111 3112//3112 3113//3113
f 3113//3113 3112//3112 3114//3114
f 3113//3113 3114//3114 3109//3109
f 3109//3109 3114//3114 3115//3115
f 3109//3109 3115//3115 3110//3110
f 3111//3111 3113//3113 3116//3116
f 3116//3116 3113//3113 3117//3117
f 3116//3116 3117//3117 3118//3118
f 3119//3119 3120//3120 3121//3121
f 3121//3121 3122//3122 3117//3117
f 3117//3117 3122//3122 3123//3123
f 3117//3117 3123//3123 3118//3118
f 3124//3124 3125//3125 3126//3126
f 3126//3126 3125//3125 3127//3127
f 3126//3126 3127//3127 3120//3120
f 3120//3120 3127//3127 3128//3128
f 3120//3120 3128//3128 3121//3121
f 3129//3129 3130//3130 3131//3131
f 3131//3131 3130//3130 3132//3132
f 3131//3131 3132//3132 3126//3126
f 3126//3126 3132//3132 3133//3133
f 3126//3126 3133//3133 3124//3124
f 3129//3129 3131//3131 3134//3134
f 3134//3134 3131//3131 3135//3135
f 3134//3134 3135//3135 3136//3136
f 3137//3137 3138//3138 3139//3139
f 3139//3139 3138//3138 3140//3140
f 3139//3139 3140//3140 3135//3135
f 3135//3135 3140//3140 3141//3141
f 3135//3135 3141//3141 3136//3136
f 3142//3142 3143//3143 3144//3144
f 3144//3144 3143//3143 3145//3145
f 3144//3144 3145//3145 3139//3139
f 3139//3139 3145//3145 3146//3146
f 3139//3139 3146//3146 3137//3137
f 3142//3142 3144//3144 3147//3147
f 3147//3147 3144//3144 3148//3148
f 3147//3147 3148//3148 3149//3149
f 3150//3150 3151//3151 3148//3148
f 3148//3148 3151//3151 3152//3152
f 3148//3148 3152//3152 3149//3149
f 3153//3153 3154//3154 3150//3150
f 3150//3150 3154//3154 3155//3155
f 3150//3150 3155//3155 3151//3151
f 3156//3156 3157//3157 3158//3158
f 3158//3158 3157//3157 3159//3159
f 3158//3158 3159//3159 3160//3160
f 3156//3156 3161//3161 3162//3162
f 3162//3162 3161//3161 3163//3163
f 3057//3057 3059//3059 3164//3164
f 3165//3165 3166//3166 3167//3167
f 3167//3167 3166//3166 3168//3168
f 3167//3167 3168//3168 3164//3164
f 3169//3169 3170//3170 3171//3171
f 3171//3171 3170//3170 3172//3172
f 3171//3171 3172//3172 3056//3056
f 3056//3056 3172//3172 3173//3173
f 3056//3056 3173//3173 3054//3054
f 3174//3174 3175//3175 3176//3176
f 3176//3176 3175//3175 3177//3177
f 3176//3176 3177//3177 3178//3178
f 3178//3178 3179//3179 3176//3176
f 3176//3176 3179//3179 3180//3180
f 3176//3176 3180//3180 3171//3171
f 3171//3171 3180//3180 3181//3181
f 3171//3171 3181//3181 3169//3169
f 3053//3053 3052//3052 3174//3174
f 3174//3174 3052//3052 3182//3182
f 3174//3174 3182//3182 3183//3183
f 3183//3183 3184//3184 3174//3174
f 3174//3174 3184//3184 3185//3185
f 3174//3174 3185//3185 3175//3175
f 3050//3050 3049//3049 3186//3186
f 3186//3186 3049//3049 3187//3187
f 3186//3186 3187//3187 3188//3188
f 3188//3188 3189//3189 3186//3186
f 3186//3186 3189//3189 3190//3190
f 3186//3186 3190//3190 3053//3053
f 3053//3053 3190//3190 3191//3191
f 3053//3053 3191//3191 3051//3051
f 3047//3047 3046//3046 3050//3050
f 3050//3050 3046//3046 3192//3192
f 3050//3050 3192//3192 3048//3048
f 3193//3193 3194//3194 3195//3195
f 3196//3196 3197//3197 3198//3198
f 3198//3198 3197//3197 3199//3199
f 3198//3198 3199//3199 3047//3047
f 3047//3047 3199//3199 3200//3200
f 3047//3047 3200//3200 3045//3045
f 3193//3193 3195//3195 3198//3198
f 3198//3198 3195//3195 3201//3201
f 3198//3198 3201//3201 3196//3196
f 3194//3194 3193//3193 3202//3202
f 3202//3202 3193//3193 3203//3203
f 3202//3202 3203//3203 3204//3204
f 3043//3043 3205//3205 3044//3044
f 3044//3044 3205//3205 3206//3206
f 3044//3044 3206//3206 3203//3203
f 3203//3203 3206//3206 3207//3207
f 3203//3203 3207//3207 3204//3204
f 3041//3041 3040//3040 3044//3044
f 3044//3044 3040//3040 3208//3208
f 3044//3044 3208//3208 3042//3042
f 3039//3039 3041//3041 3209//3209
f 3209//3209 3041//3041 3210//3210
f 3209//3209 3210//3210 3211//3211
f 3037//3037 3212//3212 3038//3038
f 3038//3038 3212//3212 3213//3213
f 3038//3038 3213//3213 3210//3210
f 3210//3210 3213//3213 3214//3214
f 3210//3210 3214//3214 3211//3211
f 3011//3011 3010//3010 3038//3038
f 3038//3038 3010//3010 3018//3018
f 3036//3036 3038//3038 3215//3215
f 3215//3215 3038//3038 3018//3018
f 3215//3215 3018//3018 3017//3017
f 3008//3008 3007//3007 3216//3216
f 3007//3007 3006//3006 3216//3216
f 3216//3216 3006//3006 3013//3013
f 3216//3216 3013//3013 3012//3012
f 2997//2997 3005//3005 3217//3217
f 3005//3005 3004//3004 3217//3217
f 3217//3217 3004//3004 3003//3003
f 3217//3217 3003//3003 3001//3001
f 2988//2988 2987//2987 3218//3218
f 3218//3218 2987//2987 2995//2995
f 3218//3218 2995//2995 2994//2994
f 2986//2986 2991//2991 3219//3219
f 3219//3219 2991//2991 2990//2990
f 3219//3219 746//746 2986//2986
f 2986//2986 746//746 747//747
f 2986//2986 747//747 2985//2985
f 2985//2985 747//747 474//474
f 2985//2985 474//474 2983//2983
f 2983//2983 474//474 473//473
f 742//742 741//741 3219//3219
f 3219//3219 741//741 744//744
f 3219//3219 744//744 746//746
f 740//740 739//739 3220//3220
f 3220//3220 739//739 743//743
f 3221//3221 737//737 3222//3222
f 3222//3222 737//737 735//735
f 3222//3222 735//735 734//734
f 731//731 730//730 3223//3223
f 3223//3223 730//730 728//728
f 3223//3223 728//728 3221//3221
f 3221//3221 728//728 727//727
f 3221//3221 727//727 737//737
f 3033//3033 723//723 3224//3224
f 723//723 721//721 3224//3224
f 3224//3224 721//721 733//733
f 3224//3224 733//733 3223//3223
f 3223//3223 733//733 732//732
f 3223//3223 732//732 731//731
f 3032//3032 726//726 3033//3033
f 3033//3033 726//726 725//725
f 3033//3033 725//725 724//724
f 3031//3031 712//712 3032//3032
f 3032//3032 712//712 714//714
f 3032//3032 714//714 716//716
f 477//477 476//476 3225//3225
f 3225//3225 476//476 719//719
f 3225//3225 719//719 3031//3031
f 3031//3031 719//719 718//718
f 3031//3031 718//718 717//717
f 706//706 3226//3226 707//707
f 707//707 3226//3226 3227//3227
f 707//707 3227//3227 708//708
f 706//706 480//480 3226//3226
f 3226//3226 480//480 479//479
f 3226//3226 479//479 3225//3225
f 3225//3225 479//479 711//711
f 3225//3225 711//711 477//477
f 483//483 482//482 3228//3228
f 3228//3228 482//482 710//710
f 3228//3228 710//710 3227//3227
f 3227//3227 710//710 709//709
f 3227//3227 709//709 708//708
f 703//703 702//702 3229//3229
f 3229//3229 702//702 701//701
f 3229//3229 701//701 3228//3228
f 3228//3228 701//701 700//700
f 3228//3228 700//700 483//483
f 3030//3030 698//698 3230//3230
f 3230//3230 698//698 697//697
f 3230//3230 697//697 696//696
f 696//696 695//695 3230//3230
f 3230//3230 695//695 694//694
f 3230//3230 694//694 3229//3229
f 3229//3229 694//694 704//704
f 3229//3229 704//704 703//703
f 3029//3029 685//685 3030//3030
f 3030//3030 685//685 687//687
f 3030//3030 687//687 689//689
f 3027//3027 692//692 3029//3029
f 3029//3029 692//692 691//691
f 3029//3029 691//691 690//690
f 683//683 681//681 3028//3028
f 3028//3028 681//681 680//680
f 3028//3028 680//680 692//692
f 3231//3231 488//488 3232//3232
f 3232//3232 488//488 679//679
f 679//679 486//486 3232//3232
f 3232//3232 486//486 485//485
f 3232//3232 485//485 3028//3028
f 3028//3028 485//485 684//684
f 3028//3028 684//684 683//683
f 674//674 673//673 3233//3233
f 3233//3233 673//673 678//678
f 3233//3233 678//678 3231//3231
f 3231//3231 678//678 489//489
f 3231//3231 489//489 488//488
f 670//670 3234//3234 665//665
f 665//665 3234//3234 3235//3235
f 665//665 3235//3235 666//666
f 670//670 672//672 3234//3234
f 3234//3234 672//672 677//677
f 3234//3234 677//677 3233//3233
f 3233//3233 677//677 676//676
f 3233//3233 676//676 674//674
f 662//662 664//664 3236//3236
f 3236//3236 664//664 669//669
f 3236//3236 669//669 3235//3235
f 3235//3235 669//669 668//668
f 3235//3235 668//668 666//666
f 662//662 3236//3236 655//655
f 655//655 3236//3236 3237//3237
f 655//655 3237//3237 656//656
f 656//656 3237//3237 3238//3238
f 656//656 3238//3238 658//658
f 3239//3239 661//661 660//660
f 647//647 649//649 3240//3240
f 3240//3240 649//649 654//654
f 653//653 651//651 3239//3239
f 3239//3239 651//651 650//650
f 3239//3239 650//650 661//661
f 636//636 646//646 3241//3241
f 3241//3241 646//646 645//645
f 3241//3241 645//645 644//644
f 641//641 640//640 3242//3242
f 3242//3242 640//640 639//639
f 3242//3242 639//639 637//637
f 641//641 3242//3242 642//642
f 642//642 3242//3242 3243//3243
f 642//642 3243//3243 631//631
f 630//630 635//635 3060//3060
f 3060//3060 635//635 634//634
f 3060//3060 634//634 3243//3243
f 3243//3243 634//634 632//632
f 3243//3243 632//632 631//631
f 3244//3244 3245//3245 3246//3246
f 3246//3246 3245//3245 3247//3247
f 3246//3246 3247//3247 3248//3248
f 3248//3248 3247//3247 3249//3249
f 3248//3248 3249//3249 3250//3250
f 3250//3250 3249//3249 3251//3251
f 3250//3250 3251//3251 3252//3252
f 3252//3252 3251//3251 3253//3253
f 3252//3252 3253//3253 3254//3254
f 3254//3254 3253//3253 3255//3255
f 3254//3254 3255//3255 3256//3256
f 3256//3256 3255//3255 3257//3257
f 3256//3256 3257//3257 3258//3258
f 3258//3258 3257//3257 3259//3259
f 3258//3258 3259//3259 3260//3260
f 3260//3260 3259//3259 3261//3261
f 3260//3260 3261//3261 3262//3262
f 3262//3262 3261//3261 3263//3263
f 3262//3262 3263//3263 3264//3264
f 3264//3264 3263//3263 3265//3265
f 3264//3264 3265//3265 3266//3266
f 3266//3266 3265//3265 3267//3267
f 3266//3266 3267//3267 3268//3268
f 3268//3268 3267//3267 3269//3269
f 3268//3268 3269//3269 3270//3270
f 3270//3270 3269//3269 3271//3271
f 3270//3270 3271//3271 3035//3035
f 3035//3035 3271//3271 3217//3217
f 3035//3035 3217//3217 3000//3000
f 3000//3000 3217//3217 3001//3001
f 3012//3012 3011//3011 3216//3216
f 3216//3216 3011//3011 3038//3038
f 3216//3216 3038//3038 3272//3272
f 3272//3272 3038//3038 3210//3210
f 3272//3272 3210//3210 3273//3273
f 3273//3273 3210//3210 3041//3041
f 3273//3273 3041//3041 3274//3274
f 3274//3274 3041//3041 3044//3044
f 3274//3274 3044//3044 3275//3275
f 3275//3275 3044//3044 3203//3203
f 3275//3275 3203//3203 3276//3276
f 3276//3276 3203//3203 3193//3193
f 3276//3276 3193//3193 3277//3277
f 3277//3277 3193//3193 3198//3198
f 3277//3277 3198//3198 3278//3278
f 3278//3278 3198//3198 3047//3047
f 3278//3278 3047//3047 3279//3279
f 3279//3279 3047//3047 3050//3050
f 3279//3279 3050//3050 3280//3280
f 3280//3280 3050//3050 3186//3186
f 3280//3280 3186//3186 3281//3281
f 3281//3281 3186//3186 3053//3053
f 3281//3281 3053//3053 3282//3282
f 3282//3282 3053//3053 3174//3174
f 3282//3282 3174//3174 3283//3283
f 3283//3283 3174//3174 3176//3176
f 3283//3283 3176//3176 3284//3284
f 3284//3284 3176//3176 3171//3171
f 3284//3284 3171//3171 3285//3285
f 3285//3285 3171//3171 3056//3056
f 3164//3164 3059//3059 3167//3167
f 3167//3167 3059//3059 3286//3286
f 3167//3167 3286//3286 3287//3287
f 3287//3287 3286//3286 3288//3288
f 3287//3287 3288//3288 3244//3244
f 3244//3244 3288//3288 3289//3289
f 3244//3244 3289//3289 3245//3245
f 3009//3009 3008//3008 3035//3035
f 3035//3035 3008//3008 3216//3216
f 3035//3035 3216//3216 3270//3270
f 3270//3270 3216//3216 3272//3272
f 3270//3270 3272//3272 3268//3268
f 3268//3268 3272//3272 3273//3273
f 3268//3268 3273//3273 3266//3266
f 3266//3266 3273//3273 3274//3274
f 3266//3266 3274//3274 3264//3264
f 3264//3264 3274//3274 3275//3275
f 3264//3264 3275//3275 3262//3262
f 3262//3262 3275//3275 3276//3276
f 3262//3262 3276//3276 3260//3260
f 3260//3260 3276//3276 3277//3277
f 3260//3260 3277//3277 3258//3258
f 3258//3258 3277//3277 3278//3278
f 3258//3258 3278//3278 3256//3256
f 3256//3256 3278//3278 3279//3279
f 3256//3256 3279//3279 3254//3254
f 3254//3254 3279//3279 3280//3280
f 3254//3254 3280//3280 3252//3252
f 3252//3252 3280//3280 3281//3281
f 3252//3252 3281//3281 3250//3250
f 3250//3250 3281//3281 3282//3282
f 3250//3250 3282//3282 3248//3248
f 3248//3248 3282//3282 3283//3283
f 3248//3248 3283//3283 3246//3246
f 3246//3246 3283//3283 3284//3284
f 3246//3246 3284//3284 3244//3244
f 3244//3244 3284//3284 3285//3285
f 3244//3244 3285//3285 3287//3287
f 3287//3287 3285//3285 3056//3056
f 3287//3287 3056//3056 3167//3167
f 3167//3167 3056//3056 3055//3055
f 3167//3167 3055//3055 3165//3165
f 3022//3022 3021//3021 3290//3290
f 3290//3290 3021//3021 3291//3291
f 3290//3290 3291//3291 3292//3292
f 3293//3293 3150//3150 3294//3294
f 3294//3294 3150//3150 3148//3148
f 3294//3294 3148//3148 3295//3295
f 3295//3295 3148//3148 3144//3144
f 3295//3295 3144//3144 3296//3296
f 3296//3296 3144//3144 3139//3139
f 3296//3296 3139//3139 3297//3297
f 3297//3297 3139//3139 3135//3135
f 3297//3297 3135//3135 3298//3298
f 3298//3298 3135//3135 3131//3131
f 3298//3298 3131//3131 3299//3299
f 3299//3299 3131//3131 3126//3126
f 3299//3299 3126//3126 3300//3300
f 3300//3300 3126//3126 3120//3120
f 3300//3300 3120//3120 3301//3301
f 3301//3301 3120//3120 3119//3119
f 3301//3301 3119//3119 3302//3302
f 3302//3302 3119//3119 3303//3303
f 3302//3302 3303//3303 3304//3304
f 3304//3304 3303//3303 3305//3305
f 3304//3304 3305//3305 3023//3023
f 3023//3023 3305//3305 3306//3306
f 3023//3023 3306//3306 3021//3021
f 3021//3021 3306//3306 3307//3307
f 3021//3021 3307//3307 3291//3291
f 3025//3025 3024//3024 3308//3308
f 3308//3308 3024//3024 3309//3309
f 3308//3308 3309//3309 3310//3310
f 3310//3310 3309//3309 3311//3311
f 3310//3310 3311//3311 3312//3312
f 3312//3312 3311//3311 3313//3313
f 3312//3312 3313//3313 3314//3314
f 3315//3315 3316//3316 3317//3317
f 3317//3317 3316//3316 3318//3318
f 3317//3317 3318//3318 3319//3319
f 3319//3319 3318//3318 3320//3320
f 3319//3319 3320//3320 3321//3321
f 3321//3321 3320//3320 3322//3322
f 3321//3321 3322//3322 3323//3323
f 3323//3323 3322//3322 3324//3324
f 3323//3323 3324//3324 3325//3325
f 3325//3325 3324//3324 3326//3326
f 3325//3325 3326//3326 3327//3327
f 3327//3327 3326//3326 3328//3328
f 3327//3327 3328//3328 3329//3329
f 3330//3330 3331//3331 3332//3332
f 3332//3332 3331//3331 3333//3333
f 3332//3332 3333//3333 3334//3334
f 3334//3334 3333//3333 3335//3335
f 3334//3334 3335//3335 3336//3336
f 3336//3336 3335//3335 3337//3337
f 3336//3336 3337//3337 3338//3338
f 3338//3338 3337//3337 3339//3339
f 3338//3338 3339//3339 3340//3340
f 3340//3340 3339//3339 3341//3341
f 3340//3340 3341//3341 3342//3342
f 3342//3342 3341//3341 3343//3343
f 3342//3342 3343//3343 3344//3344
f 3344//3344 3343//3343 3345//3345
f 3344//3344 3345//3345 3346//3346
f 3346//3346 3345//3345 3347//3347
f 3346//3346 3347//3347 3348//3348
f 3348//3348 3347//3347 3349//3349
f 3348//3348 3349//3349 3350//3350
f 3350//3350 3349//3349 3351//3351
f 3350//3350 3351//3351 3329//3329
f 3329//3329 3351//3351 3026//3026
f 3329//3329 3026//3026 3327//3327
f 3327//3327 3026//3026 3025//3025
f 3327//3327 3025//3025 3325//3325
f 3325//3325 3025//3025 3308//3308
f 3325//3325 3308//3308 3323//3323
f 3323//3323 3308//3308 3310//3310
f 3323//3323 3310//3310 3321//3321
f 3321//3321 3310//3310 3312//3312
f 3321//3321 3312//3312 3319//3319
f 3319//3319 3312//3312 3314//3314
f 3319//3319 3314//3314 3317//3317
f 3331//3331 3293//3293 3333//3333
f 3333//3333 3293//3293 3294//3294
f 3333//3333 3294//3294 3335//3335
f 3335//3335 3294//3294 3295//3295
f 3335//3335 3295//3295 3337//3337
f 3337//3337 3295//3295 3296//3296
f 3337//3337 3296//3296 3339//3339
f 3339//3339 3296//3296 3297//3297
f 3339//3339 3297//3297 3341//3341
f 3341//3341 3297//3297 3298//3298
f 3341//3341 3298//3298 3343//3343
f 3343//3343 3298//3298 3299//3299
f 3343//3343 3299//3299 3345//3345
f 3345//3345 3299//3299 3300//3300
f 3345//3345 3300//3300 3347//3347
f 3347//3347 3300//3300 3301//3301
f 3347//3347 3301//3301 3349//3349
f 3349//3349 3301//3301 3302//3302
f 3349//3349 3302//3302 3351//3351
f 3351//3351 3302//3302 3304//3304
f 3351//3351 3304//3304 3026//3026
f 3026//3026 3304//3304 3023//3023
f 3026//3026 3023//3023 3024//3024
f 3024//3024 3023//3023 3022//3022
f 3024//3024 3022//3022 3309//3309
f 3309//3309 3022//3022 3290//3290
f 3309//3309 3290//3290 3311//3311
f 3311//3311 3290//3290 3292//3292
f 3311//3311 3292//3292 3313//3313
f 3121//3121 3117//3117 3119//3119
f 3119//3119 3117//3117 3113//3113
f 3119//3119 3113//3113 3303//3303
f 3303//3303 3113//3113 3109//3109
f 3303//3303 3109//3109 3305//3305
f 3305//3305 3109//3109 3105//3105
f 3305//3305 3105//3105 3306//3306
f 3306//3306 3105//3105 3098//3098
f 3306//3306 3098//3098 3307//3307
f 3307//3307 3098//3098 3096//3096
f 3307//3307 3096//3096 3291//3291
f 3291//3291 3096//3096 3092//3092
f 3291//3291 3092//3092 3292//3292
f 3292//3292 3092//3092 3088//3088
f 3292//3292 3088//3088 3313//3313
f 3313//3313 3088//3088 3084//3084
f 3313//3313 3084//3084 3314//3314
f 3314//3314 3084//3084 3080//3080
f 3314//3314 3080//3080 3317//3317
f 3317//3317 3080//3080 3078//3078
f 3317//3317 3078//3078 3315//3315
f 3156//3156 3158//3158 3161//3161
f 3161//3161 3158//3158 3352//3352
f 3161//3161 3352//3352 3353//3353
f 3353//3353 3352//3352 3354//3354
f 3353//3353 3354//3354 3355//3355
f 3355//3355 3354//3354 3356//3356
f 3355//3355 3356//3356 3357//3357
f 3357//3357 3356//3356 3358//3358
f 3357//3357 3358//3358 3359//3359
f 3242//3242 3360//3360 3243//3243
f 3243//3243 3360//3360 3065//3065
f 3243//3243 3065//3065 3060//3060
f 3060//3060 3065//3065 3067//3067
f 3060//3060 3067//3067 3061//3061
f 3361//3361 3063//3063 3362//3362
f 3362//3362 3063//3063 3065//3065
f 3362//3362 3065//3065 3363//3363
f 3363//3363 3065//3065 3360//3360
f 3363//3363 3360//3360 3364//3364
f 3364//3364 3360//3360 3242//3242
f 3364//3364 3242//3242 3241//3241
f 3241//3241 3242//3242 637//637
f 3241//3241 637//637 636//636
f 3365//3365 3074//3074 3366//3366
f 3366//3366 3074//3074 3076//3076
f 3366//3366 3076//3076 3367//3367
f 3367//3367 3076//3076 3368//3368
f 3367//3367 3368//3368 3369//3369
f 3369//3369 3368//3368 3370//3370
f 3369//3369 3370//3370 3371//3371
f 3371//3371 3370//3370 3372//3372
f 3371//3371 3372//3372 3373//3373
f 3373//3373 3372//3372 3374//3374
f 3373//3373 3374//3374 3375//3375
f 3375//3375 3374//3374 3376//3376
f 3375//3375 3376//3376 3377//3377
f 3069//3069 3361//3361 3070//3070
f 3070//3070 3361//3361 3362//3362
f 3070//3070 3362//3362 3378//3378
f 3378//3378 3362//3362 3363//3363
f 3378//3378 3363//3363 3379//3379
f 3379//3379 3363//3363 3364//3364
f 3379//3379 3364//3364 3380//3380
f 3380//3380 3364//3364 3241//3241
f 3380//3380 3241//3241 3240//3240
f 3240//3240 3241//3241 644//644
f 3240//3240 644//644 647//647
f 3381//3381 3068//3068 3382//3382
f 3382//3382 3068//3068 3070//3070
f 3382//3382 3070//3070 3383//3383
f 3383//3383 3070//3070 3378//3378
f 3383//3383 3378//3378 3384//3384
f 3384//3384 3378//3378 3379//3379
f 3384//3384 3379//3379 3385//3385
f 3385//3385 3379//3379 3380//3380
f 3385//3385 3380//3380 3386//3386
f 3386//3386 3380//3380 3240//3240
f 3386//3386 3240//3240 3239//3239
f 3239//3239 3240//3240 654//654
f 3239//3239 654//654 653//653
f 3387//3387 3071//3071 3388//3388
f 3388//3388 3071//3071 3073//3073
f 3388//3388 3073//3073 3389//3389
f 3389//3389 3073//3073 3390//3390
f 3389//3389 3390//3390 3391//3391
f 3391//3391 3390//3390 3392//3392
f 3391//3391 3392//3392 3393//3393
f 3393//3393 3392//3392 3394//3394
f 3393//3393 3394//3394 3395//3395
f 3395//3395 3394//3394 3396//3396
f 3395//3395 3396//3396 3397//3397
f 3397//3397 3396//3396 3398//3398
f 3397//3397 3398//3398 3399//3399
f 3400//3400 3381//3381 3401//3401
f 3401//3401 3381//3381 3382//3382
f 3401//3401 3382//3382 3402//3402
f 3402//3402 3382//3382 3383//3383
f 3402//3402 3383//3383 3403//3403
f 3403//3403 3383//3383 3384//3384
f 3403//3403 3384//3384 3404//3404
f 3404//3404 3384//3384 3385//3385
f 3404//3404 3385//3385 3405//3405
f 3405//3405 3385//3385 3386//3386
f 3405//3405 3386//3386 3406//3406
f 3406//3406 3386//3386 3239//3239
f 3406//3406 3239//3239 3238//3238
f 3238//3238 3239//3239 660//660
f 3238//3238 660//660 658//658
f 3030//3030 3407//3407 3029//3029
f 3029//3029 3407//3407 3408//3408
f 3029//3029 3408//3408 3027//3027
f 3027//3027 3408//3408 3409//3409
f 3027//3027 3409//3409 3028//3028
f 3028//3028 3409//3409 3410//3410
f 3028//3028 3410//3410 3232//3232
f 3232//3232 3410//3410 3411//3411
f 3232//3232 3411//3411 3231//3231
f 3231//3231 3411//3411 3412//3412
f 3231//3231 3412//3412 3233//3233
f 3233//3233 3412//3412 3413//3413
f 3233//3233 3413//3413 3234//3234
f 3234//3234 3413//3413 3414//3414
f 3234//3234 3414//3414 3235//3235
f 3235//3235 3414//3414 3415//3415
f 3235//3235 3415//3415 3236//3236
f 3236//3236 3415//3415 3416//3416
f 3236//3236 3416//3416 3237//3237
f 3237//3237 3416//3416 3417//3417
f 3237//3237 3417//3417 3238//3238
f 3238//3238 3417//3417 3399//3399
f 3238//3238 3399//3399 3406//3406
f 3406//3406 3399//3399 3398//3398
f 3406//3406 3398//3398 3405//3405
f 3405//3405 3398//3398 3396//3396
f 3405//3405 3396//3396 3404//3404
f 3404//3404 3396//3396 3394//3394
f 3404//3404 3394//3394 3403//3403
f 3403//3403 3394//3394 3392//3392
f 3403//3403 3392//3392 3402//3402
f 3402//3402 3392//3392 3390//3390
f 3402//3402 3390//3390 3401//3401
f 3401//3401 3390//3390 3073//3073
f 3401//3401 3073//3073 3400//3400
f 3400//3400 3073//3073 3072//3072
f 3407//3407 3418//3418 3408//3408
f 3408//3408 3418//3418 3419//3419
f 3408//3408 3419//3419 3409//3409
f 3409//3409 3419//3419 3420//3420
f 3409//3409 3420//3420 3410//3410
f 3410//3410 3420//3420 3421//3421
f 3410//3410 3421//3421 3411//3411
f 3411//3411 3421//3421 3422//3422
f 3411//3411 3422//3422 3412//3412
f 3412//3412 3422//3422 3423//3423
f 3412//3412 3423//3423 3413//3413
f 3413//3413 3423//3423 3424//3424
f 3413//3413 3424//3424 3414//3414
f 3414//3414 3424//3424 3425//3425
f 3414//3414 3425//3425 3415//3415
f 3415//3415 3425//3425 3426//3426
f 3415//3415 3426//3426 3416//3416
f 3416//3416 3426//3426 3427//3427
f 3416//3416 3427//3427 3417//3417
f 3417//3417 3427//3427 3428//3428
f 3417//3417 3428//3428 3399//3399
f 3399//3399 3428//3428 3377//3377
f 3399//3399 3377//3377 3397//3397
f 3397//3397 3377//3377 3376//3376
f 3397//3397 3376//3376 3395//3395
f 3395//3395 3376//3376 3374//3374
f 3395//3395 3374//3374 3393//3393
f 3393//3393 3374//3374 3372//3372
f 3393//3393 3372//3372 3391//3391
f 3391//3391 3372//3372 3370//3370
f 3391//3391 3370//3370 3389//3389
f 3389//3389 3370//3370 3368//3368
f 3389//3389 3368//3368 3388//3388
f 3388//3388 3368//3368 3076//3076
f 3388//3388 3076//3076 3387//3387
f 3387//3387 3076//3076 3075//3075
f 3316//3316 3365//3365 3318//3318
f 3318//3318 3365//3365 3366//3366
f 3318//3318 3366//3366 3320//3320
f 3320//3320 3366//3366 3367//3367
f 3320//3320 3367//3367 3322//3322
f 3322//3322 3367//3367 3369//3369
f 3322//3322 3369//3369 3324//3324
f 3324//3324 3369//3369 3371//3371
f 3324//3324 3371//3371 3326//3326
f 3326//3326 3371//3371 3373//3373
f 3326//3326 3373//3373 3328//3328
f 3328//3328 3373//3373 3375//3375
f 3328//3328 3375//3375 3329//3329
f 3329//3329 3375//3375 3377//3377
f 3329//3329 3377//3377 3350//3350
f 3350//3350 3377//3377 3428//3428
f 3350//3350 3428//3428 3348//3348
f 3348//3348 3428//3428 3427//3427
f 3348//3348 3427//3427 3346//3346
f 3346//3346 3427//3427 3426//3426
f 3346//3346 3426//3426 3344//3344
f 3344//3344 3426//3426 3425//3425
f 3344//3344 3425//3425 3342//3342
f 3342//3342 3425//3425 3424//3424
f 3342//3342 3424//3424 3340//3340
f 3340//3340 3424//3424 3423//3423
f 3340//3340 3423//3423 3338//3338
f 3338//3338 3423//3423 3422//3422
f 3338//3338 3422//3422 3336//3336
f 3336//3336 3422//3422 3421//3421
f 3336//3336 3421//3421 3334//3334
f 3334//3334 3421//3421 3420//3420
f 3334//3334 3420//3420 3332//3332
f 3332//3332 3420//3420 3419//3419
f 3332//3332 3419//3419 3330//3330
f 3330//3330 3419//3419 3418//3418
f 743//743 742//742 3220//3220
f 3220//3220 742//742 3219//3219
f 3220//3220 3219//3219 3218//3218
f 3218//3218 3219//3219 2990//2990
f 3218//3218 2990//2990 2988//2988
f 734//734 740//740 3222//3222
f 3222//3222 740//740 3220//3220
f 3222//3222 3220//3220 3429//3429
f 3429//3429 3220//3220 3218//3218
f 3429//3429 3218//3218 3034//3034
f 3034//3034 3218//3218 2994//2994
f 3034//3034 2994//2994 2993//2993
f 3358//3358 3430//3430 3359//3359
f 3359//3359 3430//3430 3431//3431
f 3359//3359 3431//3431 3432//3432
f 3432//3432 3431//3431 3433//3433
f 3432//3432 3433//3433 3434//3434
f 3434//3434 3433//3433 3435//3435
f 3434//3434 3435//3435 3436//3436
f 3436//3436 3435//3435 3437//3437
f 3436//3436 3437//3437 3438//3438
f 3438//3438 3437//3437 3439//3439
f 3438//3438 3439//3439 3440//3440
f 3440//3440 3439//3439 3441//3441
f 3440//3440 3441//3441 3442//3442
f 3442//3442 3441//3441 3443//3443
f 3442//3442 3443//3443 3444//3444
f 3444//3444 3443//3443 3445//3445
f 3444//3444 3445//3445 3446//3446
f 3446//3446 3445//3445 3447//3447
f 3446//3446 3447//3447 3448//3448
f 3448//3448 3447//3447 3449//3449
f 3448//3448 3449//3449 3450//3450
f 3450//3450 3449//3449 3451//3451
f 3450//3450 3451//3451 3452//3452
f 3452//3452 3451//3451 3453//3453
f 3452//3452 3453//3453 3454//3454
f 3454//3454 3453//3453 3455//3455
f 3454//3454 3455//3455 3456//3456
f 3456//3456 3455//3455 3457//3457
f 3456//3456 3457//3457 3458//3458
f 3034//3034 3458//3458 3429//3429
f 3429//3429 3458//3458 3457//3457
f 3429//3429 3457//3457 3222//3222
f 3222//3222 3457//3457 3455//3455
f 3222//3222 3455//3455 3221//3221
f 3221//3221 3455//3455 3453//3453
f 3221//3221 3453//3453 3223//3223
f 3223//3223 3453//3453 3451//3451
f 3223//3223 3451//3451 3224//3224
f 3224//3224 3451//3451 3449//3449
f 3224//3224 3449//3449 3033//3033
f 3033//3033 3449//3449 3447//3447
f 3033//3033 3447//3447 3032//3032
f 3032//3032 3447//3447 3445//3445
f 3032//3032 3445//3445 3031//3031
f 3031//3031 3445//3445 3443//3443
f 3031//3031 3443//3443 3225//3225
f 3225//3225 3443//3443 3441//3441
f 3225//3225 3441//3441 3226//3226
f 3226//3226 3441//3441 3439//3439
f 3226//3226 3439//3439 3227//3227
f 3227//3227 3439//3439 3437//3437
f 3227//3227 3437//3437 3228//3228
f 3228//3228 3437//3437 3435//3435
f 3228//3228 3435//3435 3229//3229
f 3229//3229 3435//3435 3433//3433
f 3229//3229 3433//3433 3230//3230
f 3230//3230 3433//3433 3431//3431
f 3230//3230 3431//3431 3030//3030
f 3030//3030 3431//3431 3430//3430
f 3030//3030 3430//3430 3407//3407
f 3407//3407 3430//3430 3358//3358
f 3407//3407 3358//3358 3418//3418
f 3418//3418 3358//3358 3356//3356
f 3418//3418 3356//3356 3330//3330
f 3330//3330 3356//3356 3354//3354
f 3330//3330 3354//3354 3331//3331
f 3331//3331 3354//3354 3352//3352
f 3331//3331 3352//3352 3293//3293
f 3293//3293 3352//3352 3158//3158
f 3293//3293 3158//3158 3150//3150
f 3150//3150 3158//3158 3160//3160
f 3150//3150 3160//3160 3153//3153
f 2998//2998 2997//2997 3034//3034
f 3034//3034 2997//2997 3217//3217
f 3034//3034 3217//3217 3458//3458
f 3458//3458 3217//3217 3271//3271
f 3458//3458 3271//3271 3456//3456
f 3456//3456 3271//3271 3269//3269
f 3456//3456 3269//3269 3454//3454
f 3454//3454 3269//3269 3267//3267
f 3454//3454 3267//3267 3452//3452
f 3452//3452 3267//3267 3265//3265
f 3452//3452 3265//3265 3450//3450
f 3450//3450 3265//3265 3263//3263
f 3450//3450 3263//3263 3448//3448
f 3448//3448 3263//3263 3261//3261
f 3448//3448 3261//3261 3446//3446
f 3446//3446 3261//3261 3259//3259
f 3446//3446 3259//3259 3444//3444
f 3444//3444 3259//3259 3257//3257
f 3444//3444 3257//3257 3442//3442
f 3442//3442 3257//3257 3255//3255
f 3442//3442 3255//3255 3440//3440
f 3440//3440 3255//3255 3253//3253
f 3440//3440 3253//3253 3438//3438
f 3438//3438 3253//3253 3251//3251
f 3438//3438 3251//3251 3436//3436
f 3436//3436 3251//3251 3249//3249
f 3436//3436 3249//3249 3434//3434
f 3434//3434 3249//3249 3247//3247
f 3434//3434 3247//3247 3432//3432
f 3432//3432 3247//3247 3245//3245
f 3432//3432 3245//3245 3359//3359
f 3359//3359 3245//3245 3289//3289
f 3359//3359 3289//3289 3357//3357
f 3357//3357 3289//3289 3288//3288
f 3357//3357 3288//3288 3355//3355
f 3355//3355 3288//3288 3286//3286
f 3355//3355 3286//3286 3353//3353
f 3353//3353 3286//3286 3059//3059
f 3353//3353 3059//3059 3161//3161
f 3161//3161 3059//3059 3058//3058
f 3161//3161 3058//3058 3163//3163
f 1797//1797 1799//1799 284//284
f 297//297 3459//3459 3460//3460
f 3461//3461 3462//3462 314//314
f 1805//1805 287//287 1803//1803
f 1803//1803 287//287 286//286
f 1803//1803 286//286 1801//1801
f 284//284 1799//1799 285//285
f 285//285 1799//1799 2442//2442
f 285//285 2442//2442 286//286
f 286//286 2442//2442 1802//1802
f 286//286 1802//1802 1801//1801
f 302//302 318//318 3463//3463
f 353//353 623//623 354//354
f 354//354 623//623 501//501
f 354//354 501//501 355//355
f 355//355 501//501 500//500
f 355//355 500//500 356//356
f 356//356 500//500 498//498
f 356//356 498//498 497//497
f 283//283 1794//1794 284//284
f 284//284 1794//1794 1796//1796
f 284//284 1796//1796 1797//1797
f 297//297 3460//3460 296//296
f 296//296 3460//3460 3464//3464
f 296//296 3464//3464 295//295
f 314//314 3462//3462 315//315
f 315//315 3462//3462 3465//3465
f 315//315 3465//3465 316//316
f 310//310 309//309 3466//3466
f 322//322 323//323 3467//3467
f 324//324 3468//3468 323//323
f 323//323 3468//3468 3469//3469
f 323//323 3469//3469 3467//3467
f 497//497 624//624 356//356
f 356//356 624//624 495//495
f 356//356 495//495 357//357
f 357//357 495//495 494//494
f 357//357 494//494 358//358
f 509//509 622//622 350//350
f 350//350 622//622 507//507
f 350//350 507//507 351//351
f 351//351 507//507 506//506
f 351//351 506//506 352//352
f 352//352 506//506 504//504
f 352//352 504//504 353//353
f 353//353 504//504 503//503
f 353//353 503//503 623//623
f 1789//1789 1791//1791 282//282
f 282//282 1791//1791 2626//2626
f 282//282 2626//2626 283//283
f 283//283 2626//2626 1792//1792
f 283//283 1792//1792 1794//1794
f 3459//3459 297//297 3470//3470
f 3470//3470 297//297 298//298
f 3470//3470 298//298 3471//3471
f 3471//3471 298//298 299//299
f 3471//3471 299//299 3472//3472
f 3472//3472 299//299 300//300
f 3472//3472 300//300 3473//3473
f 3465//3465 3474//3474 316//316
f 316//316 3474//3474 3475//3475
f 316//316 3475//3475 317//317
f 317//317 3475//3475 3476//3476
f 317//317 3476//3476 318//318
f 318//318 3476//3476 3477//3477
f 318//318 3477//3477 3463//3463
f 326//326 3478//3478 325//325
f 325//325 3478//3478 3479//3479
f 325//325 3479//3479 324//324
f 324//324 3479//3479 3480//3480
f 324//324 3480//3480 3468//3468
f 328//328 3078//3078 327//327
f 327//327 3078//3078 3077//3077
f 327//327 3077//3077 326//326
f 326//326 3077//3077 3481//3481
f 326//326 3481//3481 3478//3478
f 3463//3463 3482//3482 302//302
f 302//302 3482//3482 3483//3483
f 302//302 3483//3483 301//301
f 301//301 3483//3483 3484//3484
f 301//301 3484//3484 300//300
f 300//300 3484//3484 3485//3485
f 300//300 3485//3485 3473//3473
f 3466//3466 3486//3486 310//310
f 310//310 3486//3486 3487//3487
f 310//310 3487//3487 311//311
f 311//311 3487//3487 3488//3488
f 311//311 3488//3488 312//312
f 312//312 3488//3488 3489//3489
f 312//312 3489//3489 313//313
f 313//313 3489//3489 3490//3490
f 313//313 3490//3490 314//314
f 314//314 3490//3490 3491//3491
f 314//314 3491//3491 3461//3461
f 3492//3492 305//305 3493//3493
f 3493//3493 305//305 304//304
f 3493//3493 304//304 3494//3494
f 3494//3494 304//304 303//303
f 321//321 3495//3495 320//320
f 320//320 3495//3495 3496//3496
f 320//320 3496//3496 319//319
f 3467//3467 3497//3497 322//322
f 322//322 3497//3497 3498//3498
f 322//322 3498//3498 321//321
f 321//321 3498//3498 3499//3499
f 321//321 3499//3499 3495//3495
f 329//329 3316//3316 328//328
f 328//328 3316//3316 3315//3315
f 328//328 3315//3315 3078//3078
f 1813//1813 289//289 1811//1811
f 1811//1811 289//289 288//288
f 1805//1805 1806//1806 287//287
f 287//287 1806//1806 1808//1808
f 287//287 1808//1808 288//288
f 288//288 1808//1808 1810//1810
f 288//288 1810//1810 1811//1811
f 1789//1789 282//282 1787//1787
f 1787//1787 282//282 281//281
f 1787//1787 281//281 1785//1785
f 1785//1785 281//281 280//280
f 1785//1785 280//280 1782//1782
f 1782//1782 280//280 279//279
f 1782//1782 279//279 1783//1783
f 1783//1783 279//279 1777//1777
f 1777//1777 279//279 278//278
f 1777//1777 278//278 1778//1778
f 308//308 3500//3500 309//309
f 309//309 3500//3500 3501//3501
f 309//309 3501//3501 3466//3466
f 3496//3496 3502//3502 319//319
f 319//319 3502//3502 3503//3503
f 319//319 3503//3503 303//303
f 303//303 3503//3503 3504//3504
f 303//303 3504//3504 3494//3494
f 3387//3387 3075//3075 333//333
f 509//509 350//350 510//510
f 510//510 350//350 349//349
f 510//510 349//349 512//512
f 512//512 349//349 513//513
f 513//513 349//349 348//348
f 513//513 348//348 619//619
f 619//619 348//348 347//347
f 619//619 347//347 620//620
f 613//613 612//612 343//343
f 1778//1778 278//278 1780//1780
f 1780//1780 278//278 277//277
f 1780//1780 277//277 1781//1781
f 1781//1781 277//277 276//276
f 1781//1781 276//276 1754//1754
f 307//307 3505//3505 308//308
f 308//308 3505//3505 3506//3506
f 308//308 3506//3506 3500//3500
f 3492//3492 3507//3507 305//305
f 305//305 3507//3507 3508//3508
f 305//305 3508//3508 306//306
f 306//306 3508//3508 3509//3509
f 306//306 3509//3509 307//307
f 307//307 3509//3509 3510//3510
f 307//307 3510//3510 3505//3505
f 333//333 3075//3075 330//330
f 330//330 3075//3075 3074//3074
f 330//330 3074//3074 329//329
f 329//329 3074//3074 3365//3365
f 329//329 3365//3365 3316//3316
f 620//620 347//347 1436//1436
f 1436//1436 347//347 346//346
f 1436//1436 346//346 615//615
f 615//615 346//346 345//345
f 615//615 345//345 617//617
f 343//343 612//612 344//344
f 344//344 612//612 1426//1426
f 344//344 1426//1426 345//345
f 345//345 1426//1426 618//618
f 345//345 618//618 617//617
f 494//494 492//492 358//358
f 358//358 492//492 491//491
f 358//358 491//491 359//359
f 600//600 340//340 601//601
f 601//601 340//340 362//362
f 363//363 597//597 362//362
f 362//362 597//597 595//595
f 362//362 595//595 601//601
f 274//274 1776//1776 275//275
f 275//275 1776//1776 1775//1775
f 275//275 1775//1775 276//276
f 276//276 1775//1775 1755//1755
f 276//276 1755//1755 1754//1754
f 3464//3464 3511//3511 295//295
f 295//295 3511//3511 3512//3512
f 295//295 3512//3512 294//294
f 294//294 3512//3512 3513//3513
f 294//294 3513//3513 293//293
f 293//293 3513//3513 1760//1760
f 293//293 1760//1760 292//292
f 292//292 1760//1760 1759//1759
f 3068//3068 3381//3381 331//331
f 3381//3381 3400//3400 331//331
f 331//331 3400//3400 3072//3072
f 331//331 3072//3072 333//333
f 333//333 3072//3072 3071//3071
f 333//333 3071//3071 3387//3387
f 342//342 608//608 343//343
f 343//343 608//608 610//610
f 343//343 610//610 613//613
f 600//600 606//606 340//340
f 340//340 606//606 605//605
f 340//340 605//605 341//341
f 341//341 605//605 603//603
f 341//341 603//603 342//342
f 342//342 603//603 602//602
f 342//342 602//602 608//608
f 1813//1813 1814//1814 289//289
f 289//289 1814//1814 1815//1815
f 289//289 1815//1815 361//361
f 273//273 1774//1774 274//274
f 274//274 1774//1774 1773//1773
f 274//274 1773//1773 1776//1776
f 290//290 1764//1764 271//271
f 271//271 1764//1764 1763//1763
f 271//271 1763//1763 272//272
f 272//272 1763//1763 1771//1771
f 272//272 1771//1771 273//273
f 273//273 1771//1771 1770//1770
f 273//273 1770//1770 1774//1774
f 1759//1759 1758//1758 292//292
f 292//292 1758//1758 1768//1768
f 292//292 1768//1768 291//291
f 291//291 1768//1768 1767//1767
f 291//291 1767//1767 290//290
f 290//290 1767//1767 1766//1766
f 290//290 1766//1766 1764//1764
f 589//589 593//593 364//364
f 364//364 593//593 592//592
f 364//364 592//592 363//363
f 363//363 592//592 598//598
f 363//363 598//598 597//597
f 1815//1815 1816//1816 361//361
f 361//361 1816//1816 515//515
f 361//361 515//515 364//364
f 364//364 515//515 590//590
f 364//364 590//590 589//589
f 331//331 332//332 3068//3068
f 3068//3068 332//332 339//339
f 3068//3068 339//339 3069//3069
f 3069//3069 339//339 338//338
f 3069//3069 338//338 3361//3361
f 3361//3361 338//338 337//337
f 3361//3361 337//337 3063//3063
f 3063//3063 337//337 336//336
f 3063//3063 336//336 3064//3064
f 491//491 627//627 359//359
f 359//359 627//627 626//626
f 359//359 626//626 360//360
f 360//360 626//626 3062//3062
f 360//360 3062//3062 334//334
f 334//334 3062//3062 3061//3061
f 334//334 3061//3061 335//335
f 335//335 3061//3061 3067//3067
f 335//335 3067//3067 336//336
f 336//336 3067//3067 3066//3066
f 336//336 3066//3066 3064//3064
f 3514//3514 3515//3515 3516//3516
f 3517//3517 3518//3518 3519//3519
f 3520//3520 3521//3521 3522//3522
f 3523//3523 3524//3524 3525//3525
f 3526//3526 3527//3527 3528//3528
f 1969//1969 1968//1968 3529//3529
f 1988//1988 1987//1987 3530//3530
f 3531//3531 3532//3532 3533//3533
f 3534//3534 3535//3535 3520//3520
f 3536//3536 3537//3537 3538//3538
f 3539//3539 3540//3540 3541//3541
f 3542//3542 3543//3543 3544//3544
f 3544//3544 3543//3543 3545//3545
f 3544//3544 3545//3545 3546//3546
f 3541//3541 3540//3540 3544//3544
f 3544//3544 3540//3540 3547//3547
f 3544//3544 3547//3547 3542//3542
f 3539//3539 3541//3541 3548//3548
f 3548//3548 3541//3541 3549//3549
f 3548//3548 3549//3549 3550//3550
f 3537//3537 3551//3551 3538//3538
f 3538//3538 3551//3551 3552//3552
f 3538//3538 3552//3552 3549//3549
f 3549//3549 3552//3552 3553//3553
f 3549//3549 3553//3553 3550//3550
f 3554//3554 3555//3555 3556//3556
f 3554//3554 3556//3556 3538//3538
f 3538//3538 3556//3556 3557//3557
f 3538//3538 3557//3557 3536//3536
f 3558//3558 3559//3559 3554//3554
f 3554//3554 3559//3559 3560//3560
f 3554//3554 3560//3560 3555//3555
f 3561//3561 3562//3562 3563//3563
f 3563//3563 3562//3562 3564//3564
f 3563//3563 3564//3564 3558//3558
f 3558//3558 3564//3564 3565//3565
f 3558//3558 3565//3565 3559//3559
f 3566//3566 3567//3567 3568//3568
f 3568//3568 3567//3567 3569//3569
f 3568//3568 3569//3569 3563//3563
f 3563//3563 3569//3569 3570//3570
f 3563//3563 3570//3570 3561//3561
f 3566//3566 3568//3568 3571//3571
f 3571//3571 3568//3568 3572//3572
f 3571//3571 3572//3572 3573//3573
f 3574//3574 3575//3575 3576//3576
f 3576//3576 3575//3575 3577//3577
f 3576//3576 3577//3577 3572//3572
f 3572//3572 3577//3577 3578//3578
f 3572//3572 3578//3578 3573//3573
f 3574//3574 3576//3576 3579//3579
f 3579//3579 3576//3576 3580//3580
f 3579//3579 3580//3580 3581//3581
f 3582//3582 3583//3583 3584//3584
f 3584//3584 3583//3583 3585//3585
f 3584//3584 3585//3585 3580//3580
f 3580//3580 3585//3585 3586//3586
f 3580//3580 3586//3586 3581//3581
f 3587//3587 3588//3588 3589//3589
f 3588//3588 3590//3590 3589//3589
f 3589//3589 3590//3590 3591//3591
f 3589//3589 3591//3591 3584//3584
f 3584//3584 3591//3591 3592//3592
f 3584//3584 3592//3592 3582//3582
f 3593//3593 3594//3594 3595//3595
f 3595//3595 3594//3594 3596//3596
f 3595//3595 3596//3596 3589//3589
f 3589//3589 3596//3596 3597//3597
f 3589//3589 3597//3597 3587//3587
f 3598//3598 3599//3599 3600//3600
f 3600//3600 3599//3599 3601//3601
f 3600//3600 3601//3601 3595//3595
f 3595//3595 3601//3601 3602//3602
f 3595//3595 3602//3602 3593//3593
f 3603//3603 3604//3604 3605//3605
f 3605//3605 3604//3604 3606//3606
f 3603//3603 3605//3605 3607//3607
f 3607//3607 3605//3605 3608//3608
f 3607//3607 3608//3608 3609//3609
f 3610//3610 3611//3611 3612//3612
f 3612//3612 3611//3611 3613//3613
f 3612//3612 3613//3613 3608//3608
f 3608//3608 3613//3613 3614//3614
f 3608//3608 3614//3614 3609//3609
f 3615//3615 3616//3616 3617//3617
f 3617//3617 3616//3616 3618//3618
f 3617//3617 3618//3618 3612//3612
f 3612//3612 3618//3618 3619//3619
f 3612//3612 3619//3619 3610//3610
f 3615//3615 3617//3617 3620//3620
f 3620//3620 3617//3617 3521//3521
f 3620//3620 3521//3521 3621//3621
f 3535//3535 3622//3622 3520//3520
f 3520//3520 3622//3622 3623//3623
f 3520//3520 3623//3623 3521//3521
f 3521//3521 3623//3623 3624//3624
f 3521//3521 3624//3624 3621//3621
f 3625//3625 3626//3626 3627//3627
f 3627//3627 3626//3626 3628//3628
f 3629//3629 3630//3630 3631//3631
f 3631//3631 3630//3630 3632//3632
f 3633//3633 3634//3634 3635//3635
f 3635//3635 3634//3634 3636//3636
f 3635//3635 3636//3636 3637//3637
f 3638//3638 3639//3639 3640//3640
f 3640//3640 3639//3639 3641//3641
f 3531//3531 3533//3533 3642//3642
f 3642//3642 3533//3533 3643//3643
f 3642//3642 3643//3643 3644//3644
f 3645//3645 3646//3646 3647//3647
f 3647//3647 3646//3646 3648//3648
f 3647//3647 3648//3648 3649//3649
f 3645//3645 3647//3647 3650//3650
f 3650//3650 3647//3647 3651//3651
f 3650//3650 3651//3651 3652//3652
f 3653//3653 3654//3654 3651//3651
f 3651//3651 3654//3654 3655//3655
f 3651//3651 3655//3655 3652//3652
f 3656//3656 3657//3657 3658//3658
f 3658//3658 3657//3657 3659//3659
f 3658//3658 3659//3659 3653//3653
f 3653//3653 3659//3659 3660//3660
f 3653//3653 3660//3660 3654//3654
f 3661//3661 3662//3662 3663//3663
f 3663//3663 3662//3662 3664//3664
f 3663//3663 3664//3664 3665//3665
f 3665//3665 3664//3664 3666//3666
f 3661//3661 3667//3667 3662//3662
f 3662//3662 3667//3667 3668//3668
f 3662//3662 3668//3668 3658//3658
f 3658//3658 3668//3668 3669//3669
f 3658//3658 3669//3669 3656//3656
f 3670//3670 3671//3671 3672//3672
f 3672//3672 3671//3671 3673//3673
f 3672//3672 3673//3673 3664//3664
f 3664//3664 3673//3673 3674//3674
f 3664//3664 3674//3674 3666//3666
f 3670//3670 3672//3672 3675//3675
f 3675//3675 3672//3672 3676//3676
f 3675//3675 3676//3676 3677//3677
f 3678//3678 3679//3679 3680//3680
f 3680//3680 3679//3679 3681//3681
f 3680//3680 3681//3681 3676//3676
f 3676//3676 3681//3681 3682//3682
f 3676//3676 3682//3682 3677//3677
f 3683//3683 3684//3684 3685//3685
f 3683//3683 3685//3685 3680//3680
f 3680//3680 3685//3685 3686//3686
f 3680//3680 3686//3686 3678//3678
f 3462//3462 3684//3684 3465//3465
f 3465//3465 3684//3684 3683//3683
f 3465//3465 3683//3683 3474//3474
f 3687//3687 3476//3476 3475//3475
f 3476//3476 3687//3687 3477//3477
f 3688//3688 3483//3483 3482//3482
f 3515//3515 3473//3473 3485//3485
f 3473//3473 3515//3515 3472//3472
f 3472//3472 3515//3515 3514//3514
f 3472//3472 3514//3514 3471//3471
f 3460//3460 3459//3459 3689//3689
f 3464//3464 3690//3690 3511//3511
f 3511//3511 3690//3690 3530//3530
f 3511//3511 3530//3530 3512//3512
f 1987//1987 1992//1992 3530//3530
f 3530//3530 1992//1992 1991//1991
f 3530//3530 1991//1991 1761//1761
f 1761//1761 1760//1760 3530//3530
f 3530//3530 1760//1760 3513//3513
f 3530//3530 3513//3513 3512//3512
f 1986//1986 1984//1984 3691//3691
f 3691//3691 1984//1984 1983//1983
f 3691//3691 1983//1983 1990//1990
f 3692//3692 1978//1978 1986//1986
f 1978//1978 3692//3692 1979//1979
f 1979//1979 3692//3692 3693//3693
f 1979//1979 3693//3693 1981//1981
f 3694//3694 1973//1973 1972//1972
f 1972//1972 2213//2213 3694//3694
f 3694//3694 2213//2213 2212//2212
f 3694//3694 2212//2212 3693//3693
f 3693//3693 2212//2212 1982//1982
f 3693//3693 1982//1982 1981//1981
f 1968//1968 1977//1977 3529//3529
f 3529//3529 1977//1977 1976//1976
f 3529//3529 1976//1976 3694//3694
f 3694//3694 1976//1976 1975//1975
f 3694//3694 1975//1975 1973//1973
f 3695//3695 1727//1727 1971//1971
f 1967//1967 1966//1966 3696//3696
f 3696//3696 1966//1966 1965//1965
f 3696//3696 1965//1965 1728//1728
f 1964//1964 3697//3697 1962//1962
f 1962//1962 3697//3697 3698//3698
f 1962//1962 3698//3698 1957//1957
f 1956//1956 1961//1961 3699//3699
f 3699//3699 1961//1961 1960//1960
f 3699//3699 1960//1960 3698//3698
f 3698//3698 1960//1960 1958//1958
f 3698//3698 1958//1958 1957//1957
f 1956//1956 3699//3699 1954//1954
f 1954//1954 3699//3699 3700//3700
f 1954//1954 3700//3700 1949//1949
f 1948//1948 1953//1953 3701//3701
f 3701//3701 1953//1953 1952//1952
f 3701//3701 1952//1952 3700//3700
f 3700//3700 1952//1952 1950//1950
f 3700//3700 1950//1950 1949//1949
f 1948//1948 3701//3701 1946//1946
f 1946//1946 3701//3701 3702//3702
f 1946//1946 3702//3702 1941//1941
f 1940//1940 1945//1945 3703//3703
f 3703//3703 1945//1945 1944//1944
f 3703//3703 1944//1944 3702//3702
f 3702//3702 1944//1944 1942//1942
f 3702//3702 1942//1942 1941//1941
f 1940//1940 3703//3703 1938//1938
f 1938//1938 3703//3703 3704//3704
f 1938//1938 3704//3704 1933//1933
f 1928//1928 1937//1937 3705//3705
f 3705//3705 1937//1937 1936//1936
f 3705//3705 1936//1936 3704//3704
f 3704//3704 1936//1936 1934//1934
f 3704//3704 1934//1934 1933//1933
f 3706//3706 1931//1931 1929//1929
f 1931//1931 3706//3706 1932//1932
f 1932//1932 3706//3706 3707//3707
f 1932//1932 3707//3707 1927//1927
f 1922//1922 1921//1921 3708//3708
f 3708//3708 1921//1921 1920//1920
f 3708//3708 1920//1920 3707//3707
f 3707//3707 1920//1920 1925//1925
f 3707//3707 1925//1925 1927//1927
f 1916//1916 1918//1918 3709//3709
f 3709//3709 1918//1918 1924//1924
f 3709//3709 1924//1924 3708//3708
f 3708//3708 1924//1924 1923//1923
f 3708//3708 1923//1923 1922//1922
f 3710//3710 1880//1880 3711//3711
f 3711//3711 1880//1880 1879//1879
f 3711//3711 1879//1879 3712//3712
f 3712//3712 1879//1879 1878//1878
f 3712//3712 1878//1878 1887//1887
f 3713//3713 1877//1877 3710//3710
f 3710//3710 1877//1877 1876//1876
f 3710//3710 1876//1876 1880//1880
f 3714//3714 1731//1731 3713//3713
f 3713//3713 1731//1731 1730//1730
f 3713//3713 1730//1730 1877//1877
f 3715//3715 1869//1869 1868//1868
f 3716//3716 3717//3717 3714//3714
f 3714//3714 3717//3717 3715//3715
f 1868//1868 1874//1874 3715//3715
f 3715//3715 1874//1874 1873//1873
f 3715//3715 1873//1873 3714//3714
f 3714//3714 1873//1873 1872//1872
f 3714//3714 1872//1872 1731//1731
f 3718//3718 3719//3719 3720//3720
f 3720//3720 3719//3719 3721//3721
f 3720//3720 3721//3721 3722//3722
f 3723//3723 3724//3724 3725//3725
f 3725//3725 3724//3724 3726//3726
f 3727//3727 3728//3728 3729//3729
f 3729//3729 3728//3728 3730//3730
f 3729//3729 3730//3730 3731//3731
f 3526//3526 3528//3528 3732//3732
f 3733//3733 3544//3544 3734//3734
f 3734//3734 3544//3544 3546//3546
f 3734//3734 3546//3546 3735//3735
f 3527//3527 3727//3727 3528//3528
f 3528//3528 3727//3727 3729//3729
f 3528//3528 3729//3729 3736//3736
f 3736//3736 3729//3729 3737//3737
f 3736//3736 3737//3737 3738//3738
f 3738//3738 3737//3737 3739//3739
f 3738//3738 3739//3739 3740//3740
f 3740//3740 3739//3739 3741//3741
f 3740//3740 3741//3741 3742//3742
f 3742//3742 3741//3741 3743//3743
f 3742//3742 3743//3743 3744//3744
f 3744//3744 3743//3743 3745//3745
f 3744//3744 3745//3745 3746//3746
f 3746//3746 3745//3745 3747//3747
f 3746//3746 3747//3747 3748//3748
f 3748//3748 3747//3747 3749//3749
f 3748//3748 3749//3749 3750//3750
f 3750//3750 3749//3749 3751//3751
f 3750//3750 3751//3751 3752//3752
f 3752//3752 3751//3751 3753//3753
f 3752//3752 3753//3753 3754//3754
f 3754//3754 3753//3753 3755//3755
f 3754//3754 3755//3755 3756//3756
f 3756//3756 3755//3755 3757//3757
f 3756//3756 3757//3757 3758//3758
f 3758//3758 3757//3757 3759//3759
f 3758//3758 3759//3759 3760//3760
f 3760//3760 3759//3759 3761//3761
f 3760//3760 3761//3761 3762//3762
f 3762//3762 3761//3761 3763//3763
f 3762//3762 3763//3763 3764//3764
f 3764//3764 3763//3763 3765//3765
f 3764//3764 3765//3765 3766//3766
f 3766//3766 3765//3765 3767//3767
f 3766//3766 3767//3767 3768//3768
f 3524//3524 3732//3732 3525//3525
f 3525//3525 3732//3732 3528//3528
f 3525//3525 3528//3528 3769//3769
f 3769//3769 3528//3528 3736//3736
f 3769//3769 3736//3736 3770//3770
f 3770//3770 3736//3736 3738//3738
f 3770//3770 3738//3738 3771//3771
f 3771//3771 3738//3738 3740//3740
f 3771//3771 3740//3740 3772//3772
f 3772//3772 3740//3740 3742//3742
f 3772//3772 3742//3742 3773//3773
f 3773//3773 3742//3742 3744//3744
f 3773//3773 3744//3744 3774//3774
f 3774//3774 3744//3744 3746//3746
f 3774//3774 3746//3746 3775//3775
f 3775//3775 3746//3746 3748//3748
f 3775//3775 3748//3748 3776//3776
f 3776//3776 3748//3748 3750//3750
f 3776//3776 3750//3750 3777//3777
f 3777//3777 3750//3750 3752//3752
f 3777//3777 3752//3752 3778//3778
f 3778//3778 3752//3752 3754//3754
f 3778//3778 3754//3754 3779//3779
f 3779//3779 3754//3754 3756//3756
f 3779//3779 3756//3756 3780//3780
f 3780//3780 3756//3756 3758//3758
f 3780//3780 3758//3758 3781//3781
f 3781//3781 3758//3758 3760//3760
f 3781//3781 3760//3760 3782//3782
f 3782//3782 3760//3760 3762//3762
f 3782//3782 3762//3762 3783//3783
f 3783//3783 3762//3762 3764//3764
f 3783//3783 3764//3764 3784//3784
f 3784//3784 3764//3764 3766//3766
f 3784//3784 3766//3766 3785//3785
f 3785//3785 3766//3766 3768//3768
f 3785//3785 3768//3768 3522//3522
f 3786//3786 3516//3516 3787//3787
f 3787//3787 3516//3516 3515//3515
f 3787//3787 3515//3515 3788//3788
f 3788//3788 3515//3515 3485//3485
f 3788//3788 3485//3485 3484//3484
f 3789//3789 3786//3786 3790//3790
f 3790//3790 3786//3786 3787//3787
f 3790//3790 3787//3787 3791//3791
f 3791//3791 3787//3787 3788//3788
f 3791//3791 3788//3788 3688//3688
f 3688//3688 3788//3788 3484//3484
f 3688//3688 3484//3484 3483//3483
f 3792//3792 3789//3789 3793//3793
f 3793//3793 3789//3789 3790//3790
f 3793//3793 3790//3790 3794//3794
f 3794//3794 3790//3790 3791//3791
f 3794//3794 3791//3791 3795//3795
f 3795//3795 3791//3791 3688//3688
f 3795//3795 3688//3688 3796//3796
f 3796//3796 3688//3688 3482//3482
f 3796//3796 3482//3482 3463//3463
f 3797//3797 3798//3798 3799//3799
f 3799//3799 3798//3798 3800//3800
f 3799//3799 3800//3800 3801//3801
f 3801//3801 3800//3800 3802//3802
f 3801//3801 3802//3802 3803//3803
f 3803//3803 3802//3802 3804//3804
f 3803//3803 3804//3804 3805//3805
f 3805//3805 3804//3804 3806//3806
f 3805//3805 3806//3806 3807//3807
f 3807//3807 3806//3806 3808//3808
f 3807//3807 3808//3808 3809//3809
f 3809//3809 3808//3808 3810//3810
f 3809//3809 3810//3810 3811//3811
f 3733//3733 3523//3523 3544//3544
f 3544//3544 3523//3523 3525//3525
f 3544//3544 3525//3525 3541//3541
f 3541//3541 3525//3525 3769//3769
f 3541//3541 3769//3769 3549//3549
f 3549//3549 3769//3769 3770//3770
f 3549//3549 3770//3770 3538//3538
f 3538//3538 3770//3770 3771//3771
f 3538//3538 3771//3771 3554//3554
f 3554//3554 3771//3771 3772//3772
f 3554//3554 3772//3772 3558//3558
f 3558//3558 3772//3772 3773//3773
f 3558//3558 3773//3773 3563//3563
f 3563//3563 3773//3773 3774//3774
f 3563//3563 3774//3774 3568//3568
f 3568//3568 3774//3774 3775//3775
f 3568//3568 3775//3775 3572//3572
f 3572//3572 3775//3775 3776//3776
f 3572//3572 3776//3776 3576//3576
f 3576//3576 3776//3776 3777//3777
f 3576//3576 3777//3777 3580//3580
f 3580//3580 3777//3777 3778//3778
f 3580//3580 3778//3778 3584//3584
f 3584//3584 3778//3778 3779//3779
f 3584//3584 3779//3779 3589//3589
f 3589//3589 3779//3779 3780//3780
f 3589//3589 3780//3780 3595//3595
f 3595//3595 3780//3780 3781//3781
f 3595//3595 3781//3781 3600//3600
f 3600//3600 3781//3781 3782//3782
f 3812//3812 3813//3813 3814//3814
f 3814//3814 3813//3813 3815//3815
f 3814//3814 3815//3815 3816//3816
f 3816//3816 3815//3815 3817//3817
f 3816//3816 3817//3817 3818//3818
f 3818//3818 3817//3817 3819//3819
f 3818//3818 3819//3819 3631//3631
f 3631//3631 3819//3819 3635//3635
f 3631//3631 3635//3635 3629//3629
f 3629//3629 3635//3635 3637//3637
f 3522//3522 3521//3521 3785//3785
f 3785//3785 3521//3521 3617//3617
f 3785//3785 3617//3617 3784//3784
f 3784//3784 3617//3617 3612//3612
f 3784//3784 3612//3612 3783//3783
f 3783//3783 3612//3612 3608//3608
f 3783//3783 3608//3608 3782//3782
f 3782//3782 3608//3608 3605//3605
f 3782//3782 3605//3605 3600//3600
f 3600//3600 3605//3605 3606//3606
f 3600//3600 3606//3606 3598//3598
f 3798//3798 3820//3820 3800//3800
f 3800//3800 3820//3820 3821//3821
f 3800//3800 3821//3821 3802//3802
f 3802//3802 3821//3821 3822//3822
f 3802//3802 3822//3822 3804//3804
f 3804//3804 3822//3822 3823//3823
f 3804//3804 3823//3823 3806//3806
f 3806//3806 3823//3823 3643//3643
f 3806//3806 3643//3643 3808//3808
f 3808//3808 3643//3643 3533//3533
f 3808//3808 3533//3533 3810//3810
f 3477//3477 3687//3687 3824//3824
f 3824//3824 3687//3687 3825//3825
f 3824//3824 3825//3825 3826//3826
f 3826//3826 3825//3825 3827//3827
f 3826//3826 3827//3827 3828//3828
f 3828//3828 3827//3827 3829//3829
f 3828//3828 3829//3829 3830//3830
f 3830//3830 3829//3829 3831//3831
f 3830//3830 3831//3831 3832//3832
f 3832//3832 3831//3831 3833//3833
f 3832//3832 3833//3833 3834//3834
f 3798//3798 3834//3834 3820//3820
f 3820//3820 3834//3834 3833//3833
f 3820//3820 3833//3833 3835//3835
f 3835//3835 3833//3833 3831//3831
f 3835//3835 3831//3831 3836//3836
f 3836//3836 3831//3831 3829//3829
f 3836//3836 3829//3829 3837//3837
f 3837//3837 3829//3829 3827//3827
f 3837//3837 3827//3827 3838//3838
f 3838//3838 3827//3827 3825//3825
f 3838//3838 3825//3825 3839//3839
f 3839//3839 3825//3825 3687//3687
f 3839//3839 3687//3687 3840//3840
f 3840//3840 3687//3687 3475//3475
f 3840//3840 3475//3475 3474//3474
f 3474//3474 3683//3683 3840//3840
f 3840//3840 3683//3683 3680//3680
f 3840//3840 3680//3680 3839//3839
f 3839//3839 3680//3680 3676//3676
f 3839//3839 3676//3676 3838//3838
f 3838//3838 3676//3676 3672//3672
f 3838//3838 3672//3672 3837//3837
f 3837//3837 3672//3672 3664//3664
f 3837//3837 3664//3664 3836//3836
f 3836//3836 3664//3664 3662//3662
f 3836//3836 3662//3662 3835//3835
f 3835//3835 3662//3662 3658//3658
f 3835//3835 3658//3658 3820//3820
f 3820//3820 3658//3658 3653//3653
f 3820//3820 3653//3653 3821//3821
f 3821//3821 3653//3653 3651//3651
f 3821//3821 3651//3651 3822//3822
f 3822//3822 3651//3651 3647//3647
f 3822//3822 3647//3647 3823//3823
f 3823//3823 3647//3647 3649//3649
f 3823//3823 3649//3649 3643//3643
f 3643//3643 3649//3649 3841//3841
f 3643//3643 3841//3841 3644//3644
f 1916//1916 3709//3709 1911//1911
f 1911//1911 3709//3709 3842//3842
f 1911//1911 3842//3842 1912//1912
f 3843//3843 3706//3706 3705//3705
f 3705//3705 3706//3706 1929//1929
f 3705//3705 1929//1929 1928//1928
f 3813//3813 3844//3844 3815//3815
f 3815//3815 3844//3844 3845//3845
f 3815//3815 3845//3845 3817//3817
f 3817//3817 3845//3845 3846//3846
f 3817//3817 3846//3846 3819//3819
f 3819//3819 3846//3846 3847//3847
f 3819//3819 3847//3847 3635//3635
f 3635//3635 3847//3847 3640//3640
f 3635//3635 3640//3640 3633//3633
f 3633//3633 3640//3640 3641//3641
f 3848//3848 3812//3812 3849//3849
f 3849//3849 3812//3812 3814//3814
f 3849//3849 3814//3814 3850//3850
f 3850//3850 3814//3814 3816//3816
f 3850//3850 3816//3816 3851//3851
f 3851//3851 3816//3816 3818//3818
f 3851//3851 3818//3818 3627//3627
f 3627//3627 3818//3818 3631//3631
f 3627//3627 3631//3631 3625//3625
f 3625//3625 3631//3631 3632//3632
f 3852//3852 3696//3696 3695//3695
f 3695//3695 3696//3696 1728//1728
f 3695//3695 1728//1728 1727//1727
f 3843//3843 3705//3705 3853//3853
f 3853//3853 3705//3705 3704//3704
f 3853//3853 3704//3704 3854//3854
f 3854//3854 3704//3704 3703//3703
f 3854//3854 3703//3703 3855//3855
f 3855//3855 3703//3703 3702//3702
f 3855//3855 3702//3702 3856//3856
f 3856//3856 3702//3702 3701//3701
f 3856//3856 3701//3701 3857//3857
f 3857//3857 3701//3701 3700//3700
f 3857//3857 3700//3700 3858//3858
f 3858//3858 3700//3700 3699//3699
f 3858//3858 3699//3699 3859//3859
f 3859//3859 3699//3699 3698//3698
f 3859//3859 3698//3698 3860//3860
f 3860//3860 3698//3698 3697//3697
f 3860//3860 3697//3697 3519//3519
f 3692//3692 3861//3861 3693//3693
f 3693//3693 3861//3861 3862//3862
f 3693//3693 3862//3862 3694//3694
f 3694//3694 3862//3862 3863//3863
f 3694//3694 3863//3863 3529//3529
f 1971//1971 1969//1969 3695//3695
f 3695//3695 1969//1969 3529//3529
f 3695//3695 3529//3529 3852//3852
f 3852//3852 3529//3529 3863//3863
f 3852//3852 3863//3863 3864//3864
f 3864//3864 3863//3863 3862//3862
f 3864//3864 3862//3862 3865//3865
f 3865//3865 3862//3862 3861//3861
f 3519//3519 3518//3518 3860//3860
f 3860//3860 3518//3518 3866//3866
f 3860//3860 3866//3866 3859//3859
f 3859//3859 3866//3866 3867//3867
f 3859//3859 3867//3867 3858//3858
f 3858//3858 3867//3867 3868//3868
f 3858//3858 3868//3868 3857//3857
f 3857//3857 3868//3868 3869//3869
f 3857//3857 3869//3869 3856//3856
f 3856//3856 3869//3869 3870//3870
f 3856//3856 3870//3870 3855//3855
f 3855//3855 3870//3870 3871//3871
f 3855//3855 3871//3871 3854//3854
f 3854//3854 3871//3871 3872//3872
f 3854//3854 3872//3872 3853//3853
f 3853//3853 3872//3872 3873//3873
f 3853//3853 3873//3873 3843//3843
f 3865//3865 3874//3874 3864//3864
f 3864//3864 3874//3874 3517//3517
f 3864//3864 3517//3517 3852//3852
f 3852//3852 3517//3517 3519//3519
f 3852//3852 3519//3519 3696//3696
f 3696//3696 3519//3519 3697//3697
f 3696//3696 3697//3697 1967//1967
f 1967//1967 3697//3697 1964//1964
f 3691//3691 3875//3875 3876//3876
f 3876//3876 3875//3875 3877//3877
f 3876//3876 3877//3877 3878//3878
f 3878//3878 3877//3877 3879//3879
f 3878//3878 3879//3879 3880//3880
f 3880//3880 3879//3879 3881//3881
f 3880//3880 3881//3881 3882//3882
f 3882//3882 3881//3881 3883//3883
f 3882//3882 3883//3883 3884//3884
f 3875//3875 3885//3885 3877//3877
f 3877//3877 3885//3885 3886//3886
f 3877//3877 3886//3886 3879//3879
f 3879//3879 3886//3886 3887//3887
f 3879//3879 3887//3887 3881//3881
f 3881//3881 3887//3887 3888//3888
f 3881//3881 3888//3888 3883//3883
f 3883//3883 3888//3888 3889//3889
f 3883//3883 3889//3889 3884//3884
f 3884//3884 3889//3889 3797//3797
f 3884//3884 3797//3797 3890//3890
f 3890//3890 3797//3797 3799//3799
f 3890//3890 3799//3799 3891//3891
f 3891//3891 3799//3799 3801//3801
f 3891//3891 3801//3801 3892//3892
f 3892//3892 3801//3801 3803//3803
f 3892//3892 3803//3803 3893//3893
f 3893//3893 3803//3803 3805//3805
f 3893//3893 3805//3805 3894//3894
f 3894//3894 3805//3805 3807//3807
f 3894//3894 3807//3807 3895//3895
f 3895//3895 3807//3807 3809//3809
f 3895//3895 3809//3809 3896//3896
f 3896//3896 3809//3809 3811//3811
f 3896//3896 3811//3811 3897//3897
f 3464//3464 3460//3460 3690//3690
f 3690//3690 3460//3460 3689//3689
f 3690//3690 3689//3689 3898//3898
f 3898//3898 3689//3689 3899//3899
f 3898//3898 3899//3899 3900//3900
f 3900//3900 3899//3899 3901//3901
f 3900//3900 3901//3901 3902//3902
f 3902//3902 3901//3901 3903//3903
f 3902//3902 3903//3903 3904//3904
f 3904//3904 3903//3903 3905//3905
f 3904//3904 3905//3905 3906//3906
f 3906//3906 3905//3905 3907//3907
f 3470//3470 3471//3471 3908//3908
f 3908//3908 3471//3471 3514//3514
f 3908//3908 3514//3514 3909//3909
f 3909//3909 3514//3514 3516//3516
f 3909//3909 3516//3516 3910//3910
f 3910//3910 3516//3516 3786//3786
f 3910//3910 3786//3786 3911//3911
f 3911//3911 3786//3786 3789//3789
f 3911//3911 3789//3789 3912//3912
f 3912//3912 3789//3789 3792//3792
f 3912//3912 3792//3792 3913//3913
f 3459//3459 3470//3470 3689//3689
f 3689//3689 3470//3470 3908//3908
f 3689//3689 3908//3908 3899//3899
f 3899//3899 3908//3908 3909//3909
f 3899//3899 3909//3909 3901//3901
f 3901//3901 3909//3909 3910//3910
f 3901//3901 3910//3910 3903//3903
f 3903//3903 3910//3910 3911//3911
f 3903//3903 3911//3911 3905//3905
f 3905//3905 3911//3911 3912//3912
f 3905//3905 3912//3912 3907//3907
f 3907//3907 3912//3912 3913//3913
f 1990//1990 1988//1988 3691//3691
f 3691//3691 1988//1988 3530//3530
f 3691//3691 3530//3530 3875//3875
f 3875//3875 3530//3530 3690//3690
f 3875//3875 3690//3690 3885//3885
f 3885//3885 3690//3690 3898//3898
f 3885//3885 3898//3898 3886//3886
f 3886//3886 3898//3898 3900//3900
f 3886//3886 3900//3900 3887//3887
f 3887//3887 3900//3900 3902//3902
f 3887//3887 3902//3902 3888//3888
f 3888//3888 3902//3902 3904//3904
f 3888//3888 3904//3904 3889//3889
f 3889//3889 3904//3904 3906//3906
f 3889//3889 3906//3906 3797//3797
f 3797//3797 3906//3906 3907//3907
f 3797//3797 3907//3907 3798//3798
f 3798//3798 3907//3907 3913//3913
f 3798//3798 3913//3913 3834//3834
f 3834//3834 3913//3913 3792//3792
f 3834//3834 3792//3792 3832//3832
f 3832//3832 3792//3792 3793//3793
f 3832//3832 3793//3793 3830//3830
f 3830//3830 3793//3793 3794//3794
f 3830//3830 3794//3794 3828//3828
f 3828//3828 3794//3794 3795//3795
f 3828//3828 3795//3795 3826//3826
f 3826//3826 3795//3795 3796//3796
f 3826//3826 3796//3796 3824//3824
f 3824//3824 3796//3796 3463//3463
f 3824//3824 3463//3463 3477//3477
f 1986//1986 3691//3691 3692//3692
f 3692//3692 3691//3691 3876//3876
f 3692//3692 3876//3876 3861//3861
f 3861//3861 3876//3876 3878//3878
f 3861//3861 3878//3878 3865//3865
f 3865//3865 3878//3878 3880//3880
f 3865//3865 3880//3880 3874//3874
f 3874//3874 3880//3880 3882//3882
f 3874//3874 3882//3882 3517//3517
f 3517//3517 3882//3882 3884//3884
f 3517//3517 3884//3884 3518//3518
f 3518//3518 3884//3884 3890//3890
f 3518//3518 3890//3890 3866//3866
f 3866//3866 3890//3890 3891//3891
f 3866//3866 3891//3891 3867//3867
f 3867//3867 3891//3891 3892//3892
f 3867//3867 3892//3892 3868//3868
f 3868//3868 3892//3892 3893//3893
f 3868//3868 3893//3893 3869//3869
f 3869//3869 3893//3893 3894//3894
f 3869//3869 3894//3894 3870//3870
f 3870//3870 3894//3894 3895//3895
f 3870//3870 3895//3895 3871//3871
f 3871//3871 3895//3895 3896//3896
f 3871//3871 3896//3896 3872//3872
f 3872//3872 3896//3896 3897//3897
f 3872//3872 3897//3897 3873//3873
f 1884//1884 3914//3914 1885//1885
f 1885//1885 3914//3914 3712//3712
f 1885//1885 3712//3712 1888//1888
f 1888//1888 3712//3712 1887//1887
f 1905//1905 3915//3915 1906//1906
f 1906//1906 3915//3915 3916//3916
f 1906//1906 3916//3916 1901//1901
f 1893//1893 1892//1892 3917//3917
f 1884//1884 1882//1882 3914//3914
f 3914//3914 1882//1882 1881//1881
f 3914//3914 1881//1881 3917//3917
f 3917//3917 1881//1881 1890//1890
f 3917//3917 1890//1890 1893//1893
f 1892//1892 1898//1898 3917//3917
f 3917//3917 1898//1898 1897//1897
f 3917//3917 1897//1897 3918//3918
f 3918//3918 1897//1897 1895//1895
f 3918//3918 1895//1895 3919//3919
f 3919//3919 1895//1895 1894//1894
f 3919//3919 1894//1894 3916//3916
f 3916//3916 1894//1894 1899//1899
f 3916//3916 1899//1899 1901//1901
f 1905//1905 1903//1903 3915//3915
f 3915//3915 1903//1903 1902//1902
f 3915//3915 1902//1902 3920//3920
f 3920//3920 1902//1902 1907//1907
f 3920//3920 1907//1907 1909//1909
f 1909//1909 1915//1915 3920//3920
f 3920//3920 1915//1915 1914//1914
f 3920//3920 1914//1914 3842//3842
f 3842//3842 1914//1914 1913//1913
f 3842//3842 1913//1913 1912//1912
f 3726//3726 3718//3718 3725//3725
f 3725//3725 3718//3718 3720//3720
f 3725//3725 3720//3720 3921//3921
f 3921//3921 3720//3720 3922//3922
f 3921//3921 3922//3922 3923//3923
f 3923//3923 3922//3922 3924//3924
f 3923//3923 3924//3924 3925//3925
f 3925//3925 3924//3924 3926//3926
f 3925//3925 3926//3926 3927//3927
f 3927//3927 3926//3926 3928//3928
f 3927//3927 3928//3928 3929//3929
f 3929//3929 3928//3928 3930//3930
f 3929//3929 3930//3930 3931//3931
f 3931//3931 3930//3930 3932//3932
f 3931//3931 3932//3932 3933//3933
f 3933//3933 3932//3932 3934//3934
f 3933//3933 3934//3934 3935//3935
f 3935//3935 3934//3934 3936//3936
f 3935//3935 3936//3936 3937//3937
f 3937//3937 3936//3936 3938//3938
f 3937//3937 3938//3938 3939//3939
f 3939//3939 3938//3938 3940//3940
f 3939//3939 3940//3940 3941//3941
f 3941//3941 3940//3940 3942//3942
f 3941//3941 3942//3942 3943//3943
f 3943//3943 3942//3942 3944//3944
f 3943//3943 3944//3944 3945//3945
f 3945//3945 3944//3944 3946//3946
f 3945//3945 3946//3946 3947//3947
f 3947//3947 3946//3946 3948//3948
f 3947//3947 3948//3948 3848//3848
f 3848//3848 3948//3948 3949//3949
f 3848//3848 3949//3949 3812//3812
f 3812//3812 3949//3949 3950//3950
f 3812//3812 3950//3950 3813//3813
f 3813//3813 3950//3950 3951//3951
f 3813//3813 3951//3951 3844//3844
f 3532//3532 3638//3638 3533//3533
f 3533//3533 3638//3638 3640//3640
f 3533//3533 3640//3640 3810//3810
f 3810//3810 3640//3640 3847//3847
f 3810//3810 3847//3847 3811//3811
f 3811//3811 3847//3847 3846//3846
f 3811//3811 3846//3846 3897//3897
f 3897//3897 3846//3846 3845//3845
f 3897//3897 3845//3845 3873//3873
f 3873//3873 3845//3845 3844//3844
f 3873//3873 3844//3844 3843//3843
f 3843//3843 3844//3844 3951//3951
f 3843//3843 3951//3951 3706//3706
f 3706//3706 3951//3951 3950//3950
f 3706//3706 3950//3950 3707//3707
f 3707//3707 3950//3950 3949//3949
f 3707//3707 3949//3949 3708//3708
f 3708//3708 3949//3949 3948//3948
f 3708//3708 3948//3948 3709//3709
f 3709//3709 3948//3948 3946//3946
f 3709//3709 3946//3946 3842//3842
f 3842//3842 3946//3946 3944//3944
f 3842//3842 3944//3944 3920//3920
f 3920//3920 3944//3944 3942//3942
f 3920//3920 3942//3942 3915//3915
f 3915//3915 3942//3942 3940//3940
f 3915//3915 3940//3940 3916//3916
f 3916//3916 3940//3940 3938//3938
f 3916//3916 3938//3938 3919//3919
f 3919//3919 3938//3938 3936//3936
f 3919//3919 3936//3936 3918//3918
f 3918//3918 3936//3936 3934//3934
f 3918//3918 3934//3934 3917//3917
f 3917//3917 3934//3934 3932//3932
f 3917//3917 3932//3932 3914//3914
f 3914//3914 3932//3932 3930//3930
f 3914//3914 3930//3930 3712//3712
f 3712//3712 3930//3930 3928//3928
f 3712//3712 3928//3928 3711//3711
f 3711//3711 3928//3928 3926//3926
f 3711//3711 3926//3926 3710//3710
f 3710//3710 3926//3926 3924//3924
f 3710//3710 3924//3924 3713//3713
f 3713//3713 3924//3924 3922//3922
f 3713//3713 3922//3922 3714//3714
f 3714//3714 3922//3922 3720//3720
f 3714//3714 3720//3720 3716//3716
f 3716//3716 3720//3720 3722//3722
f 3628//3628 3534//3534 3627//3627
f 3627//3627 3534//3534 3520//3520
f 3627//3627 3520//3520 3851//3851
f 3851//3851 3520//3520 3522//3522
f 3851//3851 3522//3522 3850//3850
f 3850//3850 3522//3522 3768//3768
f 3850//3850 3768//3768 3849//3849
f 3849//3849 3768//3768 3767//3767
f 3849//3849 3767//3767 3848//3848
f 3848//3848 3767//3767 3765//3765
f 3848//3848 3765//3765 3947//3947
f 3947//3947 3765//3765 3763//3763
f 3947//3947 3763//3763 3945//3945
f 3945//3945 3763//3763 3761//3761
f 3945//3945 3761//3761 3943//3943
f 3943//3943 3761//3761 3759//3759
f 3943//3943 3759//3759 3941//3941
f 3941//3941 3759//3759 3757//3757
f 3941//3941 3757//3757 3939//3939
f 3939//3939 3757//3757 3755//3755
f 3939//3939 3755//3755 3937//3937
f 3937//3937 3755//3755 3753//3753
f 3937//3937 3753//3753 3935//3935
f 3935//3935 3753//3753 3751//3751
f 3935//3935 3751//3751 3933//3933
f 3933//3933 3751//3751 3749//3749
f 3933//3933 3749//3749 3931//3931
f 3931//3931 3749//3749 3747//3747
f 3931//3931 3747//3747 3929//3929
f 3929//3929 3747//3747 3745//3745
f 3929//3929 3745//3745 3927//3927
f 3927//3927 3745//3745 3743//3743
f 3927//3927 3743//3743 3925//3925
f 3925//3925 3743//3743 3741//3741
f 3925//3925 3741//3741 3923//3923
f 3923//3923 3741//3741 3739//3739
f 3923//3923 3739//3739 3921//3921
f 3921//3921 3739//3739 3737//3737
f 3921//3921 3737//3737 3725//3725
f 3725//3725 3737//3737 3729//3729
f 3725//3725 3729//3729 3723//3723
f 3723//3723 3729//3729 3731//3731
f 1862//1862 1861//1861 3952//3952
f 1863//1863 1871//1871 3953//3953
f 3954//3954 3955//3955 3956//3956
f 3956//3956 3955//3955 3957//3957
f 3956//3956 3957//3957 3958//3958
f 3958//3958 3959//3959 3956//3956
f 3956//3956 3959//3959 3960//3960
f 3956//3956 3960//3960 3961//3961
f 3735//3735 3954//3954 3734//3734
f 3734//3734 3954//3954 3956//3956
f 3734//3734 3956//3956 3733//3733
f 3733//3733 3956//3956 3523//3523
f 3962//3962 3732//3732 3524//3524
f 3732//3732 3962//3962 3526//3526
f 3526//3526 3962//3962 3963//3963
f 3526//3526 3963//3963 3527//3527
f 3731//3731 3730//3730 3964//3964
f 3964//3964 3730//3730 3728//3728
f 3964//3964 3728//3728 3963//3963
f 3963//3963 3728//3728 3727//3727
f 3963//3963 3727//3727 3527//3527
f 3723//3723 3965//3965 3724//3724
f 3724//3724 3965//3965 3966//3966
f 3724//3724 3966//3966 3726//3726
f 3722//3722 3721//3721 3967//3967
f 3967//3967 3721//3721 3719//3719
f 3967//3967 3719//3719 3966//3966
f 3966//3966 3719//3719 3718//3718
f 3966//3966 3718//3718 3726//3726
f 3722//3722 3967//3967 3716//3716
f 3716//3716 3967//3967 3953//3953
f 3716//3716 3953//3953 3717//3717
f 3717//3717 3953//3953 3715//3715
f 3715//3715 3953//3953 1871//1871
f 3715//3715 1871//1871 1869//1869
f 1861//1861 1867//1867 3952//3952
f 3952//3952 1867//1867 1866//1866
f 3952//3952 1866//1866 1864//1864
f 1856//1856 1857//1857 3968//3968
f 3968//3968 1857//1857 1859//1859
f 1852//1852 1851//1851 3969//3969
f 3969//3969 1851//1851 3970//3970
f 1851//1851 1856//1856 3970//3970
f 3970//3970 1856//1856 3968//3968
f 3970//3970 3968//3968 3971//3971
f 3971//3971 3968//3968 3972//3972
f 3971//3971 3972//3972 3973//3973
f 3974//3974 3975//3975 3976//3976
f 3976//3976 3975//3975 3977//3977
f 3976//3976 3977//3977 3972//3972
f 3972//3972 3977//3977 3978//3978
f 3972//3972 3978//3978 3973//3973
f 3979//3979 3980//3980 3981//3981
f 3979//3979 3981//3981 3982//3982
f 3981//3981 3983//3983 3982//3982
f 3982//3982 3983//3983 3984//3984
f 3982//3982 3984//3984 3976//3976
f 3976//3976 3984//3984 3985//3985
f 3976//3976 3985//3985 3974//3974
f 3961//3961 3986//3986 3956//3956
f 3956//3956 3986//3986 3962//3962
f 3956//3956 3962//3962 3523//3523
f 3523//3523 3962//3962 3524//3524
f 3987//3987 3988//3988 3989//3989
f 3989//3989 3988//3988 3990//3990
f 3989//3989 3990//3990 3979//3979
f 3979//3979 3990//3990 3991//3991
f 3979//3979 3991//3991 3980//3980
f 3723//3723 3731//3731 3965//3965
f 3965//3965 3731//3731 3964//3964
f 3965//3965 3964//3964 3966//3966
f 3966//3966 3964//3964 3992//3992
f 3966//3966 3992//3992 3967//3967
f 3967//3967 3992//3992 3993//3993
f 3967//3967 3993//3993 3953//3953
f 3953//3953 3993//3993 3952//3952
f 3953//3953 3952//3952 1863//1863
f 1863//1863 3952//3952 1864//1864
f 3986//3986 3987//3987 3962//3962
f 3962//3962 3987//3987 3989//3989
f 3962//3962 3989//3989 3963//3963
f 3963//3963 3989//3989 3979//3979
f 3963//3963 3979//3979 3964//3964
f 3964//3964 3979//3979 3982//3982
f 3964//3964 3982//3982 3992//3992
f 3992//3992 3982//3982 3976//3976
f 3992//3992 3976//3976 3993//3993
f 3993//3993 3976//3976 3972//3972
f 3993//3993 3972//3972 3952//3952
f 3952//3952 3972//3972 3968//3968
f 3952//3952 3968//3968 1862//1862
f 1862//1862 3968//3968 1859//1859
f 574//574 2912//2912 2911//2911
f 574//574 2911//2911 576//576
f 576//576 2911//2911 2910//2910
f 576//576 2910//2910 572//572
f 569//569 2909//2909 2908//2908
f 2909//2909 569//569 2910//2910
f 2910//2910 569//569 570//570
f 2910//2910 570//570 572//572
f 574//574 573//573 2912//2912
f 2912//2912 573//573 578//578
f 2912//2912 578//578 2913//2913
f 2903//2903 556//556 2904//2904
f 2904//2904 556//556 566//566
f 2904//2904 566//566 2905//2905
f 2905//2905 566//566 565//565
f 2905//2905 565//565 2906//2906
f 2906//2906 565//565 563//563
f 2906//2906 563//563 2907//2907
f 2907//2907 563//563 562//562
f 2907//2907 562//562 2908//2908
f 2908//2908 562//562 567//567
f 2908//2908 567//567 569//569
f 2835//2835 3994//3994 2834//2834
f 2834//2834 3994//3994 3995//3995
f 2834//2834 3995//3995 2837//2837
f 2837//2837 3995//3995 3996//3996
f 2837//2837 3996//3996 2838//2838
f 2838//2838 3996//3996 3997//3997
f 2838//2838 3997//3997 2839//2839
f 2900//2900 550//550 554//554
f 2879//2879 2980//2980 2883//2883
f 2883//2883 2980//2980 2981//2981
f 2883//2883 2981//2981 2882//2882
f 3997//3997 3998//3998 2839//2839
f 2839//2839 3998//3998 3999//3999
f 2839//2839 3999//3999 2840//2840
f 2840//2840 3999//3999 4000//4000
f 2840//2840 4000//4000 2841//2841
f 2841//2841 4000//4000 4001//4001
f 2841//2841 4001//4001 2842//2842
f 2900//2900 554//554 2901//2901
f 2966//2966 2972//2972 2872//2872
f 2872//2872 2972//2972 2971//2971
f 2872//2872 2971//2971 2873//2873
f 2873//2873 2971//2971 2969//2969
f 2873//2873 2969//2969 2874//2874
f 2874//2874 2969//2969 2968//2968
f 2874//2874 2968//2968 2875//2875
f 2875//2875 2968//2968 2977//2977
f 2875//2875 2977//2977 2876//2876
f 2876//2876 2977//2977 2976//2976
f 2876//2876 2976//2976 2877//2877
f 2877//2877 2976//2976 2974//2974
f 2877//2877 2974//2974 2878//2878
f 2878//2878 2974//2974 2973//2973
f 2878//2878 2973//2973 2879//2879
f 2879//2879 2973//2973 2978//2978
f 2879//2879 2978//2978 2980//2980
f 2872//2872 2871//2871 2966//2966
f 2966//2966 2871//2871 2870//2870
f 2966//2966 2870//2870 2967//2967
f 2967//2967 2870//2870 2869//2869
f 2967//2967 2869//2869 2961//2961
f 2961//2961 2869//2869 2868//2868
f 2961//2961 2868//2868 2963//2963
f 2963//2963 2868//2868 2865//2865
f 2963//2963 2865//2865 2964//2964
f 2964//2964 2865//2865 2958//2958
f 2941//2941 1847//1847 2942//2942
f 2942//2942 1847//1847 1846//1846
f 2942//2942 1846//1846 2943//2943
f 2943//2943 1846//1846 1740//1740
f 2943//2943 1740//1740 2944//2944
f 2944//2944 1740//1740 1739//1739
f 2944//2944 1739//1739 2945//2945
f 2945//2945 1739//1739 1737//1737
f 2945//2945 1737//1737 2946//2946
f 2946//2946 1737//1737 1736//1736
f 2946//2946 1736//1736 2947//2947
f 554//554 553//553 2901//2901
f 2901//2901 553//553 561//561
f 2901//2901 561//561 2902//2902
f 2902//2902 561//561 560//560
f 2902//2902 560//560 2903//2903
f 2903//2903 560//560 558//558
f 2903//2903 558//558 556//556
f 550//550 2900//2900 551//551
f 551//551 2900//2900 2899//2899
f 551//551 2899//2899 547//547
f 547//547 2899//2899 2898//2898
f 547//547 2898//2898 546//546
f 546//546 2898//2898 2897//2897
f 546//546 2897//2897 540//540
f 2865//2865 2866//2866 2958//2958
f 2958//2958 2866//2866 2867//2867
f 2958//2958 2867//2867 2959//2959
f 2959//2959 2867//2867 2862//2862
f 2959//2959 2862//2862 2956//2956
f 2956//2956 2862//2862 2863//2863
f 1736//1736 1849//1849 2947//2947
f 2947//2947 1849//1849 1734//1734
f 2947//2947 1734//1734 2948//2948
f 2948//2948 1734//1734 1733//1733
f 2948//2948 1733//1733 2949//2949
f 2949//2949 1733//1733 1850//1850
f 2949//2949 1850//1850 2950//2950
f 2935//2935 1994//1994 2936//2936
f 2936//2936 1994//1994 1743//1743
f 2936//2936 1743//1743 2937//2937
f 2937//2937 1743//1743 1742//1742
f 2937//2937 1742//1742 2938//2938
f 2938//2938 1742//1742 1845//1845
f 2938//2938 1845//1845 2939//2939
f 2939//2939 1845//1845 1844//1844
f 2939//2939 1844//1844 2940//2940
f 2940//2940 1844//1844 1842//1842
f 2940//2940 1842//1842 2941//2941
f 2941//2941 1842//1842 1848//1848
f 2941//2941 1848//1848 1847//1847
f 2882//2882 2981//2981 2881//2881
f 2881//2881 2981//2981 524//524
f 2881//2881 524//524 2880//2880
f 2880//2880 524//524 526//526
f 2880//2880 526//526 2884//2884
f 2884//2884 526//526 530//530
f 2884//2884 530//530 2885//2885
f 2934//2934 2772//2772 2935//2935
f 2935//2935 2772//2772 1995//1995
f 2935//2935 1995//1995 1994//1994
f 2851//2851 2850//2850 4002//4002
f 4002//4002 2850//2850 2849//2849
f 4002//4002 2849//2849 4003//4003
f 4003//4003 2849//2849 2848//2848
f 2847//2847 4004//4004 2848//2848
f 2848//2848 4004//4004 4005//4005
f 2848//2848 4005//4005 4003//4003
f 4001//4001 4006//4006 2842//2842
f 2842//2842 4006//4006 4007//4007
f 2842//2842 4007//4007 2843//2843
f 2843//2843 4007//4007 4008//4008
f 2843//2843 4008//4008 2844//2844
f 2844//2844 4008//4008 4009//4009
f 2844//2844 4009//4009 2845//2845
f 2845//2845 4009//4009 4010//4010
f 2845//2845 4010//4010 2846//2846
f 2846//2846 4010//4010 4011//4011
f 2846//2846 4011//4011 2847//2847
f 2847//2847 4011//4011 4012//4012
f 2847//2847 4012//4012 4004//4004
f 3987//3987 3986//3986 2828//2828
f 2828//2828 3986//3986 3961//3961
f 2828//2828 3961//3961 2833//2833
f 2833//2833 3961//3961 3960//3960
f 2833//2833 3960//3960 2832//2832
f 2832//2832 3960//3960 3959//3959
f 2832//2832 3959//3959 2831//2831
f 2831//2831 3959//3959 4013//4013
f 2831//2831 4013//4013 2836//2836
f 2836//2836 4013//4013 4014//4014
f 2836//2836 4014//4014 2835//2835
f 2835//2835 4014//4014 4015//4015
f 2835//2835 4015//4015 3994//3994
f 530//530 529//529 2885//2885
f 2885//2885 529//529 528//528
f 2885//2885 528//528 2886//2886
f 2886//2886 528//528 532//532
f 2886//2886 532//532 2889//2889
f 2889//2889 532//532 531//531
f 2889//2889 531//531 2888//2888
f 2888//2888 531//531 522//522
f 2888//2888 522//522 2887//2887
f 2887//2887 522//522 521//521
f 2887//2887 521//521 2892//2892
f 2932//2932 1748//1748 2933//2933
f 2933//2933 1748//1748 1746//1746
f 2933//2933 1746//1746 2934//2934
f 2934//2934 1746//1746 1745//1745
f 2934//2934 1745//1745 2772//2772
f 578//578 582//582 2913//2913
f 2913//2913 582//582 581//581
f 2913//2913 581//581 2914//2914
f 2914//2914 581//581 587//587
f 2914//2914 587//587 2915//2915
f 2915//2915 587//587 586//586
f 2915//2915 586//586 2916//2916
f 540//540 2897//2897 541//541
f 541//541 2897//2897 2896//2896
f 541//541 2896//2896 542//542
f 542//542 2896//2896 2893//2893
f 542//542 2893//2893 544//544
f 544//544 2893//2893 2894//2894
f 544//544 2894//2894 545//545
f 545//545 2894//2894 2895//2895
f 545//545 2895//2895 535//535
f 535//535 2895//2895 2890//2890
f 535//535 2890//2890 536//536
f 536//536 2890//2890 2891//2891
f 536//536 2891//2891 538//538
f 2857//2857 4016//4016 2856//2856
f 2856//2856 4016//4016 4017//4017
f 2856//2856 4017//4017 2861//2861
f 2861//2861 4017//4017 4018//4018
f 2861//2861 4018//4018 2860//2860
f 2860//2860 4018//4018 4019//4019
f 2860//2860 4019//4019 2859//2859
f 2859//2859 4019//4019 4020//4020
f 2859//2859 4020//4020 2864//2864
f 2864//2864 4020//4020 2952//2952
f 2864//2864 2952//2952 2863//2863
f 2863//2863 2952//2952 2954//2954
f 2863//2863 2954//2954 2956//2956
f 4002//4002 4021//4021 2851//2851
f 2851//2851 4021//4021 4022//4022
f 2851//2851 4022//4022 2852//2852
f 2852//2852 4022//4022 4023//4023
f 2852//2852 4023//4023 2853//2853
f 2853//2853 4023//4023 4024//4024
f 2853//2853 4024//4024 2854//2854
f 2828//2828 2829//2829 3987//3987
f 3987//3987 2829//2829 2830//2830
f 3987//3987 2830//2830 3988//3988
f 3988//3988 2830//2830 2825//2825
f 3988//3988 2825//2825 3990//3990
f 3990//3990 2825//2825 3991//3991
f 2822//2822 3980//3980 2827//2827
f 2827//2827 3980//3980 3991//3991
f 2827//2827 3991//3991 2826//2826
f 2826//2826 3991//3991 2825//2825
f 2931//2931 1751//1751 2932//2932
f 2932//2932 1751//1751 1749//1749
f 2932//2932 1749//1749 1748//1748
f 2919//2919 2918//2918 1819//1819
f 1819//1819 2918//2918 2917//2917
f 1819//1819 2917//2917 583//583
f 583//583 2917//2917 2916//2916
f 583//583 2916//2916 584//584
f 584//584 2916//2916 586//586
f 2929//2929 1834//1834 2930//2930
f 2930//2930 1834//1834 2734//2734
f 2930//2930 2734//2734 2931//2931
f 2931//2931 2734//2734 1752//1752
f 2931//2931 1752//1752 1751//1751
f 2892//2892 521//521 2891//2891
f 2891//2891 521//521 539//539
f 2891//2891 539//539 538//538
f 4025//4025 4026//4026 2857//2857
f 2857//2857 4026//4026 4027//4027
f 2857//2857 4027//4027 4016//4016
f 4024//4024 4028//4028 2854//2854
f 2854//2854 4028//4028 4029//4029
f 2854//2854 4029//4029 2855//2855
f 2855//2855 4029//4029 4025//4025
f 2855//2855 4025//4025 2858//2858
f 2858//2858 4025//4025 2857//2857
f 3985//3985 3984//3984 2823//2823
f 2823//2823 3984//3984 3983//3983
f 2823//2823 3983//3983 2822//2822
f 2822//2822 3983//3983 3981//3981
f 2822//2822 3981//3981 3980//3980
f 1819//1819 1818//1818 2919//2919
f 2919//2919 1818//1818 1826//1826
f 2919//2919 1826//1826 2920//2920
f 2920//2920 1826//1826 1825//1825
f 2920//2920 1825//1825 2923//2923
f 2823//2823 2824//2824 3985//3985
f 3985//3985 2824//2824 2821//2821
f 3985//3985 2821//2821 3974//3974
f 3974//3974 2821//2821 2820//2820
f 3974//3974 2820//2820 3975//3975
f 3975//3975 2820//2820 3977//3977
f 2820//2820 2819//2819 3977//3977
f 3977//3977 2819//2819 2818//2818
f 3977//3977 2818//2818 3978//3978
f 3978//3978 2818//2818 2817//2817
f 3978//3978 2817//2817 3973//3973
f 3973//3973 2817//2817 3971//3971
f 2817//2817 2816//2816 3971//3971
f 3971//3971 2816//2816 2813//2813
f 3971//3971 2813//2813 3970//3970
f 3970//3970 2813//2813 2814//2814
f 3970//3970 2814//2814 3969//3969
f 3969//3969 2814//2814 1852//1852
f 2814//2814 2815//2815 1852//1852
f 1852//1852 2815//2815 2951//2951
f 1852//1852 2951//2951 1853//1853
f 1853//1853 2951//2951 2950//2950
f 1853//1853 2950//2950 1854//1854
f 1854//1854 2950//2950 1850//1850
f 1825//1825 1823//1823 2923//2923
f 2923//2923 1823//1823 1821//1821
f 2923//2923 1821//1821 2922//2922
f 2925//2925 1833//1833 2924//2924
f 2924//2924 1833//1833 1840//1840
f 2924//2924 1840//1840 2927//2927
f 2927//2927 1840//1840 1839//1839
f 2927//2927 1839//1839 2928//2928
f 2928//2928 1839//1839 1837//1837
f 2928//2928 1837//1837 2929//2929
f 2929//2929 1837//1837 1835//1835
f 2929//2929 1835//1835 1834//1834
f 1821//1821 2692//2692 2922//2922
f 2922//2922 2692//2692 1830//1830
f 2922//2922 1830//1830 2921//2921
f 2921//2921 1830//1830 1828//1828
f 2921//2921 1828//1828 2926//2926
f 2926//2926 1828//1828 1827//1827
f 2926//2926 1827//1827 2925//2925
f 2925//2925 1827//1827 1831//1831
f 2925//2925 1831//1831 1833//1833
f 3674//3674 3673//3673 4030//4030
f 3461//3461 3491//3491 4031//4031
f 3490//3490 3489//3489 4032//4032
f 3488//3488 3487//3487 4033//4033
f 3466//3466 3501//3501 4034//4034
f 3500//3500 3506//3506 4035//4035
f 3505//3505 3510//3510 4036//4036
f 3509//3509 3508//3508 4037//4037
f 3492//3492 3493//3493 4038//4038
f 3494//3494 3504//3504 4039//4039
f 3503//3503 3502//3502 4040//4040
f 3496//3496 3495//3495 4041//4041
f 3498//3498 3497//3497 4042//4042
f 3467//3467 3469//3469 4043//4043
f 3468//3468 3480//3480 4044//4044
f 3083//3083 3082//3082 4045//4045
f 3100//3100 3095//3095 4046//4046
f 3130//3130 3129//3129 4047//4047
f 3136//3136 3141//3141 4048//4048
f 3172//3172 3170//3170 4049//4049
f 4004//4004 4012//4012 4050//4050
f 4006//4006 4001//4001 4051//4051
f 3997//3997 3996//3996 4052//4052
f 3959//3959 3958//3958 4013//4013
f 4013//4013 3958//3958 4053//4053
f 4013//4013 4053//4053 4014//4014
f 4014//4014 4053//4053 4015//4015
f 4015//4015 4053//4053 4054//4054
f 4015//4015 4054//4054 3994//3994
f 4052//4052 3996//3996 4054//4054
f 4054//4054 3996//3996 3995//3995
f 4054//4054 3995//3995 3994//3994
f 3997//3997 4052//4052 3998//3998
f 3998//3998 4052//4052 4055//4055
f 3998//3998 4055//4055 3999//3999
f 4051//4051 4001//4001 4055//4055
f 4055//4055 4001//4001 4000//4000
f 4055//4055 4000//4000 3999//3999
f 4006//4006 4051//4051 4007//4007
f 4007//4007 4051//4051 4056//4056
f 4007//4007 4056//4056 4008//4008
f 4008//4008 4056//4056 4009//4009
f 4009//4009 4056//4056 4057//4057
f 4009//4009 4057//4057 4010//4010
f 4050//4050 4012//4012 4057//4057
f 4057//4057 4012//4012 4011//4011
f 4057//4057 4011//4011 4010//4010
f 4021//4021 4002//4002 4058//4058
f 4058//4058 4002//4002 4003//4003
f 4058//4058 4003//4003 4050//4050
f 4050//4050 4003//4003 4005//4005
f 4050//4050 4005//4005 4004//4004
f 4023//4023 4059//4059 4024//4024
f 4024//4024 4059//4059 4060//4060
f 4024//4024 4060//4060 4028//4028
f 4061//4061 4026//4026 4025//4025
f 4061//4061 4025//4025 4060//4060
f 4060//4060 4025//4025 4029//4029
f 4060//4060 4029//4029 4028//4028
f 4062//4062 4016//4016 4061//4061
f 4061//4061 4016//4016 4027//4027
f 4061//4061 4027//4027 4026//4026
f 4020//4020 4019//4019 4063//4063
f 4063//4063 4019//4019 4018//4018
f 4063//4063 4018//4018 4062//4062
f 4062//4062 4018//4018 4017//4017
f 4062//4062 4017//4017 4016//4016
f 2952//2952 4020//4020 2953//2953
f 2953//2953 4020//4020 4063//4063
f 2953//2953 4063//4063 3014//3014
f 3036//3036 3215//3215 4064//4064
f 4064//4064 3215//3215 3017//3017
f 3017//3017 3016//3016 4065//4065
f 4065//4065 3016//3016 3015//3015
f 4065//4065 3015//3015 3014//3014
f 3214//3214 3213//3213 4066//4066
f 4066//4066 3213//3213 3212//3212
f 4066//4066 3212//3212 3037//3037
f 3039//3039 3209//3209 4067//4067
f 4067//4067 3209//3209 3211//3211
f 4067//4067 3211//3211 3214//3214
f 3043//3043 3042//3042 4068//4068
f 4068//4068 3042//3042 3208//3208
f 4068//4068 3208//3208 3040//3040
f 4069//4069 3202//3202 3204//3204
f 3207//3207 3206//3206 4070//4070
f 4070//4070 3206//3206 3205//3205
f 4070//4070 3205//3205 3043//3043
f 4071//4071 3195//3195 3194//3194
f 3197//3197 3196//3196 4071//4071
f 4071//4071 3196//3196 3201//3201
f 4071//4071 3201//3201 3195//3195
f 3045//3045 3200//3200 4072//4072
f 4072//4072 3200//3200 3199//3199
f 4072//4072 3199//3199 3197//3197
f 3045//3045 4073//4073 3046//3046
f 3046//3046 4073//4073 3192//3192
f 3188//3188 3187//3187 4074//4074
f 4074//4074 3187//3187 3049//3049
f 4074//4074 3049//3049 3048//3048
f 3191//3191 3190//3190 4075//4075
f 4075//4075 3190//3190 3189//3189
f 4075//4075 3189//3189 3188//3188
f 3051//3051 4076//4076 3052//3052
f 3052//3052 4076//4076 3182//3182
f 3178//3178 3177//3177 4077//4077
f 4077//4077 3177//3177 3175//3175
f 4077//4077 3175//3175 4078//4078
f 4078//4078 3175//3175 3185//3185
f 4078//4078 3185//3185 4079//4079
f 4079//4079 3185//3185 3184//3184
f 4079//4079 3184//3184 3183//3183
f 4080//4080 3181//3181 3180//3180
f 4080//4080 3180//3180 4077//4077
f 4077//4077 3180//3180 3179//3179
f 4077//4077 3179//3179 3178//3178
f 4049//4049 3170//3170 4080//4080
f 4080//4080 3170//3170 3169//3169
f 4080//4080 3169//3169 3181//3181
f 3165//3165 4081//4081 3166//3166
f 3166//3166 4081//4081 4082//4082
f 3166//3166 4082//4082 3168//3168
f 3165//3165 3055//3055 4081//4081
f 4081//4081 3055//3055 3054//3054
f 4081//4081 3054//3054 4049//4049
f 4049//4049 3054//3054 3173//3173
f 4049//4049 3173//3173 3172//3172
f 3168//3168 4082//4082 3164//3164
f 3164//3164 4082//4082 4083//4083
f 3164//3164 4083//4083 3057//3057
f 4084//4084 3163//3163 4083//4083
f 4083//4083 3163//3163 3058//3058
f 4083//4083 3058//3058 3057//3057
f 3159//3159 3157//3157 4085//4085
f 4085//4085 3157//3157 3156//3156
f 4085//4085 3156//3156 4084//4084
f 4084//4084 3156//3156 3162//3162
f 4084//4084 3162//3162 3163//3163
f 3159//3159 4085//4085 3160//3160
f 3160//3160 4085//4085 4086//4086
f 3160//3160 4086//4086 3153//3153
f 3152//3152 3151//3151 4087//4087
f 4087//4087 3151//3151 3155//3155
f 4087//4087 3155//3155 4086//4086
f 4086//4086 3155//3155 3154//3154
f 4086//4086 3154//3154 3153//3153
f 3152//3152 4087//4087 3149//3149
f 3149//3149 4087//4087 4088//4088
f 3149//3149 4088//4088 3147//3147
f 4089//4089 3146//3146 4088//4088
f 4088//4088 3146//3146 3145//3145
f 3145//3145 3143//3143 4088//4088
f 4088//4088 3143//3143 3142//3142
f 4088//4088 3142//3142 3147//3147
f 3141//3141 3140//3140 4048//4048
f 4048//4048 3140//3140 3138//3138
f 4048//4048 3138//3138 4089//4089
f 4089//4089 3138//3138 3137//3137
f 4089//4089 3137//3137 3146//3146
f 4047//4047 3129//3129 4048//4048
f 4048//4048 3129//3129 3134//3134
f 4048//4048 3134//3134 3136//3136
f 3125//3125 4090//4090 3127//3127
f 3127//3127 4090//4090 4091//4091
f 3127//3127 4091//4091 3128//3128
f 3125//3125 3124//3124 4090//4090
f 4090//4090 3124//3124 3133//3133
f 4090//4090 3133//3133 4047//4047
f 4047//4047 3133//3133 3132//3132
f 4047//4047 3132//3132 3130//3130
f 3118//3118 3123//3123 4092//4092
f 4092//4092 3123//3123 3122//3122
f 4092//4092 3122//3122 4091//4091
f 4091//4091 3122//3122 3121//3121
f 4091//4091 3121//3121 3128//3128
f 3114//3114 3112//3112 4093//4093
f 4093//4093 3112//3112 3111//3111
f 4093//4093 3111//3111 4092//4092
f 4092//4092 3111//3111 3116//3116
f 4092//4092 3116//3116 3118//3118
f 3114//3114 4093//4093 3115//3115
f 3115//3115 4093//4093 4094//4094
f 3115//3115 4094//4094 3110//3110
f 3106//3106 3104//3104 4095//4095
f 4095//4095 3104//3104 3103//3103
f 4095//4095 3103//3103 4094//4094
f 4094//4094 3103//3103 3108//3108
f 4094//4094 3108//3108 3110//3110
f 3106//3106 4095//4095 3107//3107
f 3107//3107 4095//4095 4096//4096
f 3107//3107 4096//4096 3099//3099
f 4046//4046 3095//3095 4096//4096
f 4096//4096 3095//3095 3097//3097
f 4096//4096 3097//3097 3099//3099
f 4097//4097 3090//3090 3102//3102
f 4097//4097 3102//3102 4046//4046
f 4046//4046 3102//3102 3101//3101
f 4046//4046 3101//3101 3100//3100
f 3089//3089 3094//3094 4098//4098
f 4098//4098 3094//3094 3093//3093
f 4098//4098 3093//3093 4097//4097
f 4097//4097 3093//3093 3091//3091
f 4097//4097 3091//3091 3090//3090
f 4045//4045 3082//3082 4098//4098
f 4098//4098 3082//3082 3087//3087
f 4098//4098 3087//3087 3089//3089
f 3077//3077 3079//3079 3481//3481
f 3481//3481 3079//3079 4099//4099
f 3481//3481 4099//4099 3478//3478
f 3478//3478 4099//4099 3479//3479
f 3079//3079 3081//3081 4099//4099
f 4099//4099 3081//3081 3086//3086
f 4099//4099 3086//3086 4045//4045
f 4045//4045 3086//3086 3085//3085
f 4045//4045 3085//3085 3083//3083
f 3498//3498 4042//4042 3499//3499
f 3492//3492 4038//4038 3507//3507
f 3466//3466 4034//4034 3486//3486
f 3462//3462 3461//3461 3684//3684
f 3684//3684 3461//3461 4031//4031
f 3684//3684 4031//4031 3685//3685
f 3681//3681 3679//3679 4100//4100
f 4100//4100 3679//3679 3678//3678
f 4100//4100 3678//3678 4031//4031
f 4031//4031 3678//3678 3686//3686
f 4031//4031 3686//3686 3685//3685
f 3681//3681 4100//4100 3682//3682
f 3682//3682 4100//4100 4101//4101
f 3682//3682 4101//4101 3677//3677
f 3673//3673 3671//3671 4030//4030
f 4030//4030 3671//3671 3670//3670
f 4030//4030 3670//3670 4101//4101
f 4101//4101 3670//3670 3675//3675
f 4101//4101 3675//3675 3677//3677
f 3674//3674 4030//4030 3666//3666
f 3666//3666 4030//4030 4102//4102
f 3666//3666 4102//4102 3665//3665
f 4103//4103 3661//3661 4102//4102
f 4102//4102 3661//3661 3663//3663
f 4102//4102 3663//3663 3665//3665
f 3656//3656 3669//3669 4104//4104
f 4104//4104 3669//3669 3668//3668
f 4104//4104 3668//3668 4103//4103
f 4103//4103 3668//3668 3667//3667
f 4103//4103 3667//3667 3661//3661
f 3656//3656 4104//4104 3657//3657
f 3657//3657 4104//4104 4105//4105
f 3657//3657 4105//4105 3659//3659
f 3659//3659 4105//4105 3660//3660
f 3660//3660 4105//4105 4106//4106
f 3660//3660 4106//4106 3654//3654
f 3645//3645 3650//3650 4107//4107
f 4107//4107 3650//3650 3652//3652
f 4107//4107 3652//3652 4106//4106
f 4106//4106 3652//3652 3655//3655
f 4106//4106 3655//3655 3654//3654
f 3645//3645 4107//4107 3646//3646
f 3646//3646 4107//4107 4108//4108
f 3646//3646 4108//4108 3648//3648
f 4109//4109 3642//3642 4108//4108
f 4108//4108 3642//3642 3644//3644
f 3644//3644 3841//3841 4108//4108
f 4108//4108 3841//3841 3649//3649
f 4108//4108 3649//3649 3648//3648
f 3639//3639 3638//3638 4110//4110
f 4110//4110 3638//3638 3532//3532
f 4110//4110 3532//3532 4109//4109
f 4109//4109 3532//3532 3531//3531
f 4109//4109 3531//3531 3642//3642
f 3636//3636 3634//3634 4111//4111
f 4111//4111 3634//3634 3633//3633
f 4111//4111 3633//3633 4110//4110
f 4110//4110 3633//3633 3641//3641
f 4110//4110 3641//3641 3639//3639
f 3632//3632 3630//3630 4112//4112
f 4112//4112 3630//3630 3629//3629
f 4112//4112 3629//3629 4111//4111
f 4111//4111 3629//3629 3637//3637
f 4111//4111 3637//3637 3636//3636
f 3632//3632 4112//4112 3625//3625
f 3625//3625 4112//4112 4113//4113
f 3625//3625 4113//4113 3626//3626
f 3622//3622 3535//3535 4114//4114
f 4114//4114 3535//3535 3534//3534
f 4114//4114 3534//3534 4113//4113
f 4113//4113 3534//3534 3628//3628
f 4113//4113 3628//3628 3626//3626
f 3620//3620 3621//3621 4115//4115
f 4115//4115 3621//3621 3624//3624
f 4115//4115 3624//3624 4114//4114
f 4114//4114 3624//3624 3623//3623
f 4114//4114 3623//3623 3622//3622
f 3620//3620 4115//4115 3615//3615
f 3615//3615 4115//4115 4116//4116
f 3615//3615 4116//4116 3616//3616
f 3611//3611 3610//3610 4117//4117
f 4117//4117 3610//3610 3619//3619
f 4117//4117 3619//3619 4116//4116
f 4116//4116 3619//3619 3618//3618
f 4116//4116 3618//3618 3616//3616
f 3611//3611 4117//4117 3613//3613
f 3613//3613 4117//4117 4118//4118
f 3613//3613 4118//4118 3614//3614
f 3604//3604 3603//3603 4119//4119
f 4119//4119 3603//3603 3607//3607
f 4119//4119 3607//3607 4118//4118
f 4118//4118 3607//3607 3609//3609
f 4118//4118 3609//3609 3614//3614
f 3604//3604 4119//4119 3606//3606
f 3606//3606 4119//4119 4120//4120
f 3606//3606 4120//4120 3598//3598
f 3593//3593 3602//3602 4121//4121
f 4121//4121 3602//3602 3601//3601
f 4121//4121 3601//3601 4120//4120
f 4120//4120 3601//3601 3599//3599
f 4120//4120 3599//3599 3598//3598
f 3593//3593 4121//4121 3594//3594
f 3594//3594 4121//4121 4122//4122
f 3594//3594 4122//4122 3596//3596
f 3596//3596 4122//4122 3597//3597
f 3597//3597 4122//4122 4123//4123
f 3597//3597 4123//4123 3587//3587
f 4124//4124 3590//3590 4123//4123
f 4123//4123 3590//3590 3588//3588
f 4123//4123 3588//3588 3587//3587
f 4125//4125 3592//3592 4124//4124
f 4124//4124 3592//3592 3591//3591
f 4124//4124 3591//3591 3590//3590
f 3586//3586 3585//3585 4126//4126
f 4126//4126 3585//3585 3583//3583
f 4126//4126 3583//3583 4125//4125
f 4125//4125 3583//3583 3582//3582
f 4125//4125 3582//3582 3592//3592
f 3575//3575 3574//3574 4127//4127
f 4127//4127 3574//3574 3579//3579
f 4127//4127 3579//3579 4126//4126
f 4126//4126 3579//3579 3581//3581
f 4126//4126 3581//3581 3586//3586
f 3575//3575 4127//4127 3577//3577
f 3577//3577 4127//4127 4128//4128
f 3577//3577 4128//4128 3578//3578
f 3567//3567 3566//3566 4129//4129
f 4129//4129 3566//3566 3571//3571
f 4129//4129 3571//3571 4128//4128
f 4128//4128 3571//3571 3573//3573
f 4128//4128 3573//3573 3578//3578
f 3567//3567 4129//4129 3569//3569
f 3569//3569 4129//4129 4130//4130
f 3569//3569 4130//4130 3570//3570
f 4131//4131 3562//3562 4130//4130
f 4130//4130 3562//3562 3561//3561
f 4130//4130 3561//3561 3570//3570
f 3559//3559 3565//3565 4131//4131
f 4131//4131 3565//3565 3564//3564
f 4131//4131 3564//3564 3562//3562
f 3557//3557 3556//3556 4132//4132
f 4132//4132 3556//3556 3555//3555
f 4132//4132 3555//3555 3560//3560
f 3553//3553 3552//3552 4133//4133
f 4133//4133 3552//3552 3551//3551
f 4133//4133 3551//3551 3537//3537
f 3550//3550 3553//3553 4134//4134
f 3540//3540 3539//3539 4134//4134
f 4134//4134 3539//3539 3548//3548
f 4134//4134 3548//3548 3550//3550
f 3545//3545 3543//3543 4135//4135
f 4135//4135 3543//3543 3542//3542
f 4135//4135 3542//3542 3547//3547
f 3954//3954 3735//3735 4136//4136
f 4136//4136 3735//3735 3546//3546
f 4136//4136 3546//3546 3545//3545
f 3957//3957 3955//3955 4137//4137
f 4137//4137 3955//3955 3954//3954
f 4138//4138 4139//4139 4140//4140
f 3545//3545 4135//4135 4136//4136
f 4136//4136 4135//4135 4141//4141
f 4136//4136 4141//4141 4142//4142
f 4142//4142 4141//4141 4143//4143
f 4142//4142 4143//4143 4144//4144
f 4144//4144 4143//4143 4145//4145
f 4144//4144 4145//4145 4146//4146
f 4146//4146 4145//4145 4147//4147
f 4146//4146 4147//4147 4148//4148
f 3536//3536 3557//3557 4149//4149
f 4149//4149 3557//3557 4132//4132
f 4149//4149 4132//4132 4150//4150
f 4151//4151 4152//4152 4153//4153
f 4154//4154 4150//4150 4155//4155
f 4155//4155 4150//4150 4132//4132
f 4155//4155 4132//4132 4131//4131
f 4131//4131 4132//4132 3560//3560
f 4131//4131 3560//3560 3559//3559
f 3508//3508 3507//3507 4037//4037
f 4037//4037 3507//3507 4038//4038
f 4037//4037 4038//4038 4156//4156
f 4156//4156 4038//4038 4157//4157
f 4156//4156 4157//4157 4158//4158
f 4158//4158 4157//4157 4159//4159
f 4158//4158 4159//4159 4160//4160
f 4160//4160 4159//4159 4161//4161
f 4160//4160 4161//4161 4162//4162
f 4162//4162 4161//4161 4163//4163
f 4162//4162 4163//4163 4164//4164
f 4164//4164 4163//4163 4165//4165
f 4164//4164 4165//4165 4166//4166
f 4166//4166 4165//4165 4167//4167
f 4166//4166 4167//4167 4168//4168
f 4168//4168 4167//4167 4169//4169
f 4168//4168 4169//4169 4170//4170
f 4170//4170 4169//4169 4171//4171
f 4170//4170 4171//4171 4172//4172
f 4172//4172 4171//4171 4173//4173
f 4172//4172 4173//4173 4174//4174
f 4174//4174 4173//4173 4175//4175
f 4174//4174 4175//4175 4176//4176
f 4176//4176 4175//4175 4177//4177
f 4176//4176 4177//4177 4178//4178
f 4178//4178 4177//4177 4179//4179
f 4178//4178 4179//4179 4180//4180
f 4180//4180 4179//4179 4181//4181
f 4180//4180 4181//4181 4182//4182
f 4182//4182 4181//4181 4183//4183
f 4182//4182 4183//4183 4184//4184
f 4184//4184 4183//4183 4185//4185
f 4184//4184 4185//4185 4186//4186
f 4186//4186 4185//4185 4187//4187
f 4186//4186 4187//4187 4188//4188
f 4188//4188 4187//4187 4189//4189
f 4188//4188 4189//4189 4190//4190
f 4190//4190 4189//4189 4191//4191
f 4190//4190 4191//4191 4192//4192
f 4192//4192 4191//4191 4193//4193
f 4192//4192 4193//4193 4194//4194
f 4194//4194 4193//4193 4195//4195
f 4194//4194 4195//4195 4196//4196
f 4196//4196 4195//4195 4197//4197
f 4196//4196 4197//4197 4198//4198
f 4198//4198 4197//4197 4199//4199
f 4198//4198 4199//4199 4200//4200
f 4200//4200 4199//4199 4201//4201
f 4200//4200 4201//4201 4202//4202
f 4202//4202 4201//4201 4203//4203
f 4202//4202 4203//4203 4204//4204
f 4204//4204 4203//4203 4205//4205
f 4204//4204 4205//4205 4206//4206
f 4206//4206 4205//4205 4207//4207
f 4206//4206 4207//4207 4208//4208
f 4208//4208 4207//4207 4209//4209
f 4208//4208 4209//4209 4210//4210
f 4210//4210 4209//4209 4211//4211
f 3506//3506 3505//3505 4035//4035
f 4035//4035 3505//3505 4036//4036
f 4035//4035 4036//4036 4212//4212
f 4212//4212 4036//4036 4213//4213
f 4212//4212 4213//4213 4214//4214
f 4214//4214 4213//4213 4215//4215
f 4214//4214 4215//4215 4216//4216
f 4216//4216 4215//4215 4217//4217
f 4216//4216 4217//4217 4218//4218
f 4218//4218 4217//4217 4219//4219
f 4218//4218 4219//4219 4220//4220
f 4220//4220 4219//4219 4221//4221
f 4220//4220 4221//4221 4222//4222
f 4222//4222 4221//4221 4223//4223
f 4222//4222 4223//4223 4224//4224
f 4224//4224 4223//4223 4225//4225
f 4224//4224 4225//4225 4226//4226
f 4226//4226 4225//4225 4227//4227
f 4226//4226 4227//4227 4228//4228
f 4228//4228 4227//4227 4229//4229
f 4228//4228 4229//4229 4230//4230
f 4230//4230 4229//4229 4231//4231
f 4230//4230 4231//4231 4232//4232
f 4232//4232 4231//4231 4233//4233
f 4232//4232 4233//4233 4234//4234
f 4234//4234 4233//4233 4235//4235
f 4234//4234 4235//4235 4236//4236
f 4236//4236 4235//4235 4237//4237
f 4236//4236 4237//4237 4238//4238
f 4238//4238 4237//4237 4239//4239
f 4238//4238 4239//4239 4240//4240
f 4240//4240 4239//4239 4241//4241
f 4240//4240 4241//4241 4242//4242
f 4242//4242 4241//4241 4243//4243
f 4242//4242 4243//4243 4244//4244
f 4244//4244 4243//4243 4245//4245
f 4244//4244 4245//4245 4246//4246
f 4246//4246 4245//4245 4247//4247
f 4246//4246 4247//4247 4248//4248
f 4248//4248 4247//4247 4249//4249
f 4248//4248 4249//4249 4250//4250
f 4250//4250 4249//4249 4251//4251
f 4250//4250 4251//4251 4252//4252
f 4252//4252 4251//4251 4253//4253
f 4252//4252 4253//4253 4254//4254
f 4254//4254 4253//4253 4255//4255
f 4254//4254 4255//4255 4256//4256
f 4256//4256 4255//4255 4257//4257
f 4256//4256 4257//4257 4258//4258
f 4258//4258 4257//4257 4259//4259
f 4258//4258 4259//4259 4260//4260
f 4260//4260 4259//4259 4261//4261
f 4260//4260 4261//4261 4262//4262
f 4262//4262 4261//4261 4263//4263
f 4262//4262 4263//4263 4264//4264
f 4264//4264 4263//4263 4265//4265
f 4264//4264 4265//4265 4266//4266
f 4266//4266 4265//4265 4267//4267
f 4266//4266 4267//4267 4268//4268
f 4268//4268 4267//4267 4269//4269
f 4268//4268 4269//4269 4270//4270
f 4270//4270 4269//4269 4271//4271
f 4270//4270 4271//4271 4272//4272
f 4272//4272 4271//4271 4273//4273
f 4272//4272 4273//4273 4274//4274
f 4274//4274 4273//4273 4275//4275
f 4274//4274 4275//4275 4276//4276
f 4276//4276 4275//4275 4277//4277
f 4276//4276 4277//4277 4278//4278
f 4278//4278 4277//4277 4279//4279
f 4278//4278 4279//4279 4280//4280
f 4280//4280 4279//4279 4281//4281
f 3501//3501 3500//3500 4034//4034
f 4034//4034 3500//3500 4035//4035
f 4034//4034 4035//4035 4282//4282
f 4282//4282 4035//4035 4212//4212
f 4282//4282 4212//4212 4283//4283
f 4283//4283 4212//4212 4214//4214
f 4283//4283 4214//4214 4284//4284
f 4284//4284 4214//4214 4216//4216
f 4284//4284 4216//4216 4285//4285
f 4285//4285 4216//4216 4218//4218
f 4285//4285 4218//4218 4286//4286
f 4286//4286 4218//4218 4220//4220
f 4286//4286 4220//4220 4287//4287
f 4287//4287 4220//4220 4222//4222
f 4287//4287 4222//4222 4288//4288
f 4288//4288 4222//4222 4224//4224
f 4288//4288 4224//4224 4289//4289
f 4289//4289 4224//4224 4226//4226
f 4289//4289 4226//4226 4290//4290
f 4290//4290 4226//4226 4228//4228
f 4290//4290 4228//4228 4291//4291
f 4291//4291 4228//4228 4230//4230
f 4291//4291 4230//4230 4292//4292
f 4292//4292 4230//4230 4232//4232
f 4292//4292 4232//4232 4293//4293
f 4293//4293 4232//4232 4234//4234
f 4293//4293 4234//4234 4294//4294
f 4294//4294 4234//4234 4236//4236
f 4294//4294 4236//4236 4295//4295
f 4295//4295 4236//4236 4238//4238
f 4295//4295 4238//4238 4296//4296
f 4296//4296 4238//4238 4240//4240
f 4296//4296 4240//4240 4297//4297
f 4297//4297 4240//4240 4242//4242
f 4297//4297 4242//4242 4298//4298
f 4298//4298 4242//4242 4244//4244
f 4298//4298 4244//4244 4299//4299
f 4299//4299 4244//4244 4246//4246
f 4299//4299 4246//4246 4300//4300
f 4300//4300 4246//4246 4248//4248
f 4300//4300 4248//4248 4301//4301
f 4301//4301 4248//4248 4250//4250
f 4301//4301 4250//4250 4302//4302
f 4302//4302 4250//4250 4252//4252
f 4302//4302 4252//4252 4303//4303
f 4303//4303 4252//4252 4254//4254
f 4303//4303 4254//4254 4304//4304
f 4304//4304 4254//4254 4256//4256
f 4304//4304 4256//4256 4305//4305
f 4305//4305 4256//4256 4258//4258
f 4305//4305 4258//4258 4306//4306
f 4306//4306 4258//4258 4260//4260
f 4306//4306 4260//4260 4307//4307
f 4307//4307 4260//4260 4262//4262
f 4307//4307 4262//4262 4308//4308
f 4308//4308 4262//4262 4264//4264
f 4308//4308 4264//4264 4309//4309
f 4309//4309 4264//4264 4266//4266
f 4309//4309 4266//4266 4310//4310
f 4310//4310 4266//4266 4268//4268
f 4310//4310 4268//4268 4311//4311
f 4311//4311 4268//4268 4270//4270
f 4311//4311 4270//4270 4312//4312
f 4312//4312 4270//4270 4272//4272
f 4312//4312 4272//4272 4313//4313
f 4313//4313 4272//4272 4274//4274
f 4313//4313 4274//4274 4314//4314
f 4314//4314 4274//4274 4276//4276
f 4314//4314 4276//4276 4315//4315
f 4315//4315 4276//4276 4278//4278
f 4315//4315 4278//4278 4316//4316
f 4316//4316 4278//4278 4280//4280
f 3487//3487 3486//3486 4033//4033
f 4033//4033 3486//3486 4034//4034
f 4033//4033 4034//4034 4317//4317
f 4317//4317 4034//4034 4282//4282
f 4317//4317 4282//4282 4318//4318
f 4318//4318 4282//4282 4283//4283
f 4318//4318 4283//4283 4319//4319
f 4319//4319 4283//4283 4284//4284
f 4319//4319 4284//4284 4320//4320
f 4320//4320 4284//4284 4285//4285
f 4320//4320 4285//4285 4321//4321
f 4321//4321 4285//4285 4286//4286
f 4321//4321 4286//4286 4322//4322
f 4322//4322 4286//4286 4287//4287
f 4322//4322 4287//4287 4323//4323
f 4323//4323 4287//4287 4288//4288
f 4323//4323 4288//4288 4324//4324
f 4324//4324 4288//4288 4289//4289
f 4324//4324 4289//4289 4325//4325
f 4325//4325 4289//4289 4290//4290
f 4325//4325 4290//4290 4326//4326
f 4326//4326 4290//4290 4291//4291
f 4326//4326 4291//4291 4327//4327
f 4327//4327 4291//4291 4292//4292
f 4327//4327 4292//4292 4328//4328
f 4328//4328 4292//4292 4293//4293
f 4328//4328 4293//4293 4329//4329
f 4329//4329 4293//4293 4294//4294
f 4329//4329 4294//4294 4330//4330
f 4330//4330 4294//4294 4295//4295
f 4330//4330 4295//4295 4331//4331
f 4331//4331 4295//4295 4296//4296
f 4331//4331 4296//4296 4332//4332
f 4332//4332 4296//4296 4297//4297
f 4332//4332 4297//4297 4333//4333
f 4333//4333 4297//4297 4298//4298
f 4333//4333 4298//4298 4334//4334
f 4334//4334 4298//4298 4299//4299
f 4334//4334 4299//4299 4335//4335
f 4335//4335 4299//4299 4300//4300
f 4335//4335 4300//4300 4336//4336
f 4336//4336 4300//4300 4301//4301
f 4336//4336 4301//4301 4337//4337
f 4337//4337 4301//4301 4302//4302
f 4337//4337 4302//4302 4338//4338
f 4338//4338 4302//4302 4303//4303
f 4338//4338 4303//4303 4339//4339
f 4339//4339 4303//4303 4304//4304
f 4339//4339 4304//4304 4340//4340
f 4340//4340 4304//4304 4305//4305
f 4340//4340 4305//4305 4341//4341
f 4341//4341 4305//4305 4306//4306
f 4341//4341 4306//4306 4342//4342
f 4342//4342 4306//4306 4307//4307
f 4342//4342 4307//4307 4343//4343
f 4343//4343 4307//4307 4308//4308
f 4343//4343 4308//4308 4344//4344
f 4344//4344 4308//4308 4309//4309
f 4344//4344 4309//4309 4345//4345
f 4345//4345 4309//4309 4310//4310
f 4345//4345 4310//4310 4346//4346
f 4346//4346 4310//4310 4311//4311
f 4346//4346 4311//4311 4347//4347
f 4347//4347 4311//4311 4312//4312
f 4347//4347 4312//4312 4348//4348
f 4348//4348 4312//4312 4313//4313
f 4348//4348 4313//4313 4349//4349
f 4349//4349 4313//4313 4314//4314
f 4349//4349 4314//4314 4350//4350
f 4350//4350 4314//4314 4315//4315
f 4350//4350 4315//4315 4351//4351
f 4351//4351 4315//4315 4316//4316
f 3489//3489 3488//3488 4032//4032
f 4032//4032 3488//3488 4033//4033
f 4032//4032 4033//4033 4352//4352
f 4352//4352 4033//4033 4317//4317
f 4352//4352 4317//4317 4353//4353
f 4353//4353 4317//4317 4318//4318
f 4353//4353 4318//4318 4354//4354
f 4354//4354 4318//4318 4319//4319
f 4354//4354 4319//4319 4355//4355
f 4355//4355 4319//4319 4320//4320
f 4355//4355 4320//4320 4356//4356
f 4356//4356 4320//4320 4321//4321
f 4356//4356 4321//4321 4357//4357
f 4357//4357 4321//4321 4322//4322
f 4357//4357 4322//4322 4358//4358
f 4358//4358 4322//4322 4323//4323
f 4358//4358 4323//4323 4359//4359
f 4359//4359 4323//4323 4324//4324
f 4359//4359 4324//4324 4360//4360
f 4360//4360 4324//4324 4325//4325
f 4360//4360 4325//4325 4361//4361
f 4361//4361 4325//4325 4326//4326
f 4361//4361 4326//4326 4362//4362
f 4362//4362 4326//4326 4327//4327
f 4362//4362 4327//4327 4363//4363
f 4363//4363 4327//4327 4328//4328
f 4363//4363 4328//4328 4364//4364
f 4364//4364 4328//4328 4329//4329
f 4364//4364 4329//4329 4365//4365
f 4365//4365 4329//4329 4330//4330
f 4365//4365 4330//4330 4366//4366
f 4366//4366 4330//4330 4331//4331
f 4366//4366 4331//4331 4367//4367
f 4367//4367 4331//4331 4332//4332
f 4367//4367 4332//4332 4368//4368
f 4368//4368 4332//4332 4333//4333
f 4368//4368 4333//4333 4369//4369
f 4369//4369 4333//4333 4334//4334
f 4369//4369 4334//4334 4370//4370
f 4370//4370 4334//4334 4335//4335
f 4370//4370 4335//4335 4371//4371
f 4371//4371 4335//4335 4336//4336
f 4371//4371 4336//4336 4372//4372
f 4372//4372 4336//4336 4337//4337
f 4372//4372 4337//4337 4373//4373
f 4373//4373 4337//4337 4338//4338
f 4373//4373 4338//4338 4374//4374
f 4374//4374 4338//4338 4339//4339
f 4374//4374 4339//4339 4375//4375
f 4375//4375 4339//4339 4340//4340
f 4375//4375 4340//4340 4376//4376
f 4376//4376 4340//4340 4341//4341
f 4376//4376 4341//4341 4377//4377
f 4377//4377 4341//4341 4342//4342
f 4377//4377 4342//4342 4378//4378
f 4378//4378 4342//4342 4343//4343
f 4378//4378 4343//4343 4379//4379
f 4379//4379 4343//4343 4344//4344
f 4379//4379 4344//4344 4380//4380
f 4380//4380 4344//4344 4345//4345
f 4380//4380 4345//4345 4381//4381
f 4381//4381 4345//4345 4346//4346
f 4381//4381 4346//4346 4382//4382
f 4382//4382 4346//4346 4347//4347
f 4382//4382 4347//4347 4383//4383
f 4383//4383 4347//4347 4348//4348
f 4383//4383 4348//4348 4384//4384
f 4384//4384 4348//4348 4349//4349
f 4384//4384 4349//4349 4385//4385
f 4385//4385 4349//4349 4350//4350
f 4385//4385 4350//4350 4386//4386
f 4386//4386 4350//4350 4351//4351
f 3491//3491 3490//3490 4031//4031
f 4031//4031 3490//3490 4032//4032
f 4031//4031 4032//4032 4100//4100
f 4100//4100 4032//4032 4352//4352
f 4100//4100 4352//4352 4101//4101
f 4101//4101 4352//4352 4353//4353
f 4101//4101 4353//4353 4030//4030
f 4030//4030 4353//4353 4354//4354
f 4030//4030 4354//4354 4102//4102
f 4102//4102 4354//4354 4355//4355
f 4102//4102 4355//4355 4103//4103
f 4103//4103 4355//4355 4356//4356
f 4103//4103 4356//4356 4104//4104
f 4104//4104 4356//4356 4357//4357
f 4104//4104 4357//4357 4105//4105
f 4105//4105 4357//4357 4358//4358
f 4105//4105 4358//4358 4106//4106
f 4106//4106 4358//4358 4359//4359
f 4106//4106 4359//4359 4107//4107
f 4107//4107 4359//4359 4360//4360
f 4107//4107 4360//4360 4108//4108
f 4108//4108 4360//4360 4361//4361
f 4108//4108 4361//4361 4109//4109
f 4109//4109 4361//4361 4362//4362
f 4109//4109 4362//4362 4110//4110
f 4110//4110 4362//4362 4363//4363
f 4110//4110 4363//4363 4111//4111
f 4111//4111 4363//4363 4364//4364
f 4111//4111 4364//4364 4112//4112
f 4112//4112 4364//4364 4365//4365
f 4112//4112 4365//4365 4113//4113
f 4113//4113 4365//4365 4366//4366
f 4113//4113 4366//4366 4114//4114
f 4114//4114 4366//4366 4367//4367
f 4114//4114 4367//4367 4115//4115
f 4115//4115 4367//4367 4368//4368
f 4115//4115 4368//4368 4116//4116
f 4116//4116 4368//4368 4369//4369
f 4116//4116 4369//4369 4117//4117
f 4117//4117 4369//4369 4370//4370
f 4117//4117 4370//4370 4118//4118
f 4118//4118 4370//4370 4371//4371
f 4118//4118 4371//4371 4119//4119
f 4119//4119 4371//4371 4372//4372
f 4119//4119 4372//4372 4120//4120
f 4120//4120 4372//4372 4373//4373
f 4120//4120 4373//4373 4121//4121
f 4121//4121 4373//4373 4374//4374
f 4121//4121 4374//4374 4122//4122
f 4122//4122 4374//4374 4375//4375
f 4122//4122 4375//4375 4123//4123
f 4123//4123 4375//4375 4376//4376
f 4123//4123 4376//4376 4124//4124
f 4124//4124 4376//4376 4377//4377
f 4124//4124 4377//4377 4125//4125
f 4125//4125 4377//4377 4378//4378
f 4125//4125 4378//4378 4126//4126
f 4126//4126 4378//4378 4379//4379
f 4126//4126 4379//4379 4127//4127
f 4127//4127 4379//4379 4380//4380
f 4127//4127 4380//4380 4128//4128
f 4128//4128 4380//4380 4381//4381
f 4128//4128 4381//4381 4129//4129
f 4129//4129 4381//4381 4382//4382
f 4129//4129 4382//4382 4130//4130
f 4130//4130 4382//4382 4383//4383
f 4130//4130 4383//4383 4131//4131
f 4131//4131 4383//4383 4384//4384
f 4131//4131 4384//4384 4155//4155
f 4155//4155 4384//4384 4385//4385
f 4155//4155 4385//4385 4154//4154
f 4154//4154 4385//4385 4386//4386
f 3469//3469 3468//3468 4043//4043
f 4043//4043 3468//3468 4044//4044
f 4043//4043 4044//4044 4387//4387
f 4387//4387 4044//4044 4388//4388
f 4387//4387 4388//4388 4389//4389
f 4389//4389 4388//4388 4390//4390
f 4389//4389 4390//4390 4391//4391
f 4391//4391 4390//4390 4392//4392
f 4391//4391 4392//4392 4393//4393
f 4393//4393 4392//4392 4394//4394
f 4393//4393 4394//4394 4395//4395
f 4395//4395 4394//4394 4396//4396
f 4395//4395 4396//4396 4397//4397
f 4397//4397 4396//4396 4398//4398
f 4397//4397 4398//4398 4399//4399
f 4399//4399 4398//4398 4400//4400
f 4399//4399 4400//4400 4401//4401
f 4401//4401 4400//4400 4402//4402
f 4401//4401 4402//4402 4403//4403
f 4403//4403 4402//4402 4404//4404
f 4403//4403 4404//4404 4405//4405
f 4405//4405 4404//4404 4406//4406
f 4405//4405 4406//4406 4407//4407
f 4407//4407 4406//4406 4408//4408
f 4407//4407 4408//4408 4409//4409
f 4409//4409 4408//4408 4410//4410
f 4409//4409 4410//4410 4411//4411
f 4411//4411 4410//4410 4412//4412
f 4411//4411 4412//4412 4413//4413
f 4413//4413 4412//4412 4414//4414
f 4413//4413 4414//4414 4415//4415
f 4415//4415 4414//4414 4416//4416
f 4415//4415 4416//4416 4417//4417
f 4417//4417 4416//4416 4418//4418
f 4417//4417 4418//4418 4419//4419
f 4419//4419 4418//4418 4420//4420
f 4419//4419 4420//4420 4421//4421
f 4421//4421 4420//4420 4422//4422
f 4421//4421 4422//4422 4423//4423
f 4423//4423 4422//4422 4424//4424
f 4423//4423 4424//4424 4425//4425
f 4425//4425 4424//4424 4426//4426
f 4425//4425 4426//4426 4427//4427
f 4427//4427 4426//4426 4428//4428
f 4427//4427 4428//4428 4429//4429
f 4429//4429 4428//4428 4430//4430
f 4429//4429 4430//4430 4431//4431
f 4431//4431 4430//4430 4432//4432
f 4431//4431 4432//4432 4433//4433
f 4433//4433 4432//4432 4434//4434
f 4433//4433 4434//4434 4435//4435
f 4435//4435 4434//4434 4436//4436
f 4435//4435 4436//4436 4437//4437
f 4437//4437 4436//4436 4438//4438
f 4437//4437 4438//4438 4439//4439
f 4439//4439 4438//4438 4440//4440
f 3480//3480 3479//3479 4044//4044
f 4044//4044 3479//3479 4099//4099
f 4044//4044 4099//4099 4388//4388
f 4388//4388 4099//4099 4045//4045
f 4388//4388 4045//4045 4390//4390
f 4390//4390 4045//4045 4098//4098
f 4390//4390 4098//4098 4392//4392
f 4392//4392 4098//4098 4097//4097
f 4392//4392 4097//4097 4394//4394
f 4394//4394 4097//4097 4046//4046
f 4394//4394 4046//4046 4396//4396
f 4396//4396 4046//4046 4096//4096
f 4396//4396 4096//4096 4398//4398
f 4398//4398 4096//4096 4095//4095
f 4398//4398 4095//4095 4400//4400
f 4400//4400 4095//4095 4094//4094
f 4400//4400 4094//4094 4402//4402
f 4402//4402 4094//4094 4093//4093
f 4402//4402 4093//4093 4404//4404
f 4404//4404 4093//4093 4092//4092
f 4404//4404 4092//4092 4406//4406
f 4406//4406 4092//4092 4091//4091
f 4406//4406 4091//4091 4408//4408
f 4408//4408 4091//4091 4090//4090
f 4408//4408 4090//4090 4410//4410
f 4410//4410 4090//4090 4047//4047
f 4410//4410 4047//4047 4412//4412
f 4412//4412 4047//4047 4048//4048
f 4412//4412 4048//4048 4414//4414
f 4414//4414 4048//4048 4089//4089
f 4414//4414 4089//4089 4416//4416
f 4416//4416 4089//4089 4088//4088
f 4416//4416 4088//4088 4418//4418
f 4418//4418 4088//4088 4087//4087
f 4418//4418 4087//4087 4420//4420
f 4420//4420 4087//4087 4086//4086
f 4420//4420 4086//4086 4422//4422
f 4422//4422 4086//4086 4085//4085
f 4422//4422 4085//4085 4424//4424
f 4424//4424 4085//4085 4084//4084
f 4424//4424 4084//4084 4426//4426
f 4426//4426 4084//4084 4083//4083
f 4426//4426 4083//4083 4428//4428
f 4428//4428 4083//4083 4082//4082
f 4428//4428 4082//4082 4430//4430
f 4430//4430 4082//4082 4081//4081
f 4430//4430 4081//4081 4432//4432
f 4432//4432 4081//4081 4049//4049
f 4432//4432 4049//4049 4434//4434
f 4434//4434 4049//4049 4080//4080
f 4434//4434 4080//4080 4436//4436
f 4436//4436 4080//4080 4077//4077
f 4436//4436 4077//4077 4438//4438
f 4438//4438 4077//4077 4078//4078
f 4438//4438 4078//4078 4440//4440
f 4440//4440 4078//4078 4079//4079
f 3014//3014 4063//4063 4065//4065
f 4065//4065 4063//4063 4062//4062
f 4065//4065 4062//4062 4441//4441
f 4441//4441 4062//4062 4061//4061
f 4441//4441 4061//4061 4442//4442
f 4442//4442 4061//4061 4060//4060
f 4442//4442 4060//4060 4443//4443
f 4443//4443 4060//4060 4059//4059
f 4443//4443 4059//4059 4444//4444
f 3017//3017 4065//4065 4064//4064
f 4064//4064 4065//4065 4441//4441
f 4064//4064 4441//4441 4445//4445
f 4445//4445 4441//4441 4442//4442
f 4445//4445 4442//4442 4446//4446
f 4446//4446 4442//4442 4443//4443
f 4446//4446 4443//4443 4447//4447
f 4447//4447 4443//4443 4444//4444
f 4447//4447 4444//4444 4448//4448
f 4022//4022 4021//4021 4449//4449
f 4449//4449 4021//4021 4058//4058
f 4449//4449 4058//4058 4450//4450
f 3954//3954 4136//4136 4137//4137
f 4137//4137 4136//4136 4142//4142
f 4137//4137 4142//4142 4451//4451
f 4451//4451 4142//4142 4144//4144
f 4451//4451 4144//4144 4452//4452
f 4452//4452 4144//4144 4146//4146
f 4452//4452 4146//4146 4453//4453
f 4453//4453 4146//4146 4148//4148
f 4453//4453 4148//4148 4454//4454
f 4454//4454 4148//4148 4455//4455
f 4454//4454 4455//4455 4456//4456
f 4456//4456 4455//4455 4457//4457
f 4456//4456 4457//4457 4458//4458
f 4458//4458 4457//4457 4459//4459
f 4458//4458 4459//4459 4460//4460
f 4460//4460 4459//4459 4461//4461
f 4460//4460 4461//4461 4462//4462
f 4462//4462 4461//4461 4463//4463
f 4462//4462 4463//4463 4450//4450
f 4450//4450 4058//4058 4462//4462
f 4462//4462 4058//4058 4050//4050
f 4462//4462 4050//4050 4460//4460
f 4460//4460 4050//4050 4057//4057
f 4460//4460 4057//4057 4458//4458
f 4458//4458 4057//4057 4056//4056
f 4458//4458 4056//4056 4456//4456
f 4456//4456 4056//4056 4051//4051
f 4456//4456 4051//4051 4454//4454
f 4454//4454 4051//4051 4055//4055
f 4454//4454 4055//4055 4453//4453
f 4453//4453 4055//4055 4052//4052
f 4453//4453 4052//4052 4452//4452
f 4452//4452 4052//4052 4054//4054
f 4452//4452 4054//4054 4451//4451
f 4451//4451 4054//4054 4053//4053
f 4451//4451 4053//4053 4137//4137
f 4137//4137 4053//4053 3958//3958
f 4137//4137 3958//3958 3957//3957
f 4138//4138 4140//4140 4464//4464
f 4464//4464 4140//4140 4465//4465
f 4464//4464 4465//4465 4466//4466
f 4466//4466 4465//4465 4467//4467
f 4466//4466 4467//4467 4468//4468
f 4468//4468 4467//4467 4469//4469
f 4468//4468 4469//4469 4470//4470
f 4470//4470 4469//4469 4471//4471
f 4470//4470 4471//4471 4448//4448
f 4448//4448 4471//4471 4472//4472
f 4448//4448 4472//4472 4447//4447
f 4447//4447 4472//4472 4473//4473
f 4447//4447 4473//4473 4446//4446
f 4446//4446 4473//4473 4474//4474
f 4446//4446 4474//4474 4445//4445
f 4445//4445 4474//4474 4066//4066
f 4445//4445 4066//4066 4064//4064
f 4064//4064 4066//4066 3037//3037
f 4064//4064 3037//3037 3036//3036
f 4023//4023 4022//4022 4059//4059
f 4059//4059 4022//4022 4449//4449
f 4059//4059 4449//4449 4444//4444
f 4444//4444 4449//4449 4450//4450
f 4444//4444 4450//4450 4448//4448
f 4448//4448 4450//4450 4463//4463
f 4448//4448 4463//4463 4470//4470
f 4470//4470 4463//4463 4461//4461
f 4470//4470 4461//4461 4468//4468
f 4468//4468 4461//4461 4459//4459
f 4468//4468 4459//4459 4466//4466
f 4466//4466 4459//4459 4457//4457
f 4466//4466 4457//4457 4464//4464
f 4464//4464 4457//4457 4455//4455
f 4464//4464 4455//4455 4138//4138
f 4138//4138 4455//4455 4148//4148
f 4138//4138 4148//4148 4139//4139
f 4139//4139 4148//4148 4147//4147
f 3553//3553 4133//4133 4134//4134
f 4134//4134 4133//4133 4475//4475
f 4134//4134 4475//4475 4476//4476
f 4476//4476 4475//4475 4477//4477
f 4476//4476 4477//4477 4478//4478
f 4478//4478 4477//4477 4479//4479
f 4478//4478 4479//4479 4480//4480
f 4480//4480 4479//4479 4481//4481
f 4480//4480 4481//4481 4482//4482
f 4482//4482 4481//4481 4483//4483
f 4482//4482 4483//4483 4484//4484
f 4484//4484 4483//4483 4485//4485
f 4484//4484 4485//4485 4486//4486
f 4486//4486 4485//4485 4487//4487
f 4486//4486 4487//4487 4488//4488
f 4488//4488 4487//4487 4489//4489
f 4488//4488 4489//4489 4490//4490
f 4490//4490 4489//4489 4491//4491
f 4490//4490 4491//4491 4492//4492
f 4492//4492 4491//4491 4493//4493
f 4492//4492 4493//4493 4494//4494
f 4494//4494 4493//4493 4495//4495
f 4494//4494 4495//4495 4496//4496
f 4496//4496 4495//4495 4497//4497
f 4496//4496 4497//4497 4498//4498
f 4498//4498 4497//4497 4499//4499
f 4498//4498 4499//4499 4500//4500
f 4500//4500 4499//4499 4068//4068
f 4500//4500 4068//4068 4067//4067
f 4067//4067 4068//4068 3040//3040
f 4067//4067 3040//3040 3039//3039
f 3043//3043 4068//4068 4070//4070
f 4070//4070 4068//4068 4499//4499
f 4070//4070 4499//4499 4501//4501
f 4501//4501 4499//4499 4497//4497
f 4501//4501 4497//4497 4502//4502
f 4502//4502 4497//4497 4495//4495
f 4502//4502 4495//4495 4503//4503
f 4503//4503 4495//4495 4493//4493
f 4503//4503 4493//4493 4504//4504
f 4504//4504 4493//4493 4491//4491
f 4504//4504 4491//4491 4505//4505
f 4505//4505 4491//4491 4489//4489
f 4505//4505 4489//4489 4506//4506
f 4506//4506 4489//4489 4487//4487
f 4506//4506 4487//4487 4281//4281
f 4281//4281 4487//4487 4485//4485
f 4281//4281 4485//4485 4280//4280
f 4280//4280 4485//4485 4483//4483
f 4280//4280 4483//4483 4316//4316
f 4316//4316 4483//4483 4481//4481
f 4316//4316 4481//4481 4351//4351
f 4351//4351 4481//4481 4479//4479
f 4351//4351 4479//4479 4386//4386
f 4386//4386 4479//4479 4477//4477
f 4386//4386 4477//4477 4154//4154
f 4154//4154 4477//4477 4475//4475
f 4154//4154 4475//4475 4150//4150
f 4150//4150 4475//4475 4133//4133
f 4150//4150 4133//4133 4149//4149
f 4149//4149 4133//4133 3537//3537
f 4149//4149 3537//3537 3536//3536
f 3214//3214 4066//4066 4067//4067
f 4067//4067 4066//4066 4474//4474
f 4067//4067 4474//4474 4500//4500
f 4500//4500 4474//4474 4473//4473
f 4500//4500 4473//4473 4498//4498
f 4498//4498 4473//4473 4472//4472
f 4498//4498 4472//4472 4496//4496
f 4496//4496 4472//4472 4471//4471
f 4496//4496 4471//4471 4494//4494
f 4494//4494 4471//4471 4469//4469
f 4494//4494 4469//4469 4492//4492
f 4492//4492 4469//4469 4467//4467
f 4492//4492 4467//4467 4490//4490
f 4490//4490 4467//4467 4465//4465
f 4490//4490 4465//4465 4488//4488
f 4488//4488 4465//4465 4140//4140
f 4488//4488 4140//4140 4486//4486
f 4486//4486 4140//4140 4139//4139
f 4486//4486 4139//4139 4484//4484
f 4484//4484 4139//4139 4147//4147
f 4484//4484 4147//4147 4482//4482
f 4482//4482 4147//4147 4145//4145
f 4482//4482 4145//4145 4480//4480
f 4480//4480 4145//4145 4143//4143
f 4480//4480 4143//4143 4478//4478
f 4478//4478 4143//4143 4141//4141
f 4478//4478 4141//4141 4476//4476
f 4476//4476 4141//4141 4135//4135
f 4476//4476 4135//4135 4134//4134
f 4134//4134 4135//4135 3547//3547
f 4134//4134 3547//3547 3540//3540
f 3495//3495 3499//3499 4041//4041
f 4041//4041 3499//3499 4042//4042
f 4041//4041 4042//4042 4507//4507
f 4507//4507 4042//4042 4508//4508
f 4507//4507 4508//4508 4509//4509
f 4509//4509 4508//4508 4510//4510
f 4509//4509 4510//4510 4511//4511
f 4511//4511 4510//4510 4512//4512
f 4511//4511 4512//4512 4513//4513
f 4513//4513 4512//4512 4514//4514
f 4513//4513 4514//4514 4515//4515
f 4515//4515 4514//4514 4516//4516
f 4515//4515 4516//4516 4517//4517
f 4517//4517 4516//4516 4518//4518
f 4517//4517 4518//4518 4519//4519
f 4519//4519 4518//4518 4520//4520
f 4519//4519 4520//4520 4521//4521
f 4521//4521 4520//4520 4522//4522
f 4521//4521 4522//4522 4523//4523
f 4523//4523 4522//4522 4524//4524
f 4523//4523 4524//4524 4525//4525
f 4525//4525 4524//4524 4526//4526
f 4525//4525 4526//4526 4527//4527
f 4527//4527 4526//4526 4528//4528
f 4527//4527 4528//4528 4529//4529
f 4529//4529 4528//4528 4530//4530
f 4529//4529 4530//4530 4531//4531
f 4531//4531 4530//4530 4532//4532
f 4531//4531 4532//4532 4533//4533
f 4533//4533 4532//4532 4534//4534
f 4533//4533 4534//4534 4535//4535
f 4535//4535 4534//4534 4536//4536
f 4535//4535 4536//4536 4537//4537
f 4537//4537 4536//4536 4538//4538
f 4537//4537 4538//4538 4539//4539
f 4539//4539 4538//4538 4540//4540
f 4539//4539 4540//4540 4541//4541
f 4541//4541 4540//4540 4542//4542
f 4541//4541 4542//4542 4543//4543
f 4543//4543 4542//4542 4544//4544
f 4543//4543 4544//4544 4545//4545
f 4545//4545 4544//4544 4546//4546
f 4545//4545 4546//4546 4547//4547
f 4547//4547 4546//4546 4548//4548
f 4547//4547 4548//4548 4549//4549
f 4549//4549 4548//4548 4550//4550
f 4549//4549 4550//4550 4551//4551
f 4551//4551 4550//4550 4552//4552
f 4551//4551 4552//4552 4553//4553
f 4553//4553 4552//4552 4554//4554
f 4553//4553 4554//4554 4555//4555
f 4555//4555 4554//4554 4556//4556
f 4555//4555 4556//4556 4557//4557
f 4557//4557 4556//4556 4558//4558
f 4557//4557 4558//4558 4559//4559
f 4559//4559 4558//4558 4560//4560
f 3197//3197 4071//4071 4072//4072
f 4072//4072 4071//4071 4561//4561
f 4072//4072 4561//4561 4562//4562
f 4562//4562 4561//4561 4563//4563
f 4562//4562 4563//4563 4564//4564
f 4564//4564 4563//4563 4565//4565
f 4564//4564 4565//4565 4566//4566
f 4566//4566 4565//4565 4567//4567
f 4566//4566 4567//4567 4568//4568
f 4568//4568 4567//4567 4569//4569
f 4568//4568 4569//4569 4570//4570
f 4570//4570 4569//4569 4571//4571
f 4570//4570 4571//4571 4572//4572
f 4572//4572 4571//4571 4573//4573
f 4572//4572 4573//4573 4574//4574
f 4575//4575 4574//4574 4576//4576
f 4576//4576 4574//4574 4573//4573
f 4576//4576 4573//4573 4577//4577
f 4577//4577 4573//4573 4571//4571
f 4577//4577 4571//4571 4578//4578
f 4578//4578 4571//4571 4569//4569
f 4578//4578 4569//4569 4579//4579
f 4579//4579 4569//4569 4567//4567
f 4579//4579 4567//4567 4580//4580
f 4580//4580 4567//4567 4565//4565
f 4580//4580 4565//4565 4581//4581
f 4581//4581 4565//4565 4563//4563
f 4581//4581 4563//4563 4582//4582
f 4582//4582 4563//4563 4561//4561
f 4582//4582 4561//4561 4583//4583
f 4583//4583 4561//4561 4071//4071
f 4583//4583 4071//4071 4069//4069
f 4069//4069 4071//4071 3194//3194
f 4069//4069 3194//3194 3202//3202
f 4151//4151 4153//4153 4584//4584
f 4584//4584 4153//4153 4585//4585
f 4584//4584 4585//4585 4586//4586
f 4586//4586 4585//4585 4587//4587
f 4586//4586 4587//4587 4588//4588
f 4588//4588 4587//4587 4589//4589
f 4588//4588 4589//4589 4590//4590
f 4590//4590 4589//4589 4591//4591
f 4590//4590 4591//4591 4592//4592
f 4592//4592 4591//4591 4593//4593
f 4592//4592 4593//4593 4594//4594
f 4594//4594 4593//4593 4595//4595
f 4594//4594 4595//4595 4596//4596
f 4596//4596 4595//4595 4074//4074
f 4596//4596 4074//4074 4073//4073
f 4073//4073 4074//4074 3048//3048
f 4073//4073 3048//3048 3192//3192
f 4211//4211 4209//4209 4597//4597
f 4597//4597 4209//4209 4598//4598
f 4597//4597 4598//4598 4599//4599
f 4599//4599 4598//4598 4600//4600
f 4599//4599 4600//4600 4601//4601
f 4601//4601 4600//4600 4602//4602
f 4601//4601 4602//4602 4603//4603
f 4603//4603 4602//4602 4604//4604
f 4603//4603 4604//4604 4605//4605
f 4605//4605 4604//4604 4606//4606
f 4605//4605 4606//4606 4607//4607
f 4607//4607 4606//4606 4608//4608
f 4607//4607 4608//4608 4609//4609
f 4609//4609 4608//4608 4076//4076
f 4609//4609 4076//4076 4075//4075
f 4075//4075 4076//4076 3051//3051
f 4075//4075 3051//3051 3191//3191
f 3188//3188 4074//4074 4075//4075
f 4075//4075 4074//4074 4595//4595
f 4075//4075 4595//4595 4609//4609
f 4609//4609 4595//4595 4593//4593
f 4609//4609 4593//4593 4607//4607
f 4607//4607 4593//4593 4591//4591
f 4607//4607 4591//4591 4605//4605
f 4605//4605 4591//4591 4589//4589
f 4605//4605 4589//4589 4603//4603
f 4603//4603 4589//4589 4587//4587
f 4603//4603 4587//4587 4601//4601
f 4601//4601 4587//4587 4585//4585
f 4601//4601 4585//4585 4599//4599
f 4599//4599 4585//4585 4153//4153
f 4599//4599 4153//4153 4597//4597
f 4597//4597 4153//4153 4152//4152
f 4597//4597 4152//4152 4211//4211
f 3504//3504 3503//3503 4039//4039
f 4039//4039 3503//3503 4040//4040
f 4039//4039 4040//4040 4610//4610
f 4610//4610 4040//4040 4611//4611
f 4610//4610 4611//4611 4612//4612
f 4612//4612 4611//4611 4613//4613
f 4612//4612 4613//4613 4614//4614
f 4614//4614 4613//4613 4615//4615
f 4614//4614 4615//4615 4616//4616
f 4616//4616 4615//4615 4617//4617
f 4616//4616 4617//4617 4618//4618
f 4618//4618 4617//4617 4619//4619
f 4618//4618 4619//4619 4620//4620
f 4620//4620 4619//4619 4621//4621
f 4620//4620 4621//4621 4622//4622
f 4622//4622 4621//4621 4623//4623
f 4622//4622 4623//4623 4624//4624
f 4624//4624 4623//4623 4625//4625
f 4624//4624 4625//4625 4626//4626
f 4626//4626 4625//4625 4627//4627
f 4626//4626 4627//4627 4628//4628
f 4628//4628 4627//4627 4629//4629
f 4628//4628 4629//4629 4630//4630
f 4630//4630 4629//4629 4631//4631
f 4630//4630 4631//4631 4632//4632
f 4632//4632 4631//4631 4633//4633
f 4632//4632 4633//4633 4634//4634
f 4634//4634 4633//4633 4635//4635
f 4634//4634 4635//4635 4636//4636
f 4636//4636 4635//4635 4637//4637
f 4636//4636 4637//4637 4638//4638
f 4638//4638 4637//4637 4639//4639
f 4638//4638 4639//4639 4640//4640
f 4640//4640 4639//4639 4641//4641
f 4640//4640 4641//4641 4642//4642
f 4642//4642 4641//4641 4643//4643
f 4642//4642 4643//4643 4644//4644
f 4644//4644 4643//4643 4645//4645
f 4644//4644 4645//4645 4646//4646
f 4646//4646 4645//4645 4647//4647
f 4646//4646 4647//4647 4648//4648
f 4648//4648 4647//4647 4649//4649
f 4648//4648 4649//4649 4650//4650
f 4650//4650 4649//4649 4651//4651
f 4650//4650 4651//4651 4652//4652
f 4652//4652 4651//4651 4653//4653
f 4652//4652 4653//4653 4654//4654
f 4654//4654 4653//4653 4655//4655
f 4654//4654 4655//4655 4656//4656
f 4656//4656 4655//4655 4657//4657
f 4656//4656 4657//4657 4658//4658
f 4658//4658 4657//4657 4659//4659
f 4658//4658 4659//4659 4660//4660
f 4660//4660 4659//4659 4661//4661
f 4660//4660 4661//4661 4662//4662
f 4662//4662 4661//4661 4663//4663
f 3045//3045 4072//4072 4073//4073
f 4073//4073 4072//4072 4562//4562
f 4073//4073 4562//4562 4596//4596
f 4596//4596 4562//4562 4564//4564
f 4596//4596 4564//4564 4594//4594
f 4594//4594 4564//4564 4566//4566
f 4594//4594 4566//4566 4592//4592
f 4592//4592 4566//4566 4568//4568
f 4592//4592 4568//4568 4590//4590
f 4590//4590 4568//4568 4570//4570
f 4590//4590 4570//4570 4588//4588
f 4588//4588 4570//4570 4572//4572
f 4588//4588 4572//4572 4586//4586
f 4586//4586 4572//4572 4574//4574
f 4586//4586 4574//4574 4584//4584
f 4584//4584 4574//4574 4575//4575
f 4584//4584 4575//4575 4151//4151
f 3502//3502 3496//3496 4040//4040
f 4040//4040 3496//3496 4041//4041
f 4040//4040 4041//4041 4611//4611
f 4611//4611 4041//4041 4507//4507
f 4611//4611 4507//4507 4613//4613
f 4613//4613 4507//4507 4509//4509
f 4613//4613 4509//4509 4615//4615
f 4615//4615 4509//4509 4511//4511
f 4615//4615 4511//4511 4617//4617
f 4617//4617 4511//4511 4513//4513
f 4617//4617 4513//4513 4619//4619
f 4619//4619 4513//4513 4515//4515
f 4619//4619 4515//4515 4621//4621
f 4621//4621 4515//4515 4517//4517
f 4621//4621 4517//4517 4623//4623
f 4623//4623 4517//4517 4519//4519
f 4623//4623 4519//4519 4625//4625
f 4625//4625 4519//4519 4521//4521
f 4625//4625 4521//4521 4627//4627
f 4627//4627 4521//4521 4523//4523
f 4627//4627 4523//4523 4629//4629
f 4629//4629 4523//4523 4525//4525
f 4629//4629 4525//4525 4631//4631
f 4631//4631 4525//4525 4527//4527
f 4631//4631 4527//4527 4633//4633
f 4633//4633 4527//4527 4529//4529
f 4633//4633 4529//4529 4635//4635
f 4635//4635 4529//4529 4531//4531
f 4635//4635 4531//4531 4637//4637
f 4637//4637 4531//4531 4533//4533
f 4637//4637 4533//4533 4639//4639
f 4639//4639 4533//4533 4535//4535
f 4639//4639 4535//4535 4641//4641
f 4641//4641 4535//4535 4537//4537
f 4641//4641 4537//4537 4643//4643
f 4643//4643 4537//4537 4539//4539
f 4643//4643 4539//4539 4645//4645
f 4645//4645 4539//4539 4541//4541
f 4645//4645 4541//4541 4647//4647
f 4647//4647 4541//4541 4543//4543
f 4647//4647 4543//4543 4649//4649
f 4649//4649 4543//4543 4545//4545
f 4649//4649 4545//4545 4651//4651
f 4651//4651 4545//4545 4547//4547
f 4651//4651 4547//4547 4653//4653
f 4653//4653 4547//4547 4549//4549
f 4653//4653 4549//4549 4655//4655
f 4655//4655 4549//4549 4551//4551
f 4655//4655 4551//4551 4657//4657
f 4657//4657 4551//4551 4553//4553
f 4657//4657 4553//4553 4659//4659
f 4659//4659 4553//4553 4555//4555
f 4659//4659 4555//4555 4661//4661
f 4661//4661 4555//4555 4557//4557
f 4661//4661 4557//4557 4663//4663
f 4663//4663 4557//4557 4559//4559
f 3510//3510 3509//3509 4036//4036
f 4036//4036 3509//3509 4037//4037
f 4036//4036 4037//4037 4213//4213
f 4213//4213 4037//4037 4156//4156
f 4213//4213 4156//4156 4215//4215
f 4215//4215 4156//4156 4158//4158
f 4215//4215 4158//4158 4217//4217
f 4217//4217 4158//4158 4160//4160
f 4217//4217 4160//4160 4219//4219
f 4219//4219 4160//4160 4162//4162
f 4219//4219 4162//4162 4221//4221
f 4221//4221 4162//4162 4164//4164
f 4221//4221 4164//4164 4223//4223
f 4223//4223 4164//4164 4166//4166
f 4223//4223 4166//4166 4225//4225
f 4225//4225 4166//4166 4168//4168
f 4225//4225 4168//4168 4227//4227
f 4227//4227 4168//4168 4170//4170
f 4227//4227 4170//4170 4229//4229
f 4229//4229 4170//4170 4172//4172
f 4229//4229 4172//4172 4231//4231
f 4231//4231 4172//4172 4174//4174
f 4231//4231 4174//4174 4233//4233
f 4233//4233 4174//4174 4176//4176
f 4233//4233 4176//4176 4235//4235
f 4235//4235 4176//4176 4178//4178
f 4235//4235 4178//4178 4237//4237
f 4237//4237 4178//4178 4180//4180
f 4237//4237 4180//4180 4239//4239
f 4239//4239 4180//4180 4182//4182
f 4239//4239 4182//4182 4241//4241
f 4241//4241 4182//4182 4184//4184
f 4241//4241 4184//4184 4243//4243
f 4243//4243 4184//4184 4186//4186
f 4243//4243 4186//4186 4245//4245
f 4245//4245 4186//4186 4188//4188
f 4245//4245 4188//4188 4247//4247
f 4247//4247 4188//4188 4190//4190
f 4247//4247 4190//4190 4249//4249
f 4249//4249 4190//4190 4192//4192
f 4249//4249 4192//4192 4251//4251
f 4251//4251 4192//4192 4194//4194
f 4251//4251 4194//4194 4253//4253
f 4253//4253 4194//4194 4196//4196
f 4253//4253 4196//4196 4255//4255
f 4255//4255 4196//4196 4198//4198
f 4255//4255 4198//4198 4257//4257
f 4257//4257 4198//4198 4200//4200
f 4257//4257 4200//4200 4259//4259
f 4259//4259 4200//4200 4202//4202
f 4259//4259 4202//4202 4261//4261
f 4261//4261 4202//4202 4204//4204
f 4261//4261 4204//4204 4263//4263
f 4263//4263 4204//4204 4206//4206
f 4263//4263 4206//4206 4265//4265
f 4265//4265 4206//4206 4208//4208
f 4265//4265 4208//4208 4267//4267
f 4267//4267 4208//4208 4210//4210
f 4267//4267 4210//4210 4269//4269
f 4269//4269 4210//4210 4211//4211
f 4269//4269 4211//4211 4271//4271
f 4271//4271 4211//4211 4152//4152
f 4271//4271 4152//4152 4273//4273
f 4273//4273 4152//4152 4151//4151
f 4273//4273 4151//4151 4275//4275
f 4275//4275 4151//4151 4575//4575
f 4275//4275 4575//4575 4277//4277
f 4277//4277 4575//4575 4576//4576
f 4277//4277 4576//4576 4279//4279
f 4279//4279 4576//4576 4577//4577
f 4279//4279 4577//4577 4281//4281
f 4281//4281 4577//4577 4578//4578
f 4281//4281 4578//4578 4506//4506
f 4506//4506 4578//4578 4579//4579
f 4506//4506 4579//4579 4505//4505
f 4505//4505 4579//4579 4580//4580
f 4505//4505 4580//4580 4504//4504
f 4504//4504 4580//4580 4581//4581
f 4504//4504 4581//4581 4503//4503
f 4503//4503 4581//4581 4582//4582
f 4503//4503 4582//4582 4502//4502
f 4502//4502 4582//4582 4583//4583
f 4502//4502 4583//4583 4501//4501
f 4501//4501 4583//4583 4069//4069
f 4501//4501 4069//4069 4070//4070
f 4070//4070 4069//4069 3204//3204
f 4070//4070 3204//3204 3207//3207
f 3497//3497 3467//3467 4042//4042
f 4042//4042 3467//3467 4043//4043
f 4042//4042 4043//4043 4508//4508
f 4508//4508 4043//4043 4387//4387
f 4508//4508 4387//4387 4510//4510
f 4510//4510 4387//4387 4389//4389
f 4510//4510 4389//4389 4512//4512
f 4512//4512 4389//4389 4391//4391
f 4512//4512 4391//4391 4514//4514
f 4514//4514 4391//4391 4393//4393
f 4514//4514 4393//4393 4516//4516
f 4516//4516 4393//4393 4395//4395
f 4516//4516 4395//4395 4518//4518
f 4518//4518 4395//4395 4397//4397
f 4518//4518 4397//4397 4520//4520
f 4520//4520 4397//4397 4399//4399
f 4520//4520 4399//4399 4522//4522
f 4522//4522 4399//4399 4401//4401
f 4522//4522 4401//4401 4524//4524
f 4524//4524 4401//4401 4403//4403
f 4524//4524 4403//4403 4526//4526
f 4526//4526 4403//4403 4405//4405
f 4526//4526 4405//4405 4528//4528
f 4528//4528 4405//4405 4407//4407
f 4528//4528 4407//4407 4530//4530
f 4530//4530 4407//4407 4409//4409
f 4530//4530 4409//4409 4532//4532
f 4532//4532 4409//4409 4411//4411
f 4532//4532 4411//4411 4534//4534
f 4534//4534 4411//4411 4413//4413
f 4534//4534 4413//4413 4536//4536
f 4536//4536 4413//4413 4415//4415
f 4536//4536 4415//4415 4538//4538
f 4538//4538 4415//4415 4417//4417
f 4538//4538 4417//4417 4540//4540
f 4540//4540 4417//4417 4419//4419
f 4540//4540 4419//4419 4542//4542
f 4542//4542 4419//4419 4421//4421
f 4542//4542 4421//4421 4544//4544
f 4544//4544 4421//4421 4423//4423
f 4544//4544 4423//4423 4546//4546
f 4546//4546 4423//4423 4425//4425
f 4546//4546 4425//4425 4548//4548
f 4548//4548 4425//4425 4427//4427
f 4548//4548 4427//4427 4550//4550
f 4550//4550 4427//4427 4429//4429
f 4550//4550 4429//4429 4552//4552
f 4552//4552 4429//4429 4431//4431
f 4552//4552 4431//4431 4554//4554
f 4554//4554 4431//4431 4433//4433
f 4554//4554 4433//4433 4556//4556
f 4556//4556 4433//4433 4435//4435
f 4556//4556 4435//4435 4558//4558
f 4558//4558 4435//4435 4437//4437
f 4558//4558 4437//4437 4560//4560
f 4560//4560 4437//4437 4439//4439
f 3493//3493 3494//3494 4038//4038
f 4038//4038 3494//3494 4039//4039
f 4038//4038 4039//4039 4157//4157
f 4157//4157 4039//4039 4610//4610
f 4157//4157 4610//4610 4159//4159
f 4159//4159 4610//4610 4612//4612
f 4159//4159 4612//4612 4161//4161
f 4161//4161 4612//4612 4614//4614
f 4161//4161 4614//4614 4163//4163
f 4163//4163 4614//4614 4616//4616
f 4163//4163 4616//4616 4165//4165
f 4165//4165 4616//4616 4618//4618
f 4165//4165 4618//4618 4167//4167
f 4167//4167 4618//4618 4620//4620
f 4167//4167 4620//4620 4169//4169
f 4169//4169 4620//4620 4622//4622
f 4169//4169 4622//4622 4171//4171
f 4171//4171 4622//4622 4624//4624
f 4171//4171 4624//4624 4173//4173
f 4173//4173 4624//4624 4626//4626
f 4173//4173 4626//4626 4175//4175
f 4175//4175 4626//4626 4628//4628
f 4175//4175 4628//4628 4177//4177
f 4177//4177 4628//4628 4630//4630
f 4177//4177 4630//4630 4179//4179
f 4179//4179 4630//4630 4632//4632
f 4179//4179 4632//4632 4181//4181
f 4181//4181 4632//4632 4634//4634
f 4181//4181 4634//4634 4183//4183
f 4183//4183 4634//4634 4636//4636
f 4183//4183 4636//4636 4185//4185
f 4185//4185 4636//4636 4638//4638
f 4185//4185 4638//4638 4187//4187
f 4187//4187 4638//4638 4640//4640
f 4187//4187 4640//4640 4189//4189
f 4189//4189 4640//4640 4642//4642
f 4189//4189 4642//4642 4191//4191
f 4191//4191 4642//4642 4644//4644
f 4191//4191 4644//4644 4193//4193
f 4193//4193 4644//4644 4646//4646
f 4193//4193 4646//4646 4195//4195
f 4195//4195 4646//4646 4648//4648
f 4195//4195 4648//4648 4197//4197
f 4197//4197 4648//4648 4650//4650
f 4197//4197 4650//4650 4199//4199
f 4199//4199 4650//4650 4652//4652
f 4199//4199 4652//4652 4201//4201
f 4201//4201 4652//4652 4654//4654
f 4201//4201 4654//4654 4203//4203
f 4203//4203 4654//4654 4656//4656
f 4203//4203 4656//4656 4205//4205
f 4205//4205 4656//4656 4658//4658
f 4205//4205 4658//4658 4207//4207
f 4207//4207 4658//4658 4660//4660
f 4207//4207 4660//4660 4209//4209
f 4209//4209 4660//4660 4662//4662
f 4209//4209 4662//4662 4598//4598
f 4598//4598 4662//4662 4663//4663
f 4598//4598 4663//4663 4600//4600
f 4600//4600 4663//4663 4559//4559
f 4600//4600 4559//4559 4602//4602
f 4602//4602 4559//4559 4560//4560
f 4602//4602 4560//4560 4604//4604
f 4604//4604 4560//4560 4439//4439
f 4604//4604 4439//4439 4606//4606
f 4606//4606 4439//4439 4440//4440
f 4606//4606 4440//4440 4608//4608
f 4608//4608 4440//4440 4079//4079
f 4608//4608 4079//4079 4076//4076
f 4076//4076 4079//4079 3183//3183
f 4076//4076 3183//3183 3182//3182

